dataset,task,seed,factor,level,queries,performance_claim_eligible,visual_r_at_1,full_r_at_1,full_minus_visual_r_at_1,visual_mAPtrap,full_mAPtrap,full_minus_visual_mAPtrap,visual_MRR,full_MRR,full_minus_visual_MRR,holm_adjusted_p,membership_sha256
university1652,university1652_drone_to_satellite,1,content_entropy_quartile,q1_low,9464,True,0.40426880811496196,0.3202662721893491,-0.08400253592561285,0.4596050203923701,0.38416074409004636,-0.07544427630232375,0.5149412326697782,0.44805521599074355,-0.06688601667903467,2.32616118082e-59,4e5e5276c78aad0f8ed578eb882bcbe8d74450787932d9c55bd810965cb182c2
university1652,university1652_drone_to_satellite,1,content_entropy_quartile,q2_mid_low,9464,True,0.3743660185967878,0.3177303465765004,-0.0566356720202874,0.43164408147635414,0.38034703076594645,-0.05129705071040768,0.48892214435592046,0.4429637149553925,-0.04595842940052796,2.90263440279e-27,c7765c11f2849e6067b88d09f0aa650c313a82b0652cbfa703cf2865f2caacdb
university1652,university1652_drone_to_satellite,1,content_entropy_quartile,q3_mid_high,9463,True,0.37007291556588817,0.31248018598753036,-0.057592729578357815,0.42883890032737915,0.3753516132576285,-0.05348728706975062,0.48760488508887007,0.4382230405277266,-0.04938184456114343,2.26712930275e-27,0d793b71cb2ab31b23cce00c1496960c4085c33fbf26e76ec06c013eb978d850
university1652,university1652_drone_to_satellite,1,content_entropy_quartile,q4_high,9464,True,0.39349112426035504,0.3257607776838546,-0.06773034657650043,0.44952479478803997,0.3858203647933288,-0.06370442999471111,0.5055584653157249,0.44587995190280305,-0.059678513412921796,2.6477225968e-40,b6a327691eef39814556bbf1d2a837787ce171c0405a177664227005addfed60
university1652,university1652_drone_to_satellite,1,style_entropy_quartile,q1_low,9464,True,0.41895604395604397,0.3561918850380389,-0.06276415891800508,0.4782727078572377,0.4191582912527343,-0.059114416604503416,0.5375893717584315,0.4821246974674297,-0.05546467429100176,4.15990861051e-31,7a9a34f36424352827659eaac1a6df2b289e9cda0a4552a3edfcbd44b506d713
university1652,university1652_drone_to_satellite,1,style_entropy_quartile,q2_mid_low,9464,True,0.4046914623837701,0.3304099746407439,-0.0742814877430262,0.46378492713183417,0.3952962166471186,-0.06848871048471558,0.5228783918798983,0.46018245865349333,-0.06269593322640496,3.98768105813e-45,e7c140effad36b7b5be2bdb9a7d3a53b530b82baf44f77f80e1be90ade355816
university1652,university1652_drone_to_satellite,1,style_entropy_quartile,q3_mid_high,9463,True,0.3852900771425552,0.308464546127021,-0.07682553101553419,0.4395951390640822,0.3713668755154676,-0.06822826354861466,0.4939002009856093,0.43426920490391413,-0.059630996081695135,3.62134189342e-50,4c58ebdd0ef539f592c92244804607b4afa885e0b03bffdcccf1fed12249d294
university1652,university1652_drone_to_satellite,1,style_entropy_quartile,q4_high,9464,True,0.3332628909551986,0.2811707523245985,-0.05209213863060017,0.3879611594735438,0.3398579484500255,-0.04810321102351831,0.44265942799188895,0.3985451445754525,-0.04411428341643646,6.66630925692e-26,dc65f43082818fcec166fe06fe7a11f7e7172986776a5db7b1d6e61ec41c8860
university1652,university1652_drone_to_satellite,1,visual_margin_quartile,q1_low,9464,True,0.18755283178360102,0.2062552831783601,0.01870245139475909,0.2649428214577174,0.2728151393041466,0.00787231784642916,0.3423328111318338,0.339374995429933,-0.0029578157019007688,0.0237374212871,3a4ea88f5495c7621d083fadcafea0acdebcc285a1e042cb0e9cab5b56ff6d6f
university1652,university1652_drone_to_satellite,1,visual_margin_quartile,q2_mid_low,9464,True,0.2404902789518174,0.2221048182586644,-0.018385460693153,0.31200780368402353,0.28801300177737726,-0.023994801906646268,0.3835253284162296,0.35392118529609007,-0.029604143120139537,0.0429427333099,e05bdc31f344618f24d409e84c711a9c7cb36af363122ded2cb1a28afd3ab170
university1652,university1652_drone_to_satellite,1,visual_margin_quartile,q3_mid_high,9463,True,0.38349360667864313,0.282996935432738,-0.1004966712459051,0.43969935158731877,0.35121964908363645,-0.0884797025036823,0.4959050964959944,0.4194423627345349,-0.0764627337614595,1.69356894899e-80,3e768ffe3fff64529b4f11b4562e80de26c0b5d2dd09e3d8b17106e2f5e44feb
university1652,university1652_drone_to_satellite,1,visual_margin_quartile,q4_high,9464,True,0.7306635672020287,0.5648774302620456,-0.1657861369399831,0.7529639678091052,0.6136294128723717,-0.13933455493673352,0.7752643684161816,0.6623813954826977,-0.11288297293348395,2.21299147167e-290,eeea27b08af9cbedd3da0c666b1633c156cd924ecf71c0ce2030a0ae7b56ef50
university1652,university1652_drone_to_satellite,1,visual_semantic_top1_identity_agreement,agree,263,True,0.6425855513307985,0.4828897338403042,-0.1596958174904943,0.6806541605208055,0.5422803769636184,-0.1383737835571871,0.7187227697108125,0.6016710200869326,-0.1170517496238799,5.30626124824e-06,c5cb8e6c2912fc091c919cf15efc1ecf5beab054b0759a43b43aa64951f79411
university1652,university1652_drone_to_satellite,1,visual_semantic_top1_identity_agreement,disagree,37592,True,0.3837518620983188,0.31791338582677164,-0.06583847627154714,0.4407367159911852,0.3802946927739063,-0.06044202321727884,0.4977215698840516,0.442675999721041,-0.055045570163010545,3.76438730273e-148,06e70e37484ea768a32e492014822652090b11610e9fdc0fe8d4e55f429dccd3
university1652,university1652_drone_to_satellite,2,content_entropy_quartile,q1_low,9464,True,0.38546069315300086,0.3463651732882502,-0.039095519864750634,0.44403203456453455,0.40478158454555363,-0.039250450018980906,0.5026033759760683,0.4631979958028571,-0.039405380173211185,4.07227471714e-12,4e5e5276c78aad0f8ed578eb882bcbe8d74450787932d9c55bd810965cb182c2
university1652,university1652_drone_to_satellite,2,content_entropy_quartile,q2_mid_low,9464,True,0.3585164835164835,0.3254437869822485,-0.033072696534234995,0.41755665465070624,0.38505625075903144,-0.032500403891674766,0.4765968257849289,0.44466871453581436,-0.03192811124911453,2.66744609465e-09,c7765c11f2849e6067b88d09f0aa650c313a82b0652cbfa703cf2865f2caacdb
university1652,university1652_drone_to_satellite,2,content_entropy_quartile,q3_mid_high,9463,True,0.3620416358448695,0.3144880059177851,-0.04755362992708444,0.4211607515635212,0.3758456923502845,-0.045315059213236725,0.4802798672821729,0.43720337878278387,-0.04307648849938902,7.2333140832e-20,0d793b71cb2ab31b23cce00c1496960c4085c33fbf26e76ec06c013eb978d850
university1652,university1652_drone_to_satellite,2,content_entropy_quartile,q4_high,9464,True,0.3621090448013525,0.3159340659340659,-0.04617497886728656,0.4195076115309591,0.37648699286190046,-0.04302061866905865,0.4769061782605657,0.43703991978973494,-0.039866258470830744,3.98543599234e-18,b6a327691eef39814556bbf1d2a837787ce171c0405a177664227005addfed60
university1652,university1652_drone_to_satellite,2,style_entropy_quartile,q1_low,9464,True,0.415469146238377,0.3595731191885038,-0.055896027049873204,0.4735911705009181,0.4216970551441901,-0.05189411535672799,0.5317131947634591,0.48382099109987636,-0.04789220366358278,1.59124470771e-24,7a9a34f36424352827659eaac1a6df2b289e9cda0a4552a3edfcbd44b506d713
university1652,university1652_drone_to_satellite,2,style_entropy_quartile,q2_mid_low,9464,True,0.37901521555367707,0.3412933220625528,-0.03772189349112426,0.4386540345922777,0.40331705721422506,-0.035336977378052664,0.49829285363087833,0.46534079236589726,-0.03295206126498107,4.03448808359e-11,e7c140effad36b7b5be2bdb9a7d3a53b530b82baf44f77f80e1be90ade355816
university1652,university1652_drone_to_satellite,2,style_entropy_quartile,q3_mid_high,9463,True,0.3453450280038043,0.31512205431681284,-0.03022297368699144,0.4061643086410356,0.3747261149732085,-0.03143819366782706,0.46698358927826683,0.4343301756296042,-0.03265341364866268,1.85633977426e-07,4c58ebdd0ef539f592c92244804607b4afa885e0b03bffdcccf1fed12249d294
university1652,university1652_drone_to_satellite,2,style_entropy_quartile,q4_high,9464,True,0.3282967032967033,0.28624260355029585,-0.04205409974640744,0.38384595399783517,0.342430174886607,-0.04141577911122822,0.4393952046989671,0.39861774622291807,-0.04077745847604901,8.46488146177e-18,dc65f43082818fcec166fe06fe7a11f7e7172986776a5db7b1d6e61ec41c8860
university1652,university1652_drone_to_satellite,2,visual_margin_quartile,q1_low,9464,True,0.1721259509721048,0.20583262890955198,0.033706677937447166,0.2509133489704688,0.2708629560991921,0.019949607128723304,0.3297007469688328,0.3358932832888322,0.006192536319999437,2.39414438697e-09,a79abba2fbd2360a254a0847478900916930c7add8e0d55976bdc17a204303a5
university1652,university1652_drone_to_satellite,2,visual_margin_quartile,q2_mid_low,9464,True,0.23076923076923078,0.2253803888419273,-0.005388841927303466,0.3011078948663022,0.29030068941162657,-0.010807205454675613,0.3714465589633736,0.35522098998132584,-0.016225568982047762,1,c5adac03b6da40f98857ae0c7cd03b51f16aed4d91a73c6c87033c748137ee89
university1652,university1652_drone_to_satellite,2,visual_margin_quartile,q3_mid_high,9463,True,0.3603508401141287,0.29567790341329386,-0.06467293670083483,0.4201054384770985,0.3587504220016426,-0.06135501647545594,0.47986003684006834,0.42182294058999126,-0.05803709625007704,2.42844868878e-33,b301cb3e0b82cb42c31fd8025ac5672ed8da2fc6cbf2092acc238996c5b4fca5
university1652,university1652_drone_to_satellite,2,visual_margin_quartile,q4_high,9464,True,0.7048816568047337,0.5753381234150465,-0.12954353338968724,0.7301302584877064,0.6222546466570614,-0.1078756118306449,0.755378860170679,0.6691711698990764,-0.08620769027160256,6.49632725967e-188,f88fd08b44794a1885f11c6755ceaa702b1de05b77315f40b6a2dbc2ef46742c
university1652,university1652_drone_to_satellite,2,visual_semantic_top1_identity_agreement,agree,252,True,0.6507936507936508,0.5873015873015873,-0.06349206349206349,0.690817502184978,0.6345090201865542,-0.056308481998423796,0.7308413535763051,0.6817164530715211,-0.049124900504784096,1,4f55cd095e4c081164fa17be7051721d2317609589cf6f3330b70a93c1916d30
university1652,university1652_drone_to_satellite,2,visual_semantic_top1_identity_agreement,disagree,37603,True,0.3651304417200755,0.3238039518123554,-0.04132648990772013,0.42378676094346257,0.3838744165995093,-0.039912344343953216,0.48244308016684956,0.44394488138666327,-0.0384981987801863,2.05627711144e-59,14b087c3fa4132e42d32bdc955acbf33cccd2153d57655389ea0c89ce9322b78
university1652,university1652_drone_to_satellite,3,content_entropy_quartile,q1_low,9464,True,0.3877852916314455,0.33516483516483514,-0.052620456466610316,0.44654960373608144,0.3955757908160712,-0.050973812920010235,0.5053139158407174,0.4559867464673072,-0.04932716937341016,7.8925800319e-24,4e5e5276c78aad0f8ed578eb882bcbe8d74450787932d9c55bd810965cb182c2
university1652,university1652_drone_to_satellite,3,content_entropy_quartile,q2_mid_low,9464,True,0.3828191039729501,0.32713440405748095,-0.05568469991546915,0.4394492628939354,0.3885204067137192,-0.05092885618021618,0.4960794218149206,0.44990640936995735,-0.04617301244496321,5.19254097651e-27,c7765c11f2849e6067b88d09f0aa650c313a82b0652cbfa703cf2865f2caacdb
university1652,university1652_drone_to_satellite,3,content_entropy_quartile,q3_mid_high,9463,True,0.38190848568107366,0.3193490436436648,-0.06255944203740886,0.4406227304541166,0.38255707947687756,-0.05806565097723899,0.4993369752271595,0.4457651153100904,-0.05357185991706913,7.83719406508e-34,0d793b71cb2ab31b23cce00c1496960c4085c33fbf26e76ec06c013eb978d850
university1652,university1652_drone_to_satellite,3,content_entropy_quartile,q4_high,9464,True,0.3808114961961116,0.3159340659340659,-0.06487743026204565,0.4398173498544813,0.37927196547114106,-0.06054538438334024,0.49882320351285103,0.4426098650082162,-0.05621333850463484,1.49865075832e-35,b6a327691eef39814556bbf1d2a837787ce171c0405a177664227005addfed60
university1652,university1652_drone_to_satellite,3,style_entropy_quartile,q1_low,9464,True,0.42814877430262044,0.36168639053254437,-0.06646238377007607,0.4866218056899352,0.42410880064979045,-0.06251300504014475,0.5450948370772499,0.48653121076703654,-0.0585636263102134,1.77215503303e-35,7a9a34f36424352827659eaac1a6df2b289e9cda0a4552a3edfcbd44b506d713
university1652,university1652_drone_to_satellite,3,style_entropy_quartile,q2_mid_low,9464,True,0.4018385460693153,0.33833474218089604,-0.06350380388841927,0.4604381416759503,0.4016764431901167,-0.058761698485833604,0.5190377372825853,0.4650181441993374,-0.054019593083247934,1.94287745448e-32,e7c140effad36b7b5be2bdb9a7d3a53b530b82baf44f77f80e1be90ade355816
university1652,university1652_drone_to_satellite,3,style_entropy_quartile,q3_mid_high,9463,True,0.3764133995561661,0.3122688365211878,-0.06414456303497834,0.43262231407006785,0.37389775673647546,-0.05872455733359239,0.48883122858396955,0.4355266769517631,-0.053304551632206446,2.17274701079e-36,4c58ebdd0ef539f592c92244804607b4afa885e0b03bffdcccf1fed12249d294
university1652,university1652_drone_to_satellite,3,style_entropy_quartile,q4_high,9464,True,0.3269230769230769,0.2852916314454776,-0.041631445477599324,0.38675584015012704,0.34624132692649606,-0.040514513223630984,0.4465886033771772,0.40719102240751454,-0.03939758096966264,1.04506959795e-16,dc65f43082818fcec166fe06fe7a11f7e7172986776a5db7b1d6e61ec41c8860
university1652,university1652_drone_to_satellite,3,visual_margin_quartile,q1_low,9464,True,0.1926246830092984,0.20160608622147083,0.008981403212172443,0.27029294494530715,0.268541276321984,-0.0017516686233231525,0.34796120688131593,0.3354764664224972,-0.012484740458818748,1,0688c338088a5665d0051cdcc761157206426aa18d991346a99951e0371b2b8a
university1652,university1652_drone_to_satellite,3,visual_margin_quartile,q2_mid_low,9464,True,0.2529585798816568,0.22622569737954354,-0.02673288250211327,0.32475182916127926,0.29277759994600017,-0.031974229215279114,0.39654507844090175,0.3593295025124568,-0.037215575928444954,2.71164814762e-05,1a007b0acc2e55e30b41de82ea951ecb3557b6286bb98abf90e11be9f285dc73
university1652,university1652_drone_to_satellite,3,visual_margin_quartile,q3_mid_high,9463,True,0.36626862517172143,0.2857444784951918,-0.08052414667652964,0.4262310607519799,0.35333126514534374,-0.07289979560663622,0.4861934963322384,0.42091805179549563,-0.06527544453674279,7.57712954688e-51,322131462a65a902614a3f255d26f944998d4cc4e636c1a193eb6e275027b943
university1652,university1652_drone_to_satellite,3,visual_margin_quartile,q4_high,9464,True,0.7214708368554522,0.5840025359256128,-0.1374683009298394,0.7451615914048896,0.6312720129606845,-0.11388957844420511,0.7688523459543268,0.678541489995756,-0.09031085595857082,1.76509746889e-207,6c46ccbc73384ca2be311ba290d826562e6012be6d0274e267ee3025068e7a80
university1652,university1652_drone_to_satellite,3,visual_semantic_top1_identity_agreement,agree,265,True,0.6830188679245283,0.5358490566037736,-0.1471698113207547,0.7131152323381272,0.5874221003697834,-0.12569313196834386,0.7432115967517262,0.6389951441357932,-0.10421645261593304,2.46271627121e-05,61c1c42795a2e145b7e5accd9c573584d93a768f0ae8d59476fd3cbef631584e
university1652,university1652_drone_to_satellite,3,visual_semantic_top1_identity_agreement,disagree,37590,True,0.38121840915137006,0.3229050279329609,-0.05831338121840915,0.4396957178645116,0.3850648332304473,-0.05463088463406428,0.49817302657765317,0.44722463852793376,-0.05094838804971941,3.65725145207e-118,71b8ae66677d375a3f882edd4c52741bd8c2417d2beba3ac1e9d61a217023dd7
university1652,university1652_satellite_to_drone,1,content_entropy_quartile,q1_low,176,True,0.5397727272727273,0.45454545454545453,-0.08522727272727272,0.39211411313259636,0.32261553852004,-0.06949857461255636,0.6096976735113706,0.5295036489154551,-0.0801940245959155,1,4523f6731c299f9726faaf51e72397e672b06b97c2077c7b4ce8c5c25a4d1545
university1652,university1652_satellite_to_drone,1,content_entropy_quartile,q2_mid_low,175,True,0.5714285714285714,0.4742857142857143,-0.09714285714285714,0.3310338011267595,0.2659140136402233,-0.06511978748653616,0.6349160051477624,0.546041993278798,-0.08887401186896438,1,59d4348751b3be3a6b26311786df25f283dd0148bfe09f980e92476857039e0c
university1652,university1652_satellite_to_drone,1,content_entropy_quartile,q3_mid_high,175,True,0.5657142857142857,0.42857142857142855,-0.13714285714285715,0.369029116485534,0.27657848513419075,-0.09245063135134322,0.6245651560895411,0.5121900110854767,-0.11237514500406438,0.0234993920385,2c88559c06e571bf2cfd1d5e381568c8b01893684aeb7654981dd82b323cd062
university1652,university1652_satellite_to_drone,1,content_entropy_quartile,q4_high,175,True,0.5828571428571429,0.48,-0.10285714285714286,0.3731409802168075,0.30433215843047945,-0.06880882178632809,0.642902845707722,0.5647515408199979,-0.07815130488772411,0.87950885481,b62d8e5eb1ad4ada39dfa981075d1b836c8df3ff16c7a763ef6abadd49b48129
university1652,university1652_satellite_to_drone,1,style_entropy_quartile,q1_low,176,True,0.6931818181818182,0.5454545454545454,-0.14772727272727273,0.43897615824773145,0.3502042561277366,-0.08877190211999485,0.7367933386174793,0.6254026394511708,-0.11139069916630846,0.0376212721972,8f1e53b4061bdc9065e76fe3ab52a2e994ce2b052b79084bc6133f87c2290761
university1652,university1652_satellite_to_drone,1,style_entropy_quartile,q2_mid_low,175,True,0.6171428571428571,0.5142857142857142,-0.10285714285714286,0.4099860334309882,0.33616983591246286,-0.07381619751852538,0.6813857437503091,0.5834634243628742,-0.09792231938743498,0.74409434948,9c87b8e73b03c2a262063f7d1002e0de103f4cd6ce7ac7c9bfc9bf3c573a0199
university1652,university1652_satellite_to_drone,1,style_entropy_quartile,q3_mid_high,175,True,0.5485714285714286,0.4685714285714286,-0.08,0.34587091476623233,0.28841993331210686,-0.05745098145412547,0.6192498920208059,0.5545779099004617,-0.06467198212034418,1,56f800f4b67315e805fc7ab7a16e795410e62948a5a19f35b5e6b7d4c8783bdc
university1652,university1652_satellite_to_drone,1,style_entropy_quartile,q4_high,175,True,0.4,0.30857142857142855,-0.09142857142857143,0.2702171214018017,0.19448852055772606,-0.07572860084407564,0.47392644512433824,0.38849522615358834,-0.08543121897074993,1,46940a04b7b255f4c8f30c90476cee6ed30b1721b36589bfd23cbfa8499ac6e7
university1652,university1652_satellite_to_drone,1,visual_margin_quartile,q1_low,176,True,0.5113636363636364,0.4034090909090909,-0.10795454545454546,0.348047559871206,0.2785246403456602,-0.0695229195255458,0.5882980821846683,0.4893034915406712,-0.09899459064399707,0.641055815701,44ee108f715464ae00a749d730bc7bf061b32540beb495acff0c692a53ac3c3b
university1652,university1652_satellite_to_drone,1,visual_margin_quartile,q2_mid_low,175,True,0.6114285714285714,0.5371428571428571,-0.07428571428571429,0.402590692313388,0.32726634996943177,-0.07532434234395623,0.6661884349188767,0.608090191242019,-0.05809824367685776,1,2e8b745dbc7b848892a4798d6457d6ebc60caf0bac26f953f1fb1142c4c0054f
university1652,university1652_satellite_to_drone,1,visual_margin_quartile,q3_mid_high,175,True,0.5314285714285715,0.4742857142857143,-0.05714285714285714,0.35641119000568455,0.2933457061196012,-0.06306548388608332,0.599438911939755,0.5352361073543683,-0.0642028045853866,1,ca2768ef2057386a62101a4fbb8e42c755d7f2060e2d392d2ffd051f87f34082
university1652,university1652_satellite_to_drone,1,visual_margin_quartile,q4_high,175,True,0.6057142857142858,0.4228571428571429,-0.18285714285714286,0.3585203776471982,0.27055544727980824,-0.08796493036738996,0.6582785347921059,0.5200871191476679,-0.1381914156444379,0.000492484739674,e65d8be4a8bd65a2dc48398da39ce015b13227ef00fc3cd3ec9dcbb38825f516
university1652,university1652_satellite_to_drone,1,visual_semantic_top1_identity_agreement,agree,8,False,1.0,0.75,-0.25,0.6941373348236084,0.5034094289876521,-0.19072790583595634,1.0,0.7804487189278007,-0.21955128107219934,,1bbe9aa22478f28551e64ea28e85e775f42533b172efcd3c720fe66ced54418d
university1652,university1652_satellite_to_drone,1,visual_semantic_top1_identity_agreement,disagree,693,True,0.5598845598845599,0.455988455988456,-0.1038961038961039,0.3625824925726418,0.28996735116664096,-0.07261514140600084,0.6236998437999721,0.535311937756054,-0.08838790604391816,6.60060891129e-06,7219a5ee6821de106bae1d46d96c4d57c71dd2a19174a75e2237715d1044860a
university1652,university1652_satellite_to_drone,2,content_entropy_quartile,q1_low,176,True,0.48295454545454547,0.4659090909090909,-0.017045454545454544,0.35856198227537045,0.32370650204261026,-0.0348554802327602,0.5622843804969555,0.5525636599401299,-0.009720720556825572,1,4523f6731c299f9726faaf51e72397e672b06b97c2077c7b4ce8c5c25a4d1545
university1652,university1652_satellite_to_drone,2,content_entropy_quartile,q2_mid_low,175,True,0.4742857142857143,0.4114285714285714,-0.06285714285714286,0.3170108420544836,0.26870369471243716,-0.048307147342046455,0.5518182939996145,0.4909289573104719,-0.06088933668914251,1,59d4348751b3be3a6b26311786df25f283dd0148bfe09f980e92476857039e0c
university1652,university1652_satellite_to_drone,2,content_entropy_quartile,q3_mid_high,175,True,0.5371428571428571,0.41714285714285715,-0.12,0.34421896145945147,0.280458772102637,-0.06376018935681453,0.5928041446660479,0.5055824940131113,-0.08722165065293666,0.116087140166,2c88559c06e571bf2cfd1d5e381568c8b01893684aeb7654981dd82b323cd062
university1652,university1652_satellite_to_drone,2,content_entropy_quartile,q4_high,175,True,0.52,0.42857142857142855,-0.09142857142857143,0.3450370457395911,0.28570459105007884,-0.059332454689512294,0.6003187205313173,0.5043107922617179,-0.0960079282695993,1,b62d8e5eb1ad4ada39dfa981075d1b836c8df3ff16c7a763ef6abadd49b48129
university1652,university1652_satellite_to_drone,2,style_entropy_quartile,q1_low,176,True,0.5568181818181818,0.4943181818181818,-0.0625,0.40223602568386757,0.35223871147371194,-0.04999731421015564,0.6373972351092644,0.5834649621012266,-0.0539322730080378,1,8f1e53b4061bdc9065e76fe3ab52a2e994ce2b052b79084bc6133f87c2290761
university1652,university1652_satellite_to_drone,2,style_entropy_quartile,q2_mid_low,175,True,0.6114285714285714,0.4857142857142857,-0.12571428571428572,0.3956569711508096,0.327867767659149,-0.06778920349166064,0.6635513498635763,0.5686634454789704,-0.09488790438460586,0.103474143107,9c87b8e73b03c2a262063f7d1002e0de103f4cd6ce7ac7c9bfc9bf3c573a0199
university1652,university1652_satellite_to_drone,2,style_entropy_quartile,q3_mid_high,175,True,0.4857142857142857,0.4514285714285714,-0.03428571428571429,0.32116626211940974,0.28651210258282456,-0.03465415953658521,0.5545070314639764,0.5257083349294928,-0.028798696534483626,1,56f800f4b67315e805fc7ab7a16e795410e62948a5a19f35b5e6b7d4c8783bdc
university1652,university1652_satellite_to_drone,2,style_entropy_quartile,q4_high,175,True,0.36,0.2914285714285714,-0.06857142857142857,0.24552000661247542,0.19179193699532854,-0.05372806961714689,0.4513407069450477,0.3753725821462493,-0.0759681247987984,1,46940a04b7b255f4c8f30c90476cee6ed30b1721b36589bfd23cbfa8499ac6e7
university1652,university1652_satellite_to_drone,2,visual_margin_quartile,q1_low,176,True,0.5056818181818182,0.4375,-0.06818181818181818,0.3552841765231278,0.29792311713456665,-0.057361059388561196,0.5747301729326698,0.5185445982914726,-0.05618557464119724,1,f042913f93c170d5e3db4e0a366154ca8b31307cacdf7208d22614d17ad8cea2
university1652,university1652_satellite_to_drone,2,visual_margin_quartile,q2_mid_low,175,True,0.4742857142857143,0.44,-0.03428571428571429,0.3485330350457558,0.28594413544583536,-0.06258889959992042,0.545435585227928,0.510114785403878,-0.03532079982404996,1,682458fdd55e43bf3c04ce7c084df1d649184abd56fb754f8401dba79e6dcf43
university1652,university1652_satellite_to_drone,2,visual_margin_quartile,q3_mid_high,175,True,0.5542857142857143,0.4685714285714286,-0.08571428571428572,0.3659512619857144,0.3176035126647912,-0.04834774932092322,0.6320954957213586,0.5604727294816569,-0.07162276623970164,1,cfb6126500fe477d1a3179c9cc59387a745f4f1a770b10b304cb7963f6cd3102
university1652,university1652_satellite_to_drone,2,visual_margin_quartile,q4_high,175,True,0.48,0.37714285714285717,-0.10285714285714286,0.29507908829288293,0.257250128290616,-0.03782896000226694,0.5548931669980603,0.4644481849864158,-0.0904449820116445,0.74409434948,82480cef41280f8537187f4a6bb07343ac32da6b93af2a34330124eb119ed310
university1652,university1652_satellite_to_drone,2,visual_semantic_top1_identity_agreement,agree,8,False,0.875,0.375,-0.5,0.6629003634443507,0.3465668042190373,-0.31633355922531337,0.8754646840097848,0.5261853449046612,-0.34927933910512365,,5b43e5bb4a91608f3cae571893651356a262b2f1e1fd9b8be219e7ba6a9f2e09
university1652,university1652_satellite_to_drone,2,visual_semantic_top1_identity_agreement,disagree,693,True,0.49927849927849927,0.4314574314574315,-0.06782106782106782,0.33751862134527777,0.2890354185456694,-0.04848320279960839,0.573337714797774,0.513254854282328,-0.06008286051544595,0.0300459535954,07b46e0d4212359126fe0f7e380764915ff70e38ba2f0604b2dcf675c9a20bd4
university1652,university1652_satellite_to_drone,3,content_entropy_quartile,q1_low,176,True,0.5397727272727273,0.4602272727272727,-0.07954545454545454,0.3791984440441328,0.31163084809932945,-0.06756759594480338,0.6081034487388024,0.5393757915901667,-0.0687276571486357,1,4523f6731c299f9726faaf51e72397e672b06b97c2077c7b4ce8c5c25a4d1545
university1652,university1652_satellite_to_drone,3,content_entropy_quartile,q2_mid_low,175,True,0.5657142857142857,0.4228571428571429,-0.14285714285714285,0.34452388510307563,0.2704531263230768,-0.07407075877999887,0.642103392256561,0.5158521354634181,-0.12625125679314286,0.0418661379781,59d4348751b3be3a6b26311786df25f283dd0148bfe09f980e92476857039e0c
university1652,university1652_satellite_to_drone,3,content_entropy_quartile,q3_mid_high,175,True,0.5714285714285714,0.41714285714285715,-0.15428571428571428,0.3533355936121994,0.27867229435792457,-0.0746632992542748,0.6354906005036901,0.5062216257418706,-0.12926897476181953,0.00566111132116,2c88559c06e571bf2cfd1d5e381568c8b01893684aeb7654981dd82b323cd062
university1652,university1652_satellite_to_drone,3,content_entropy_quartile,q4_high,175,True,0.5657142857142857,0.44,-0.12571428571428572,0.3668270478540632,0.2871457025322265,-0.07968134532183675,0.6364642268923177,0.5286554549207878,-0.10780877197153002,0.387664853913,b62d8e5eb1ad4ada39dfa981075d1b836c8df3ff16c7a763ef6abadd49b48129
university1652,university1652_satellite_to_drone,3,style_entropy_quartile,q1_low,176,True,0.625,0.5,-0.125,0.4375064581340253,0.3401751883436439,-0.09733126979038141,0.6964663694419951,0.5870698018474783,-0.10939656759451695,0.447030209148,8f1e53b4061bdc9065e76fe3ab52a2e994ce2b052b79084bc6133f87c2290761
university1652,university1652_satellite_to_drone,3,style_entropy_quartile,q2_mid_low,175,True,0.6228571428571429,0.49714285714285716,-0.12571428571428572,0.40242526584437915,0.33134730140678587,-0.0710779644375933,0.6833034952267605,0.5919365130187777,-0.0913669822079828,0.13482361834,9c87b8e73b03c2a262063f7d1002e0de103f4cd6ce7ac7c9bfc9bf3c573a0199
university1652,university1652_satellite_to_drone,3,style_entropy_quartile,q3_mid_high,175,True,0.5657142857142857,0.4057142857142857,-0.16,0.3494479604524427,0.2679132496316119,-0.08153471082083083,0.635030126380256,0.48824115287828523,-0.14678897350197076,0.00121286476315,56f800f4b67315e805fc7ab7a16e795410e62948a5a19f35b5e6b7d4c8783bdc
university1652,university1652_satellite_to_drone,3,style_entropy_quartile,q4_high,175,True,0.42857142857142855,0.33714285714285713,-0.09142857142857143,0.25417209753068165,0.20830312141483384,-0.0458689761158478,0.5068567463669128,0.42258500277023164,-0.08427174359668113,1,46940a04b7b255f4c8f30c90476cee6ed30b1721b36589bfd23cbfa8499ac6e7
university1652,university1652_satellite_to_drone,3,visual_margin_quartile,q1_low,176,True,0.5284090909090909,0.4431818181818182,-0.08522727272727272,0.3619188981531558,0.29272755805339495,-0.06919134009976088,0.6172935444060799,0.5299515651144744,-0.08734197929160556,1,7315ebf4f07ca8ffcb67f86f4f84dc6c975f46ea11d66b40caf2d687aa08d425
university1652,university1652_satellite_to_drone,3,visual_margin_quartile,q2_mid_low,175,True,0.6,0.4857142857142857,-0.11428571428571428,0.4067085357166694,0.32688121640389517,-0.07982731931277418,0.6695274724821294,0.5717237157713888,-0.09780375671074061,0.228807678643,7eb03d4dab3ab0e1233aed9b1c88a9b32ee1a8fe380ab8b0342e89449c0db304
university1652,university1652_satellite_to_drone,3,visual_margin_quartile,q3_mid_high,175,True,0.5371428571428571,0.4057142857142857,-0.13142857142857142,0.34241666942635285,0.28209939878566986,-0.060317270640682964,0.6117464686407974,0.49851249853514934,-0.11323397010564804,0.148684981392,e12483b9a58c465ca39d49d47959722f10120ab6058313c8a764244470b7fedd
university1652,university1652_satellite_to_drone,3,visual_margin_quartile,q4_high,175,True,0.5771428571428572,0.4057142857142857,-0.17142857142857143,0.3329396075795272,0.24630181686985972,-0.08663779070966744,0.6235416680299801,0.48997108101794895,-0.13357058701203123,0.00132242108876,ba57e5cd559ec796f8ed6f91c19db43621cd44be8911242672b5656f7958857b
university1652,university1652_satellite_to_drone,3,visual_semantic_top1_identity_agreement,agree,10,False,0.9,0.4,-0.5,0.6241679444909096,0.3748935543000698,-0.24927439019083977,0.9142857149243355,0.5448606491088868,-0.36942506581544876,,82c7a9916a5d1acda31dec66927cd4f3b9240f1dc9512722427b9eecc68ee131
university1652,university1652_satellite_to_drone,3,visual_semantic_top1_identity_agreement,disagree,691,True,0.5557163531114327,0.4356005788712012,-0.12011577424023155,0.35718869588493846,0.2857388426697484,-0.07144985321519004,0.6264016472763899,0.5222274177291517,-0.10417422954723815,1.02914994708e-07,858b914dff72dc4eb5110ef91aa552088f6345495c7e0c5ba96e1118593fc934
university1652,university1652_street_to_satellite,1,content_entropy_quartile,q1_low,645,True,0.0015503875968992248,0.009302325581395349,0.007751937984496124,0.012287730764139212,0.020116467907746835,0.007828737143607623,0.0230250739313792,0.03093061023409832,0.00790553630271912,1,575f2f5aa55f1156cadd6afa4264928dc3e88a4bdd6146e4bb27d94016f2f747
university1652,university1652_street_to_satellite,1,content_entropy_quartile,q2_mid_low,645,True,0.009302325581395349,0.010852713178294573,0.0015503875968992248,0.021233570840130306,0.024260588744456715,0.003027017904326406,0.03316481609886526,0.037668464310618856,0.004503648211753588,1,84fe0dced4fe1286eb7e93f0f9d6a589ccdd7bb0b20fe499408fda6f2030f058
university1652,university1652_street_to_satellite,1,content_entropy_quartile,q3_mid_high,644,True,0.003105590062111801,0.010869565217391304,0.007763975155279503,0.015111831075317364,0.024004762897810967,0.008892931822493602,0.02711807208852293,0.03713996057823063,0.010021888489707703,1,26908fcc55fce30860b0234c592c7e6dca461bda5895e035aaf162442d38e9d0
university1652,university1652_street_to_satellite,1,content_entropy_quartile,q4_high,645,True,0.007751937984496124,0.006201550387596899,-0.0015503875968992248,0.019713562310225682,0.01901880659265877,-0.0006947557175669155,0.03167518663595524,0.03183606279772064,0.00016087616176539381,1,e280961efa9dfa4b2d02e36ebb95dd96d22823aeaca2e23a8807b61ee9eb8f69
university1652,university1652_street_to_satellite,1,style_entropy_quartile,q1_low,645,True,0.009302325581395349,0.018604651162790697,0.009302325581395349,0.02159598412401902,0.03214929531456527,0.010553311190546252,0.03388964266664269,0.045693939466339845,0.011804296799697155,1,c95cad0781582e0d8a1b2621351e226b18b95bd59b45ce7ee4ef7c8813aabd0c
university1652,university1652_street_to_satellite,1,style_entropy_quartile,q2_mid_low,645,True,0.006201550387596899,0.006201550387596899,0.0,0.018650281415122396,0.020366542979573122,0.0017162615644507283,0.03109901244264789,0.034531535571549345,0.0034325231289014566,1,8bbcc83204a76317d9ac53ff4841f186324b748a73720fa25416971efc5543f8
university1652,university1652_street_to_satellite,1,style_entropy_quartile,q3_mid_high,644,True,0.003105590062111801,0.009316770186335404,0.006211180124223602,0.01559964138150406,0.020653902736321807,0.005054261354817749,0.02809369270089632,0.031991035286308214,0.0038973425854118946,1,a0a6710364d46c2cf7a38378c0aaacb273f4be9ddd7fa7586357cdcbfc0d45a8
university1652,university1652_street_to_satellite,1,style_entropy_quartile,q4_high,645,True,0.0031007751937984496,0.0031007751937984496,0.0,0.012501544364215446,0.014225689980179765,0.0017241456159643193,0.021902313534632442,0.02535060476656108,0.0034482912319286387,1,aa19532af36c40e7d940f26949bd2e5eb05c6269d5842391ed3c07f5573b721a
university1652,university1652_street_to_satellite,1,visual_margin_quartile,q1_low,645,True,0.007751937984496124,0.010852713178294573,0.0031007751937984496,0.020543450606416536,0.02294535553759657,0.002401904931180035,0.03333496322833695,0.035037997896898564,0.0017030346685616199,1,2bd2773cdc68a72ce7ae953dbb9d6ccbb22b9d48355a00d7b499f51d69e02e6e
university1652,university1652_street_to_satellite,1,visual_margin_quartile,q2_mid_low,645,True,0.004651162790697674,0.0031007751937984496,-0.0015503875968992248,0.014004905357534542,0.01625137202398375,0.002246466666449208,0.02335864792437141,0.029401968854169052,0.00604332092979764,1,d96bdc6f41b1bf582605fab176040b8d393993bd95db8d141bacb5918d7b6317
university1652,university1652_street_to_satellite,1,visual_margin_quartile,q3_mid_high,644,True,0.004658385093167702,0.010869565217391304,0.006211180124223602,0.01696951270193116,0.024384682507363368,0.007415169805432207,0.02928064031069462,0.03789979979733543,0.008619159486640812,1,90d817f6763978c769544a0676d51153d34429fb94f8e27924ebc489311217b8
university1652,university1652_street_to_satellite,1,visual_margin_quartile,q4_high,645,True,0.004651162790697674,0.012403100775193798,0.007751937984496124,0.01683170645048322,0.023819805096380067,0.0069880986458968454,0.029012250110268766,0.035236509417566335,0.006224259307297568,1,6f5826fe7d16cecb868c774f24ea9346ce5dd29a86f177e32026791c6e1773ba
university1652,university1652_street_to_satellite,1,visual_semantic_top1_identity_agreement,agree,3,False,0.0,0.0,0.0,0.003706861073927333,0.08402026865708952,0.08031340758316219,0.007413722147854666,0.16804053731417903,0.16062681516632438,,4e740c07a510bebf4c5ac0637c1d36a6a7f4c46e66b38c3dae496c3a8d7a3d0e
university1652,university1652_street_to_satellite,1,visual_semantic_top1_identity_agreement,disagree,2576,True,0.005434782608695652,0.009316770186335404,0.0038819875776397515,0.017103022458902176,0.021776917039268318,0.004673894580366142,0.028771262309108703,0.034237063892201235,0.005465801583092533,1,960bbe7046c95611994950f23171c609c6ade1057c2fa42d35679b60185a6f70
university1652,university1652_street_to_satellite,2,content_entropy_quartile,q1_low,645,True,0.012403100775193798,0.010852713178294573,-0.0015503875968992248,0.022405188533751827,0.025781140079118976,0.003375951545367147,0.032407276292309856,0.04070956697994338,0.00830229068763352,1,575f2f5aa55f1156cadd6afa4264928dc3e88a4bdd6146e4bb27d94016f2f747
university1652,university1652_street_to_satellite,2,content_entropy_quartile,q2_mid_low,645,True,0.012403100775193798,0.009302325581395349,-0.0031007751937984496,0.024793221902412673,0.024408759855188776,-0.00038446204722389696,0.03718334302963155,0.0395151941289822,0.0023318510993506555,1,84fe0dced4fe1286eb7e93f0f9d6a589ccdd7bb0b20fe499408fda6f2030f058
university1652,university1652_street_to_satellite,2,content_entropy_quartile,q3_mid_high,644,True,0.003105590062111801,0.009316770186335404,0.006211180124223602,0.013442435931549581,0.022877591492818605,0.009435155561269023,0.023779281800987363,0.03643841279930181,0.012659130998314444,1,26908fcc55fce30860b0234c592c7e6dca461bda5895e035aaf162442d38e9d0
university1652,university1652_street_to_satellite,2,content_entropy_quartile,q4_high,645,True,0.004651162790697674,0.009302325581395349,0.004651162790697674,0.014808968085770372,0.02258164846995311,0.007772680384182739,0.02496677338084307,0.03586097135851087,0.010894197977667804,1,e280961efa9dfa4b2d02e36ebb95dd96d22823aeaca2e23a8807b61ee9eb8f69
university1652,university1652_street_to_satellite,2,style_entropy_quartile,q1_low,645,True,0.007751937984496124,0.010852713178294573,0.0031007751937984496,0.018656319292630393,0.027107711270444326,0.008451391977813933,0.029560700600764662,0.04336270936259408,0.013802008761829415,1,c95cad0781582e0d8a1b2621351e226b18b95bd59b45ce7ee4ef7c8813aabd0c
university1652,university1652_street_to_satellite,2,style_entropy_quartile,q2_mid_low,645,True,0.015503875968992248,0.017054263565891473,0.0015503875968992248,0.0282479873740172,0.031177723138636454,0.0029297357646192517,0.040992098779042155,0.045301182711381435,0.004309083932339279,1,8bbcc83204a76317d9ac53ff4841f186324b748a73720fa25416971efc5543f8
university1652,university1652_street_to_satellite,2,style_entropy_quartile,q3_mid_high,644,True,0.004658385093167702,0.009316770186335404,0.004658385093167702,0.015694515374149284,0.023101406872398308,0.007406891498249024,0.026730645655130864,0.03688604355846121,0.010155397903330346,1,a0a6710364d46c2cf7a38378c0aaacb273f4be9ddd7fa7586357cdcbfc0d45a8
university1652,university1652_street_to_satellite,2,style_entropy_quartile,q4_high,645,True,0.004651162790697674,0.0015503875968992248,-0.0031007751937984496,0.012854484008722614,0.014262645616188877,0.0014081616074662626,0.021057805226747554,0.02697490363547853,0.005917098408730975,1,aa19532af36c40e7d940f26949bd2e5eb05c6269d5842391ed3c07f5573b721a
university1652,university1652_street_to_satellite,2,visual_margin_quartile,q1_low,645,True,0.006201550387596899,0.0031007751937984496,-0.0031007751937984496,0.014418377139237385,0.016063880368204456,0.0016455032289670708,0.02263520389087787,0.02902698554261046,0.0063917816517325915,1,08d4bd28c315e5ce693c82551520c92179dd5a8973b7b268c2f5e85551ce7d40
university1652,university1652_street_to_satellite,2,visual_margin_quartile,q2_mid_low,645,True,0.007751937984496124,0.010852713178294573,0.0031007751937984496,0.020388199560445294,0.02596409537535262,0.005575895814907326,0.03302446113639446,0.04107547757241067,0.008051016436016202,1,7c3b9ce5f1be5c1235834f52a2cf213e737db589a03ec2ef8c1871738f5f0625
university1652,university1652_street_to_satellite,2,visual_margin_quartile,q3_mid_high,644,True,0.010869565217391304,0.013975155279503106,0.003105590062111801,0.021462226105580594,0.02833981126577952,0.006877585160198928,0.032054886993769884,0.042704467252055935,0.010649580258286055,1,7735cee19a6dd690e6421cba62b3b6208aa3b35c0405d4c76c7d439e552efcc9
university1652,university1652_street_to_satellite,2,visual_margin_quartile,q4_high,645,True,0.007751937984496124,0.010852713178294573,0.0031007751937984496,0.019193445431436737,0.02528982144553041,0.006096376014093674,0.03063495287837735,0.03972692971276625,0.009091976834388898,1,78a2d9ef1b6e9854eb1c8efaa9f351fa9a6d099556285f3ed0201d9caaae06d5
university1652,university1652_street_to_satellite,2,visual_semantic_top1_identity_agreement,agree,4,False,0.0,0.0,0.0,0.002079454206977971,0.0019975429313490167,-8.191127562895417e-05,0.004158908413955942,0.0039950858626980335,-0.00016382255125790834,,964a695936ac749aff017a0370887b4c151a95918315352f1619f0d66ad7a8e6
university1652,university1652_street_to_satellite,2,visual_semantic_top1_identity_agreement,disagree,2575,True,0.008155339805825243,0.009708737864077669,0.0015533980582524273,0.018890629153296316,0.023946729114717687,0.005056099961421371,0.029625918500767387,0.0381847203653577,0.008558801864590316,1,a27606bc0b2b51f6d92d7269221adf158dae096fa42006e3912b7afea32d9382
university1652,university1652_street_to_satellite,3,content_entropy_quartile,q1_low,645,True,0.0015503875968992248,0.013953488372093023,0.012403100775193798,0.012103674604914823,0.02609077713852965,0.013987102533614825,0.02265696161293042,0.038228065904966274,0.015571104292035854,1,575f2f5aa55f1156cadd6afa4264928dc3e88a4bdd6146e4bb27d94016f2f747
university1652,university1652_street_to_satellite,3,content_entropy_quartile,q2_mid_low,645,True,0.013953488372093023,0.012403100775193798,-0.0015503875968992248,0.025549158017338765,0.0233587033380646,-0.002190454679274166,0.037144827662584506,0.0343143059009354,-0.002830521761649108,1,84fe0dced4fe1286eb7e93f0f9d6a589ccdd7bb0b20fe499408fda6f2030f058
university1652,university1652_street_to_satellite,3,content_entropy_quartile,q3_mid_high,644,True,0.010869565217391304,0.009316770186335404,-0.0015527950310559005,0.021200858086372166,0.0218066509807828,0.0006057928944106347,0.03153215095535303,0.0342965317752302,0.00276438081987717,1,26908fcc55fce30860b0234c592c7e6dca461bda5895e035aaf162442d38e9d0
university1652,university1652_street_to_satellite,3,content_entropy_quartile,q4_high,645,True,0.013953488372093023,0.004651162790697674,-0.009302325581395349,0.0261166461100874,0.017696146659152364,-0.008420499450935037,0.03827980384808178,0.030741130527607057,-0.007538673320474724,1,e280961efa9dfa4b2d02e36ebb95dd96d22823aeaca2e23a8807b61ee9eb8f69
university1652,university1652_street_to_satellite,3,style_entropy_quartile,q1_low,645,True,0.009302325581395349,0.009302325581395349,0.0,0.022653263703515652,0.0226553761893017,2.1124857860480166e-06,0.036004201825635955,0.03600842679720805,4.224971572096033e-06,1,c95cad0781582e0d8a1b2621351e226b18b95bd59b45ce7ee4ef7c8813aabd0c
university1652,university1652_street_to_satellite,3,style_entropy_quartile,q2_mid_low,645,True,0.012403100775193798,0.017054263565891473,0.004651162790697674,0.023819490138878106,0.03144521498926302,0.007625724850384909,0.03523587950256241,0.045836166412634556,0.010600286910072143,1,8bbcc83204a76317d9ac53ff4841f186324b748a73720fa25416971efc5543f8
university1652,university1652_street_to_satellite,3,style_entropy_quartile,q3_mid_high,644,True,0.013975155279503106,0.007763975155279503,-0.006211180124223602,0.024415274413055972,0.019118328357960665,-0.005296946055095307,0.03485539354660884,0.030472681560641826,-0.004382711985967012,1,a0a6710364d46c2cf7a38378c0aaacb273f4be9ddd7fa7586357cdcbfc0d45a8
university1652,university1652_street_to_satellite,3,style_entropy_quartile,q4_high,645,True,0.004651162790697674,0.006201550387596899,0.0015503875968992248,0.014087292154467586,0.015729190637953146,0.001641898483485561,0.023523421518237497,0.025256830888309392,0.0017334093700718972,1,aa19532af36c40e7d940f26949bd2e5eb05c6269d5842391ed3c07f5573b721a
university1652,university1652_street_to_satellite,3,visual_margin_quartile,q1_low,645,True,0.007751937984496124,0.009302325581395349,0.0015503875968992248,0.017958267025068374,0.02165213671283681,0.0036938696877684358,0.02816459606564062,0.03400194784427827,0.005837351778637647,1,42e333c617d215e4ab808de8cff6f46c9a5b6d289c89ab96c00bac115cd42ff7
university1652,university1652_street_to_satellite,3,visual_margin_quartile,q2_mid_low,645,True,0.006201550387596899,0.009302325581395349,0.0031007751937984496,0.018092701947334575,0.020000310651885792,0.001907608704551217,0.029983853507072254,0.03069829572237624,0.0007144422153039843,1,0551d841d054790f2f671ff0d5631e797ede596dd4f05758a2c7fbdd8c1e1f81
university1652,university1652_street_to_satellite,3,visual_margin_quartile,q3_mid_high,644,True,0.015527950310559006,0.010869565217391304,-0.004658385093167702,0.02610044024303709,0.024207455097131507,-0.0018929851459055815,0.03667293017551517,0.03754534497687171,0.0008724148013565388,1,a4edfcdf0e8f8467a9e683b4b9445cc8fea8247541d0f3c6231a033fa4f2595f
university1652,university1652_street_to_satellite,3,visual_margin_quartile,q4_high,645,True,0.010852713178294573,0.010852713178294573,0.0,0.0228265238546788,0.023096097831599875,0.0002695739769210765,0.03480033453106303,0.03533948248490518,0.000539147953842153,1,e8507f499040f46c7a648f6581ca49a8d20555c9eb4d1f67a6c9b9a2842f9298
university1652,university1652_street_to_satellite,3,visual_semantic_top1_identity_agreement,agree,6,False,0.0,0.0,0.0,0.006116190624500935,0.02367185101805565,0.017555660393554717,0.01223238124900187,0.0473437020361113,0.035111320787109435,,bb26e844012d2db0f128e27d44b0677be42c11bc9d2dcf4e14b7443a08a38005
university1652,university1652_street_to_satellite,3,visual_semantic_top1_identity_agreement,disagree,2573,True,0.010104935872522347,0.010104935872522347,0.0,0.02127787378400179,0.022234893753623145,0.0009570199696213555,0.03245081169548123,0.03436485163472394,0.001914039939242711,1,f83bfee3f0d6822127ad4d39fb6d51c9688359a5fea122b953275b7637fd01d0
sues200,sues200_uav_150m_to_satellite,1,content_entropy_quartile,q1_low,1000,True,0.35,0.207,-0.143,0.4426154730124399,0.30985982156638053,-0.13275565144605936,0.5352309460248799,0.4127196431327611,-0.12251130289211869,1.12527794094e-16,61eb866b4e09b4c54ca192ad272ab15227fb172f111fc698508386d5346832cb
sues200,sues200_uav_150m_to_satellite,1,content_entropy_quartile,q2_mid_low,1000,True,0.368,0.305,-0.063,0.44286695699393747,0.3803404329512268,-0.06252652404271067,0.5177339139878749,0.45568086590245366,-0.06205304808542132,0.0597421242584,1524f5316fae24e031a0be9e98d5deccd3775eb13d32a6e4e480631f63119c81
sues200,sues200_uav_150m_to_satellite,1,content_entropy_quartile,q3_mid_high,1000,True,0.299,0.322,0.023,0.38956732875527816,0.4055101721878164,0.015942843432538212,0.4801346575105563,0.4890203443756327,0.008885686865076422,1,d00ff34c6b5c00825ba6f7dd625ea1f0e05fa1357251232b37d93c86e50a4ec5
sues200,sues200_uav_150m_to_satellite,1,content_entropy_quartile,q4_high,1000,True,0.346,0.314,-0.032,0.4276613310193643,0.3906051931530237,-0.03705613786634058,0.5093226620387286,0.46721038630604744,-0.042112275732681156,1,3a1a00ec17f1c605d185f0a8cfe2d390e9f4a04b95f1aa4e5767a4e09f4eb8a2
sues200,sues200_uav_150m_to_satellite,1,style_entropy_quartile,q1_low,1000,True,0.37,0.305,-0.065,0.44570168053917586,0.3823296162397601,-0.0633720642994158,0.5214033610783517,0.4596592324795201,-0.06174412859883159,0.127642310582,af8d65ad53d242b00c6fc0190741b3dac4b1902dbd547f1dbdd3db0b860bbc93
sues200,sues200_uav_150m_to_satellite,1,style_entropy_quartile,q2_mid_low,1000,True,0.326,0.296,-0.03,0.41116252342355436,0.37606526145432145,-0.035097261969232935,0.49632504684710876,0.45613052290864287,-0.04019452393846586,1,28a490081939aca51a4a4b7a27196a50ce54ad6ba3ca6057a1aa8220a362670c
sues200,sues200_uav_150m_to_satellite,1,style_entropy_quartile,q3_mid_high,1000,True,0.337,0.277,-0.06,0.4219236536875833,0.36510922001907603,-0.05681443366850726,0.5068473073751666,0.45321844003815204,-0.053628867337014524,0.0418661379781,4b73d2338413000e8d889930507fffff825195ce0095250b80acead73088d39e
sues200,sues200_uav_150m_to_satellite,1,style_entropy_quartile,q4_high,1000,True,0.33,0.27,-0.06,0.4239232321307063,0.36281152214528994,-0.06111170998541638,0.5178464642614127,0.45562304429057987,-0.06222341997083276,0.0811773514128,f4cbdaa36112753491f2c4f82a01cce7ac01fad84ac6e15dceba14cf0f428e16
sues200,sues200_uav_150m_to_satellite,1,visual_margin_quartile,q1_low,1000,True,0.214,0.202,-0.012,0.3172064703213982,0.2921940118330531,-0.025012458488345147,0.42041294064279644,0.3823880236661062,-0.03802491697669029,1,c9a6771bff75cd8873477c4e09fcd0d6e45b4cabb231a112b4fa65e4d6932919
sues200,sues200_uav_150m_to_satellite,1,visual_margin_quartile,q2_mid_low,1000,True,0.264,0.227,-0.037,0.3590748230416793,0.31117983756167816,-0.0478949854800012,0.45414964608335867,0.3953596751233563,-0.058789970960002394,1,17545346307dde3d167919ed68b1aed11b4300e64be15d75d05e627191ad90fc
sues200,sues200_uav_150m_to_satellite,1,visual_margin_quartile,q3_mid_high,1000,True,0.373,0.306,-0.067,0.45212600853224283,0.39184140133531764,-0.06028460719692521,0.5312520170644857,0.4776828026706353,-0.053569214393850415,0.0449375163301,d00d5a4679c7037b3feb5b7cf1c471eeb488780566dee4ddccfbcf87c0fa5169
sues200,sues200_uav_150m_to_satellite,1,visual_margin_quartile,q4_high,1000,True,0.512,0.413,-0.099,0.5743037878856995,0.4911003691283986,-0.08320341875730082,0.6366075757713988,0.5692007382567972,-0.06740683751460165,4.50063949102e-06,3a5822fcb4bd170c31e579358b1e5a95879fe99c0030ccd223101f2f0e62c167
sues200,sues200_uav_150m_to_satellite,1,visual_semantic_top1_identity_agreement,agree,92,False,0.42391304347826086,0.358695652173913,-0.06521739130434782,0.49032802537650516,0.435757332359967,-0.054570693016538156,0.5567430072747495,0.512819012546021,-0.04392399472872848,,db184c45f3f97733fdefad919b52a7df3995d2aac4d2268ee798595cc853bc84
sues200,sues200_uav_150m_to_satellite,1,visual_semantic_top1_identity_agreement,disagree,3908,True,0.33879222108495394,0.2853121801432958,-0.05348004094165814,0.42415581152670967,0.37006805150494637,-0.05408776002176327,0.5095194019684653,0.45482392286659695,-0.05469547910186841,5.63359332208e-07,c2163d4fdd5a00101585a8dbba3d9b7d871a4b7dfc49bc1864f319937eedfd93
sues200,sues200_uav_150m_to_satellite,2,content_entropy_quartile,q1_low,1000,True,0.28,0.255,-0.025,0.3801627682368271,0.34739703906979413,-0.032765729167032985,0.4803255364736542,0.43979407813958826,-0.040531458334065976,1,61eb866b4e09b4c54ca192ad272ab15227fb172f111fc698508386d5346832cb
sues200,sues200_uav_150m_to_satellite,2,content_entropy_quartile,q2_mid_low,1000,True,0.349,0.301,-0.048,0.42695167494239283,0.3838584689782001,-0.04309320596419275,0.5049033498847857,0.46671693795640024,-0.0381864119283855,0.414727011822,1524f5316fae24e031a0be9e98d5deccd3775eb13d32a6e4e480631f63119c81
sues200,sues200_uav_150m_to_satellite,2,content_entropy_quartile,q3_mid_high,1000,True,0.361,0.27,-0.091,0.4439396691913716,0.35694140038639305,-0.08699826880497857,0.5268793383827433,0.44388280077278613,-0.08299653760995716,6.50098104681e-06,d00ff34c6b5c00825ba6f7dd625ea1f0e05fa1357251232b37d93c86e50a4ec5
sues200,sues200_uav_150m_to_satellite,2,content_entropy_quartile,q4_high,1000,True,0.364,0.248,-0.116,0.43720896856579927,0.321802070602309,-0.11540689796349034,0.5104179371315986,0.3956041412046179,-0.11481379592698067,3.52248659164e-10,3a1a00ec17f1c605d185f0a8cfe2d390e9f4a04b95f1aa4e5767a4e09f4eb8a2
sues200,sues200_uav_150m_to_satellite,2,style_entropy_quartile,q1_low,1000,True,0.339,0.277,-0.062,0.420565427780617,0.35575267402082683,-0.06481275375979022,0.502130855561234,0.43450534804165364,-0.06762550751958042,0.0567966773945,af8d65ad53d242b00c6fc0190741b3dac4b1902dbd547f1dbdd3db0b860bbc93
sues200,sues200_uav_150m_to_satellite,2,style_entropy_quartile,q2_mid_low,1000,True,0.309,0.246,-0.063,0.39634641088126227,0.344383245178964,-0.05196316570229828,0.48369282176252454,0.442766490357928,-0.04092633140459657,0.0260356432085,28a490081939aca51a4a4b7a27196a50ce54ad6ba3ca6057a1aa8220a362670c
sues200,sues200_uav_150m_to_satellite,2,style_entropy_quartile,q3_mid_high,1000,True,0.335,0.239,-0.096,0.419179220199585,0.3254601493394002,-0.09371907086018473,0.5033584403991699,0.4119202986788005,-0.09143814172036946,3.99253084854e-07,4b73d2338413000e8d889930507fffff825195ce0095250b80acead73088d39e
sues200,sues200_uav_150m_to_satellite,2,style_entropy_quartile,q4_high,1000,True,0.371,0.312,-0.059,0.4521720220749266,0.3844029104975052,-0.06776911157742142,0.5333440441498533,0.45680582099501044,-0.07653822315484285,0.100170709582,f4cbdaa36112753491f2c4f82a01cce7ac01fad84ac6e15dceba14cf0f428e16
sues200,sues200_uav_150m_to_satellite,2,visual_margin_quartile,q1_low,1000,True,0.205,0.185,-0.02,0.3164939000303857,0.28352395973773675,-0.03296994029264897,0.4279878000607714,0.38204791947547345,-0.045939880585297944,1,f489a0fc06373e6e2b1a88bfdc9ecdf2aa97866359efb26f52d5285a5c1993e8
sues200,sues200_uav_150m_to_satellite,2,visual_margin_quartile,q2_mid_low,1000,True,0.26,0.222,-0.038,0.35244440494617446,0.30825244828592985,-0.04419195666024461,0.44488880989234897,0.3945048965718597,-0.05038391332048923,1,9fd6f906d34bd6f11a0cba9c7fe36090d2fb99d6a188ba523e6da6856670aad8
sues200,sues200_uav_150m_to_satellite,2,visual_margin_quartile,q3_mid_high,1000,True,0.372,0.271,-0.101,0.44933795707020907,0.36052700541308147,-0.08881095165712759,0.5266759141404181,0.450054010826163,-0.07662190331425518,6.30739056851e-06,0609b27e5c84d3b54bf4f8a2215790490780d57c4b53444cb37e599fd07fbfd5
sues200,sues200_uav_150m_to_satellite,2,visual_margin_quartile,q4_high,1000,True,0.517,0.396,-0.121,0.5699868188896217,0.4576955655999482,-0.11229125328967347,0.6229736377792433,0.5193911311998963,-0.10358250657934695,6.33440036829e-12,593dc12c19de6b76e823fee45cf9451f4e6500173f487d49d86c05d536821065
sues200,sues200_uav_150m_to_satellite,2,visual_semantic_top1_identity_agreement,agree,82,False,0.43902439024390244,0.3902439024390244,-0.04878048780487805,0.5102955693856064,0.4773835661911928,-0.032912003194413536,0.5815667485273103,0.5645232299433612,-0.017043518583949018,,680761e15264d48f40c013fc88062d5299f8d808ce8d9748061875e790f3e768
sues200,sues200_uav_150m_to_satellite,2,visual_semantic_top1_identity_agreement,disagree,3918,True,0.33639612046962736,0.2659520163348647,-0.07044410413476264,0.42021920475925756,0.34988604558678366,-0.0703331591724739,0.5040422890488878,0.4338200748387026,-0.07022221421018517,6.36097955406e-14,8a02c7223cded643dbcf8be453c9819c77a2dae5f33413ce82b47c6c92e1ce04
sues200,sues200_uav_150m_to_satellite,3,content_entropy_quartile,q1_low,1000,True,0.294,0.212,-0.082,0.39442726034391673,0.30960988069651646,-0.08481737964740023,0.4948545206878334,0.40721976139303295,-0.08763475929480045,9.71594518433e-05,61eb866b4e09b4c54ca192ad272ab15227fb172f111fc698508386d5346832cb
sues200,sues200_uav_150m_to_satellite,3,content_entropy_quartile,q2_mid_low,1000,True,0.419,0.342,-0.077,0.4949104417017661,0.4079685106803663,-0.0869419310213998,0.5708208834035322,0.4739370213607326,-0.0968838620427996,0.00421418481565,1524f5316fae24e031a0be9e98d5deccd3775eb13d32a6e4e480631f63119c81
sues200,sues200_uav_150m_to_satellite,3,content_entropy_quartile,q3_mid_high,1000,True,0.441,0.355,-0.086,0.5151252072388306,0.42264807119453324,-0.09247713604429737,0.5892504144776612,0.4902961423890665,-0.09895427208859474,0.00130908037019,d00ff34c6b5c00825ba6f7dd625ea1f0e05fa1357251232b37d93c86e50a4ec5
sues200,sues200_uav_150m_to_satellite,3,content_entropy_quartile,q4_high,1000,True,0.396,0.281,-0.115,0.47258674383489413,0.3595319477310404,-0.11305479610385373,0.5491734876697884,0.43806389546208085,-0.11110959220770747,2.96053593691e-07,3a1a00ec17f1c605d185f0a8cfe2d390e9f4a04b95f1aa4e5767a4e09f4eb8a2
sues200,sues200_uav_150m_to_satellite,3,style_entropy_quartile,q1_low,1000,True,0.405,0.31,-0.095,0.4761607813294977,0.3832486514635384,-0.09291212986595929,0.5473215626589953,0.4564973029270768,-0.09082425973191857,1.56279595024e-05,af8d65ad53d242b00c6fc0190741b3dac4b1902dbd547f1dbdd3db0b860bbc93
sues200,sues200_uav_150m_to_satellite,3,style_entropy_quartile,q2_mid_low,1000,True,0.399,0.276,-0.123,0.4791201727706939,0.3533650744529441,-0.1257550983177498,0.5592403455413878,0.4307301489058882,-0.1285101966354996,4.09857718375e-09,28a490081939aca51a4a4b7a27196a50ce54ad6ba3ca6057a1aa8220a362670c
sues200,sues200_uav_150m_to_satellite,3,style_entropy_quartile,q3_mid_high,1000,True,0.369,0.292,-0.077,0.45605568160675464,0.3729618018697947,-0.08309387973695993,0.5431113632135093,0.45392360373958945,-0.08918775947391987,0.00421418481565,4b73d2338413000e8d889930507fffff825195ce0095250b80acead73088d39e
sues200,sues200_uav_150m_to_satellite,3,style_entropy_quartile,q4_high,1000,True,0.377,0.312,-0.065,0.46571301741246135,0.3901828825161792,-0.0755301348962821,0.5544260348249227,0.4683657650323585,-0.08606026979256422,0.0651670222463,f4cbdaa36112753491f2c4f82a01cce7ac01fad84ac6e15dceba14cf0f428e16
sues200,sues200_uav_150m_to_satellite,3,visual_margin_quartile,q1_low,1000,True,0.23,0.262,0.032,0.33450786671275273,0.34355379308294504,0.009045926370192319,0.4390157334255055,0.4251075861658901,-0.013908147259615361,1,c89c34ff9e2356ef7d14fc3d7adf9812d3c5f1cf3829d1dded48ba232baadbf8
sues200,sues200_uav_150m_to_satellite,3,visual_margin_quartile,q2_mid_low,1000,True,0.263,0.269,0.006,0.3611792435175739,0.340966796993278,-0.020212446524295956,0.45935848703514787,0.41293359398655594,-0.04642489304859191,1,2301cf260efd8a3a73010ee067f8d2eb8a79fc06074993662290b02b3af90a3b
sues200,sues200_uav_150m_to_satellite,3,visual_margin_quartile,q3_mid_high,1000,True,0.429,0.299,-0.13,0.5032261818647384,0.37636813826998694,-0.1268580435947515,0.577452363729477,0.4537362765399739,-0.12371608718950301,3.88067866474e-10,a0014a7f2b788ff2fdb96644bce0b19c0b335411ca72ad4375a2e3d05f48f711
sues200,sues200_uav_150m_to_satellite,3,visual_margin_quartile,q4_high,1000,True,0.628,0.36,-0.268,0.6781363610243425,0.4388696819562465,-0.23926667906809598,0.728272722048685,0.517739363912493,-0.21053335813619195,1.55225753438e-44,917429b28f3f35bfd9c413ab34aaca94716162cc1ed8e063edfe9473d5e863ae
sues200,sues200_uav_150m_to_satellite,3,visual_semantic_top1_identity_agreement,agree,81,False,0.5061728395061729,0.2716049382716049,-0.2345679012345679,0.5701117186956568,0.35879214651836655,-0.2113195721772902,0.6340505978851406,0.44597935476512823,-0.18807124312001247,,4bf59b0218fb23d323e7d3f0e0bbbaab7f5808080bc86a00e4b8e021bcace92f
sues200,sues200_uav_150m_to_satellite,3,visual_semantic_top1_identity_agreement,disagree,3919,True,0.3850472059198775,0.29803521306455727,-0.08701199285532024,0.4671780055894512,0.3752733468829979,-0.09190465870645334,0.5493088052590249,0.45251148070143854,-0.09679732455758644,6.48498295602e-19,d9212df617604efed3fbbac28dd895e1e827e1fd7ccf89dd3b9ab17bb17b2e0f
sues200,sues200_satellite_to_uav_150m,1,content_entropy_quartile,q1_low,20,False,0.5,0.6,0.1,0.4409127891995013,0.3776804023422301,-0.0632323868572712,0.564171093609184,0.624186260229908,0.060015166620723905,,2f807c1c78dcb7496855d2028247a3d59a738f679a762169a2a8b3a9b1d4008d
sues200,sues200_satellite_to_uav_150m,1,content_entropy_quartile,q2_mid_low,20,False,0.6,0.5,-0.1,0.40263915304094555,0.3870076361112297,-0.015631516929715872,0.6415295021841303,0.5584660586435348,-0.08306344354059547,,ed62c6997c3dc6cc179ed95105829034150db9d0556246c8653957bf1f70b633
sues200,sues200_satellite_to_uav_150m,1,content_entropy_quartile,q3_mid_high,20,False,0.55,0.25,-0.3,0.3899971839506179,0.2723458593711257,-0.1176513245794922,0.6111000061035157,0.36602961499011144,-0.24507039111340417,,817d8b1fb7927e9c93e4c1a6eeb7d8a06b668efdf81c326afe474c3c0eda7d07
sues200,sues200_satellite_to_uav_150m,1,content_entropy_quartile,q4_high,20,False,0.5,0.55,0.05,0.34088036362081764,0.3342324030585587,-0.006647960562258959,0.5979176218621433,0.6170653097797185,0.01914768791757524,,9c9d50dd241a5d3a6a20112af706af25ce2ef173e89a3e6de04353d0e5d6d6d4
sues200,sues200_satellite_to_uav_150m,1,style_entropy_quartile,q1_low,20,False,0.55,0.55,0.0,0.41299961507320404,0.3390845837071538,-0.07391503136605024,0.6429657368687913,0.5860843445174396,-0.05688139235135168,,c068075fb4b3f237187691dc4552b47341f17941260221b25c607e39f5ed29bd
sues200,sues200_satellite_to_uav_150m,1,style_entropy_quartile,q2_mid_low,20,False,0.55,0.45,-0.1,0.32289350163191555,0.309524814132601,-0.013368687499314547,0.5824875131715089,0.5084655908984133,-0.0740219222730957,,c5ff12e0cbc2a0d4caaa3dd86b4811839bb2bd87aa639668584b906a41d1ebae
sues200,sues200_satellite_to_uav_150m,1,style_entropy_quartile,q3_mid_high,20,False,0.45,0.4,-0.05,0.38301973533816636,0.3816114683635533,-0.0014082669746130704,0.5268034717068076,0.5014010187238455,-0.02540245298296213,,afecd5ef62c16f8c86bd88d4729a2c29467b632c0fa3661b79e821b103fc135a
sues200,sues200_satellite_to_uav_150m,1,style_entropy_quartile,q4_high,20,False,0.6,0.5,-0.1,0.4555166377685964,0.34104543467983606,-0.11447120308876038,0.6624615020118654,0.5697962895035744,-0.092665212508291,,8dc289ac56a8dfe42431a2fe6cb1c3f476768cba8648be41caf9456bc8698138
sues200,sues200_satellite_to_uav_150m,1,visual_margin_quartile,q1_low,20,False,0.45,0.45,0.0,0.3857507351785898,0.4225537722930312,0.0368030371144414,0.5595718307886273,0.5425600263988599,-0.01701180438976735,,252c5b1485a15173869e7e5e24575cf638c56c802809b0855a096751317d8f15
sues200,sues200_satellite_to_uav_150m,1,visual_margin_quartile,q2_mid_low,20,False,0.55,0.45,-0.1,0.4081604749429971,0.38960075806826355,-0.018559716874733567,0.6062252392992378,0.5102770892903209,-0.09594815000891685,,181fa72a9a4bda2b39b9fa17c8e116747bc3aab6b59fc5997fafeac1d8c6599b
sues200,sues200_satellite_to_uav_150m,1,visual_margin_quartile,q3_mid_high,20,False,0.65,0.6,-0.05,0.4289808748289943,0.2858973341993988,-0.14308354062959552,0.7158436870202423,0.6301134027075023,-0.08573028431273996,,fac69d2a63a5bbfb8dc4098da58664e1773bb983293beb54aaba6f1507eb98e3
sues200,sues200_satellite_to_uav_150m,1,visual_margin_quartile,q4_high,20,False,0.5,0.4,-0.1,0.3515374048613012,0.2732144363224506,-0.07832296853885054,0.533077466650866,0.4827967252465896,-0.05028074140427634,,5dc349c593526094806e9b60d67cfe92424cbd52f119ff3aa0686c034892e7e0
sues200,sues200_satellite_to_uav_150m,1,visual_semantic_top1_identity_agreement,agree,2,False,0.5,0.5,0.0,0.39467041566967964,0.29492613580077887,-0.09974427986890078,0.6666666716337204,0.503048780374229,-0.16361789125949144,,fe33562ababa732f186a493c84ae3448a210b59bb79bb6355bafd4eae9b633fe
sues200,sues200_satellite_to_uav_150m,1,visual_semantic_top1_identity_agreement,disagree,78,False,0.5384615384615384,0.47435897435897434,-0.0641025641025641,0.39358011493459344,0.34404453520591444,-0.049535579728679016,0.6020645016911798,0.5424211193861154,-0.059643382305064455,,2e9d26d7fc32a225bfac232625d55d7b60be734c534170cb2e2c82e7e7df49a9
sues200,sues200_satellite_to_uav_150m,2,content_entropy_quartile,q1_low,20,False,0.65,0.6,-0.05,0.40542752370238305,0.4015347396954894,-0.003892784006893635,0.7148723262595013,0.6605922477319837,-0.054280078527517615,,2f807c1c78dcb7496855d2028247a3d59a738f679a762169a2a8b3a9b1d4008d
sues200,sues200_satellite_to_uav_150m,2,content_entropy_quartile,q2_mid_low,20,False,0.75,0.5,-0.25,0.431976729631424,0.42416123412549495,-0.007815495505928994,0.7810821818187833,0.5499322731047869,-0.2311499087139964,,ed62c6997c3dc6cc179ed95105829034150db9d0556246c8653957bf1f70b633
sues200,sues200_satellite_to_uav_150m,2,content_entropy_quartile,q3_mid_high,20,False,0.45,0.35,-0.1,0.3068409093655646,0.22132447911426426,-0.08551643025130033,0.5442853712942451,0.4245482303202152,-0.1197371409740299,,817d8b1fb7927e9c93e4c1a6eeb7d8a06b668efdf81c326afe474c3c0eda7d07
sues200,sues200_satellite_to_uav_150m,2,content_entropy_quartile,q4_high,20,False,0.45,0.45,0.0,0.3547374612651765,0.2326012092642486,-0.12213625200092793,0.5779675326310099,0.5053695165319368,-0.07259801609907299,,9c9d50dd241a5d3a6a20112af706af25ce2ef173e89a3e6de04353d0e5d6d6d4
sues200,sues200_satellite_to_uav_150m,2,style_entropy_quartile,q1_low,20,False,0.6,0.55,-0.05,0.39792509004473686,0.34393962379544973,-0.05398546624928713,0.6667558182962239,0.608867438370362,-0.05788837992586195,,c068075fb4b3f237187691dc4552b47341f17941260221b25c607e39f5ed29bd
sues200,sues200_satellite_to_uav_150m,2,style_entropy_quartile,q2_mid_low,20,False,0.6,0.6,0.0,0.3046539805829525,0.34872781122103336,0.04407383063808083,0.6654574336018413,0.6114781105425209,-0.05397932305932045,,c5ff12e0cbc2a0d4caaa3dd86b4811839bb2bd87aa639668584b906a41d1ebae
sues200,sues200_satellite_to_uav_150m,2,style_entropy_quartile,q3_mid_high,20,False,0.7,0.4,-0.3,0.3976545480079949,0.2776666288264096,-0.11998791918158531,0.7607815121300519,0.48916481058113276,-0.2716167015489191,,afecd5ef62c16f8c86bd88d4729a2c29467b632c0fa3661b79e821b103fc135a
sues200,sues200_satellite_to_uav_150m,2,style_entropy_quartile,q4_high,20,False,0.4,0.35,-0.05,0.39874900532886387,0.3092875983566046,-0.08946140697225928,0.5252126479754224,0.430931908194907,-0.09428073978051543,,8dc289ac56a8dfe42431a2fe6cb1c3f476768cba8648be41caf9456bc8698138
sues200,sues200_satellite_to_uav_150m,2,visual_margin_quartile,q1_low,20,False,0.6,0.55,-0.05,0.43753620935603976,0.3875162363983691,-0.05001997295767069,0.6659077384509147,0.6295387959573417,-0.03636894249357283,,15c7b3b90731efcf40ba634a30e8b13455d1344bbdb69afc1a2512e646be85d8
sues200,sues200_satellite_to_uav_150m,2,visual_margin_quartile,q2_mid_low,20,False,0.6,0.45,-0.15,0.3969541922211647,0.35367763908579947,-0.04327655313536525,0.630520093278028,0.5026920134667308,-0.12782807981129735,,63a27aa57c6cb48927aeb5a7eb2a774691b4145ae43885a6cec9fc5a4f7b0501
sues200,sues200_satellite_to_uav_150m,2,visual_margin_quartile,q3_mid_high,20,False,0.55,0.5,-0.05,0.36119278259575366,0.3173544931225479,-0.0438382894732058,0.6414400731679052,0.5651634281268343,-0.07627664504107087,,996435f277b4e30c7782bea3631d73684262cd1a260d5140042498d8fa584962
sues200,sues200_satellite_to_uav_150m,2,visual_margin_quartile,q4_high,20,False,0.55,0.4,-0.15,0.30329943979158996,0.22107329359278083,-0.08222614619880915,0.6803395071066916,0.44304803013801575,-0.23729147696867586,,7c19793bb47bfb0d69253d31ae58b17b1ea19035a3eb715deccd4a356f86d08a
sues200,sues200_satellite_to_uav_150m,2,visual_semantic_top1_identity_agreement,agree,3,False,0.6666666666666666,0.3333333333333333,-0.3333333333333333,0.39846680996318656,0.2566941902041435,-0.14177261975904307,0.6729559749364853,0.4305555572112401,-0.24240041772524515,,75edc6747a7ab8c3ba027c7899c426c9d493ffa3079ac0ae39df817fb569d11d
sues200,sues200_satellite_to_uav_150m,2,visual_semantic_top1_identity_agreement,disagree,77,False,0.5714285714285714,0.4805194805194805,-0.09090909090909091,0.3738214551870312,0.3223681905633443,-0.051453264623686865,0.6538348092891082,0.5391841387291524,-0.11465067055995588,,9c8026ff85dbddf275d5e1180f53a6b9571cb6bb7eafad57a8f89ce73d649699
sues200,sues200_satellite_to_uav_150m,3,content_entropy_quartile,q1_low,20,False,0.6,0.45,-0.15,0.4209501376375556,0.3155179325025529,-0.10543220513500273,0.6274236884899438,0.5043279706500471,-0.12309571783989667,,2f807c1c78dcb7496855d2028247a3d59a738f679a762169a2a8b3a9b1d4008d
sues200,sues200_satellite_to_uav_150m,3,content_entropy_quartile,q2_mid_low,20,False,0.65,0.5,-0.15,0.43737964928150175,0.44535231897607447,0.007972669694572687,0.7326345728710294,0.5608215058920905,-0.1718130669789389,,ed62c6997c3dc6cc179ed95105829034150db9d0556246c8653957bf1f70b633
sues200,sues200_satellite_to_uav_150m,3,content_entropy_quartile,q3_mid_high,20,False,0.65,0.45,-0.2,0.41844176622107626,0.254529434395954,-0.16391233182512224,0.6997797722462564,0.5185847589804325,-0.18119501326582393,,817d8b1fb7927e9c93e4c1a6eeb7d8a06b668efdf81c326afe474c3c0eda7d07
sues200,sues200_satellite_to_uav_150m,3,content_entropy_quartile,q4_high,20,False,0.55,0.55,0.0,0.3925535509362817,0.3150136275216937,-0.07753992341458797,0.6069161375053227,0.6095262052724137,0.0026100677670910953,,9c9d50dd241a5d3a6a20112af706af25ce2ef173e89a3e6de04353d0e5d6d6d4
sues200,sues200_satellite_to_uav_150m,3,style_entropy_quartile,q1_low,20,False,0.6,0.5,-0.1,0.4181185545399785,0.3596961049363017,-0.0584224496036768,0.6646775800734759,0.5712159405462444,-0.09346163952723145,,c068075fb4b3f237187691dc4552b47341f17941260221b25c607e39f5ed29bd
sues200,sues200_satellite_to_uav_150m,3,style_entropy_quartile,q2_mid_low,20,False,0.7,0.5,-0.2,0.30733130387961866,0.301551362965256,-0.005779940914362669,0.7125264923553913,0.5593095224583522,-0.15321696989703923,,c5ff12e0cbc2a0d4caaa3dd86b4811839bb2bd87aa639668584b906a41d1ebae
sues200,sues200_satellite_to_uav_150m,3,style_entropy_quartile,q3_mid_high,20,False,0.55,0.45,-0.1,0.4498857489787042,0.2899857707787305,-0.1598999781999737,0.6077346217818558,0.5360465737583582,-0.07168804802349768,,afecd5ef62c16f8c86bd88d4729a2c29467b632c0fa3661b79e821b103fc135a
sues200,sues200_satellite_to_uav_150m,3,style_entropy_quartile,q4_high,20,False,0.6,0.5,-0.1,0.4939894966781139,0.37918007471598686,-0.1148094219621271,0.6818154769018292,0.5266884040320292,-0.15512707286980004,,8dc289ac56a8dfe42431a2fe6cb1c3f476768cba8648be41caf9456bc8698138
sues200,sues200_satellite_to_uav_150m,3,visual_margin_quartile,q1_low,20,False,0.6,0.5,-0.1,0.43730871146544814,0.31524025392718613,-0.12206845753826201,0.6633454972878099,0.5616270661645103,-0.10171843112329952,,4ca71f112c218a8809d1edcbd91125c498a69d030d6dbfabe5181004044736ac
sues200,sues200_satellite_to_uav_150m,3,visual_margin_quartile,q2_mid_low,20,False,0.7,0.65,-0.05,0.49515993911772965,0.43951786402612925,-0.05564207509160042,0.7305803637485951,0.7027847811812535,-0.027795582567341624,,0bf9f79dd6f272b1a157cb266d4af72345ca518d98bcfd9d88f9ec49489c6ef2
sues200,sues200_satellite_to_uav_150m,3,visual_margin_quartile,q3_mid_high,20,False,0.6,0.45,-0.15,0.40701959393918513,0.2883355364203453,-0.11868405751883984,0.6578633231110871,0.5301844701170921,-0.12767885299399495,,08e702ae112c0cd93e70a9fead897a270c045847b35a3a4e53aa468c3d742890
sues200,sues200_satellite_to_uav_150m,3,visual_margin_quartile,q4_high,20,False,0.55,0.35,-0.2,0.32983685955405234,0.28731965902261436,-0.042517200531437996,0.6149649869650602,0.3986641233321279,-0.2163008636329323,,6a1e63edb1d8d7655559e091f624177d496543107f166007c1d3dae7797e847d
sues200,sues200_satellite_to_uav_150m,3,visual_semantic_top1_identity_agreement,agree,3,False,1.0,0.3333333333333333,-0.6666666666666666,0.7582453091939291,0.3548685635129611,-0.403376745680968,1.0,0.4589372016489506,-0.5410627983510494,,bc6a52bf2b37c8be280e0be5134e2a7c5ac8326da1117e97a52ce2f965de8470
sues200,sues200_satellite_to_uav_150m,3,visual_semantic_top1_identity_agreement,disagree,77,False,0.5974025974025974,0.4935064935064935,-0.1038961038961039,0.4040489110902145,0.33173585165437164,-0.07231305943584287,0.6537023821071565,0.5517973663760107,-0.10190501573114571,,053c8d92347a95e6d1160c2a76e41551f1ab9173983ec8f9cf269c27afe15962
sues200,sues200_uav_200m_to_satellite,1,content_entropy_quartile,q1_low,1000,True,0.451,0.305,-0.146,0.5351778200413101,0.4028308932525106,-0.13234692678879947,0.6193556400826201,0.5006617865050211,-0.11869385357759893,2.16520396667e-14,3835f85dfba1518dc31b80ae5f333e36482217462d2864e46cdd728960138245
sues200,sues200_uav_200m_to_satellite,1,content_entropy_quartile,q2_mid_low,1000,True,0.431,0.322,-0.109,0.5153204852216877,0.40324259170144794,-0.11207789352023974,0.5996409704433754,0.4844851834028959,-0.11515578704047948,3.85268141297e-07,0dd588f4b86292eff8f399357301fd2e806fccb1e66a6396188663b8abc56274
sues200,sues200_uav_200m_to_satellite,1,content_entropy_quartile,q3_mid_high,1000,True,0.394,0.35,-0.044,0.4858706729710102,0.42894754779245703,-0.05692312517855316,0.5777413459420204,0.5078950955849141,-0.06984625035710633,1,b8f4b8649e1f4395bf8934c5140cb58ce8526c8753dbc7e2ed61d27c2f036b86
sues200,sues200_uav_200m_to_satellite,1,content_entropy_quartile,q4_high,1000,True,0.382,0.349,-0.033,0.4711261428422295,0.42357960615912454,-0.047546536683104934,0.560252285684459,0.49815921231824906,-0.06209307336620987,1,f3b8030cb9170c8a16504a7e027b0af8b8032d189b304eb6f3a66834113279ba
sues200,sues200_uav_200m_to_satellite,1,style_entropy_quartile,q1_low,1000,True,0.452,0.374,-0.078,0.5361943379929289,0.45314394336985425,-0.08305039462307467,0.6203886759858579,0.5322878867397085,-0.08810078924614936,0.0186572637277,15716427f77804b4cf87bd9e79273cc3c41512b4ed341463c526e1a7b7b6547f
sues200,sues200_uav_200m_to_satellite,1,style_entropy_quartile,q2_mid_low,1000,True,0.39,0.303,-0.087,0.47863539546821265,0.38399536487692965,-0.094640030591283,0.5672707909364253,0.46499072975385936,-0.10228006118256598,0.000197495205489,ed0d754015c4620b8816f5514cbd0ea88815d00244b57a4808bb8bb5854a6e5c
sues200,sues200_uav_200m_to_satellite,1,style_entropy_quartile,q3_mid_high,1000,True,0.437,0.323,-0.114,0.5212410812340676,0.4088487046775408,-0.11239237655652687,0.6054821624681354,0.4946974093550816,-0.11078475311305373,4.9453571934e-08,62f1b1df7c0fb39ab018a8b48eb55bc76d645ead808f537e91c498cad6e24def
sues200,sues200_uav_200m_to_satellite,1,style_entropy_quartile,q4_high,1000,True,0.379,0.326,-0.053,0.47142430638102817,0.4126126259812154,-0.05881168039981276,0.5638486127620563,0.4992252519624308,-0.06462336079962551,0.438151576125,e68d13c15dc7f252f1208b6f1c21b547a8e3f1710f297b51954a0d6b7a98f9ab
sues200,sues200_uav_200m_to_satellite,1,visual_margin_quartile,q1_low,1000,True,0.27,0.249,-0.021,0.3842941756159998,0.34130543729057533,-0.04298873832542449,0.4985883512319997,0.4336108745811507,-0.06497747665084898,1,5f69ee34693992c241cd2d77b3070be1394f7cc81a860b7ed9c7e6a1281feec5
sues200,sues200_uav_200m_to_satellite,1,visual_margin_quartile,q2_mid_low,1000,True,0.325,0.283,-0.042,0.4271455835108645,0.3651338962703012,-0.062011687240563336,0.5292911670217291,0.4472677925406024,-0.08202337448112666,1,e60062fd4708576c0f7563dec576f793582ab3268f29904f66f491910f4c3433
sues200,sues200_uav_200m_to_satellite,1,visual_margin_quartile,q3_mid_high,1000,True,0.457,0.329,-0.128,0.5339490837706253,0.41290724427159875,-0.12104183949902654,0.6108981675412506,0.4968144885431975,-0.11408367899805308,7.3438727338e-09,bd63a6a0ac9c129e1ac3ff0fcddf4c9b8476b209b1002061b6eadc0ec5bf6fa5
sues200,sues200_uav_200m_to_satellite,1,visual_margin_quartile,q4_high,1000,True,0.606,0.465,-0.141,0.6621062781787478,0.5392540610730648,-0.12285221710568293,0.7182125563574955,0.6135081221461296,-0.10470443421136588,4.34209531884e-14,39732730f2114e8d1e443de3e1354bb7d19eaf9da0906fe8b63a73a7e6ee1361
sues200,sues200_uav_200m_to_satellite,1,visual_semantic_top1_identity_agreement,agree,121,True,0.5371900826446281,0.33884297520661155,-0.19834710743801653,0.6075027595805235,0.42874869193943327,-0.17875406764109025,0.677815436516419,0.518654408672255,-0.159161027844164,0.033670865052,c8c5d8707f395d20908cfc2f928edc9984898e0530218962646147ea53776065
sues200,sues200_uav_200m_to_satellite,1,visual_semantic_top1_identity_agreement,disagree,3879,True,0.41067285382830626,0.3312709461201341,-0.07940190770817221,0.4985788314428961,0.41421037565889884,-0.08436845578399726,0.586484809057486,0.49714980519766366,-0.08933500385982232,1.08813729194e-14,3281e0d0f95e24491cdded6f287f4c7500f5eb32877c9aab9752c135056a9010
sues200,sues200_uav_200m_to_satellite,2,content_entropy_quartile,q1_low,1000,True,0.403,0.282,-0.121,0.49611484502954406,0.37321614602953196,-0.12289869900001213,0.5892296900590882,0.4644322920590639,-0.12479739800002426,7.74344198718e-08,3835f85dfba1518dc31b80ae5f333e36482217462d2864e46cdd728960138245
sues200,sues200_uav_200m_to_satellite,2,content_entropy_quartile,q2_mid_low,1000,True,0.453,0.366,-0.087,0.5219836801984348,0.44380951739056035,-0.07817416280787438,0.5909673603968695,0.5216190347811207,-0.06934832561574876,0.000551279101992,0dd588f4b86292eff8f399357301fd2e806fccb1e66a6396188663b8abc56274
sues200,sues200_uav_200m_to_satellite,2,content_entropy_quartile,q3_mid_high,1000,True,0.425,0.35,-0.075,0.5029957171613351,0.4322507930682041,-0.07074492409313098,0.5809914343226701,0.5145015861364082,-0.06648984818626195,0.00368597286794,b8f4b8649e1f4395bf8934c5140cb58ce8526c8753dbc7e2ed61d27c2f036b86
sues200,sues200_uav_200m_to_satellite,2,content_entropy_quartile,q4_high,1000,True,0.428,0.311,-0.117,0.4971053838217631,0.3886171468780376,-0.1084882369437255,0.5662107676435262,0.4662342937560752,-0.099976473887451,3.01666541314e-10,f3b8030cb9170c8a16504a7e027b0af8b8032d189b304eb6f3a66834113279ba
sues200,sues200_uav_200m_to_satellite,2,style_entropy_quartile,q1_low,1000,True,0.461,0.34,-0.121,0.5369888002867811,0.41811576807079837,-0.11887303221598268,0.6129776005735621,0.4962315361415967,-0.11674606443196535,5.58468743703e-08,15716427f77804b4cf87bd9e79273cc3c41512b4ed341463c526e1a7b7b6547f
sues200,sues200_uav_200m_to_satellite,2,style_entropy_quartile,q2_mid_low,1000,True,0.42,0.297,-0.123,0.49511457166215406,0.3909881972284056,-0.10412637443374842,0.5702291433243081,0.48497639445681123,-0.08525274886749684,2.68605506172e-09,ed0d754015c4620b8816f5514cbd0ea88815d00244b57a4808bb8bb5854a6e5c
sues200,sues200_uav_200m_to_satellite,2,style_entropy_quartile,q3_mid_high,1000,True,0.406,0.332,-0.074,0.48417270740028473,0.41890175169659777,-0.06527095570368692,0.5623454148005694,0.5058035033931956,-0.05654191140737384,0.00696205376267,62f1b1df7c0fb39ab018a8b48eb55bc76d645ead808f537e91c498cad6e24def
sues200,sues200_uav_200m_to_satellite,2,style_entropy_quartile,q4_high,1000,True,0.422,0.34,-0.082,0.5019235468618571,0.4098878863705322,-0.09203566049132496,0.5818470937237143,0.4797757727410644,-0.10207132098264993,0.000201372353676,e68d13c15dc7f252f1208b6f1c21b547a8e3f1710f297b51954a0d6b7a98f9ab
sues200,sues200_uav_200m_to_satellite,2,visual_margin_quartile,q1_low,1000,True,0.246,0.272,0.026,0.358765413843561,0.3633972327769734,0.004631818933412433,0.4715308276871219,0.4547944655539468,-0.016736362133175135,1,c177b7238d125633f2af1384ba3d2643d3e0bc5ed8af5ef92c38d9205fedbe8b
sues200,sues200_uav_200m_to_satellite,2,visual_margin_quartile,q2_mid_low,1000,True,0.362,0.272,-0.09,0.44607012312067673,0.36091572485817597,-0.08515439826250076,0.5301402462413535,0.4498314497163519,-0.08030879652500153,0.000366713845083,662441c635a1f4e68ffddac068c82d3f320d9db6c06fb9e53acb5e94f764888a
sues200,sues200_uav_200m_to_satellite,2,visual_margin_quartile,q3_mid_high,1000,True,0.482,0.321,-0.161,0.5501803279663436,0.4088645756938495,-0.14131575227249413,0.6183606559326872,0.49672915138769896,-0.12163150454498828,4.8500577152e-16,6b00770fee9a2eda66ecd89cb09442a5464147c1c4858ea324a8eea7372de724
sues200,sues200_uav_200m_to_satellite,2,visual_margin_quartile,q4_high,1000,True,0.619,0.444,-0.175,0.6631837612804957,0.5047160700373352,-0.1584676912431605,0.7073675225609913,0.5654321400746704,-0.14193538248632104,7.61922773774e-25,cbc985875cd31df21bf5436e5d5bb1ad29370823d9aa8041fa02ceb7bbfab6a8
sues200,sues200_uav_200m_to_satellite,2,visual_semantic_top1_identity_agreement,agree,111,True,0.6846846846846847,0.5585585585585585,-0.12612612612612611,0.7346036240903174,0.627481767974861,-0.10712185611545637,0.7845225634959501,0.6964049773911635,-0.08811758610478661,0.641055815701,b9101378dd62a7b3c4eb9f6ac725456a1ce5c6f930b72c1478dd9474564f200a
sues200,sues200_uav_200m_to_satellite,2,visual_semantic_top1_identity_agreement,disagree,3889,True,0.41990228850604266,0.32064798148624324,-0.09925430701979944,0.49798370376370577,0.40325099694551925,-0.0947327068181865,0.5760651190213688,0.48585401240479525,-0.09021110661657358,8.4615841281e-25,2da4b39626ff229167d9274f637d0577f9a173ed329c1b122640c950ee05a4bc
sues200,sues200_uav_200m_to_satellite,3,content_entropy_quartile,q1_low,1000,True,0.404,0.267,-0.137,0.4969602754991502,0.3590350146833807,-0.13792526081576945,0.5899205509983003,0.45107002936676144,-0.13885052163153888,5.7817123806e-14,3835f85dfba1518dc31b80ae5f333e36482217462d2864e46cdd728960138245
sues200,sues200_uav_200m_to_satellite,3,content_entropy_quartile,q2_mid_low,1000,True,0.488,0.357,-0.131,0.5595418768869713,0.4273972704429179,-0.13214460644405335,0.6310837537739425,0.4977945408858359,-0.13328921288810672,1.51566907241e-10,0dd588f4b86292eff8f399357301fd2e806fccb1e66a6396188663b8abc56274
sues200,sues200_uav_200m_to_satellite,3,content_entropy_quartile,q3_mid_high,1000,True,0.469,0.395,-0.074,0.5435947983413935,0.46233565129712223,-0.08125914704427123,0.618189596682787,0.5296713025942444,-0.08851829408854246,0.00768136316521,b8f4b8649e1f4395bf8934c5140cb58ce8526c8753dbc7e2ed61d27c2f036b86
sues200,sues200_uav_200m_to_satellite,3,content_entropy_quartile,q4_high,1000,True,0.429,0.381,-0.048,0.5030513825337403,0.4509942343067378,-0.05205714822700247,0.5771027650674805,0.5209884686134756,-0.056114296454004946,0.911256142292,f3b8030cb9170c8a16504a7e027b0af8b8032d189b304eb6f3a66834113279ba
sues200,sues200_uav_200m_to_satellite,3,style_entropy_quartile,q1_low,1000,True,0.477,0.375,-0.102,0.5486839976133778,0.44254598289495334,-0.10613801471842453,0.6203679952267558,0.5100919657899067,-0.11027602943684905,1.24940773593e-06,15716427f77804b4cf87bd9e79273cc3c41512b4ed341463c526e1a7b7b6547f
sues200,sues200_uav_200m_to_satellite,3,style_entropy_quartile,q2_mid_low,1000,True,0.421,0.326,-0.095,0.4993488222854212,0.4022452740026638,-0.0971035482827574,0.5776976445708424,0.4784905480053276,-0.0992070965655148,5.17380910929e-05,ed0d754015c4620b8816f5514cbd0ea88815d00244b57a4808bb8bb5854a6e5c
sues200,sues200_uav_200m_to_satellite,3,style_entropy_quartile,q3_mid_high,1000,True,0.433,0.337,-0.096,0.5176053391778842,0.4187680775565095,-0.09883726162137464,0.6022106783557684,0.5005361551130191,-0.10167452324274927,2.08336565394e-05,62f1b1df7c0fb39ab018a8b48eb55bc76d645ead808f537e91c498cad6e24def
sues200,sues200_uav_200m_to_satellite,3,style_entropy_quartile,q4_high,1000,True,0.459,0.362,-0.097,0.5375101741845719,0.436202836276032,-0.10130733790853992,0.6160203483691439,0.510405672552064,-0.10561467581707984,6.30342990137e-06,e68d13c15dc7f252f1208b6f1c21b547a8e3f1710f297b51954a0d6b7a98f9ab
sues200,sues200_uav_200m_to_satellite,3,visual_margin_quartile,q1_low,1000,True,0.257,0.29,0.033,0.3698029938209802,0.3730569064845331,0.00325391266355291,0.4826059876419604,0.4561138129690662,-0.026492174672894178,1,62ee99cdb7331a94346625db5e056aefbf8df0b451faeb5dde5cf7742de0a373
sues200,sues200_uav_200m_to_satellite,3,visual_margin_quartile,q2_mid_low,1000,True,0.373,0.328,-0.045,0.4631207568659447,0.4033526299460791,-0.059768126919865605,0.5532415137318895,0.47870525989215823,-0.07453625383973121,1,8b7b85a52a72a06c9207028564c23cac936092d8ae3a07ce412075b6c369161e
sues200,sues200_uav_200m_to_satellite,3,visual_margin_quartile,q3_mid_high,1000,True,0.486,0.352,-0.134,0.5553195354389027,0.42701573998294773,-0.12830379545595497,0.6246390708778053,0.5020314799658954,-0.12260759091190994,5.25025467534e-12,c2e56c886524552751f47d35fab3da7032433a00f3636513d5d508eb01e21ec2
sues200,sues200_uav_200m_to_satellite,3,visual_margin_quartile,q4_high,1000,True,0.674,0.43,-0.244,0.7149050471354276,0.4963368943165988,-0.21856815281882883,0.7558100942708552,0.5626737886331975,-0.19313630563765763,4.85939445346e-44,129461f9d68db7ca6fd12e0c7baf029abbf960c852c43e90d530227ad9317913
sues200,sues200_uav_200m_to_satellite,3,visual_semantic_top1_identity_agreement,agree,108,True,0.6388888888888888,0.4166666666666667,-0.2222222222222222,0.6928517991263006,0.49524769017093434,-0.1976041089553662,0.7468147093637122,0.573828713675202,-0.17298599568851017,0.0454113156433,eaa822432055f8994a2e46f89e621d6afacd9730f80f3fccae67ec330a875a3f
sues200,sues200_uav_200m_to_satellite,3,visual_semantic_top1_identity_agreement,disagree,3892,True,0.4421891058581706,0.34815005138746147,-0.09403905447070915,0.5211511662270336,0.42298957353332417,-0.09816159269370939,0.6001132265958966,0.49782909567918693,-0.10228413091670963,5.09643356788e-23,ded1359afa35f2e6f184d495f6e3cc2945ba5c7e6e7f26a9318b5f9c8d7f8ca4
sues200,sues200_satellite_to_uav_200m,1,content_entropy_quartile,q1_low,20,False,0.55,0.65,0.1,0.5624558072537184,0.44106548372656107,-0.12139032352715731,0.6580452324822545,0.6947441298048943,0.036698897322639826,,2f807c1c78dcb7496855d2028247a3d59a738f679a762169a2a8b3a9b1d4008d
sues200,sues200_satellite_to_uav_200m,1,content_entropy_quartile,q2_mid_low,20,False,0.6,0.55,-0.05,0.47198506612330676,0.4355103004723787,-0.03647476565092802,0.6468305064598099,0.5999785982538015,-0.046851908206008375,,ed62c6997c3dc6cc179ed95105829034150db9d0556246c8653957bf1f70b633
sues200,sues200_satellite_to_uav_200m,1,content_entropy_quartile,q3_mid_high,20,False,0.65,0.55,-0.1,0.4723820458166301,0.3372107295319438,-0.13517131628468632,0.7001567329978571,0.5911381275742315,-0.10901860542362556,,817d8b1fb7927e9c93e4c1a6eeb7d8a06b668efdf81c326afe474c3c0eda7d07
sues200,sues200_satellite_to_uav_200m,1,content_entropy_quartile,q4_high,20,False,0.65,0.7,0.05,0.4442480202764273,0.3960681148339063,-0.04817990544252097,0.6841878021135926,0.7638653981033713,0.07967759598977864,,9c9d50dd241a5d3a6a20112af706af25ce2ef173e89a3e6de04353d0e5d6d6d4
sues200,sues200_satellite_to_uav_200m,1,style_entropy_quartile,q1_low,20,False,0.65,0.55,-0.1,0.486330983415246,0.40343125108629463,-0.08289973232895136,0.6992538020247594,0.5971194954123348,-0.10213430661242455,,c068075fb4b3f237187691dc4552b47341f17941260221b25c607e39f5ed29bd
sues200,sues200_satellite_to_uav_200m,1,style_entropy_quartile,q2_mid_low,20,False,0.5,0.65,0.15,0.43030117377638816,0.38540322980843483,-0.044897943967953324,0.580826617591083,0.6838089306023903,0.10298231301130727,,c5ff12e0cbc2a0d4caaa3dd86b4811839bb2bd87aa639668584b906a41d1ebae
sues200,sues200_satellite_to_uav_200m,1,style_entropy_quartile,q3_mid_high,20,False,0.55,0.55,0.0,0.46137969112023713,0.4320025937631726,-0.029377097357064487,0.6261711226077751,0.6316990463063121,0.005527923698537052,,afecd5ef62c16f8c86bd88d4729a2c29467b632c0fa3661b79e821b103fc135a
sues200,sues200_satellite_to_uav_200m,1,style_entropy_quartile,q4_high,20,False,0.75,0.7,-0.05,0.5730590911582112,0.38901755390688775,-0.18404153725132347,0.7829687318298966,0.7370987814152613,-0.04586995041463524,,8dc289ac56a8dfe42431a2fe6cb1c3f476768cba8648be41caf9456bc8698138
sues200,sues200_satellite_to_uav_200m,1,visual_margin_quartile,q1_low,20,False,0.65,0.6,-0.05,0.566382122412324,0.45140769686549903,-0.11497442554682494,0.7259706445038319,0.6886344914324581,-0.0373361530713737,,dce1340d6a5e3b27d99bfebd1d922127071f1766ba31a0df5389987488ad2cda
sues200,sues200_satellite_to_uav_200m,1,visual_margin_quartile,q2_mid_low,20,False,0.5,0.55,0.05,0.42941579297184945,0.3690033291466534,-0.06041246382519603,0.5442164619220421,0.5923769776942208,0.048160515772178766,,3b1adf3ff43fe473b41897c49d376ce597716949d08f25da41a823c58d8e2c88
sues200,sues200_satellite_to_uav_200m,1,visual_margin_quartile,q3_mid_high,20,False,0.5,0.65,0.15,0.426967219542712,0.35750883067958056,-0.06945838886313141,0.5839637226657942,0.6821334309992381,0.09816970833344385,,f79a2a64f30a73c39dced7aa148e62d57037d32b0d2e22b2b4af0077ef566d87
sues200,sues200_satellite_to_uav_200m,1,visual_margin_quartile,q4_high,20,False,0.8,0.65,-0.15,0.5283058045431972,0.4319347718730569,-0.09637103267014027,0.8350694449618459,0.6865813536103815,-0.1484880913514644,,23293f0cbbf18348739e84294621657e97b0963babe0c0321a2d4b28fc276cd2
sues200,sues200_satellite_to_uav_200m,1,visual_semantic_top1_identity_agreement,agree,2,False,1.0,1.0,0.0,0.7750464081764221,0.6757715493440628,-0.09927485883235931,1.0,1.0,0.0,,42634bf49cf8c92f3fc7ee81fd6df6dee290e10e29362c2326fb4de2551a280c
sues200,sues200_satellite_to_uav_200m,1,visual_semantic_top1_identity_agreement,disagree,78,False,0.6025641025641025,0.6025641025641025,0.0,0.48040161503908724,0.3954557624693291,-0.08494585256975813,0.6639026343726959,0.6537759624964868,-0.010126671876209095,,f36400c8176c2c24678eed806e04ab16600a834a0c05d6ec1831a790b3bf28f8
sues200,sues200_satellite_to_uav_200m,2,content_entropy_quartile,q1_low,20,False,0.8,0.65,-0.15,0.5104751151055098,0.4957529267296195,-0.014722188375890255,0.8331101192161441,0.7218247580341994,-0.11128536118194461,,2f807c1c78dcb7496855d2028247a3d59a738f679a762169a2a8b3a9b1d4008d
sues200,sues200_satellite_to_uav_200m,2,content_entropy_quartile,q2_mid_low,20,False,0.65,0.5,-0.15,0.5182394402101635,0.44656366696581246,-0.07167577324435115,0.7272395780775696,0.5754563519614748,-0.15178322611609474,,ed62c6997c3dc6cc179ed95105829034150db9d0556246c8653957bf1f70b633
sues200,sues200_satellite_to_uav_200m,2,content_entropy_quartile,q3_mid_high,20,False,0.55,0.4,-0.15,0.4442447334527969,0.28742215372622015,-0.15682257972657682,0.673267606087029,0.47174247219227256,-0.20152513389475643,,817d8b1fb7927e9c93e4c1a6eeb7d8a06b668efdf81c326afe474c3c0eda7d07
sues200,sues200_satellite_to_uav_200m,2,content_entropy_quartile,q4_high,20,False,0.65,0.55,-0.1,0.42894714409485457,0.31296172221191226,-0.11598542188294232,0.7366913480684161,0.5765545595320873,-0.16013678853632882,,9c9d50dd241a5d3a6a20112af706af25ce2ef173e89a3e6de04353d0e5d6d6d4
sues200,sues200_satellite_to_uav_200m,2,style_entropy_quartile,q1_low,20,False,0.7,0.6,-0.1,0.48200060799717903,0.4279923881404102,-0.054008219856768847,0.7667478358373045,0.6513589413370937,-0.11538889450021088,,c068075fb4b3f237187691dc4552b47341f17941260221b25c607e39f5ed29bd
sues200,sues200_satellite_to_uav_200m,2,style_entropy_quartile,q2_mid_low,20,False,0.7,0.5,-0.2,0.4391986833885312,0.3913513206876814,-0.04784736270084977,0.7922090319450945,0.5657542633241974,-0.22645476862089708,,c5ff12e0cbc2a0d4caaa3dd86b4811839bb2bd87aa639668584b906a41d1ebae
sues200,sues200_satellite_to_uav_200m,2,style_entropy_quartile,q3_mid_high,20,False,0.65,0.45,-0.2,0.49144924692809583,0.3520794560201466,-0.1393697909079492,0.7535294828005135,0.5347026188857853,-0.21882686391472816,,afecd5ef62c16f8c86bd88d4729a2c29467b632c0fa3661b79e821b103fc135a
sues200,sues200_satellite_to_uav_200m,2,style_entropy_quartile,q4_high,20,False,0.6,0.55,-0.05,0.48925789454951885,0.3712773047853261,-0.1179805897641927,0.6578223008662463,0.5937623181729578,-0.06405998269328847,,8dc289ac56a8dfe42431a2fe6cb1c3f476768cba8648be41caf9456bc8698138
sues200,sues200_satellite_to_uav_200m,2,visual_margin_quartile,q1_low,20,False,0.6,0.55,-0.05,0.5569419899955392,0.4283962265588343,-0.12854576343670487,0.6948095075320453,0.6023644714965485,-0.09244503603549674,,35a36e6fbeadba3902f6a14c68b16ad00c8bbda48203e919b620a9525a30b88e
sues200,sues200_satellite_to_uav_200m,2,visual_margin_quartile,q2_mid_low,20,False,0.6,0.5,-0.1,0.4573738057166338,0.39618152608163654,-0.06119227963499725,0.6809974327683449,0.586207129561808,-0.09479030320653692,,12f01222b758ff2c2dd5283e3837b59030049136204996865f5d2d8074ddcbf6
sues200,sues200_satellite_to_uav_200m,2,visual_margin_quartile,q3_mid_high,20,False,0.65,0.5,-0.15,0.4364342104643583,0.3267291931435466,-0.10970501732081175,0.7192984591238201,0.5580378400627524,-0.1612606190610677,,459df285baf54cb002109902125fe77643eb6809e64a468de0ba3e5edc3f52f9
sues200,sues200_satellite_to_uav_200m,2,visual_margin_quartile,q4_high,20,False,0.8,0.55,-0.25,0.45115642668679357,0.3913935238495469,-0.059762902837246654,0.8752032520249486,0.5989687005989254,-0.27623455142602327,,67968a93abd50b4007169562bd65e7e7773c73312ad18296ae9770df1add43cd
sues200,sues200_satellite_to_uav_200m,2,visual_semantic_top1_identity_agreement,agree,2,False,1.0,1.0,0.0,0.767421305179596,0.6757559180259705,-0.09166538715362549,1.0,1.0,0.0,,42634bf49cf8c92f3fc7ee81fd6df6dee290e10e29362c2326fb4de2551a280c
sues200,sues200_satellite_to_uav_200m,2,visual_semantic_top1_identity_agreement,disagree,78,False,0.6538461538461539,0.5128205128205128,-0.14102564102564102,0.46799084675522185,0.3782371481617865,-0.08975369859343538,0.7359765772946562,0.5757892671077011,-0.16018731018695503,,f36400c8176c2c24678eed806e04ab16600a834a0c05d6ec1831a790b3bf28f8
sues200,sues200_satellite_to_uav_200m,3,content_entropy_quartile,q1_low,20,False,0.6,0.45,-0.15,0.5231848146766425,0.39741612384095787,-0.12576869083568454,0.701744870096445,0.5083791043143719,-0.19336576578207315,,2f807c1c78dcb7496855d2028247a3d59a738f679a762169a2a8b3a9b1d4008d
sues200,sues200_satellite_to_uav_200m,3,content_entropy_quartile,q2_mid_low,20,False,0.55,0.45,-0.1,0.47750903107225895,0.4443391581065953,-0.03316987296566367,0.6922149140387773,0.5383710999973118,-0.15384381404146552,,ed62c6997c3dc6cc179ed95105829034150db9d0556246c8653957bf1f70b633
sues200,sues200_satellite_to_uav_200m,3,content_entropy_quartile,q3_mid_high,20,False,0.7,0.5,-0.2,0.48540462981909516,0.2898480696603656,-0.19555656015872955,0.7664258308010176,0.5503832604619674,-0.21604257033905014,,817d8b1fb7927e9c93e4c1a6eeb7d8a06b668efdf81c326afe474c3c0eda7d07
sues200,sues200_satellite_to_uav_200m,3,content_entropy_quartile,q4_high,20,False,0.65,0.65,0.0,0.5115519553422928,0.39149293564260007,-0.12005901969969272,0.7343925897032022,0.6851130264578387,-0.049279563245363533,,9c9d50dd241a5d3a6a20112af706af25ce2ef173e89a3e6de04353d0e5d6d6d4
sues200,sues200_satellite_to_uav_200m,3,style_entropy_quartile,q1_low,20,False,0.6,0.6,0.0,0.5131001077592373,0.4333165598101914,-0.0797835479490459,0.707083335146308,0.6316815465223045,-0.07540178862400353,,c068075fb4b3f237187691dc4552b47341f17941260221b25c607e39f5ed29bd
sues200,sues200_satellite_to_uav_200m,3,style_entropy_quartile,q2_mid_low,20,False,0.6,0.4,-0.2,0.4062212951481342,0.3380594151094556,-0.06816188003867865,0.6802172373281792,0.502408089954406,-0.17780914737377315,,c5ff12e0cbc2a0d4caaa3dd86b4811839bb2bd87aa639668584b906a41d1ebae
sues200,sues200_satellite_to_uav_200m,3,style_entropy_quartile,q3_mid_high,20,False,0.5,0.55,0.05,0.5209208955988288,0.3317184061743319,-0.18920248942449688,0.6562581200152635,0.6299051830894313,-0.026352936925832182,,afecd5ef62c16f8c86bd88d4729a2c29467b632c0fa3661b79e821b103fc135a
sues200,sues200_satellite_to_uav_200m,3,style_entropy_quartile,q4_high,20,False,0.8,0.5,-0.3,0.5574081324040889,0.42000190615653993,-0.13740622624754906,0.8512195121496916,0.5182516716653481,-0.33296784048434347,,8dc289ac56a8dfe42431a2fe6cb1c3f476768cba8648be41caf9456bc8698138
sues200,sues200_satellite_to_uav_200m,3,visual_margin_quartile,q1_low,20,False,0.7,0.55,-0.15,0.5728343112394214,0.4554767308756709,-0.11735758036375046,0.7939418568275869,0.5864490392967128,-0.20749281753087417,,92e621658348b60c7f3f0896234d4e440b6c21851de9da513e29748746b9cd63
sues200,sues200_satellite_to_uav_200m,3,visual_margin_quartile,q2_mid_low,20,False,0.5,0.6,0.1,0.45842525102198123,0.4238716149702668,-0.03455363605171442,0.6202560503967106,0.652692986256443,0.03243693585973233,,d36279e53d9d491eb61611657c6c97785184cf6c2dceafe23cc9ee9841d8f37c
sues200,sues200_satellite_to_uav_200m,3,visual_margin_quartile,q3_mid_high,20,False,0.7,0.55,-0.15,0.498700987175107,0.34899419751018285,-0.14970678966492415,0.7734649123623967,0.6009798006620258,-0.1724851117003709,,f35e16a785a43f4c043d820c5e32787847b061bac337d6be374319e85788f1e2
sues200,sues200_satellite_to_uav_200m,3,visual_margin_quartile,q4_high,20,False,0.6,0.35,-0.25,0.46768988147377966,0.29475374389439823,-0.17293613757938148,0.7071153850527481,0.4421246650163084,-0.2649907200364396,,fd67b4e56f99bbee7b384cee52ffcfaacf8b544b76647c0a34028d78f655f425
sues200,sues200_satellite_to_uav_200m,3,visual_semantic_top1_identity_agreement,agree,3,False,0.6666666666666666,1.0,0.3333333333333333,0.6252604424953461,0.6193581620852152,-0.005902280410130818,0.7083333333333334,1.0,0.2916666666666667,,d9e9281e4d4e3808bcf75239ce543fdabb0d499aa9430cdbe99c0927c8bf6db1
sues200,sues200_satellite_to_uav_200m,3,visual_semantic_top1_identity_agreement,disagree,77,False,0.6233766233766234,0.4935064935064935,-0.12987012987012986,0.4945094453340227,0.3714785877760355,-0.12303085755798723,0.7242930401660889,0.5538302574627246,-0.17046278270336424,,8e416f12e84688009f9c3d2ba4e7a284df4fbd54734a434b95f667c4efa881b4
sues200,sues200_uav_250m_to_satellite,1,content_entropy_quartile,q1_low,1000,True,0.499,0.336,-0.163,0.5780423395875841,0.43229859735164794,-0.14574374223593622,0.6570846791751683,0.5285971947032958,-0.12848748447187244,4.93715253363e-17,dc2afedb780e09da0572278b13335a09899778c5508a0046beff58cc4f4bb171
sues200,sues200_uav_250m_to_satellite,1,content_entropy_quartile,q2_mid_low,1000,True,0.475,0.345,-0.13,0.5541800694293343,0.42723160823155193,-0.1269484611977823,0.6333601388586685,0.5094632164631039,-0.12389692239556462,2.77732809214e-09,d1196e25a524efd1f2961e4d0314d420d33f83ddb856e461ec6087a5848a6750
sues200,sues200_uav_250m_to_satellite,1,content_entropy_quartile,q3_mid_high,1000,True,0.473,0.382,-0.091,0.5546133738560602,0.4629595055989921,-0.0916538682570681,0.6362267477121204,0.5439190111979842,-0.0923077365141362,0.000482047356214,ebdcf2c21e5585de3d20a382b32d81e228e93b80e20eaa3ffa356a9323f45198
sues200,sues200_uav_250m_to_satellite,1,content_entropy_quartile,q4_high,1000,True,0.477,0.376,-0.101,0.5515741489613428,0.4548791058000643,-0.0966950431612786,0.6261482979226858,0.5337582116001286,-0.09239008632255719,3.80109836856e-05,990a10bed78aea9d2c44ac5e9777d1ba0981b0665fb7f6fd143c3e1b2a9f9f8b
sues200,sues200_uav_250m_to_satellite,1,style_entropy_quartile,q1_low,1000,True,0.523,0.373,-0.15,0.5974676648871973,0.4571876788302325,-0.14027998605696484,0.6719353297743946,0.541375357660465,-0.1305599721139297,1.34143875669e-11,a535b8857dfac5bb1a6ed930d38ecf872d74a4b4edd0622aef693182b21accf7
sues200,sues200_uav_250m_to_satellite,1,style_entropy_quartile,q2_mid_low,1000,True,0.477,0.327,-0.15,0.559300122038927,0.4146520198204089,-0.14464810221851804,0.6416002440778539,0.5023040396408178,-0.13929620443703608,4.60165245305e-14,1c55d8cf58089133d41d3fa5ecf4a5c3489af02e315952788c60e2ba472c143d
sues200,sues200_uav_250m_to_satellite,1,style_entropy_quartile,q3_mid_high,1000,True,0.5,0.346,-0.154,0.573920580512844,0.43169848150527107,-0.142222099007573,0.647841161025688,0.517396963010542,-0.13044419801514595,5.41870892359e-15,395c589dbf9ae876276d6bd2a37b5acdb8b9d4ea7fe868761592f408cd8b870d
sues200,sues200_uav_250m_to_satellite,1,style_entropy_quartile,q4_high,1000,True,0.424,0.393,-0.031,0.5077215643953532,0.47383063682634385,-0.03389092756900936,0.5914431287907064,0.5546612736526877,-0.03678185513801873,1,e1211e7578b9db8a61f78d57f9c0c2ae231b8ffa1ee870c570a237716554534e
sues200,sues200_uav_250m_to_satellite,1,visual_margin_quartile,q1_low,1000,True,0.287,0.28,-0.007,0.40058348509762437,0.37515167929395105,-0.02543180580367334,0.5141669701952487,0.47030335858790207,-0.043863611607346684,1,22f46b3e6969b47cc6f9c43354b42b26fe75d4bd4751f69a2b73c0e0111d088c
sues200,sues200_uav_250m_to_satellite,1,visual_margin_quartile,q2_mid_low,1000,True,0.41,0.282,-0.128,0.4979663742822595,0.3702291288613342,-0.12773724542092532,0.5859327485645189,0.45845825772266835,-0.12747449084185064,1.4979996365e-08,b9bcb4597e5c098770e81740ef5bbf56a6e681d0dac4a9bc87f1f843b200c6f6
sues200,sues200_uav_250m_to_satellite,1,visual_margin_quartile,q3_mid_high,1000,True,0.543,0.371,-0.172,0.6066370719000698,0.4540553838331252,-0.15258168806694447,0.6702741438001394,0.5371107676662504,-0.13316337613388896,1.04158200386e-15,0a02cfe4e713b7fee83218a1f8adf09e474cf68422e613219dcd0b3169ee50bd
sues200,sues200_uav_250m_to_satellite,1,visual_margin_quartile,q4_high,1000,True,0.684,0.506,-0.178,0.733223000554368,0.5779326249938458,-0.15529037556052208,0.7824460011087357,0.6498652499876917,-0.13258075112104417,4.02738573565e-23,a9e86e88dc4d3d2c151b3e60b252d0dddcb2f1ede3ed41d023ee1da972ed90b3
sues200,sues200_uav_250m_to_satellite,1,visual_semantic_top1_identity_agreement,agree,99,False,0.5959595959595959,0.4444444444444444,-0.15151515151515152,0.6560569437352395,0.5242598129605706,-0.13179713077466898,0.7161542915108831,0.6040751814766966,-0.11207911003418643,,dd5c94c76fcd82071c4a456d414f9f1a3a4d129596435e5d40e91166c819c07d
sues200,sues200_uav_250m_to_satellite,1,visual_semantic_top1_identity_agreement,disagree,3901,True,0.4780825429377083,0.3576006152268649,-0.12048192771084337,0.5571546512187985,0.4423140465263163,-0.11484060469248218,0.6362267594998886,0.5270274778257676,-0.10919928167412099,3.84302037996e-33,60eda7e49e40803db2eafb455432eefc2e9667fcce01bfb096ac96d5cfb001ed
sues200,sues200_uav_250m_to_satellite,2,content_entropy_quartile,q1_low,1000,True,0.43,0.36,-0.07,0.5241123471735045,0.4407182558807544,-0.08339409129275009,0.6182246943470091,0.5214365117615088,-0.09678818258550018,0.0216167934938,dc2afedb780e09da0572278b13335a09899778c5508a0046beff58cc4f4bb171
sues200,sues200_uav_250m_to_satellite,2,content_entropy_quartile,q2_mid_low,1000,True,0.458,0.414,-0.044,0.5296156189488247,0.4859572840887122,-0.043658334860112516,0.6012312378976494,0.5579145681774244,-0.043316669720225034,1,d1196e25a524efd1f2961e4d0314d420d33f83ddb856e461ec6087a5848a6750
sues200,sues200_uav_250m_to_satellite,2,content_entropy_quartile,q3_mid_high,1000,True,0.479,0.384,-0.095,0.5505247395886108,0.46719438482867554,-0.08333035475993529,0.6220494791772216,0.5503887696573511,-0.07166070951987058,3.76260043609e-05,ebdcf2c21e5585de3d20a382b32d81e228e93b80e20eaa3ffa356a9323f45198
sues200,sues200_uav_250m_to_satellite,2,content_entropy_quartile,q4_high,1000,True,0.451,0.385,-0.066,0.517690818971023,0.4562320117233321,-0.06145880724769086,0.5843816379420459,0.5274640234466642,-0.05691761449538171,0.0105611248762,990a10bed78aea9d2c44ac5e9777d1ba0981b0665fb7f6fd143c3e1b2a9f9f8b
sues200,sues200_uav_250m_to_satellite,2,style_entropy_quartile,q1_low,1000,True,0.555,0.433,-0.122,0.6157154203928076,0.5014740125406534,-0.11424140785215423,0.6764308407856151,0.5699480250813067,-0.10648281570430845,2.85770560358e-10,a535b8857dfac5bb1a6ed930d38ecf872d74a4b4edd0622aef693182b21accf7
sues200,sues200_uav_250m_to_satellite,2,style_entropy_quartile,q2_mid_low,1000,True,0.422,0.36,-0.062,0.5074942548312247,0.44563002728112044,-0.06186422755010426,0.5929885096624493,0.5312600545622408,-0.061728455100208524,0.0884101840658,1c55d8cf58089133d41d3fa5ecf4a5c3489af02e315952788c60e2ba472c143d
sues200,sues200_uav_250m_to_satellite,2,style_entropy_quartile,q3_mid_high,1000,True,0.389,0.355,-0.034,0.47333381362305954,0.4404226824273355,-0.03291113119572401,0.5576676272461191,0.525845364854671,-0.031822262391448024,1,395c589dbf9ae876276d6bd2a37b5acdb8b9d4ea7fe868761592f408cd8b870d
sues200,sues200_uav_250m_to_satellite,2,style_entropy_quartile,q4_high,1000,True,0.452,0.395,-0.057,0.5254000358348713,0.462575214272365,-0.06282482156250625,0.5988000716697425,0.5301504285447299,-0.06864964312501251,0.18179902223,e1211e7578b9db8a61f78d57f9c0c2ae231b8ffa1ee870c570a237716554534e
sues200,sues200_uav_250m_to_satellite,2,visual_margin_quartile,q1_low,1000,True,0.255,0.286,0.031,0.364997423493769,0.37380721609806644,0.008809792604297399,0.474994846987538,0.46161443219613285,-0.0133804147914052,1,6ae5074f481bcf1743fd9938d651e01c41656fa81a64e7d9a508cb47d9780519
sues200,sues200_uav_250m_to_satellite,2,visual_margin_quartile,q2_mid_low,1000,True,0.352,0.328,-0.024,0.4418916612621397,0.41218213586788627,-0.029709525394253433,0.5317833225242794,0.49636427173577247,-0.035419050788506865,1,297ea3ad3851f8b6d1c40cdd4f50ab98e55afaa21514e240e97b02f1debc10fd
sues200,sues200_uav_250m_to_satellite,2,visual_margin_quartile,q3_mid_high,1000,True,0.497,0.394,-0.103,0.5645582434325479,0.47285976898157966,-0.09169847445096821,0.6321164868650958,0.5517195379631594,-0.08039694890193641,6.46568272809e-06,904c5f72a56673832c48a79ac5245f2a421253b0f17bbe1f26e3ed16f9626890
sues200,sues200_uav_250m_to_satellite,2,visual_margin_quartile,q4_high,1000,True,0.714,0.535,-0.179,0.7504961964935064,0.5912528155739419,-0.15924338091956453,0.7869923929870128,0.6475056311478838,-0.13948676183912903,3.15143642229e-29,054b6fe0d13901fcc15b88bb243b264b0322ce8d4eedf479d12f89bd19c35204
sues200,sues200_uav_250m_to_satellite,2,visual_semantic_top1_identity_agreement,agree,112,True,0.6339285714285714,0.5892857142857143,-0.044642857142857144,0.6945946533066619,0.6418436650502761,-0.052750988256385814,0.7552607351847526,0.6944016158148381,-0.06085911936991449,1,4940fb8bc37964b765e9915925cf118c00fca0cb4e23a4e8df96455e740e551d
sues200,sues200_uav_250m_to_satellite,2,visual_semantic_top1_identity_agreement,disagree,3888,True,0.4493312757201646,0.37988683127572015,-0.06944444444444445,0.5257584679813829,0.4573599398240338,-0.06839852815734916,0.6021856602426012,0.5348330483723474,-0.06735261187025388,9.44098462073e-12,ea0d77d51af70589c0550f45647dffff0b1b6dd478c7796140aebd509585fb66
sues200,sues200_uav_250m_to_satellite,3,content_entropy_quartile,q1_low,1000,True,0.437,0.289,-0.148,0.5237049619979225,0.38220772390021013,-0.1414972380977124,0.610409923995845,0.4754154478004202,-0.1349944761954248,2.35328213723e-16,dc2afedb780e09da0572278b13335a09899778c5508a0046beff58cc4f4bb171
sues200,sues200_uav_250m_to_satellite,3,content_entropy_quartile,q2_mid_low,1000,True,0.496,0.356,-0.14,0.5665301855718717,0.425654894310981,-0.14087529126089066,0.6370603711437434,0.49530978862196207,-0.14175058252178133,2.04295826634e-12,d1196e25a524efd1f2961e4d0314d420d33f83ddb856e461ec6087a5848a6750
sues200,sues200_uav_250m_to_satellite,3,content_entropy_quartile,q3_mid_high,1000,True,0.489,0.386,-0.103,0.5610464630746282,0.45786965850833805,-0.10317680456629023,0.6330929261492565,0.5297393170166761,-0.10335360913258046,5.8454936318e-07,ebdcf2c21e5585de3d20a382b32d81e228e93b80e20eaa3ffa356a9323f45198
sues200,sues200_uav_250m_to_satellite,3,content_entropy_quartile,q4_high,1000,True,0.471,0.39,-0.081,0.5469986715889535,0.45760337298316883,-0.08939529860578477,0.6229973431779071,0.5252067459663377,-0.09779059721156955,0.00421418481565,990a10bed78aea9d2c44ac5e9777d1ba0981b0665fb7f6fd143c3e1b2a9f9f8b
sues200,sues200_uav_250m_to_satellite,3,style_entropy_quartile,q1_low,1000,True,0.522,0.414,-0.108,0.5875622280165553,0.47593241225508975,-0.11162981576146558,0.6531244560331106,0.5378648245101795,-0.11525963152293116,1.99043070683e-07,a535b8857dfac5bb1a6ed930d38ecf872d74a4b4edd0622aef693182b21accf7
sues200,sues200_uav_250m_to_satellite,3,style_entropy_quartile,q2_mid_low,1000,True,0.433,0.323,-0.11,0.5195393593925983,0.4082776233954355,-0.11126173599716276,0.6060787187851966,0.49355524679087104,-0.11252347199432552,5.02297110515e-07,1c55d8cf58089133d41d3fa5ecf4a5c3489af02e315952788c60e2ba472c143d
sues200,sues200_uav_250m_to_satellite,3,style_entropy_quartile,q3_mid_high,1000,True,0.437,0.326,-0.111,0.5198733562398702,0.4070686199995689,-0.11280473624030128,0.6027467124797404,0.48813723999913783,-0.11460947248060256,1.19337539437e-07,395c589dbf9ae876276d6bd2a37b5acdb8b9d4ea7fe868761592f408cd8b870d
sues200,sues200_uav_250m_to_satellite,3,style_entropy_quartile,q4_high,1000,True,0.501,0.358,-0.143,0.5713053385843523,0.43205699405260384,-0.13924834453174845,0.6416106771687046,0.5061139881052077,-0.13549668906349688,1.03368681355e-13,e1211e7578b9db8a61f78d57f9c0c2ae231b8ffa1ee870c570a237716554534e
sues200,sues200_uav_250m_to_satellite,3,visual_margin_quartile,q1_low,1000,True,0.261,0.273,0.012,0.37452614000579343,0.3606490393280983,-0.013877100677695126,0.48805228001158685,0.4482980786561966,-0.03975420135539025,1,516727b87668c01760cc09ae43d4ddb688ddfc97f16944fae5a670735b773d53
sues200,sues200_uav_250m_to_satellite,3,visual_margin_quartile,q2_mid_low,1000,True,0.382,0.295,-0.087,0.4737630186299793,0.3747807879792526,-0.0989822306507267,0.5655260372599586,0.45456157595850527,-0.11096446130145342,0.000701940324483,78daafcb59ed13313c47dba82a5ab4cd5674911482722cefaaa7c5211d17325a
sues200,sues200_uav_250m_to_satellite,3,visual_margin_quartile,q3_mid_high,1000,True,0.523,0.354,-0.169,0.5887583235292696,0.42973552965093403,-0.1590227938783355,0.6545166470585391,0.5054710593018681,-0.149045587756671,4.51088322929e-20,2d0c75ed7be0ee848461cec13bd80acfe75924e1f47d944e1126f70f0cdc0ac5
sues200,sues200_uav_250m_to_satellite,3,visual_margin_quartile,q4_high,1000,True,0.727,0.499,-0.228,0.7612328000683337,0.558170292744413,-0.20306250732392073,0.7954656001366675,0.6173405854888261,-0.17812501464784145,1.38681268685e-41,ecd6097042cd0779a5b0a806c98466d612cc237cc87436e8b76bf81ffdb2bb06
sues200,sues200_uav_250m_to_satellite,3,visual_semantic_top1_identity_agreement,agree,114,True,0.5087719298245614,0.35964912280701755,-0.14912280701754385,0.5865600416110012,0.44533777702599764,-0.14122226458500353,0.6643481533974409,0.5310264312449777,-0.13332172215246318,0.725047467276,7001777a817c10678ae2adb45b23c4a1e0dba42aa78bf6ffd45ad321173ef97a
sues200,sues200_uav_250m_to_satellite,3,visual_semantic_top1_identity_agreement,disagree,3886,True,0.47220792588780236,0.35512094698919194,-0.1170869788986104,0.5484849298738348,0.43040842591912876,-0.11807650395470604,0.6247619338598672,0.5056959048490655,-0.11906602901080168,7.11202560785e-36,cbe7a7e360de4bf9433366e3cef5016adb6bccf14127c50c6cc5517ecb7bb238
sues200,sues200_satellite_to_uav_250m,1,content_entropy_quartile,q1_low,20,False,0.8,0.75,-0.05,0.633432998508215,0.46139334896579387,-0.1720396495424211,0.8390983004122973,0.7716767908714246,-0.06742150954087264,,2f807c1c78dcb7496855d2028247a3d59a738f679a762169a2a8b3a9b1d4008d
sues200,sues200_satellite_to_uav_250m,1,content_entropy_quartile,q2_mid_low,20,False,0.55,0.55,0.0,0.48474487140774725,0.4777049805969,-0.007039890810847283,0.6247971650213003,0.6011701745213941,-0.023626990499906242,,ed62c6997c3dc6cc179ed95105829034150db9d0556246c8653957bf1f70b633
sues200,sues200_satellite_to_uav_250m,1,content_entropy_quartile,q3_mid_high,20,False,0.7,0.5,-0.2,0.5294042478315533,0.3945457779802382,-0.13485846985131503,0.7197160718729719,0.5977688865619711,-0.1219471853110008,,817d8b1fb7927e9c93e4c1a6eeb7d8a06b668efdf81c326afe474c3c0eda7d07
sues200,sues200_satellite_to_uav_250m,1,content_entropy_quartile,q4_high,20,False,0.7,0.6,-0.1,0.4660716550424695,0.42620267402380707,-0.03986898101866245,0.7368053076788783,0.692775486689061,-0.04402982098981738,,9c9d50dd241a5d3a6a20112af706af25ce2ef173e89a3e6de04353d0e5d6d6d4
sues200,sues200_satellite_to_uav_250m,1,style_entropy_quartile,q1_low,20,False,0.7,0.65,-0.05,0.5199852313846349,0.448770378343761,-0.07121485304087401,0.7396230167709291,0.6846716225147247,-0.054951394256204364,,c068075fb4b3f237187691dc4552b47341f17941260221b25c607e39f5ed29bd
sues200,sues200_satellite_to_uav_250m,1,style_entropy_quartile,q2_mid_low,20,False,0.7,0.65,-0.05,0.5120620608329773,0.4838903281837702,-0.028171732649207117,0.7251978457905353,0.7149136573891155,-0.01028418840141967,,c5ff12e0cbc2a0d4caaa3dd86b4811839bb2bd87aa639668584b906a41d1ebae
sues200,sues200_satellite_to_uav_250m,1,style_entropy_quartile,q3_mid_high,20,False,0.55,0.5,-0.05,0.49367574537172915,0.42292940951883795,-0.07074633585289121,0.6064923401456326,0.5940202393336221,-0.012472100812010467,,afecd5ef62c16f8c86bd88d4729a2c29467b632c0fa3661b79e821b103fc135a
sues200,sues200_satellite_to_uav_250m,1,style_entropy_quartile,q4_high,20,False,0.8,0.6,-0.2,0.5879307352006435,0.40425666552037,-0.18367406968027353,0.8491036422783509,0.6697858194063884,-0.17931782287196257,,8dc289ac56a8dfe42431a2fe6cb1c3f476768cba8648be41caf9456bc8698138
sues200,sues200_satellite_to_uav_250m,1,visual_margin_quartile,q1_low,20,False,0.5,0.6,0.1,0.46907925941050055,0.483212202694267,0.014132943283766509,0.5737354620592668,0.6960873570875264,0.1223518950282596,,6c0d191140f2ab48b913a5b918ae0d6d1a8548593fd078d7e5748c8e54498217
sues200,sues200_satellite_to_uav_250m,1,visual_margin_quartile,q2_mid_low,20,False,0.7,0.55,-0.15,0.5190934710204601,0.3973856381140649,-0.1217078329063952,0.7456036559306085,0.5648663134721573,-0.18073734245845116,,65247e57e8c107fdfe0e73045e1560a21c032a36dcac75b4b9fad1ce46df708b
sues200,sues200_satellite_to_uav_250m,1,visual_margin_quartile,q3_mid_high,20,False,0.8,0.65,-0.15,0.6770567025989294,0.5300318021327257,-0.1470249004662037,0.8366883128881455,0.7530878379242495,-0.08360047496389597,,ba64525b215fa26322aeeb18b9b50a947188d245d98e19020dc8970d7c518c58
sues200,sues200_satellite_to_uav_250m,1,visual_margin_quartile,q4_high,20,False,0.75,0.6,-0.15,0.4484243397600949,0.3492171386256814,-0.09920720113441348,0.764389414107427,0.6493498301599174,-0.11503958394750953,,9d00cf27cef2b4a63723ac8d88c6a1a984de54a36816604c050670be7397d9da
sues200,sues200_satellite_to_uav_250m,1,visual_semantic_top1_identity_agreement,agree,4,False,1.0,1.0,0.0,0.8708416372537613,0.8082007467746735,-0.06264089047908783,1.0,1.0,0.0,,018eb04dc58bb1b75708e7adc1274fcdecf700fce5fd7ea896341745eab213e6
sues200,sues200_satellite_to_uav_250m,1,visual_semantic_top1_identity_agreement,disagree,76,False,0.6710526315789473,0.5789473684210527,-0.09210526315789473,0.5103909066682192,0.42058069268731696,-0.08981021398090218,0.7158991697330126,0.6482608785904871,-0.06763829114252555,,65640414f258a5f92ffa4378e003a554417b6b538a37e090563f507e868fb49b
sues200,sues200_satellite_to_uav_250m,2,content_entropy_quartile,q1_low,20,False,0.7,0.7,0.0,0.5304986402392388,0.530509736854583,1.1096615344285965e-05,0.7558612456545234,0.7191867831163108,-0.036674462538212535,,2f807c1c78dcb7496855d2028247a3d59a738f679a762169a2a8b3a9b1d4008d
sues200,sues200_satellite_to_uav_250m,2,content_entropy_quartile,q2_mid_low,20,False,0.65,0.6,-0.05,0.5516102858353407,0.47127425000071527,-0.08033603583462537,0.7185019850032404,0.6648722056299448,-0.053629779373295605,,ed62c6997c3dc6cc179ed95105829034150db9d0556246c8653957bf1f70b633
sues200,sues200_satellite_to_uav_250m,2,content_entropy_quartile,q3_mid_high,20,False,0.65,0.55,-0.1,0.4840551806613803,0.3661465204320848,-0.1179086602292955,0.7023961041122675,0.6092789689777419,-0.0931171351345256,,817d8b1fb7927e9c93e4c1a6eeb7d8a06b668efdf81c326afe474c3c0eda7d07
sues200,sues200_satellite_to_uav_250m,2,content_entropy_quartile,q4_high,20,False,0.65,0.5,-0.15,0.4550104166381061,0.3498614407144487,-0.10514897592365742,0.7379716378403828,0.5692657633451745,-0.16870587449520827,,9c9d50dd241a5d3a6a20112af706af25ce2ef173e89a3e6de04353d0e5d6d6d4
sues200,sues200_satellite_to_uav_250m,2,style_entropy_quartile,q1_low,20,False,0.65,0.6,-0.05,0.5121761791408062,0.4476125942543149,-0.0645635848864913,0.7167063505388797,0.6614998253062367,-0.05520652523264289,,c068075fb4b3f237187691dc4552b47341f17941260221b25c607e39f5ed29bd
sues200,sues200_satellite_to_uav_250m,2,style_entropy_quartile,q2_mid_low,20,False,0.65,0.7,0.05,0.49843160645104945,0.44115106235258283,-0.05728054409846663,0.7326758669922129,0.7054288422805257,-0.027247024711687117,,c5ff12e0cbc2a0d4caaa3dd86b4811839bb2bd87aa639668584b906a41d1ebae
sues200,sues200_satellite_to_uav_250m,2,style_entropy_quartile,q3_mid_high,20,False,0.7,0.45,-0.25,0.5149488344788551,0.3888117041438818,-0.12613713033497334,0.7750062658451498,0.5671794883906841,-0.20782677745446562,,afecd5ef62c16f8c86bd88d4729a2c29467b632c0fa3661b79e821b103fc135a
sues200,sues200_satellite_to_uav_250m,2,style_entropy_quartile,q4_high,20,False,0.65,0.6,-0.05,0.495617903303355,0.4402165872510523,-0.05540131605230272,0.6903424892341719,0.6284955650917254,-0.06184692414244637,,8dc289ac56a8dfe42431a2fe6cb1c3f476768cba8648be41caf9456bc8698138
sues200,sues200_satellite_to_uav_250m,2,visual_margin_quartile,q1_low,20,False,0.55,0.7,0.15,0.48584312982857225,0.49126873463392257,0.0054256048053503035,0.6791666680015623,0.7677492670714855,0.08858259906992316,,ff5e3974428d6e1ae67e8de9bf27c37bf292ec7ebfdeb011f13272092de1af9b
sues200,sues200_satellite_to_uav_250m,2,visual_margin_quartile,q2_mid_low,20,False,0.85,0.7,-0.15,0.6342482067644596,0.5278740219771862,-0.10637418478727341,0.8636984130367636,0.7344020135933533,-0.12929639944341034,,7a766c3f94c6c73bb7e37f707db0760c568265d8aa719da41b8a29eb0ea55831
sues200,sues200_satellite_to_uav_250m,2,visual_margin_quartile,q3_mid_high,20,False,0.6,0.55,-0.05,0.4983255404513329,0.3701476338785142,-0.12817790657281875,0.6657259190455079,0.6086249042884446,-0.05710101475706324,,dd5514eba6ed2b9aefa68387ddaded17a8c771fee2f27aa0368e85dcc103f559
sues200,sues200_satellite_to_uav_250m,2,visual_margin_quartile,q4_high,20,False,0.65,0.4,-0.25,0.40275764632970096,0.32850155751220883,-0.07425608881749213,0.7061399725265801,0.4518275361158885,-0.25431243641069157,,807e44f2573e7cddbc07cae305e05c18384831ba9ac33792e44fc323887af14c
sues200,sues200_satellite_to_uav_250m,2,visual_semantic_top1_identity_agreement,agree,3,False,1.0,1.0,0.0,0.7902166446050009,0.6883418758710226,-0.10187476873397827,1.0,1.0,0.0,,0da7cca90120c2b06a02a7b026e4d29713983e1cef4f2b90fdc92bfaeb438bbc
sues200,sues200_satellite_to_uav_250m,2,visual_semantic_top1_identity_agreement,disagree,77,False,0.6493506493506493,0.5714285714285714,-0.07792207792207792,0.4941927342034586,0.419361212109397,-0.07483152209406162,0.7181119409377699,0.6266503171608239,-0.09146162377694597,,f73d3f0f865609f028c396dd251f5e72b7c77a99f9c4af549ed635f53f425a1d
sues200,sues200_satellite_to_uav_250m,3,content_entropy_quartile,q1_low,20,False,0.65,0.5,-0.15,0.5552254021167755,0.4201765973120928,-0.13504880480468273,0.7209690632298589,0.532466525468044,-0.1885025377618149,,2f807c1c78dcb7496855d2028247a3d59a738f679a762169a2a8b3a9b1d4008d
sues200,sues200_satellite_to_uav_250m,3,content_entropy_quartile,q2_mid_low,20,False,0.65,0.65,0.0,0.5339922338724137,0.511792463157326,-0.022199770715087653,0.748782051447779,0.6799134299275466,-0.0688686215202324,,ed62c6997c3dc6cc179ed95105829034150db9d0556246c8653957bf1f70b633
sues200,sues200_satellite_to_uav_250m,3,content_entropy_quartile,q3_mid_high,20,False,0.75,0.5,-0.25,0.5316302438266576,0.32206256040371956,-0.209567683422938,0.8035132434451953,0.586267709475942,-0.2172455339692533,,817d8b1fb7927e9c93e4c1a6eeb7d8a06b668efdf81c326afe474c3c0eda7d07
sues200,sues200_satellite_to_uav_250m,3,content_entropy_quartile,q4_high,20,False,0.85,0.45,-0.4,0.5200931618921458,0.39789256704971193,-0.12220059484243392,0.8588980467990041,0.5451253799488768,-0.3137726668501273,,9c9d50dd241a5d3a6a20112af706af25ce2ef173e89a3e6de04353d0e5d6d6d4
sues200,sues200_satellite_to_uav_250m,3,style_entropy_quartile,q1_low,20,False,0.65,0.6,-0.05,0.5408889945596457,0.4802547230385244,-0.06063427152112126,0.7325840340927243,0.6438421222846955,-0.08874191180802882,,c068075fb4b3f237187691dc4552b47341f17941260221b25c607e39f5ed29bd
sues200,sues200_satellite_to_uav_250m,3,style_entropy_quartile,q2_mid_low,20,False,0.75,0.5,-0.25,0.454608624894172,0.3738931123167276,-0.08071551257744432,0.8183028183178976,0.5813016631174832,-0.23700115520041437,,c5ff12e0cbc2a0d4caaa3dd86b4811839bb2bd87aa639668584b906a41d1ebae
sues200,sues200_satellite_to_uav_250m,3,style_entropy_quartile,q3_mid_high,20,False,0.75,0.5,-0.25,0.5772269476205111,0.3386880890931934,-0.23853885852731765,0.7781401009298861,0.577242034941446,-0.20089806598844007,,afecd5ef62c16f8c86bd88d4729a2c29467b632c0fa3661b79e821b103fc135a
sues200,sues200_satellite_to_uav_250m,3,style_entropy_quartile,q4_high,20,False,0.75,0.5,-0.25,0.5682164746336639,0.4590882634744048,-0.10912821115925908,0.8031354515813292,0.5413872244767844,-0.26174822710454465,,8dc289ac56a8dfe42431a2fe6cb1c3f476768cba8648be41caf9456bc8698138
sues200,sues200_satellite_to_uav_250m,3,visual_margin_quartile,q1_low,20,False,0.65,0.65,0.0,0.5680461142212152,0.5382807559333742,-0.029765358287841083,0.7510990713723004,0.7442134825512767,-0.006885588821023703,,fa921060a2deeb94f6ee114829224d6bd0ecad6bd72ef76250035bf9841107b5
sues200,sues200_satellite_to_uav_250m,3,visual_margin_quartile,q2_mid_low,20,False,0.65,0.45,-0.2,0.443502576649189,0.34669600483030083,-0.09680657181888819,0.7035811273613944,0.48735857428982854,-0.21622255307156593,,67dae2f165825568f058b29bf67b60b0fe9c5ae94147f1aabc814396b2521769
sues200,sues200_satellite_to_uav_250m,3,visual_margin_quartile,q3_mid_high,20,False,0.8,0.65,-0.15,0.6513198167085648,0.49814148428849875,-0.153178332420066,0.8266885553486645,0.6764131365693175,-0.15027541877934708,,cbe87de48550e6e5cc051162d7ad18b83c5b5284420ed933765ddd8ada7321fa
sues200,sues200_satellite_to_uav_250m,3,visual_margin_quartile,q4_high,20,False,0.8,0.35,-0.45,0.47807253412902356,0.2688059428706765,-0.20926659125834704,0.8507936508394778,0.4357878514099866,-0.4150057994294912,,69cdf66719b2b3cf3be9d2928f563c17403d75b0d9075cd97965d71df44760b4
sues200,sues200_satellite_to_uav_250m,3,visual_semantic_top1_identity_agreement,agree,4,False,1.0,1.0,0.0,0.9490720480680466,0.7178034484386444,-0.23126859962940216,1.0,1.0,0.0,,018eb04dc58bb1b75708e7adc1274fcdecf700fce5fd7ea896341745eab213e6
sues200,sues200_satellite_to_uav_250m,3,visual_semantic_top1_identity_agreement,disagree,76,False,0.7105263157894737,0.5,-0.21052631578947367,0.513454376866943,0.396937762693453,-0.11651661417348996,0.7716216855057466,0.5641508012685288,-0.20747088423721785,,65640414f258a5f92ffa4378e003a554417b6b538a37e090563f507e868fb49b
sues200,sues200_uav_300m_to_satellite,1,content_entropy_quartile,q1_low,1000,True,0.489,0.374,-0.115,0.572115345435217,0.4641811806447804,-0.10793416479043663,0.6552306908704341,0.5543623612895608,-0.10086832958087324,6.8515436001e-08,e625ad5b24ce181a7c81ce5720129762b673406ead063b858afe48d88decf795
sues200,sues200_uav_300m_to_satellite,1,content_entropy_quartile,q2_mid_low,1000,True,0.504,0.359,-0.145,0.5819442071695812,0.44224128567427395,-0.13970292149530725,0.6598884143391625,0.5254825713485479,-0.13440584299061448,1.98345479544e-11,3b201d36dce268694e43b0e4fbdeddbff11cfa5c3315ff3b6cdb2405b5b54236
sues200,sues200_uav_300m_to_satellite,1,content_entropy_quartile,q3_mid_high,1000,True,0.502,0.417,-0.085,0.5829688530070707,0.49805848428653554,-0.08491036872053519,0.6639377060141415,0.579116968573071,-0.08482073744107038,0.0014308689472,3401d4f4332427ee0b6b3ec659beac1bdbebccab5cc46ae6c7f597d6b5161b64
sues200,sues200_uav_300m_to_satellite,1,content_entropy_quartile,q4_high,1000,True,0.492,0.401,-0.091,0.5673416827078909,0.479823780100327,-0.08751790260756388,0.6426833654157817,0.558647560200654,-0.08403580521512777,0.000209270912598,d72ffa84afcb38a9fe941562cd4f410deea39be5dcde54d31e9e284c8bf0de57
sues200,sues200_uav_300m_to_satellite,1,style_entropy_quartile,q1_low,1000,True,0.554,0.439,-0.115,0.6331191419633105,0.5213183571333065,-0.11180078483000398,0.712238283926621,0.6036367142666131,-0.10860156966000796,5.34039096568e-07,e3cc8718aed35bc4c7c953d4bf4184c4094b92edbb3b79f612ea483ef8883ef1
sues200,sues200_uav_300m_to_satellite,1,style_entropy_quartile,q2_mid_low,1000,True,0.519,0.371,-0.148,0.596072242279537,0.4510936369290575,-0.1449786053504795,0.673144484559074,0.531187273858115,-0.14195721070095896,4.04378949528e-14,b9cda780cd2512c1fdf109931ad08d5f99f3ad193aa401c604ec5660cdaf63f5
sues200,sues200_uav_300m_to_satellite,1,style_entropy_quartile,q3_mid_high,1000,True,0.514,0.361,-0.153,0.5866346874921583,0.44480547039210794,-0.1418292171000503,0.6592693749843165,0.5286109407842159,-0.1306584342001006,3.64314703149e-14,2a05c2bcc412177d97e898ab753f3aae686bbdbfbe831b9e95e260077ddf75f0
sues200,sues200_uav_300m_to_satellite,1,style_entropy_quartile,q4_high,1000,True,0.4,0.38,-0.02,0.488544016584754,0.4670872662514448,-0.021456750333309172,0.577088033169508,0.5541745325028896,-0.022913500666618347,1,cbefd22f4842967c9e5d484e051a723abba3985b12063feb3e405d1866a6ce47
sues200,sues200_uav_300m_to_satellite,1,visual_margin_quartile,q1_low,1000,True,0.298,0.298,0.0,0.41053035853337494,0.39200529948435725,-0.018525059049017727,0.52306071706675,0.48601059896871446,-0.037050118098035455,1,2fd8b55ede560d4e9db52ce71657600adf77a432ca100b60d14abcd3d3268903
sues200,sues200_uav_300m_to_satellite,1,visual_margin_quartile,q2_mid_low,1000,True,0.38,0.321,-0.059,0.47763178814714774,0.40859347510105,-0.06903831304609775,0.5752635762942955,0.49618695020209996,-0.07907662609219551,0.274965677687,c869997fe2e6d265c1fd0f23ed786097e087824444519d7336114f6720599b93
sues200,sues200_uav_300m_to_satellite,1,visual_margin_quartile,q3_mid_high,1000,True,0.543,0.387,-0.156,0.6121903740614653,0.4710481476695277,-0.14114222639193758,0.6813807481229305,0.5550962953390554,-0.12628445278387518,5.06067662164e-14,507f40eaf0debbf4045e0bbd0f5b42176990b22f5538e0a4e72e7e204df31c17
sues200,sues200_uav_300m_to_satellite,1,visual_margin_quartile,q4_high,1000,True,0.766,0.545,-0.221,0.8040175675777719,0.6126578084509819,-0.19135975912678987,0.8420351351555437,0.680315616901964,-0.16171951825357975,1.24390080528e-33,7dcb650012bc6734bff83d62bf86455fd1d4a9565773667bf821efc40e2fc4e7
sues200,sues200_uav_300m_to_satellite,1,visual_semantic_top1_identity_agreement,agree,136,True,0.7573529411764706,0.5955882352941176,-0.16176470588235295,0.7971096752170364,0.675251277300584,-0.12185839791645241,0.8368664092576021,0.7549143193070503,-0.08195208995055188,0.038131241221,04ccf62e2523324682a6afc7123752b208869ff7463568ddcc95aa8649e3a2ee
sues200,sues200_uav_300m_to_satellite,1,visual_semantic_top1_identity_agreement,disagree,3864,True,0.48757763975155277,0.3804347826086957,-0.10714285714285714,0.5683134504374334,0.46388989570213185,-0.10442355473530161,0.6490492611233141,0.547345008795568,-0.10170425232774608,2.520224603e-26,4485633a96769c329c2e7545d5acf712c2f1deb1068bc4153469faf777eaf22e
sues200,sues200_uav_300m_to_satellite,2,content_entropy_quartile,q1_low,1000,True,0.454,0.366,-0.088,0.5409942603604868,0.4517926913332194,-0.08920156902726739,0.6279885207209737,0.5375853826664388,-0.09040313805453479,0.000563755380364,e625ad5b24ce181a7c81ce5720129762b673406ead063b858afe48d88decf795
sues200,sues200_uav_300m_to_satellite,2,content_entropy_quartile,q2_mid_low,1000,True,0.447,0.366,-0.081,0.5222290567071177,0.45415591324819254,-0.06807314345892519,0.5974581134142354,0.542311826496385,-0.055146286917850375,0.0031652170421,3b201d36dce268694e43b0e4fbdeddbff11cfa5c3315ff3b6cdb2405b5b54236
sues200,sues200_uav_300m_to_satellite,2,content_entropy_quartile,q3_mid_high,1000,True,0.539,0.382,-0.157,0.6017381719709374,0.46873063167370854,-0.13300754029722883,0.6644763439418748,0.5554612633474171,-0.10901508059445769,6.61527877629e-16,3401d4f4332427ee0b6b3ec659beac1bdbebccab5cc46ae6c7f597d6b5161b64
sues200,sues200_uav_300m_to_satellite,2,content_entropy_quartile,q4_high,1000,True,0.536,0.447,-0.089,0.5945399602870457,0.5130180047731847,-0.08152195551386103,0.6530799205740914,0.5790360095463694,-0.07404391102772206,1.02577001962e-05,d72ffa84afcb38a9fe941562cd4f410deea39be5dcde54d31e9e284c8bf0de57
sues200,sues200_uav_300m_to_satellite,2,style_entropy_quartile,q1_low,1000,True,0.583,0.482,-0.101,0.6494561688126996,0.5562735896361992,-0.09318257917650044,0.7159123376253992,0.6305471792723983,-0.08536515835300088,8.24063075195e-07,e3cc8718aed35bc4c7c953d4bf4184c4094b92edbb3b79f612ea483ef8883ef1
sues200,sues200_uav_300m_to_satellite,2,style_entropy_quartile,q2_mid_low,1000,True,0.496,0.395,-0.101,0.5659750788458623,0.4781403296515346,-0.08783474919432774,0.6359501576917246,0.5612806593030691,-0.07466949838865548,2.07585848181e-06,b9cda780cd2512c1fdf109931ad08d5f99f3ad193aa401c604ec5660cdaf63f5
sues200,sues200_uav_300m_to_satellite,2,style_entropy_quartile,q3_mid_high,1000,True,0.449,0.37,-0.079,0.5214870996028185,0.4531388734015636,-0.06834822620125487,0.593974199205637,0.5362777468031272,-0.05769645240250975,0.00347261899885,2a05c2bcc412177d97e898ab753f3aae686bbdbfbe831b9e95e260077ddf75f0
sues200,sues200_uav_300m_to_satellite,2,style_entropy_quartile,q4_high,1000,True,0.448,0.314,-0.134,0.5225831020642072,0.4001444483390078,-0.1224386537251994,0.5971662041284144,0.4862888966780156,-0.1108773074503988,3.58870103503e-10,cbefd22f4842967c9e5d484e051a723abba3985b12063feb3e405d1866a6ce47
sues200,sues200_uav_300m_to_satellite,2,visual_margin_quartile,q1_low,1000,True,0.282,0.284,0.002,0.3884574441201985,0.3821117066759616,-0.0063457374442368744,0.494914888240397,0.4802234133519232,-0.014691474888473749,1,36e2c06b25d530bed4798ad0b528998d3ca08f518ac8f304fc122ea990f771c2
sues200,sues200_uav_300m_to_satellite,2,visual_margin_quartile,q2_mid_low,1000,True,0.404,0.333,-0.071,0.4874477705368772,0.4206075141732581,-0.06684025636361912,0.5708955410737544,0.5082150283465162,-0.06268051272723824,0.0300276387707,4611041e043f43cb569f8c3a4337d78443fa16a86a0ae93403b91fc2b50e15a4
sues200,sues200_uav_300m_to_satellite,2,visual_margin_quartile,q3_mid_high,1000,True,0.54,0.399,-0.141,0.6004944263556972,0.47635041092149916,-0.12414401543419808,0.6609888527113944,0.5537008218429983,-0.10728803086839617,5.18193575714e-13,a3818aae9f4f6c4eedbf0d8be0ef4525947b21dd9270b26d816dca824bda2508
sues200,sues200_uav_300m_to_satellite,2,visual_margin_quartile,q4_high,1000,True,0.75,0.545,-0.205,0.7831018083128147,0.6086276092575863,-0.17447419905522837,0.8162036166256293,0.6722552185151726,-0.14394839811045676,8.56971638559e-38,7ec9d49a7f291895d44086019d3fabe63e324f8acdeeeaaa87af12b28476701a
sues200,sues200_uav_300m_to_satellite,2,visual_semantic_top1_identity_agreement,agree,163,True,0.6871165644171779,0.6134969325153374,-0.0736196319018405,0.7344444856230467,0.6650465588868122,-0.06939792673623452,0.7817724068289155,0.7165961852582868,-0.06517622157062855,0.1904296875,765c4c1e57c3815cb43fec53890de0693685105096d24be0faafa268fc3892af
sues200,sues200_uav_300m_to_satellite,2,visual_semantic_top1_identity_agreement,disagree,3837,True,0.48579619494396664,0.38076622361219703,-0.10502997133176961,0.5576718785950042,0.4637202637294122,-0.09395161486559193,0.6295475622460417,0.5466743038466274,-0.08287325839941424,8.33595853578e-27,899c6e8128f2fd18de67af429b6ce4819f94f4f6da59d48e65be6582ff40b4b5
sues200,sues200_uav_300m_to_satellite,3,content_entropy_quartile,q1_low,1000,True,0.478,0.332,-0.146,0.5572407607031055,0.41595899666752667,-0.14128176403557882,0.636481521406211,0.4999179933350533,-0.13656352807115762,2.19337110162e-15,e625ad5b24ce181a7c81ce5720129762b673406ead063b858afe48d88decf795
sues200,sues200_uav_300m_to_satellite,3,content_entropy_quartile,q2_mid_low,1000,True,0.478,0.331,-0.147,0.5540257558571174,0.408278636705596,-0.14574711915152147,0.6300515117142349,0.485557273411192,-0.14449423830304295,7.12635801039e-14,3b201d36dce268694e43b0e4fbdeddbff11cfa5c3315ff3b6cdb2405b5b54236
sues200,sues200_uav_300m_to_satellite,3,content_entropy_quartile,q3_mid_high,1000,True,0.527,0.417,-0.11,0.5985780984442681,0.4854512026966549,-0.11312689574761316,0.6701561968885362,0.5539024053933099,-0.11625379149522633,5.02297110515e-07,3401d4f4332427ee0b6b3ec659beac1bdbebccab5cc46ae6c7f597d6b5161b64
sues200,sues200_uav_300m_to_satellite,3,content_entropy_quartile,q4_high,1000,True,0.519,0.42,-0.099,0.5907015464999713,0.4877182995537296,-0.10298324694624171,0.6624030929999426,0.5554365991074592,-0.10696649389248342,1.25760094018e-05,d72ffa84afcb38a9fe941562cd4f410deea39be5dcde54d31e9e284c8bf0de57
sues200,sues200_uav_300m_to_satellite,3,style_entropy_quartile,q1_low,1000,True,0.579,0.453,-0.126,0.6461732978001237,0.5186621591462753,-0.12751113865384833,0.7133465956002474,0.5843243182925507,-0.12902227730769664,1.04037867159e-10,e3cc8718aed35bc4c7c953d4bf4184c4094b92edbb3b79f612ea483ef8883ef1
sues200,sues200_uav_300m_to_satellite,3,style_entropy_quartile,q2_mid_low,1000,True,0.449,0.362,-0.087,0.5300504244761541,0.4382715045316145,-0.09177891994453967,0.6111008489523083,0.5145430090632289,-0.09655783988907933,0.000262906603115,b9cda780cd2512c1fdf109931ad08d5f99f3ad193aa401c604ec5660cdaf63f5
sues200,sues200_uav_300m_to_satellite,3,style_entropy_quartile,q3_mid_high,1000,True,0.459,0.346,-0.113,0.5401533376858569,0.42842500492930413,-0.11172833275655285,0.6213066753717139,0.5108500098586083,-0.11045666551310569,4.53466908071e-08,2a05c2bcc412177d97e898ab753f3aae686bbdbfbe831b9e95e260077ddf75f0
sues200,sues200_uav_300m_to_satellite,3,style_entropy_quartile,q4_high,1000,True,0.515,0.339,-0.176,0.5841691015423276,0.4120484670163132,-0.17212063452601434,0.6533382030846551,0.48509693403262644,-0.16824126905202866,4.69759029095e-19,cbefd22f4842967c9e5d484e051a723abba3985b12063feb3e405d1866a6ce47
sues200,sues200_uav_300m_to_satellite,3,visual_margin_quartile,q1_low,1000,True,0.295,0.291,-0.004,0.4082296004840173,0.37907066552620383,-0.029158934957813472,0.5214592009680346,0.4671413310524076,-0.05431786991562694,1,382aa0324f483616a8a0c07bad6bdd72a394ca9958f006db58096322cbaf8ae3
sues200,sues200_uav_300m_to_satellite,3,visual_margin_quartile,q2_mid_low,1000,True,0.385,0.292,-0.093,0.4749341023764573,0.3711373224151321,-0.10379677996132523,0.5648682047529147,0.45027464483026414,-0.11459355992265045,0.000132343006324,709fdb696bf24a1ac166b196c6763dd83948b94bc9775949f06a5064f8511160
sues200,sues200_uav_300m_to_satellite,3,visual_margin_quartile,q3_mid_high,1000,True,0.541,0.358,-0.183,0.6067723412355408,0.4320823626224883,-0.17468997861305252,0.6725446824710816,0.5061647252449766,-0.16637995722610505,2.62671584658e-24,eea3624b40b85d700031bdf1d57b101f514ee668c07054695e09c3101fc88e7e
sues200,sues200_uav_300m_to_satellite,3,visual_margin_quartile,q4_high,1000,True,0.781,0.559,-0.222,0.810610117408447,0.615116785059683,-0.19549333234876395,0.8402202348168939,0.671233570119366,-0.16898666469752788,7.41745513305e-41,48215fa8c526623ca1a97ead4186bb03531db9e100959e9f63fbfa271138d9b2
sues200,sues200_uav_300m_to_satellite,3,visual_semantic_top1_identity_agreement,agree,151,True,0.7152317880794702,0.6622516556291391,-0.052980132450331126,0.7697409289019392,0.7091554716007401,-0.06058545730119904,0.8242500697244082,0.7560592875723412,-0.06819078215206696,1,fdec8d6e08df2ee6160f37e8a0070e148e8fd6fad8ebbe2509fde2c0d15b38db
sues200,sues200_uav_300m_to_satellite,3,visual_semantic_top1_identity_agreement,disagree,3849,True,0.49207586386074303,0.36373083917900756,-0.1283450246817355,0.5675020216264665,0.43915943346630176,-0.12834258816016475,0.6429281793921899,0.5145880277535959,-0.12834015163859397,1.71994681038e-42,91c48ebabfe259f2a2a5551a5e6df7190e9280e506418b0577f11466af07d1cb
sues200,sues200_satellite_to_uav_300m,1,content_entropy_quartile,q1_low,20,False,0.7,0.6,-0.1,0.625405552983284,0.46503768404945733,-0.16036786893382668,0.7793402785435319,0.6468476033362094,-0.13249267520732247,,2f807c1c78dcb7496855d2028247a3d59a738f679a762169a2a8b3a9b1d4008d
sues200,sues200_satellite_to_uav_300m,1,content_entropy_quartile,q2_mid_low,20,False,0.65,0.65,0.0,0.5228994611650706,0.4935031570494175,-0.029396304115653037,0.7485185191035271,0.7000026516849175,-0.04851586741860956,,ed62c6997c3dc6cc179ed95105829034150db9d0556246c8653957bf1f70b633
sues200,sues200_satellite_to_uav_300m,1,content_entropy_quartile,q3_mid_high,20,False,0.65,0.45,-0.2,0.5131055021192878,0.396909634815529,-0.11619586730375886,0.689741496113129,0.5263764844625257,-0.16336501165060327,,817d8b1fb7927e9c93e4c1a6eeb7d8a06b668efdf81c326afe474c3c0eda7d07
sues200,sues200_satellite_to_uav_300m,1,content_entropy_quartile,q4_high,20,False,0.8,0.7,-0.1,0.5324874304700643,0.45442255353555083,-0.07806487693451344,0.8078144656028599,0.7170743402093649,-0.09074012539349496,,9c9d50dd241a5d3a6a20112af706af25ce2ef173e89a3e6de04353d0e5d6d6d4
sues200,sues200_satellite_to_uav_300m,1,style_entropy_quartile,q1_low,20,False,0.7,0.6,-0.1,0.5642083402723074,0.4898374296724796,-0.07437091059982777,0.7805180192925036,0.6515973936766386,-0.12892062561586498,,c068075fb4b3f237187691dc4552b47341f17941260221b25c607e39f5ed29bd
sues200,sues200_satellite_to_uav_300m,1,style_entropy_quartile,q2_mid_low,20,False,0.65,0.7,0.05,0.5397048456594348,0.5015868956223131,-0.038117950037121776,0.7211434082128108,0.7222241246607155,0.001080716447904706,,c5ff12e0cbc2a0d4caaa3dd86b4811839bb2bd87aa639668584b906a41d1ebae
sues200,sues200_satellite_to_uav_300m,1,style_entropy_quartile,q3_mid_high,20,False,0.65,0.45,-0.2,0.4864346383139491,0.40499028842896223,-0.08144434988498687,0.6889599142130465,0.5460615571355447,-0.1428983570775017,,afecd5ef62c16f8c86bd88d4729a2c29467b632c0fa3661b79e821b103fc135a
sues200,sues200_satellite_to_uav_300m,1,style_entropy_quartile,q4_high,20,False,0.8,0.65,-0.15,0.6035501224920153,0.41345841572619974,-0.1900917067658156,0.834793417644687,0.6704180042201188,-0.16437541342456824,,8dc289ac56a8dfe42431a2fe6cb1c3f476768cba8648be41caf9456bc8698138
sues200,sues200_satellite_to_uav_300m,1,visual_margin_quartile,q1_low,20,False,0.65,0.65,0.0,0.5935028564184904,0.4694008154794574,-0.12410204093903303,0.7258305186405778,0.6923362483968958,-0.03349427024368197,,87d38344f94e6a49eb69b3fe4815fbdfce3265339266ba5d4b7eba9ca45f2d1d
sues200,sues200_satellite_to_uav_300m,1,visual_margin_quartile,q2_mid_low,20,False,0.65,0.5,-0.15,0.4784360732883215,0.41061800797469916,-0.06781806531362236,0.7015351162524894,0.5536915328004397,-0.14784358345204965,,c6d07410757286f4bc4f9c80cb43a98640efc9ff48cdf67cc59a3d7d5bccd19f
sues200,sues200_satellite_to_uav_300m,1,visual_margin_quartile,q3_mid_high,20,False,0.75,0.7,-0.05,0.6023155701812357,0.5230280828662217,-0.079287487315014,0.812638504896313,0.7266714684257749,-0.08596703647053801,,3cb8ab6d4dd12b7c6da037637af64f0659142d64f63c1ceb6fc1a14dfcd637e1
sues200,sues200_satellite_to_uav_300m,1,visual_margin_quartile,q4_high,20,False,0.75,0.55,-0.2,0.5196434468496591,0.40682612312957644,-0.11281732372008264,0.7854106195736676,0.617601830069907,-0.16780878950376063,,a8ff1c3f601c7fec2aa9f2d3c3bed5896c9f46d8acee4a570002cd997d0e9da3
sues200,sues200_satellite_to_uav_300m,1,visual_semantic_top1_identity_agreement,agree,4,False,1.0,0.75,-0.25,0.8823053240776062,0.6243652664124966,-0.25794005766510963,1.0,0.78125,-0.21875,,5759009d1a6e5fa675d42ed529a7cd8a92f40a2955b875cb47ac76188e9e2b2d
sues200,sues200_satellite_to_uav_300m,1,visual_semantic_top1_identity_agreement,disagree,76,False,0.6842105263157895,0.5921052631578947,-0.09210526315789473,0.5309044426111015,0.4434210463598567,-0.08748339625124477,0.743530199832381,0.640539757813952,-0.10299044201842901,,4eb007c7212d93e95d1cf9063ce52a76361740276e566bd8eda7974ac3c81fd9
sues200,sues200_satellite_to_uav_300m,2,content_entropy_quartile,q1_low,20,False,0.75,0.65,-0.1,0.5664920676499605,0.5206936897709966,-0.045798377878963945,0.7799866313114763,0.736190477386117,-0.04379615392535925,,2f807c1c78dcb7496855d2028247a3d59a738f679a762169a2a8b3a9b1d4008d
sues200,sues200_satellite_to_uav_300m,2,content_entropy_quartile,q2_mid_low,20,False,0.7,0.6,-0.1,0.5998508075252176,0.4426068443804979,-0.1572439631447196,0.7716290862765163,0.678234417270869,-0.0933946690056473,,ed62c6997c3dc6cc179ed95105829034150db9d0556246c8653957bf1f70b633
sues200,sues200_satellite_to_uav_300m,2,content_entropy_quartile,q3_mid_high,20,False,0.65,0.55,-0.1,0.5077204670757055,0.40929066827520727,-0.09842979880049825,0.7091012152843177,0.6044973289244808,-0.1046038863598369,,817d8b1fb7927e9c93e4c1a6eeb7d8a06b668efdf81c326afe474c3c0eda7d07
sues200,sues200_satellite_to_uav_300m,2,content_entropy_quartile,q4_high,20,False,0.85,0.5,-0.35,0.5206491293385624,0.3893555582035333,-0.1312935711350292,0.8596555166877806,0.5459948568604887,-0.31366065982729197,,9c9d50dd241a5d3a6a20112af706af25ce2ef173e89a3e6de04353d0e5d6d6d4
sues200,sues200_satellite_to_uav_300m,2,style_entropy_quartile,q1_low,20,False,0.75,0.7,-0.05,0.5957603584975004,0.4722500653937459,-0.12351029310375453,0.7814922341145575,0.7883040937595069,0.006811859644949436,,c068075fb4b3f237187691dc4552b47341f17941260221b25c607e39f5ed29bd
sues200,sues200_satellite_to_uav_300m,2,style_entropy_quartile,q2_mid_low,20,False,0.8,0.55,-0.25,0.5377384440973401,0.42128094504587354,-0.11645749905146659,0.8087735592853278,0.6077938847709448,-0.2009796745143831,,c5ff12e0cbc2a0d4caaa3dd86b4811839bb2bd87aa639668584b906a41d1ebae
sues200,sues200_satellite_to_uav_300m,2,style_entropy_quartile,q3_mid_high,20,False,0.7,0.5,-0.2,0.5333106633275747,0.4227492788806558,-0.11056138444691896,0.7703594772145153,0.5681275890208781,-0.20223188819363713,,afecd5ef62c16f8c86bd88d4729a2c29467b632c0fa3661b79e821b103fc135a
sues200,sues200_satellite_to_uav_300m,2,style_entropy_quartile,q4_high,20,False,0.7,0.55,-0.15,0.5279030056670309,0.4456664713099599,-0.08223653435707093,0.7597471789456904,0.6006915128906257,-0.15905566605506466,,8dc289ac56a8dfe42431a2fe6cb1c3f476768cba8648be41caf9456bc8698138
sues200,sues200_satellite_to_uav_300m,2,visual_margin_quartile,q1_low,20,False,0.75,0.55,-0.2,0.5880987336859107,0.44770994419232013,-0.1403887894935906,0.7806688269134611,0.6374031786690466,-0.14326564824441448,,556f6f2aac878e2cc78fac6d3c24d68582df0becac31e5f7510d1edd23602901
sues200,sues200_satellite_to_uav_300m,2,visual_margin_quartile,q2_mid_low,20,False,0.75,0.6,-0.15,0.565893242135644,0.4528449274599552,-0.11304831467568874,0.8103787884116173,0.6708056492730975,-0.13957313913851976,,010f1debf2c34e8bbd192c69b0e676cad21211921ee9144ff68ece77c192198d
sues200,sues200_satellite_to_uav_300m,2,visual_margin_quartile,q3_mid_high,20,False,0.7,0.6,-0.1,0.5324382157996297,0.4342324068769813,-0.09820580892264844,0.7198414248414338,0.642390519939363,-0.07745090490207077,,2e7b4265c1918dc1b7f446a4731fce6a6e33eb4f690496e3e7e7fb66ac77a837
sues200,sues200_satellite_to_uav_300m,2,visual_margin_quartile,q4_high,20,False,0.75,0.55,-0.2,0.5082822799682617,0.4271594821009785,-0.08112279786728323,0.8094834093935788,0.6143177325604483,-0.1951656768331304,,6409112dc533967f99c20a2b4a656e03497a70fb88ff8252a851fc65dd83cf0f
sues200,sues200_satellite_to_uav_300m,2,visual_semantic_top1_identity_agreement,agree,5,False,1.0,0.8,-0.2,0.7393152564764023,0.7162306427955627,-0.023084613680839538,1.0,0.8285714298486709,-0.17142857015132903,,3f4c8218005d0290cd61e375dc2cad42b527e4c5a5ef7807c92157b5648ed47e
sues200,sues200_satellite_to_uav_300m,2,visual_semantic_top1_identity_agreement,disagree,75,False,0.72,0.56,-0.16,0.5359689753254254,0.42210375998169186,-0.11386521534373363,0.7654326532160243,0.62873979279461,-0.13669286042141418,,2ffad5bb1aca2f55c50dae64803246fbb23f53bafd3e212950d84bc5de981bfb
sues200,sues200_satellite_to_uav_300m,3,content_entropy_quartile,q1_low,20,False,0.7,0.55,-0.15,0.5555311635136604,0.4359258522745222,-0.11960531123913824,0.7666361825540662,0.5782959820120596,-0.18834020054200665,,2f807c1c78dcb7496855d2028247a3d59a738f679a762169a2a8b3a9b1d4008d
sues200,sues200_satellite_to_uav_300m,3,content_entropy_quartile,q2_mid_low,20,False,0.85,0.6,-0.25,0.5809003505855799,0.5462786987423897,-0.034621651843190195,0.8854587157256901,0.6756784767610953,-0.2097802389645949,,ed62c6997c3dc6cc179ed95105829034150db9d0556246c8653957bf1f70b633
sues200,sues200_satellite_to_uav_300m,3,content_entropy_quartile,q3_mid_high,20,False,0.8,0.5,-0.3,0.5310087024234236,0.3563459769822657,-0.17466272544115782,0.811773486819584,0.5928757363231852,-0.21889775049639865,,817d8b1fb7927e9c93e4c1a6eeb7d8a06b668efdf81c326afe474c3c0eda7d07
sues200,sues200_satellite_to_uav_300m,3,content_entropy_quartile,q4_high,20,False,0.75,0.65,-0.1,0.5524059186689556,0.4295755670405924,-0.12283035162836313,0.8057006245478988,0.6593852354213595,-0.14631538912653924,,9c9d50dd241a5d3a6a20112af706af25ce2ef173e89a3e6de04353d0e5d6d6d4
sues200,sues200_satellite_to_uav_300m,3,style_entropy_quartile,q1_low,20,False,0.85,0.65,-0.2,0.5670218154788017,0.5225937420502305,-0.044428073428571226,0.8879411766305566,0.6950484429486096,-0.19289273368194698,,c068075fb4b3f237187691dc4552b47341f17941260221b25c607e39f5ed29bd
sues200,sues200_satellite_to_uav_300m,3,style_entropy_quartile,q2_mid_low,20,False,0.75,0.55,-0.2,0.4750137670896947,0.4024668627418578,-0.07254690434783698,0.7810127088916488,0.5868580229114742,-0.19415468598017468,,c5ff12e0cbc2a0d4caaa3dd86b4811839bb2bd87aa639668584b906a41d1ebae
sues200,sues200_satellite_to_uav_300m,3,style_entropy_quartile,q3_mid_high,20,False,0.75,0.6,-0.15,0.5844176376238466,0.3655688904225826,-0.2188487472012639,0.7772817905060947,0.6855150107294321,-0.09176677977666259,,afecd5ef62c16f8c86bd88d4729a2c29467b632c0fa3661b79e821b103fc135a
sues200,sues200_satellite_to_uav_300m,3,style_entropy_quartile,q4_high,20,False,0.75,0.5,-0.25,0.5933929149992764,0.4774965998250991,-0.11589631517417728,0.8233333336189389,0.5388139539281838,-0.28451937969075514,,8dc289ac56a8dfe42431a2fe6cb1c3f476768cba8648be41caf9456bc8698138
sues200,sues200_satellite_to_uav_300m,3,visual_margin_quartile,q1_low,20,False,0.8,0.45,-0.35,0.58126435354352,0.4491317775566131,-0.1321325759869069,0.8530658839270473,0.5266986454720609,-0.3263672384549864,,2579e67f93fac7dc6433a5b820c5776e713b3e65cd52844749308f044d6d579c
sues200,sues200_satellite_to_uav_300m,3,visual_margin_quartile,q2_mid_low,20,False,0.75,0.6,-0.15,0.5891676584258676,0.4947563983500004,-0.09441126007586717,0.7792284379713237,0.6312389666680247,-0.14798947130329906,,a3ca5b248d233c955c5cb0d84eaa2f61207844c0b2bc674d7b1b13cdcf12d73f
sues200,sues200_satellite_to_uav_300m,3,visual_margin_quartile,q3_mid_high,20,False,0.75,0.65,-0.1,0.5653799667954444,0.42917426507920026,-0.13620570171624422,0.7960138391819782,0.7125732822692953,-0.08344055691268296,,51d8f90aa0329e74941e8c50babde1c71ed5dbb64262b726452c95ee4a3e5f42
sues200,sues200_satellite_to_uav_300m,3,visual_margin_quartile,q4_high,20,False,0.8,0.6,-0.2,0.4840341564267874,0.39506365405395627,-0.0889705023728311,0.8412608485668898,0.6357245361083187,-0.20553631245857104,,7b8a1801afeb49e0cefbdb73c7b0adc76a420870fd8d3a0db78f19caf66cd9cc
sues200,sues200_satellite_to_uav_300m,3,visual_semantic_top1_identity_agreement,agree,5,False,1.0,0.8,-0.2,0.7866867303848266,0.6817978080362082,-0.1048889223486185,1.0,0.8028985507786274,-0.1971014492213726,,04b48e4d9c9669c17e71d00ed4ee4fc24b78daa843e85dd4225149c8e2d7530e
sues200,sues200_satellite_to_uav_300m,3,visual_semantic_top1_identity_agreement,disagree,75,False,0.76,0.56,-0.2,0.5395131873587767,0.42604710480819147,-0.11346608255058527,0.805218402572597,0.6148028780861448,-0.19041552448645235,,6f0d222e456ffea9e03668d7901055df70649e82e4d01aba7e827ab33610dfd8
