dataset,task,seed,variant,queries,bin,count,lower_inclusive,upper_inclusive_only_for_last_bin,accuracy,mean_fixed_normalized_margin_confidence,weighted_absolute_gap,ECE,query_membership_sha256,source_json_sha256
university1652,university1652_drone_to_satellite,1,visual,37855,1,34915,0,0.06666666666666667,0.3408277244737219,0.020407792320228248,0.29553459070503846,0.35992429394527375,d66087cdc8700b60359995c5da4f13341267ec4c6276d7208f71f2f9d8db4371,033b6eaea71b3084ca043902f6ba03b6487bf1762a9180963357103097d172cc
university1652,university1652_drone_to_satellite,1,visual,37855,2,2863,0.06666666666666667,0.13333333333333333,0.9144254278728606,0.08597819458717988,0.06265604091657387,0.35992429394527375,d66087cdc8700b60359995c5da4f13341267ec4c6276d7208f71f2f9d8db4371,033b6eaea71b3084ca043902f6ba03b6487bf1762a9180963357103097d172cc
university1652,university1652_drone_to_satellite,1,visual,37855,3,77,0.13333333333333333,0.2,1,0.1476910745168661,0.0017336623236613737,0.35992429394527375,d66087cdc8700b60359995c5da4f13341267ec4c6276d7208f71f2f9d8db4371,033b6eaea71b3084ca043902f6ba03b6487bf1762a9180963357103097d172cc
university1652,university1652_drone_to_satellite,1,visual,37855,4,0,0.2,0.26666666666666666,null,null,0,0.35992429394527375,d66087cdc8700b60359995c5da4f13341267ec4c6276d7208f71f2f9d8db4371,033b6eaea71b3084ca043902f6ba03b6487bf1762a9180963357103097d172cc
university1652,university1652_drone_to_satellite,1,visual,37855,5,0,0.26666666666666666,0.3333333333333333,null,null,0,0.35992429394527375,d66087cdc8700b60359995c5da4f13341267ec4c6276d7208f71f2f9d8db4371,033b6eaea71b3084ca043902f6ba03b6487bf1762a9180963357103097d172cc
university1652,university1652_drone_to_satellite,1,visual,37855,6,0,0.3333333333333333,0.4,null,null,0,0.35992429394527375,d66087cdc8700b60359995c5da4f13341267ec4c6276d7208f71f2f9d8db4371,033b6eaea71b3084ca043902f6ba03b6487bf1762a9180963357103097d172cc
university1652,university1652_drone_to_satellite,1,visual,37855,7,0,0.4,0.4666666666666667,null,null,0,0.35992429394527375,d66087cdc8700b60359995c5da4f13341267ec4c6276d7208f71f2f9d8db4371,033b6eaea71b3084ca043902f6ba03b6487bf1762a9180963357103097d172cc
university1652,university1652_drone_to_satellite,1,visual,37855,8,0,0.4666666666666667,0.5333333333333333,null,null,0,0.35992429394527375,d66087cdc8700b60359995c5da4f13341267ec4c6276d7208f71f2f9d8db4371,033b6eaea71b3084ca043902f6ba03b6487bf1762a9180963357103097d172cc
university1652,university1652_drone_to_satellite,1,visual,37855,9,0,0.5333333333333333,0.6,null,null,0,0.35992429394527375,d66087cdc8700b60359995c5da4f13341267ec4c6276d7208f71f2f9d8db4371,033b6eaea71b3084ca043902f6ba03b6487bf1762a9180963357103097d172cc
university1652,university1652_drone_to_satellite,1,visual,37855,10,0,0.6,0.6666666666666666,null,null,0,0.35992429394527375,d66087cdc8700b60359995c5da4f13341267ec4c6276d7208f71f2f9d8db4371,033b6eaea71b3084ca043902f6ba03b6487bf1762a9180963357103097d172cc
university1652,university1652_drone_to_satellite,1,visual,37855,11,0,0.6666666666666666,0.7333333333333333,null,null,0,0.35992429394527375,d66087cdc8700b60359995c5da4f13341267ec4c6276d7208f71f2f9d8db4371,033b6eaea71b3084ca043902f6ba03b6487bf1762a9180963357103097d172cc
university1652,university1652_drone_to_satellite,1,visual,37855,12,0,0.7333333333333333,0.8,null,null,0,0.35992429394527375,d66087cdc8700b60359995c5da4f13341267ec4c6276d7208f71f2f9d8db4371,033b6eaea71b3084ca043902f6ba03b6487bf1762a9180963357103097d172cc
university1652,university1652_drone_to_satellite,1,visual,37855,13,0,0.8,0.8666666666666667,null,null,0,0.35992429394527375,d66087cdc8700b60359995c5da4f13341267ec4c6276d7208f71f2f9d8db4371,033b6eaea71b3084ca043902f6ba03b6487bf1762a9180963357103097d172cc
university1652,university1652_drone_to_satellite,1,visual,37855,14,0,0.8666666666666667,0.9333333333333333,null,null,0,0.35992429394527375,d66087cdc8700b60359995c5da4f13341267ec4c6276d7208f71f2f9d8db4371,033b6eaea71b3084ca043902f6ba03b6487bf1762a9180963357103097d172cc
university1652,university1652_drone_to_satellite,1,visual,37855,15,0,0.9333333333333333,1,null,null,0,0.35992429394527375,d66087cdc8700b60359995c5da4f13341267ec4c6276d7208f71f2f9d8db4371,033b6eaea71b3084ca043902f6ba03b6487bf1762a9180963357103097d172cc
university1652,university1652_drone_to_satellite,1,full,37855,1,36150,0,0.06666666666666667,0.29360995850622407,0.018875079442686394,0.2623607417288835,0.2972729606556618,d66087cdc8700b60359995c5da4f13341267ec4c6276d7208f71f2f9d8db4371,033b6eaea71b3084ca043902f6ba03b6487bf1762a9180963357103097d172cc
university1652,university1652_drone_to_satellite,1,full,37855,2,1687,0.06666666666666667,0.13333333333333333,0.8577356253704801,0.08289190773506029,0.03453074499143979,0.2972729606556618,d66087cdc8700b60359995c5da4f13341267ec4c6276d7208f71f2f9d8db4371,033b6eaea71b3084ca043902f6ba03b6487bf1762a9180963357103097d172cc
university1652,university1652_drone_to_satellite,1,full,37855,3,18,0.13333333333333333,0.2,0.9444444444444444,0.142183565431171,0.00038147393533850013,0.2972729606556618,d66087cdc8700b60359995c5da4f13341267ec4c6276d7208f71f2f9d8db4371,033b6eaea71b3084ca043902f6ba03b6487bf1762a9180963357103097d172cc
university1652,university1652_drone_to_satellite,1,full,37855,4,0,0.2,0.26666666666666666,null,null,0,0.2972729606556618,d66087cdc8700b60359995c5da4f13341267ec4c6276d7208f71f2f9d8db4371,033b6eaea71b3084ca043902f6ba03b6487bf1762a9180963357103097d172cc
university1652,university1652_drone_to_satellite,1,full,37855,5,0,0.26666666666666666,0.3333333333333333,null,null,0,0.2972729606556618,d66087cdc8700b60359995c5da4f13341267ec4c6276d7208f71f2f9d8db4371,033b6eaea71b3084ca043902f6ba03b6487bf1762a9180963357103097d172cc
university1652,university1652_drone_to_satellite,1,full,37855,6,0,0.3333333333333333,0.4,null,null,0,0.2972729606556618,d66087cdc8700b60359995c5da4f13341267ec4c6276d7208f71f2f9d8db4371,033b6eaea71b3084ca043902f6ba03b6487bf1762a9180963357103097d172cc
university1652,university1652_drone_to_satellite,1,full,37855,7,0,0.4,0.4666666666666667,null,null,0,0.2972729606556618,d66087cdc8700b60359995c5da4f13341267ec4c6276d7208f71f2f9d8db4371,033b6eaea71b3084ca043902f6ba03b6487bf1762a9180963357103097d172cc
university1652,university1652_drone_to_satellite,1,full,37855,8,0,0.4666666666666667,0.5333333333333333,null,null,0,0.2972729606556618,d66087cdc8700b60359995c5da4f13341267ec4c6276d7208f71f2f9d8db4371,033b6eaea71b3084ca043902f6ba03b6487bf1762a9180963357103097d172cc
university1652,university1652_drone_to_satellite,1,full,37855,9,0,0.5333333333333333,0.6,null,null,0,0.2972729606556618,d66087cdc8700b60359995c5da4f13341267ec4c6276d7208f71f2f9d8db4371,033b6eaea71b3084ca043902f6ba03b6487bf1762a9180963357103097d172cc
university1652,university1652_drone_to_satellite,1,full,37855,10,0,0.6,0.6666666666666666,null,null,0,0.2972729606556618,d66087cdc8700b60359995c5da4f13341267ec4c6276d7208f71f2f9d8db4371,033b6eaea71b3084ca043902f6ba03b6487bf1762a9180963357103097d172cc
university1652,university1652_drone_to_satellite,1,full,37855,11,0,0.6666666666666666,0.7333333333333333,null,null,0,0.2972729606556618,d66087cdc8700b60359995c5da4f13341267ec4c6276d7208f71f2f9d8db4371,033b6eaea71b3084ca043902f6ba03b6487bf1762a9180963357103097d172cc
university1652,university1652_drone_to_satellite,1,full,37855,12,0,0.7333333333333333,0.8,null,null,0,0.2972729606556618,d66087cdc8700b60359995c5da4f13341267ec4c6276d7208f71f2f9d8db4371,033b6eaea71b3084ca043902f6ba03b6487bf1762a9180963357103097d172cc
university1652,university1652_drone_to_satellite,1,full,37855,13,0,0.8,0.8666666666666667,null,null,0,0.2972729606556618,d66087cdc8700b60359995c5da4f13341267ec4c6276d7208f71f2f9d8db4371,033b6eaea71b3084ca043902f6ba03b6487bf1762a9180963357103097d172cc
university1652,university1652_drone_to_satellite,1,full,37855,14,0,0.8666666666666667,0.9333333333333333,null,null,0,0.2972729606556618,d66087cdc8700b60359995c5da4f13341267ec4c6276d7208f71f2f9d8db4371,033b6eaea71b3084ca043902f6ba03b6487bf1762a9180963357103097d172cc
university1652,university1652_drone_to_satellite,1,full,37855,15,0,0.9333333333333333,1,null,null,0,0.2972729606556618,d66087cdc8700b60359995c5da4f13341267ec4c6276d7208f71f2f9d8db4371,033b6eaea71b3084ca043902f6ba03b6487bf1762a9180963357103097d172cc
university1652,university1652_drone_to_satellite,2,visual,37855,1,35133,0,0.06666666666666667,0.32456664674237895,0.01998723929488845,0.28267833369046846,0.34220738658902194,d66087cdc8700b60359995c5da4f13341267ec4c6276d7208f71f2f9d8db4371,033b6eaea71b3084ca043902f6ba03b6487bf1762a9180963357103097d172cc
university1652,university1652_drone_to_satellite,2,visual,37855,2,2658,0.06666666666666667,0.13333333333333333,0.9130925507900677,0.0858812674128803,0.05808288445955789,0.34220738658902194,d66087cdc8700b60359995c5da4f13341267ec4c6276d7208f71f2f9d8db4371,033b6eaea71b3084ca043902f6ba03b6487bf1762a9180963357103097d172cc
university1652,university1652_drone_to_satellite,2,visual,37855,3,64,0.13333333333333333,0.2,1,0.14461396471597254,0.001446168438995582,0.34220738658902194,d66087cdc8700b60359995c5da4f13341267ec4c6276d7208f71f2f9d8db4371,033b6eaea71b3084ca043902f6ba03b6487bf1762a9180963357103097d172cc
university1652,university1652_drone_to_satellite,2,visual,37855,4,0,0.2,0.26666666666666666,null,null,0,0.34220738658902194,d66087cdc8700b60359995c5da4f13341267ec4c6276d7208f71f2f9d8db4371,033b6eaea71b3084ca043902f6ba03b6487bf1762a9180963357103097d172cc
university1652,university1652_drone_to_satellite,2,visual,37855,5,0,0.26666666666666666,0.3333333333333333,null,null,0,0.34220738658902194,d66087cdc8700b60359995c5da4f13341267ec4c6276d7208f71f2f9d8db4371,033b6eaea71b3084ca043902f6ba03b6487bf1762a9180963357103097d172cc
university1652,university1652_drone_to_satellite,2,visual,37855,6,0,0.3333333333333333,0.4,null,null,0,0.34220738658902194,d66087cdc8700b60359995c5da4f13341267ec4c6276d7208f71f2f9d8db4371,033b6eaea71b3084ca043902f6ba03b6487bf1762a9180963357103097d172cc
university1652,university1652_drone_to_satellite,2,visual,37855,7,0,0.4,0.4666666666666667,null,null,0,0.34220738658902194,d66087cdc8700b60359995c5da4f13341267ec4c6276d7208f71f2f9d8db4371,033b6eaea71b3084ca043902f6ba03b6487bf1762a9180963357103097d172cc
university1652,university1652_drone_to_satellite,2,visual,37855,8,0,0.4666666666666667,0.5333333333333333,null,null,0,0.34220738658902194,d66087cdc8700b60359995c5da4f13341267ec4c6276d7208f71f2f9d8db4371,033b6eaea71b3084ca043902f6ba03b6487bf1762a9180963357103097d172cc
university1652,university1652_drone_to_satellite,2,visual,37855,9,0,0.5333333333333333,0.6,null,null,0,0.34220738658902194,d66087cdc8700b60359995c5da4f13341267ec4c6276d7208f71f2f9d8db4371,033b6eaea71b3084ca043902f6ba03b6487bf1762a9180963357103097d172cc
university1652,university1652_drone_to_satellite,2,visual,37855,10,0,0.6,0.6666666666666666,null,null,0,0.34220738658902194,d66087cdc8700b60359995c5da4f13341267ec4c6276d7208f71f2f9d8db4371,033b6eaea71b3084ca043902f6ba03b6487bf1762a9180963357103097d172cc
university1652,university1652_drone_to_satellite,2,visual,37855,11,0,0.6666666666666666,0.7333333333333333,null,null,0,0.34220738658902194,d66087cdc8700b60359995c5da4f13341267ec4c6276d7208f71f2f9d8db4371,033b6eaea71b3084ca043902f6ba03b6487bf1762a9180963357103097d172cc
university1652,university1652_drone_to_satellite,2,visual,37855,12,0,0.7333333333333333,0.8,null,null,0,0.34220738658902194,d66087cdc8700b60359995c5da4f13341267ec4c6276d7208f71f2f9d8db4371,033b6eaea71b3084ca043902f6ba03b6487bf1762a9180963357103097d172cc
university1652,university1652_drone_to_satellite,2,visual,37855,13,0,0.8,0.8666666666666667,null,null,0,0.34220738658902194,d66087cdc8700b60359995c5da4f13341267ec4c6276d7208f71f2f9d8db4371,033b6eaea71b3084ca043902f6ba03b6487bf1762a9180963357103097d172cc
university1652,university1652_drone_to_satellite,2,visual,37855,14,0,0.8666666666666667,0.9333333333333333,null,null,0,0.34220738658902194,d66087cdc8700b60359995c5da4f13341267ec4c6276d7208f71f2f9d8db4371,033b6eaea71b3084ca043902f6ba03b6487bf1762a9180963357103097d172cc
university1652,university1652_drone_to_satellite,2,visual,37855,15,0,0.9333333333333333,1,null,null,0,0.34220738658902194,d66087cdc8700b60359995c5da4f13341267ec4c6276d7208f71f2f9d8db4371,033b6eaea71b3084ca043902f6ba03b6487bf1762a9180963357103097d172cc
university1652,university1652_drone_to_satellite,2,full,37855,1,36181,0,0.06666666666666667,0.30223045244741714,0.01921628470154749,0.27049889322977966,0.30349692004963924,d66087cdc8700b60359995c5da4f13341267ec4c6276d7208f71f2f9d8db4371,033b6eaea71b3084ca043902f6ba03b6487bf1762a9180963357103097d172cc
university1652,university1652_drone_to_satellite,2,full,37855,2,1664,0.06666666666666667,0.13333333333333333,0.8287259615384616,0.08321632640973593,0.0327705199538819,0.30349692004963924,d66087cdc8700b60359995c5da4f13341267ec4c6276d7208f71f2f9d8db4371,033b6eaea71b3084ca043902f6ba03b6487bf1762a9180963357103097d172cc
university1652,university1652_drone_to_satellite,2,full,37855,3,10,0.13333333333333333,0.2,1,0.13877275884151458,0.0002275068659776741,0.30349692004963924,d66087cdc8700b60359995c5da4f13341267ec4c6276d7208f71f2f9d8db4371,033b6eaea71b3084ca043902f6ba03b6487bf1762a9180963357103097d172cc
university1652,university1652_drone_to_satellite,2,full,37855,4,0,0.2,0.26666666666666666,null,null,0,0.30349692004963924,d66087cdc8700b60359995c5da4f13341267ec4c6276d7208f71f2f9d8db4371,033b6eaea71b3084ca043902f6ba03b6487bf1762a9180963357103097d172cc
university1652,university1652_drone_to_satellite,2,full,37855,5,0,0.26666666666666666,0.3333333333333333,null,null,0,0.30349692004963924,d66087cdc8700b60359995c5da4f13341267ec4c6276d7208f71f2f9d8db4371,033b6eaea71b3084ca043902f6ba03b6487bf1762a9180963357103097d172cc
university1652,university1652_drone_to_satellite,2,full,37855,6,0,0.3333333333333333,0.4,null,null,0,0.30349692004963924,d66087cdc8700b60359995c5da4f13341267ec4c6276d7208f71f2f9d8db4371,033b6eaea71b3084ca043902f6ba03b6487bf1762a9180963357103097d172cc
university1652,university1652_drone_to_satellite,2,full,37855,7,0,0.4,0.4666666666666667,null,null,0,0.30349692004963924,d66087cdc8700b60359995c5da4f13341267ec4c6276d7208f71f2f9d8db4371,033b6eaea71b3084ca043902f6ba03b6487bf1762a9180963357103097d172cc
university1652,university1652_drone_to_satellite,2,full,37855,8,0,0.4666666666666667,0.5333333333333333,null,null,0,0.30349692004963924,d66087cdc8700b60359995c5da4f13341267ec4c6276d7208f71f2f9d8db4371,033b6eaea71b3084ca043902f6ba03b6487bf1762a9180963357103097d172cc
university1652,university1652_drone_to_satellite,2,full,37855,9,0,0.5333333333333333,0.6,null,null,0,0.30349692004963924,d66087cdc8700b60359995c5da4f13341267ec4c6276d7208f71f2f9d8db4371,033b6eaea71b3084ca043902f6ba03b6487bf1762a9180963357103097d172cc
university1652,university1652_drone_to_satellite,2,full,37855,10,0,0.6,0.6666666666666666,null,null,0,0.30349692004963924,d66087cdc8700b60359995c5da4f13341267ec4c6276d7208f71f2f9d8db4371,033b6eaea71b3084ca043902f6ba03b6487bf1762a9180963357103097d172cc
university1652,university1652_drone_to_satellite,2,full,37855,11,0,0.6666666666666666,0.7333333333333333,null,null,0,0.30349692004963924,d66087cdc8700b60359995c5da4f13341267ec4c6276d7208f71f2f9d8db4371,033b6eaea71b3084ca043902f6ba03b6487bf1762a9180963357103097d172cc
university1652,university1652_drone_to_satellite,2,full,37855,12,0,0.7333333333333333,0.8,null,null,0,0.30349692004963924,d66087cdc8700b60359995c5da4f13341267ec4c6276d7208f71f2f9d8db4371,033b6eaea71b3084ca043902f6ba03b6487bf1762a9180963357103097d172cc
university1652,university1652_drone_to_satellite,2,full,37855,13,0,0.8,0.8666666666666667,null,null,0,0.30349692004963924,d66087cdc8700b60359995c5da4f13341267ec4c6276d7208f71f2f9d8db4371,033b6eaea71b3084ca043902f6ba03b6487bf1762a9180963357103097d172cc
university1652,university1652_drone_to_satellite,2,full,37855,14,0,0.8666666666666667,0.9333333333333333,null,null,0,0.30349692004963924,d66087cdc8700b60359995c5da4f13341267ec4c6276d7208f71f2f9d8db4371,033b6eaea71b3084ca043902f6ba03b6487bf1762a9180963357103097d172cc
university1652,university1652_drone_to_satellite,2,full,37855,15,0,0.9333333333333333,1,null,null,0,0.30349692004963924,d66087cdc8700b60359995c5da4f13341267ec4c6276d7208f71f2f9d8db4371,033b6eaea71b3084ca043902f6ba03b6487bf1762a9180963357103097d172cc
university1652,university1652_drone_to_satellite,3,visual,37855,1,35139,0,0.06666666666666667,0.34121631235948663,0.01999522737509674,0.29817428887244685,0.35853181508364945,d66087cdc8700b60359995c5da4f13341267ec4c6276d7208f71f2f9d8db4371,033b6eaea71b3084ca043902f6ba03b6487bf1762a9180963357103097d172cc
university1652,university1652_drone_to_satellite,3,visual,37855,2,2661,0.06666666666666667,0.13333333333333333,0.9267192784667418,0.0858112631189962,0.059111246304064224,0.35853181508364945,d66087cdc8700b60359995c5da4f13341267ec4c6276d7208f71f2f9d8db4371,033b6eaea71b3084ca043902f6ba03b6487bf1762a9180963357103097d172cc
university1652,university1652_drone_to_satellite,3,visual,37855,3,55,0.13333333333333333,0.2,1,0.14221952936866067,0.0012462799071383875,0.35853181508364945,d66087cdc8700b60359995c5da4f13341267ec4c6276d7208f71f2f9d8db4371,033b6eaea71b3084ca043902f6ba03b6487bf1762a9180963357103097d172cc
university1652,university1652_drone_to_satellite,3,visual,37855,4,0,0.2,0.26666666666666666,null,null,0,0.35853181508364945,d66087cdc8700b60359995c5da4f13341267ec4c6276d7208f71f2f9d8db4371,033b6eaea71b3084ca043902f6ba03b6487bf1762a9180963357103097d172cc
university1652,university1652_drone_to_satellite,3,visual,37855,5,0,0.26666666666666666,0.3333333333333333,null,null,0,0.35853181508364945,d66087cdc8700b60359995c5da4f13341267ec4c6276d7208f71f2f9d8db4371,033b6eaea71b3084ca043902f6ba03b6487bf1762a9180963357103097d172cc
university1652,university1652_drone_to_satellite,3,visual,37855,6,0,0.3333333333333333,0.4,null,null,0,0.35853181508364945,d66087cdc8700b60359995c5da4f13341267ec4c6276d7208f71f2f9d8db4371,033b6eaea71b3084ca043902f6ba03b6487bf1762a9180963357103097d172cc
university1652,university1652_drone_to_satellite,3,visual,37855,7,0,0.4,0.4666666666666667,null,null,0,0.35853181508364945,d66087cdc8700b60359995c5da4f13341267ec4c6276d7208f71f2f9d8db4371,033b6eaea71b3084ca043902f6ba03b6487bf1762a9180963357103097d172cc
university1652,university1652_drone_to_satellite,3,visual,37855,8,0,0.4666666666666667,0.5333333333333333,null,null,0,0.35853181508364945,d66087cdc8700b60359995c5da4f13341267ec4c6276d7208f71f2f9d8db4371,033b6eaea71b3084ca043902f6ba03b6487bf1762a9180963357103097d172cc
university1652,university1652_drone_to_satellite,3,visual,37855,9,0,0.5333333333333333,0.6,null,null,0,0.35853181508364945,d66087cdc8700b60359995c5da4f13341267ec4c6276d7208f71f2f9d8db4371,033b6eaea71b3084ca043902f6ba03b6487bf1762a9180963357103097d172cc
university1652,university1652_drone_to_satellite,3,visual,37855,10,0,0.6,0.6666666666666666,null,null,0,0.35853181508364945,d66087cdc8700b60359995c5da4f13341267ec4c6276d7208f71f2f9d8db4371,033b6eaea71b3084ca043902f6ba03b6487bf1762a9180963357103097d172cc
university1652,university1652_drone_to_satellite,3,visual,37855,11,0,0.6666666666666666,0.7333333333333333,null,null,0,0.35853181508364945,d66087cdc8700b60359995c5da4f13341267ec4c6276d7208f71f2f9d8db4371,033b6eaea71b3084ca043902f6ba03b6487bf1762a9180963357103097d172cc
university1652,university1652_drone_to_satellite,3,visual,37855,12,0,0.7333333333333333,0.8,null,null,0,0.35853181508364945,d66087cdc8700b60359995c5da4f13341267ec4c6276d7208f71f2f9d8db4371,033b6eaea71b3084ca043902f6ba03b6487bf1762a9180963357103097d172cc
university1652,university1652_drone_to_satellite,3,visual,37855,13,0,0.8,0.8666666666666667,null,null,0,0.35853181508364945,d66087cdc8700b60359995c5da4f13341267ec4c6276d7208f71f2f9d8db4371,033b6eaea71b3084ca043902f6ba03b6487bf1762a9180963357103097d172cc
university1652,university1652_drone_to_satellite,3,visual,37855,14,0,0.8666666666666667,0.9333333333333333,null,null,0,0.35853181508364945,d66087cdc8700b60359995c5da4f13341267ec4c6276d7208f71f2f9d8db4371,033b6eaea71b3084ca043902f6ba03b6487bf1762a9180963357103097d172cc
university1652,university1652_drone_to_satellite,3,visual,37855,15,0,0.9333333333333333,1,null,null,0,0.35853181508364945,d66087cdc8700b60359995c5da4f13341267ec4c6276d7208f71f2f9d8db4371,033b6eaea71b3084ca043902f6ba03b6487bf1762a9180963357103097d172cc
university1652,university1652_drone_to_satellite,3,full,37855,1,36221,0,0.06666666666666667,0.3001021506860661,0.018902731168122338,0.2690615288432028,0.30265891300554937,d66087cdc8700b60359995c5da4f13341267ec4c6276d7208f71f2f9d8db4371,033b6eaea71b3084ca043902f6ba03b6487bf1762a9180963357103097d172cc
university1652,university1652_drone_to_satellite,3,full,37855,2,1601,0.06666666666666667,0.13333333333333333,0.8600874453466584,0.08333250999376224,0.03285126539426725,0.30265891300554937,d66087cdc8700b60359995c5da4f13341267ec4c6276d7208f71f2f9d8db4371,033b6eaea71b3084ca043902f6ba03b6487bf1762a9180963357103097d172cc
university1652,university1652_drone_to_satellite,3,full,37855,3,33,0.13333333333333333,0.2,1,0.1441113343744567,0.0007461187680793272,0.30265891300554937,d66087cdc8700b60359995c5da4f13341267ec4c6276d7208f71f2f9d8db4371,033b6eaea71b3084ca043902f6ba03b6487bf1762a9180963357103097d172cc
university1652,university1652_drone_to_satellite,3,full,37855,4,0,0.2,0.26666666666666666,null,null,0,0.30265891300554937,d66087cdc8700b60359995c5da4f13341267ec4c6276d7208f71f2f9d8db4371,033b6eaea71b3084ca043902f6ba03b6487bf1762a9180963357103097d172cc
university1652,university1652_drone_to_satellite,3,full,37855,5,0,0.26666666666666666,0.3333333333333333,null,null,0,0.30265891300554937,d66087cdc8700b60359995c5da4f13341267ec4c6276d7208f71f2f9d8db4371,033b6eaea71b3084ca043902f6ba03b6487bf1762a9180963357103097d172cc
university1652,university1652_drone_to_satellite,3,full,37855,6,0,0.3333333333333333,0.4,null,null,0,0.30265891300554937,d66087cdc8700b60359995c5da4f13341267ec4c6276d7208f71f2f9d8db4371,033b6eaea71b3084ca043902f6ba03b6487bf1762a9180963357103097d172cc
university1652,university1652_drone_to_satellite,3,full,37855,7,0,0.4,0.4666666666666667,null,null,0,0.30265891300554937,d66087cdc8700b60359995c5da4f13341267ec4c6276d7208f71f2f9d8db4371,033b6eaea71b3084ca043902f6ba03b6487bf1762a9180963357103097d172cc
university1652,university1652_drone_to_satellite,3,full,37855,8,0,0.4666666666666667,0.5333333333333333,null,null,0,0.30265891300554937,d66087cdc8700b60359995c5da4f13341267ec4c6276d7208f71f2f9d8db4371,033b6eaea71b3084ca043902f6ba03b6487bf1762a9180963357103097d172cc
university1652,university1652_drone_to_satellite,3,full,37855,9,0,0.5333333333333333,0.6,null,null,0,0.30265891300554937,d66087cdc8700b60359995c5da4f13341267ec4c6276d7208f71f2f9d8db4371,033b6eaea71b3084ca043902f6ba03b6487bf1762a9180963357103097d172cc
university1652,university1652_drone_to_satellite,3,full,37855,10,0,0.6,0.6666666666666666,null,null,0,0.30265891300554937,d66087cdc8700b60359995c5da4f13341267ec4c6276d7208f71f2f9d8db4371,033b6eaea71b3084ca043902f6ba03b6487bf1762a9180963357103097d172cc
university1652,university1652_drone_to_satellite,3,full,37855,11,0,0.6666666666666666,0.7333333333333333,null,null,0,0.30265891300554937,d66087cdc8700b60359995c5da4f13341267ec4c6276d7208f71f2f9d8db4371,033b6eaea71b3084ca043902f6ba03b6487bf1762a9180963357103097d172cc
university1652,university1652_drone_to_satellite,3,full,37855,12,0,0.7333333333333333,0.8,null,null,0,0.30265891300554937,d66087cdc8700b60359995c5da4f13341267ec4c6276d7208f71f2f9d8db4371,033b6eaea71b3084ca043902f6ba03b6487bf1762a9180963357103097d172cc
university1652,university1652_drone_to_satellite,3,full,37855,13,0,0.8,0.8666666666666667,null,null,0,0.30265891300554937,d66087cdc8700b60359995c5da4f13341267ec4c6276d7208f71f2f9d8db4371,033b6eaea71b3084ca043902f6ba03b6487bf1762a9180963357103097d172cc
university1652,university1652_drone_to_satellite,3,full,37855,14,0,0.8666666666666667,0.9333333333333333,null,null,0,0.30265891300554937,d66087cdc8700b60359995c5da4f13341267ec4c6276d7208f71f2f9d8db4371,033b6eaea71b3084ca043902f6ba03b6487bf1762a9180963357103097d172cc
university1652,university1652_drone_to_satellite,3,full,37855,15,0,0.9333333333333333,1,null,null,0,0.30265891300554937,d66087cdc8700b60359995c5da4f13341267ec4c6276d7208f71f2f9d8db4371,033b6eaea71b3084ca043902f6ba03b6487bf1762a9180963357103097d172cc
university1652,university1652_satellite_to_drone,1,visual,701,1,701,0,0.06666666666666667,0.5649072753209701,0.007638036694574288,0.5572692386263958,0.5572692386263958,e4607da9f50a694dc9277c628d9f1b284533923e32987e687d9348e5bda71d02,033b6eaea71b3084ca043902f6ba03b6487bf1762a9180963357103097d172cc
university1652,university1652_satellite_to_drone,1,visual,701,2,0,0.06666666666666667,0.13333333333333333,null,null,0,0.5572692386263958,e4607da9f50a694dc9277c628d9f1b284533923e32987e687d9348e5bda71d02,033b6eaea71b3084ca043902f6ba03b6487bf1762a9180963357103097d172cc
university1652,university1652_satellite_to_drone,1,visual,701,3,0,0.13333333333333333,0.2,null,null,0,0.5572692386263958,e4607da9f50a694dc9277c628d9f1b284533923e32987e687d9348e5bda71d02,033b6eaea71b3084ca043902f6ba03b6487bf1762a9180963357103097d172cc
university1652,university1652_satellite_to_drone,1,visual,701,4,0,0.2,0.26666666666666666,null,null,0,0.5572692386263958,e4607da9f50a694dc9277c628d9f1b284533923e32987e687d9348e5bda71d02,033b6eaea71b3084ca043902f6ba03b6487bf1762a9180963357103097d172cc
university1652,university1652_satellite_to_drone,1,visual,701,5,0,0.26666666666666666,0.3333333333333333,null,null,0,0.5572692386263958,e4607da9f50a694dc9277c628d9f1b284533923e32987e687d9348e5bda71d02,033b6eaea71b3084ca043902f6ba03b6487bf1762a9180963357103097d172cc
university1652,university1652_satellite_to_drone,1,visual,701,6,0,0.3333333333333333,0.4,null,null,0,0.5572692386263958,e4607da9f50a694dc9277c628d9f1b284533923e32987e687d9348e5bda71d02,033b6eaea71b3084ca043902f6ba03b6487bf1762a9180963357103097d172cc
university1652,university1652_satellite_to_drone,1,visual,701,7,0,0.4,0.4666666666666667,null,null,0,0.5572692386263958,e4607da9f50a694dc9277c628d9f1b284533923e32987e687d9348e5bda71d02,033b6eaea71b3084ca043902f6ba03b6487bf1762a9180963357103097d172cc
university1652,university1652_satellite_to_drone,1,visual,701,8,0,0.4666666666666667,0.5333333333333333,null,null,0,0.5572692386263958,e4607da9f50a694dc9277c628d9f1b284533923e32987e687d9348e5bda71d02,033b6eaea71b3084ca043902f6ba03b6487bf1762a9180963357103097d172cc
university1652,university1652_satellite_to_drone,1,visual,701,9,0,0.5333333333333333,0.6,null,null,0,0.5572692386263958,e4607da9f50a694dc9277c628d9f1b284533923e32987e687d9348e5bda71d02,033b6eaea71b3084ca043902f6ba03b6487bf1762a9180963357103097d172cc
university1652,university1652_satellite_to_drone,1,visual,701,10,0,0.6,0.6666666666666666,null,null,0,0.5572692386263958,e4607da9f50a694dc9277c628d9f1b284533923e32987e687d9348e5bda71d02,033b6eaea71b3084ca043902f6ba03b6487bf1762a9180963357103097d172cc
university1652,university1652_satellite_to_drone,1,visual,701,11,0,0.6666666666666666,0.7333333333333333,null,null,0,0.5572692386263958,e4607da9f50a694dc9277c628d9f1b284533923e32987e687d9348e5bda71d02,033b6eaea71b3084ca043902f6ba03b6487bf1762a9180963357103097d172cc
university1652,university1652_satellite_to_drone,1,visual,701,12,0,0.7333333333333333,0.8,null,null,0,0.5572692386263958,e4607da9f50a694dc9277c628d9f1b284533923e32987e687d9348e5bda71d02,033b6eaea71b3084ca043902f6ba03b6487bf1762a9180963357103097d172cc
university1652,university1652_satellite_to_drone,1,visual,701,13,0,0.8,0.8666666666666667,null,null,0,0.5572692386263958,e4607da9f50a694dc9277c628d9f1b284533923e32987e687d9348e5bda71d02,033b6eaea71b3084ca043902f6ba03b6487bf1762a9180963357103097d172cc
university1652,university1652_satellite_to_drone,1,visual,701,14,0,0.8666666666666667,0.9333333333333333,null,null,0,0.5572692386263958,e4607da9f50a694dc9277c628d9f1b284533923e32987e687d9348e5bda71d02,033b6eaea71b3084ca043902f6ba03b6487bf1762a9180963357103097d172cc
university1652,university1652_satellite_to_drone,1,visual,701,15,0,0.9333333333333333,1,null,null,0,0.5572692386263958,e4607da9f50a694dc9277c628d9f1b284533923e32987e687d9348e5bda71d02,033b6eaea71b3084ca043902f6ba03b6487bf1762a9180963357103097d172cc
university1652,university1652_satellite_to_drone,1,full,701,1,701,0,0.06666666666666667,0.4593437945791726,0.006249432684521532,0.4530943618946511,0.4530943618946511,e4607da9f50a694dc9277c628d9f1b284533923e32987e687d9348e5bda71d02,033b6eaea71b3084ca043902f6ba03b6487bf1762a9180963357103097d172cc
university1652,university1652_satellite_to_drone,1,full,701,2,0,0.06666666666666667,0.13333333333333333,null,null,0,0.4530943618946511,e4607da9f50a694dc9277c628d9f1b284533923e32987e687d9348e5bda71d02,033b6eaea71b3084ca043902f6ba03b6487bf1762a9180963357103097d172cc
university1652,university1652_satellite_to_drone,1,full,701,3,0,0.13333333333333333,0.2,null,null,0,0.4530943618946511,e4607da9f50a694dc9277c628d9f1b284533923e32987e687d9348e5bda71d02,033b6eaea71b3084ca043902f6ba03b6487bf1762a9180963357103097d172cc
university1652,university1652_satellite_to_drone,1,full,701,4,0,0.2,0.26666666666666666,null,null,0,0.4530943618946511,e4607da9f50a694dc9277c628d9f1b284533923e32987e687d9348e5bda71d02,033b6eaea71b3084ca043902f6ba03b6487bf1762a9180963357103097d172cc
university1652,university1652_satellite_to_drone,1,full,701,5,0,0.26666666666666666,0.3333333333333333,null,null,0,0.4530943618946511,e4607da9f50a694dc9277c628d9f1b284533923e32987e687d9348e5bda71d02,033b6eaea71b3084ca043902f6ba03b6487bf1762a9180963357103097d172cc
university1652,university1652_satellite_to_drone,1,full,701,6,0,0.3333333333333333,0.4,null,null,0,0.4530943618946511,e4607da9f50a694dc9277c628d9f1b284533923e32987e687d9348e5bda71d02,033b6eaea71b3084ca043902f6ba03b6487bf1762a9180963357103097d172cc
university1652,university1652_satellite_to_drone,1,full,701,7,0,0.4,0.4666666666666667,null,null,0,0.4530943618946511,e4607da9f50a694dc9277c628d9f1b284533923e32987e687d9348e5bda71d02,033b6eaea71b3084ca043902f6ba03b6487bf1762a9180963357103097d172cc
university1652,university1652_satellite_to_drone,1,full,701,8,0,0.4666666666666667,0.5333333333333333,null,null,0,0.4530943618946511,e4607da9f50a694dc9277c628d9f1b284533923e32987e687d9348e5bda71d02,033b6eaea71b3084ca043902f6ba03b6487bf1762a9180963357103097d172cc
university1652,university1652_satellite_to_drone,1,full,701,9,0,0.5333333333333333,0.6,null,null,0,0.4530943618946511,e4607da9f50a694dc9277c628d9f1b284533923e32987e687d9348e5bda71d02,033b6eaea71b3084ca043902f6ba03b6487bf1762a9180963357103097d172cc
university1652,university1652_satellite_to_drone,1,full,701,10,0,0.6,0.6666666666666666,null,null,0,0.4530943618946511,e4607da9f50a694dc9277c628d9f1b284533923e32987e687d9348e5bda71d02,033b6eaea71b3084ca043902f6ba03b6487bf1762a9180963357103097d172cc
university1652,university1652_satellite_to_drone,1,full,701,11,0,0.6666666666666666,0.7333333333333333,null,null,0,0.4530943618946511,e4607da9f50a694dc9277c628d9f1b284533923e32987e687d9348e5bda71d02,033b6eaea71b3084ca043902f6ba03b6487bf1762a9180963357103097d172cc
university1652,university1652_satellite_to_drone,1,full,701,12,0,0.7333333333333333,0.8,null,null,0,0.4530943618946511,e4607da9f50a694dc9277c628d9f1b284533923e32987e687d9348e5bda71d02,033b6eaea71b3084ca043902f6ba03b6487bf1762a9180963357103097d172cc
university1652,university1652_satellite_to_drone,1,full,701,13,0,0.8,0.8666666666666667,null,null,0,0.4530943618946511,e4607da9f50a694dc9277c628d9f1b284533923e32987e687d9348e5bda71d02,033b6eaea71b3084ca043902f6ba03b6487bf1762a9180963357103097d172cc
university1652,university1652_satellite_to_drone,1,full,701,14,0,0.8666666666666667,0.9333333333333333,null,null,0,0.4530943618946511,e4607da9f50a694dc9277c628d9f1b284533923e32987e687d9348e5bda71d02,033b6eaea71b3084ca043902f6ba03b6487bf1762a9180963357103097d172cc
university1652,university1652_satellite_to_drone,1,full,701,15,0,0.9333333333333333,1,null,null,0,0.4530943618946511,e4607da9f50a694dc9277c628d9f1b284533923e32987e687d9348e5bda71d02,033b6eaea71b3084ca043902f6ba03b6487bf1762a9180963357103097d172cc
university1652,university1652_satellite_to_drone,2,visual,701,1,701,0,0.06666666666666667,0.5035663338088445,0.007424392688291389,0.49614194112055315,0.49614194112055315,e4607da9f50a694dc9277c628d9f1b284533923e32987e687d9348e5bda71d02,033b6eaea71b3084ca043902f6ba03b6487bf1762a9180963357103097d172cc
university1652,university1652_satellite_to_drone,2,visual,701,2,0,0.06666666666666667,0.13333333333333333,null,null,0,0.49614194112055315,e4607da9f50a694dc9277c628d9f1b284533923e32987e687d9348e5bda71d02,033b6eaea71b3084ca043902f6ba03b6487bf1762a9180963357103097d172cc
university1652,university1652_satellite_to_drone,2,visual,701,3,0,0.13333333333333333,0.2,null,null,0,0.49614194112055315,e4607da9f50a694dc9277c628d9f1b284533923e32987e687d9348e5bda71d02,033b6eaea71b3084ca043902f6ba03b6487bf1762a9180963357103097d172cc
university1652,university1652_satellite_to_drone,2,visual,701,4,0,0.2,0.26666666666666666,null,null,0,0.49614194112055315,e4607da9f50a694dc9277c628d9f1b284533923e32987e687d9348e5bda71d02,033b6eaea71b3084ca043902f6ba03b6487bf1762a9180963357103097d172cc
university1652,university1652_satellite_to_drone,2,visual,701,5,0,0.26666666666666666,0.3333333333333333,null,null,0,0.49614194112055315,e4607da9f50a694dc9277c628d9f1b284533923e32987e687d9348e5bda71d02,033b6eaea71b3084ca043902f6ba03b6487bf1762a9180963357103097d172cc
university1652,university1652_satellite_to_drone,2,visual,701,6,0,0.3333333333333333,0.4,null,null,0,0.49614194112055315,e4607da9f50a694dc9277c628d9f1b284533923e32987e687d9348e5bda71d02,033b6eaea71b3084ca043902f6ba03b6487bf1762a9180963357103097d172cc
university1652,university1652_satellite_to_drone,2,visual,701,7,0,0.4,0.4666666666666667,null,null,0,0.49614194112055315,e4607da9f50a694dc9277c628d9f1b284533923e32987e687d9348e5bda71d02,033b6eaea71b3084ca043902f6ba03b6487bf1762a9180963357103097d172cc
university1652,university1652_satellite_to_drone,2,visual,701,8,0,0.4666666666666667,0.5333333333333333,null,null,0,0.49614194112055315,e4607da9f50a694dc9277c628d9f1b284533923e32987e687d9348e5bda71d02,033b6eaea71b3084ca043902f6ba03b6487bf1762a9180963357103097d172cc
university1652,university1652_satellite_to_drone,2,visual,701,9,0,0.5333333333333333,0.6,null,null,0,0.49614194112055315,e4607da9f50a694dc9277c628d9f1b284533923e32987e687d9348e5bda71d02,033b6eaea71b3084ca043902f6ba03b6487bf1762a9180963357103097d172cc
university1652,university1652_satellite_to_drone,2,visual,701,10,0,0.6,0.6666666666666666,null,null,0,0.49614194112055315,e4607da9f50a694dc9277c628d9f1b284533923e32987e687d9348e5bda71d02,033b6eaea71b3084ca043902f6ba03b6487bf1762a9180963357103097d172cc
university1652,university1652_satellite_to_drone,2,visual,701,11,0,0.6666666666666666,0.7333333333333333,null,null,0,0.49614194112055315,e4607da9f50a694dc9277c628d9f1b284533923e32987e687d9348e5bda71d02,033b6eaea71b3084ca043902f6ba03b6487bf1762a9180963357103097d172cc
university1652,university1652_satellite_to_drone,2,visual,701,12,0,0.7333333333333333,0.8,null,null,0,0.49614194112055315,e4607da9f50a694dc9277c628d9f1b284533923e32987e687d9348e5bda71d02,033b6eaea71b3084ca043902f6ba03b6487bf1762a9180963357103097d172cc
university1652,university1652_satellite_to_drone,2,visual,701,13,0,0.8,0.8666666666666667,null,null,0,0.49614194112055315,e4607da9f50a694dc9277c628d9f1b284533923e32987e687d9348e5bda71d02,033b6eaea71b3084ca043902f6ba03b6487bf1762a9180963357103097d172cc
university1652,university1652_satellite_to_drone,2,visual,701,14,0,0.8666666666666667,0.9333333333333333,null,null,0,0.49614194112055315,e4607da9f50a694dc9277c628d9f1b284533923e32987e687d9348e5bda71d02,033b6eaea71b3084ca043902f6ba03b6487bf1762a9180963357103097d172cc
university1652,university1652_satellite_to_drone,2,visual,701,15,0,0.9333333333333333,1,null,null,0,0.49614194112055315,e4607da9f50a694dc9277c628d9f1b284533923e32987e687d9348e5bda71d02,033b6eaea71b3084ca043902f6ba03b6487bf1762a9180963357103097d172cc
university1652,university1652_satellite_to_drone,2,full,701,1,701,0,0.06666666666666667,0.43081312410841655,0.006695618813116098,0.42411750529530046,0.42411750529530046,e4607da9f50a694dc9277c628d9f1b284533923e32987e687d9348e5bda71d02,033b6eaea71b3084ca043902f6ba03b6487bf1762a9180963357103097d172cc
university1652,university1652_satellite_to_drone,2,full,701,2,0,0.06666666666666667,0.13333333333333333,null,null,0,0.42411750529530046,e4607da9f50a694dc9277c628d9f1b284533923e32987e687d9348e5bda71d02,033b6eaea71b3084ca043902f6ba03b6487bf1762a9180963357103097d172cc
university1652,university1652_satellite_to_drone,2,full,701,3,0,0.13333333333333333,0.2,null,null,0,0.42411750529530046,e4607da9f50a694dc9277c628d9f1b284533923e32987e687d9348e5bda71d02,033b6eaea71b3084ca043902f6ba03b6487bf1762a9180963357103097d172cc
university1652,university1652_satellite_to_drone,2,full,701,4,0,0.2,0.26666666666666666,null,null,0,0.42411750529530046,e4607da9f50a694dc9277c628d9f1b284533923e32987e687d9348e5bda71d02,033b6eaea71b3084ca043902f6ba03b6487bf1762a9180963357103097d172cc
university1652,university1652_satellite_to_drone,2,full,701,5,0,0.26666666666666666,0.3333333333333333,null,null,0,0.42411750529530046,e4607da9f50a694dc9277c628d9f1b284533923e32987e687d9348e5bda71d02,033b6eaea71b3084ca043902f6ba03b6487bf1762a9180963357103097d172cc
university1652,university1652_satellite_to_drone,2,full,701,6,0,0.3333333333333333,0.4,null,null,0,0.42411750529530046,e4607da9f50a694dc9277c628d9f1b284533923e32987e687d9348e5bda71d02,033b6eaea71b3084ca043902f6ba03b6487bf1762a9180963357103097d172cc
university1652,university1652_satellite_to_drone,2,full,701,7,0,0.4,0.4666666666666667,null,null,0,0.42411750529530046,e4607da9f50a694dc9277c628d9f1b284533923e32987e687d9348e5bda71d02,033b6eaea71b3084ca043902f6ba03b6487bf1762a9180963357103097d172cc
university1652,university1652_satellite_to_drone,2,full,701,8,0,0.4666666666666667,0.5333333333333333,null,null,0,0.42411750529530046,e4607da9f50a694dc9277c628d9f1b284533923e32987e687d9348e5bda71d02,033b6eaea71b3084ca043902f6ba03b6487bf1762a9180963357103097d172cc
university1652,university1652_satellite_to_drone,2,full,701,9,0,0.5333333333333333,0.6,null,null,0,0.42411750529530046,e4607da9f50a694dc9277c628d9f1b284533923e32987e687d9348e5bda71d02,033b6eaea71b3084ca043902f6ba03b6487bf1762a9180963357103097d172cc
university1652,university1652_satellite_to_drone,2,full,701,10,0,0.6,0.6666666666666666,null,null,0,0.42411750529530046,e4607da9f50a694dc9277c628d9f1b284533923e32987e687d9348e5bda71d02,033b6eaea71b3084ca043902f6ba03b6487bf1762a9180963357103097d172cc
university1652,university1652_satellite_to_drone,2,full,701,11,0,0.6666666666666666,0.7333333333333333,null,null,0,0.42411750529530046,e4607da9f50a694dc9277c628d9f1b284533923e32987e687d9348e5bda71d02,033b6eaea71b3084ca043902f6ba03b6487bf1762a9180963357103097d172cc
university1652,university1652_satellite_to_drone,2,full,701,12,0,0.7333333333333333,0.8,null,null,0,0.42411750529530046,e4607da9f50a694dc9277c628d9f1b284533923e32987e687d9348e5bda71d02,033b6eaea71b3084ca043902f6ba03b6487bf1762a9180963357103097d172cc
university1652,university1652_satellite_to_drone,2,full,701,13,0,0.8,0.8666666666666667,null,null,0,0.42411750529530046,e4607da9f50a694dc9277c628d9f1b284533923e32987e687d9348e5bda71d02,033b6eaea71b3084ca043902f6ba03b6487bf1762a9180963357103097d172cc
university1652,university1652_satellite_to_drone,2,full,701,14,0,0.8666666666666667,0.9333333333333333,null,null,0,0.42411750529530046,e4607da9f50a694dc9277c628d9f1b284533923e32987e687d9348e5bda71d02,033b6eaea71b3084ca043902f6ba03b6487bf1762a9180963357103097d172cc
university1652,university1652_satellite_to_drone,2,full,701,15,0,0.9333333333333333,1,null,null,0,0.42411750529530046,e4607da9f50a694dc9277c628d9f1b284533923e32987e687d9348e5bda71d02,033b6eaea71b3084ca043902f6ba03b6487bf1762a9180963357103097d172cc
university1652,university1652_satellite_to_drone,3,visual,701,1,701,0,0.06666666666666667,0.5606276747503567,0.006822763980710388,0.5538049107696463,0.5538049107696463,e4607da9f50a694dc9277c628d9f1b284533923e32987e687d9348e5bda71d02,033b6eaea71b3084ca043902f6ba03b6487bf1762a9180963357103097d172cc
university1652,university1652_satellite_to_drone,3,visual,701,2,0,0.06666666666666667,0.13333333333333333,null,null,0,0.5538049107696463,e4607da9f50a694dc9277c628d9f1b284533923e32987e687d9348e5bda71d02,033b6eaea71b3084ca043902f6ba03b6487bf1762a9180963357103097d172cc
university1652,university1652_satellite_to_drone,3,visual,701,3,0,0.13333333333333333,0.2,null,null,0,0.5538049107696463,e4607da9f50a694dc9277c628d9f1b284533923e32987e687d9348e5bda71d02,033b6eaea71b3084ca043902f6ba03b6487bf1762a9180963357103097d172cc
university1652,university1652_satellite_to_drone,3,visual,701,4,0,0.2,0.26666666666666666,null,null,0,0.5538049107696463,e4607da9f50a694dc9277c628d9f1b284533923e32987e687d9348e5bda71d02,033b6eaea71b3084ca043902f6ba03b6487bf1762a9180963357103097d172cc
university1652,university1652_satellite_to_drone,3,visual,701,5,0,0.26666666666666666,0.3333333333333333,null,null,0,0.5538049107696463,e4607da9f50a694dc9277c628d9f1b284533923e32987e687d9348e5bda71d02,033b6eaea71b3084ca043902f6ba03b6487bf1762a9180963357103097d172cc
university1652,university1652_satellite_to_drone,3,visual,701,6,0,0.3333333333333333,0.4,null,null,0,0.5538049107696463,e4607da9f50a694dc9277c628d9f1b284533923e32987e687d9348e5bda71d02,033b6eaea71b3084ca043902f6ba03b6487bf1762a9180963357103097d172cc
university1652,university1652_satellite_to_drone,3,visual,701,7,0,0.4,0.4666666666666667,null,null,0,0.5538049107696463,e4607da9f50a694dc9277c628d9f1b284533923e32987e687d9348e5bda71d02,033b6eaea71b3084ca043902f6ba03b6487bf1762a9180963357103097d172cc
university1652,university1652_satellite_to_drone,3,visual,701,8,0,0.4666666666666667,0.5333333333333333,null,null,0,0.5538049107696463,e4607da9f50a694dc9277c628d9f1b284533923e32987e687d9348e5bda71d02,033b6eaea71b3084ca043902f6ba03b6487bf1762a9180963357103097d172cc
university1652,university1652_satellite_to_drone,3,visual,701,9,0,0.5333333333333333,0.6,null,null,0,0.5538049107696463,e4607da9f50a694dc9277c628d9f1b284533923e32987e687d9348e5bda71d02,033b6eaea71b3084ca043902f6ba03b6487bf1762a9180963357103097d172cc
university1652,university1652_satellite_to_drone,3,visual,701,10,0,0.6,0.6666666666666666,null,null,0,0.5538049107696463,e4607da9f50a694dc9277c628d9f1b284533923e32987e687d9348e5bda71d02,033b6eaea71b3084ca043902f6ba03b6487bf1762a9180963357103097d172cc
university1652,university1652_satellite_to_drone,3,visual,701,11,0,0.6666666666666666,0.7333333333333333,null,null,0,0.5538049107696463,e4607da9f50a694dc9277c628d9f1b284533923e32987e687d9348e5bda71d02,033b6eaea71b3084ca043902f6ba03b6487bf1762a9180963357103097d172cc
university1652,university1652_satellite_to_drone,3,visual,701,12,0,0.7333333333333333,0.8,null,null,0,0.5538049107696463,e4607da9f50a694dc9277c628d9f1b284533923e32987e687d9348e5bda71d02,033b6eaea71b3084ca043902f6ba03b6487bf1762a9180963357103097d172cc
university1652,university1652_satellite_to_drone,3,visual,701,13,0,0.8,0.8666666666666667,null,null,0,0.5538049107696463,e4607da9f50a694dc9277c628d9f1b284533923e32987e687d9348e5bda71d02,033b6eaea71b3084ca043902f6ba03b6487bf1762a9180963357103097d172cc
university1652,university1652_satellite_to_drone,3,visual,701,14,0,0.8666666666666667,0.9333333333333333,null,null,0,0.5538049107696463,e4607da9f50a694dc9277c628d9f1b284533923e32987e687d9348e5bda71d02,033b6eaea71b3084ca043902f6ba03b6487bf1762a9180963357103097d172cc
university1652,university1652_satellite_to_drone,3,visual,701,15,0,0.9333333333333333,1,null,null,0,0.5538049107696463,e4607da9f50a694dc9277c628d9f1b284533923e32987e687d9348e5bda71d02,033b6eaea71b3084ca043902f6ba03b6487bf1762a9180963357103097d172cc
university1652,university1652_satellite_to_drone,3,full,701,1,701,0,0.06666666666666667,0.43509272467902993,0.006617130932216127,0.4284755937468138,0.4284755937468138,e4607da9f50a694dc9277c628d9f1b284533923e32987e687d9348e5bda71d02,033b6eaea71b3084ca043902f6ba03b6487bf1762a9180963357103097d172cc
university1652,university1652_satellite_to_drone,3,full,701,2,0,0.06666666666666667,0.13333333333333333,null,null,0,0.4284755937468138,e4607da9f50a694dc9277c628d9f1b284533923e32987e687d9348e5bda71d02,033b6eaea71b3084ca043902f6ba03b6487bf1762a9180963357103097d172cc
university1652,university1652_satellite_to_drone,3,full,701,3,0,0.13333333333333333,0.2,null,null,0,0.4284755937468138,e4607da9f50a694dc9277c628d9f1b284533923e32987e687d9348e5bda71d02,033b6eaea71b3084ca043902f6ba03b6487bf1762a9180963357103097d172cc
university1652,university1652_satellite_to_drone,3,full,701,4,0,0.2,0.26666666666666666,null,null,0,0.4284755937468138,e4607da9f50a694dc9277c628d9f1b284533923e32987e687d9348e5bda71d02,033b6eaea71b3084ca043902f6ba03b6487bf1762a9180963357103097d172cc
university1652,university1652_satellite_to_drone,3,full,701,5,0,0.26666666666666666,0.3333333333333333,null,null,0,0.4284755937468138,e4607da9f50a694dc9277c628d9f1b284533923e32987e687d9348e5bda71d02,033b6eaea71b3084ca043902f6ba03b6487bf1762a9180963357103097d172cc
university1652,university1652_satellite_to_drone,3,full,701,6,0,0.3333333333333333,0.4,null,null,0,0.4284755937468138,e4607da9f50a694dc9277c628d9f1b284533923e32987e687d9348e5bda71d02,033b6eaea71b3084ca043902f6ba03b6487bf1762a9180963357103097d172cc
university1652,university1652_satellite_to_drone,3,full,701,7,0,0.4,0.4666666666666667,null,null,0,0.4284755937468138,e4607da9f50a694dc9277c628d9f1b284533923e32987e687d9348e5bda71d02,033b6eaea71b3084ca043902f6ba03b6487bf1762a9180963357103097d172cc
university1652,university1652_satellite_to_drone,3,full,701,8,0,0.4666666666666667,0.5333333333333333,null,null,0,0.4284755937468138,e4607da9f50a694dc9277c628d9f1b284533923e32987e687d9348e5bda71d02,033b6eaea71b3084ca043902f6ba03b6487bf1762a9180963357103097d172cc
university1652,university1652_satellite_to_drone,3,full,701,9,0,0.5333333333333333,0.6,null,null,0,0.4284755937468138,e4607da9f50a694dc9277c628d9f1b284533923e32987e687d9348e5bda71d02,033b6eaea71b3084ca043902f6ba03b6487bf1762a9180963357103097d172cc
university1652,university1652_satellite_to_drone,3,full,701,10,0,0.6,0.6666666666666666,null,null,0,0.4284755937468138,e4607da9f50a694dc9277c628d9f1b284533923e32987e687d9348e5bda71d02,033b6eaea71b3084ca043902f6ba03b6487bf1762a9180963357103097d172cc
university1652,university1652_satellite_to_drone,3,full,701,11,0,0.6666666666666666,0.7333333333333333,null,null,0,0.4284755937468138,e4607da9f50a694dc9277c628d9f1b284533923e32987e687d9348e5bda71d02,033b6eaea71b3084ca043902f6ba03b6487bf1762a9180963357103097d172cc
university1652,university1652_satellite_to_drone,3,full,701,12,0,0.7333333333333333,0.8,null,null,0,0.4284755937468138,e4607da9f50a694dc9277c628d9f1b284533923e32987e687d9348e5bda71d02,033b6eaea71b3084ca043902f6ba03b6487bf1762a9180963357103097d172cc
university1652,university1652_satellite_to_drone,3,full,701,13,0,0.8,0.8666666666666667,null,null,0,0.4284755937468138,e4607da9f50a694dc9277c628d9f1b284533923e32987e687d9348e5bda71d02,033b6eaea71b3084ca043902f6ba03b6487bf1762a9180963357103097d172cc
university1652,university1652_satellite_to_drone,3,full,701,14,0,0.8666666666666667,0.9333333333333333,null,null,0,0.4284755937468138,e4607da9f50a694dc9277c628d9f1b284533923e32987e687d9348e5bda71d02,033b6eaea71b3084ca043902f6ba03b6487bf1762a9180963357103097d172cc
university1652,university1652_satellite_to_drone,3,full,701,15,0,0.9333333333333333,1,null,null,0,0.4284755937468138,e4607da9f50a694dc9277c628d9f1b284533923e32987e687d9348e5bda71d02,033b6eaea71b3084ca043902f6ba03b6487bf1762a9180963357103097d172cc
university1652,university1652_street_to_satellite,1,visual,2579,1,2545,0,0.06666666666666667,0.00550098231827112,0.015647478796878358,0.010012731112080427,0.011024212429300673,7a9c2d19c8e46fbd0315d8a22ee640fd64cd987a66fa4e28b9ab005c8e51fc17,033b6eaea71b3084ca043902f6ba03b6487bf1762a9180963357103097d172cc
university1652,university1652_street_to_satellite,1,visual,2579,2,34,0.06666666666666667,0.13333333333333333,0,0.07672383285620633,0.0010114813172202464,0.011024212429300673,7a9c2d19c8e46fbd0315d8a22ee640fd64cd987a66fa4e28b9ab005c8e51fc17,033b6eaea71b3084ca043902f6ba03b6487bf1762a9180963357103097d172cc
university1652,university1652_street_to_satellite,1,visual,2579,3,0,0.13333333333333333,0.2,null,null,0,0.011024212429300673,7a9c2d19c8e46fbd0315d8a22ee640fd64cd987a66fa4e28b9ab005c8e51fc17,033b6eaea71b3084ca043902f6ba03b6487bf1762a9180963357103097d172cc
university1652,university1652_street_to_satellite,1,visual,2579,4,0,0.2,0.26666666666666666,null,null,0,0.011024212429300673,7a9c2d19c8e46fbd0315d8a22ee640fd64cd987a66fa4e28b9ab005c8e51fc17,033b6eaea71b3084ca043902f6ba03b6487bf1762a9180963357103097d172cc
university1652,university1652_street_to_satellite,1,visual,2579,5,0,0.26666666666666666,0.3333333333333333,null,null,0,0.011024212429300673,7a9c2d19c8e46fbd0315d8a22ee640fd64cd987a66fa4e28b9ab005c8e51fc17,033b6eaea71b3084ca043902f6ba03b6487bf1762a9180963357103097d172cc
university1652,university1652_street_to_satellite,1,visual,2579,6,0,0.3333333333333333,0.4,null,null,0,0.011024212429300673,7a9c2d19c8e46fbd0315d8a22ee640fd64cd987a66fa4e28b9ab005c8e51fc17,033b6eaea71b3084ca043902f6ba03b6487bf1762a9180963357103097d172cc
university1652,university1652_street_to_satellite,1,visual,2579,7,0,0.4,0.4666666666666667,null,null,0,0.011024212429300673,7a9c2d19c8e46fbd0315d8a22ee640fd64cd987a66fa4e28b9ab005c8e51fc17,033b6eaea71b3084ca043902f6ba03b6487bf1762a9180963357103097d172cc
university1652,university1652_street_to_satellite,1,visual,2579,8,0,0.4666666666666667,0.5333333333333333,null,null,0,0.011024212429300673,7a9c2d19c8e46fbd0315d8a22ee640fd64cd987a66fa4e28b9ab005c8e51fc17,033b6eaea71b3084ca043902f6ba03b6487bf1762a9180963357103097d172cc
university1652,university1652_street_to_satellite,1,visual,2579,9,0,0.5333333333333333,0.6,null,null,0,0.011024212429300673,7a9c2d19c8e46fbd0315d8a22ee640fd64cd987a66fa4e28b9ab005c8e51fc17,033b6eaea71b3084ca043902f6ba03b6487bf1762a9180963357103097d172cc
university1652,university1652_street_to_satellite,1,visual,2579,10,0,0.6,0.6666666666666666,null,null,0,0.011024212429300673,7a9c2d19c8e46fbd0315d8a22ee640fd64cd987a66fa4e28b9ab005c8e51fc17,033b6eaea71b3084ca043902f6ba03b6487bf1762a9180963357103097d172cc
university1652,university1652_street_to_satellite,1,visual,2579,11,0,0.6666666666666666,0.7333333333333333,null,null,0,0.011024212429300673,7a9c2d19c8e46fbd0315d8a22ee640fd64cd987a66fa4e28b9ab005c8e51fc17,033b6eaea71b3084ca043902f6ba03b6487bf1762a9180963357103097d172cc
university1652,university1652_street_to_satellite,1,visual,2579,12,0,0.7333333333333333,0.8,null,null,0,0.011024212429300673,7a9c2d19c8e46fbd0315d8a22ee640fd64cd987a66fa4e28b9ab005c8e51fc17,033b6eaea71b3084ca043902f6ba03b6487bf1762a9180963357103097d172cc
university1652,university1652_street_to_satellite,1,visual,2579,13,0,0.8,0.8666666666666667,null,null,0,0.011024212429300673,7a9c2d19c8e46fbd0315d8a22ee640fd64cd987a66fa4e28b9ab005c8e51fc17,033b6eaea71b3084ca043902f6ba03b6487bf1762a9180963357103097d172cc
university1652,university1652_street_to_satellite,1,visual,2579,14,0,0.8666666666666667,0.9333333333333333,null,null,0,0.011024212429300673,7a9c2d19c8e46fbd0315d8a22ee640fd64cd987a66fa4e28b9ab005c8e51fc17,033b6eaea71b3084ca043902f6ba03b6487bf1762a9180963357103097d172cc
university1652,university1652_street_to_satellite,1,visual,2579,15,0,0.9333333333333333,1,null,null,0,0.011024212429300673,7a9c2d19c8e46fbd0315d8a22ee640fd64cd987a66fa4e28b9ab005c8e51fc17,033b6eaea71b3084ca043902f6ba03b6487bf1762a9180963357103097d172cc
university1652,university1652_street_to_satellite,1,full,2579,1,2569,0,0.06666666666666667,0.009342156481121059,0.013835789606050556,0.0044762091888111205,0.004769751236576496,7a9c2d19c8e46fbd0315d8a22ee640fd64cd987a66fa4e28b9ab005c8e51fc17,033b6eaea71b3084ca043902f6ba03b6487bf1762a9180963357103097d172cc
university1652,university1652_street_to_satellite,1,full,2579,2,10,0.06666666666666667,0.13333333333333333,0,0.07570449411869049,0.00029354204776537606,0.004769751236576496,7a9c2d19c8e46fbd0315d8a22ee640fd64cd987a66fa4e28b9ab005c8e51fc17,033b6eaea71b3084ca043902f6ba03b6487bf1762a9180963357103097d172cc
university1652,university1652_street_to_satellite,1,full,2579,3,0,0.13333333333333333,0.2,null,null,0,0.004769751236576496,7a9c2d19c8e46fbd0315d8a22ee640fd64cd987a66fa4e28b9ab005c8e51fc17,033b6eaea71b3084ca043902f6ba03b6487bf1762a9180963357103097d172cc
university1652,university1652_street_to_satellite,1,full,2579,4,0,0.2,0.26666666666666666,null,null,0,0.004769751236576496,7a9c2d19c8e46fbd0315d8a22ee640fd64cd987a66fa4e28b9ab005c8e51fc17,033b6eaea71b3084ca043902f6ba03b6487bf1762a9180963357103097d172cc
university1652,university1652_street_to_satellite,1,full,2579,5,0,0.26666666666666666,0.3333333333333333,null,null,0,0.004769751236576496,7a9c2d19c8e46fbd0315d8a22ee640fd64cd987a66fa4e28b9ab005c8e51fc17,033b6eaea71b3084ca043902f6ba03b6487bf1762a9180963357103097d172cc
university1652,university1652_street_to_satellite,1,full,2579,6,0,0.3333333333333333,0.4,null,null,0,0.004769751236576496,7a9c2d19c8e46fbd0315d8a22ee640fd64cd987a66fa4e28b9ab005c8e51fc17,033b6eaea71b3084ca043902f6ba03b6487bf1762a9180963357103097d172cc
university1652,university1652_street_to_satellite,1,full,2579,7,0,0.4,0.4666666666666667,null,null,0,0.004769751236576496,7a9c2d19c8e46fbd0315d8a22ee640fd64cd987a66fa4e28b9ab005c8e51fc17,033b6eaea71b3084ca043902f6ba03b6487bf1762a9180963357103097d172cc
university1652,university1652_street_to_satellite,1,full,2579,8,0,0.4666666666666667,0.5333333333333333,null,null,0,0.004769751236576496,7a9c2d19c8e46fbd0315d8a22ee640fd64cd987a66fa4e28b9ab005c8e51fc17,033b6eaea71b3084ca043902f6ba03b6487bf1762a9180963357103097d172cc
university1652,university1652_street_to_satellite,1,full,2579,9,0,0.5333333333333333,0.6,null,null,0,0.004769751236576496,7a9c2d19c8e46fbd0315d8a22ee640fd64cd987a66fa4e28b9ab005c8e51fc17,033b6eaea71b3084ca043902f6ba03b6487bf1762a9180963357103097d172cc
university1652,university1652_street_to_satellite,1,full,2579,10,0,0.6,0.6666666666666666,null,null,0,0.004769751236576496,7a9c2d19c8e46fbd0315d8a22ee640fd64cd987a66fa4e28b9ab005c8e51fc17,033b6eaea71b3084ca043902f6ba03b6487bf1762a9180963357103097d172cc
university1652,university1652_street_to_satellite,1,full,2579,11,0,0.6666666666666666,0.7333333333333333,null,null,0,0.004769751236576496,7a9c2d19c8e46fbd0315d8a22ee640fd64cd987a66fa4e28b9ab005c8e51fc17,033b6eaea71b3084ca043902f6ba03b6487bf1762a9180963357103097d172cc
university1652,university1652_street_to_satellite,1,full,2579,12,0,0.7333333333333333,0.8,null,null,0,0.004769751236576496,7a9c2d19c8e46fbd0315d8a22ee640fd64cd987a66fa4e28b9ab005c8e51fc17,033b6eaea71b3084ca043902f6ba03b6487bf1762a9180963357103097d172cc
university1652,university1652_street_to_satellite,1,full,2579,13,0,0.8,0.8666666666666667,null,null,0,0.004769751236576496,7a9c2d19c8e46fbd0315d8a22ee640fd64cd987a66fa4e28b9ab005c8e51fc17,033b6eaea71b3084ca043902f6ba03b6487bf1762a9180963357103097d172cc
university1652,university1652_street_to_satellite,1,full,2579,14,0,0.8666666666666667,0.9333333333333333,null,null,0,0.004769751236576496,7a9c2d19c8e46fbd0315d8a22ee640fd64cd987a66fa4e28b9ab005c8e51fc17,033b6eaea71b3084ca043902f6ba03b6487bf1762a9180963357103097d172cc
university1652,university1652_street_to_satellite,1,full,2579,15,0,0.9333333333333333,1,null,null,0,0.004769751236576496,7a9c2d19c8e46fbd0315d8a22ee640fd64cd987a66fa4e28b9ab005c8e51fc17,033b6eaea71b3084ca043902f6ba03b6487bf1762a9180963357103097d172cc
university1652,university1652_street_to_satellite,2,visual,2579,1,2557,0,0.06666666666666667,0.008212749315604223,0.01570025236754852,0.007423631370229378,0.00809150381853711,7a9c2d19c8e46fbd0315d8a22ee640fd64cd987a66fa4e28b9ab005c8e51fc17,033b6eaea71b3084ca043902f6ba03b6487bf1762a9180963357103097d172cc
university1652,university1652_street_to_satellite,2,visual,2579,2,22,0.06666666666666667,0.13333333333333333,0,0.07829286564480174,0.0006678724483077311,0.00809150381853711,7a9c2d19c8e46fbd0315d8a22ee640fd64cd987a66fa4e28b9ab005c8e51fc17,033b6eaea71b3084ca043902f6ba03b6487bf1762a9180963357103097d172cc
university1652,university1652_street_to_satellite,2,visual,2579,3,0,0.13333333333333333,0.2,null,null,0,0.00809150381853711,7a9c2d19c8e46fbd0315d8a22ee640fd64cd987a66fa4e28b9ab005c8e51fc17,033b6eaea71b3084ca043902f6ba03b6487bf1762a9180963357103097d172cc
university1652,university1652_street_to_satellite,2,visual,2579,4,0,0.2,0.26666666666666666,null,null,0,0.00809150381853711,7a9c2d19c8e46fbd0315d8a22ee640fd64cd987a66fa4e28b9ab005c8e51fc17,033b6eaea71b3084ca043902f6ba03b6487bf1762a9180963357103097d172cc
university1652,university1652_street_to_satellite,2,visual,2579,5,0,0.26666666666666666,0.3333333333333333,null,null,0,0.00809150381853711,7a9c2d19c8e46fbd0315d8a22ee640fd64cd987a66fa4e28b9ab005c8e51fc17,033b6eaea71b3084ca043902f6ba03b6487bf1762a9180963357103097d172cc
university1652,university1652_street_to_satellite,2,visual,2579,6,0,0.3333333333333333,0.4,null,null,0,0.00809150381853711,7a9c2d19c8e46fbd0315d8a22ee640fd64cd987a66fa4e28b9ab005c8e51fc17,033b6eaea71b3084ca043902f6ba03b6487bf1762a9180963357103097d172cc
university1652,university1652_street_to_satellite,2,visual,2579,7,0,0.4,0.4666666666666667,null,null,0,0.00809150381853711,7a9c2d19c8e46fbd0315d8a22ee640fd64cd987a66fa4e28b9ab005c8e51fc17,033b6eaea71b3084ca043902f6ba03b6487bf1762a9180963357103097d172cc
university1652,university1652_street_to_satellite,2,visual,2579,8,0,0.4666666666666667,0.5333333333333333,null,null,0,0.00809150381853711,7a9c2d19c8e46fbd0315d8a22ee640fd64cd987a66fa4e28b9ab005c8e51fc17,033b6eaea71b3084ca043902f6ba03b6487bf1762a9180963357103097d172cc
university1652,university1652_street_to_satellite,2,visual,2579,9,0,0.5333333333333333,0.6,null,null,0,0.00809150381853711,7a9c2d19c8e46fbd0315d8a22ee640fd64cd987a66fa4e28b9ab005c8e51fc17,033b6eaea71b3084ca043902f6ba03b6487bf1762a9180963357103097d172cc
university1652,university1652_street_to_satellite,2,visual,2579,10,0,0.6,0.6666666666666666,null,null,0,0.00809150381853711,7a9c2d19c8e46fbd0315d8a22ee640fd64cd987a66fa4e28b9ab005c8e51fc17,033b6eaea71b3084ca043902f6ba03b6487bf1762a9180963357103097d172cc
university1652,university1652_street_to_satellite,2,visual,2579,11,0,0.6666666666666666,0.7333333333333333,null,null,0,0.00809150381853711,7a9c2d19c8e46fbd0315d8a22ee640fd64cd987a66fa4e28b9ab005c8e51fc17,033b6eaea71b3084ca043902f6ba03b6487bf1762a9180963357103097d172cc
university1652,university1652_street_to_satellite,2,visual,2579,12,0,0.7333333333333333,0.8,null,null,0,0.00809150381853711,7a9c2d19c8e46fbd0315d8a22ee640fd64cd987a66fa4e28b9ab005c8e51fc17,033b6eaea71b3084ca043902f6ba03b6487bf1762a9180963357103097d172cc
university1652,university1652_street_to_satellite,2,visual,2579,13,0,0.8,0.8666666666666667,null,null,0,0.00809150381853711,7a9c2d19c8e46fbd0315d8a22ee640fd64cd987a66fa4e28b9ab005c8e51fc17,033b6eaea71b3084ca043902f6ba03b6487bf1762a9180963357103097d172cc
university1652,university1652_street_to_satellite,2,visual,2579,14,0,0.8666666666666667,0.9333333333333333,null,null,0,0.00809150381853711,7a9c2d19c8e46fbd0315d8a22ee640fd64cd987a66fa4e28b9ab005c8e51fc17,033b6eaea71b3084ca043902f6ba03b6487bf1762a9180963357103097d172cc
university1652,university1652_street_to_satellite,2,visual,2579,15,0,0.9333333333333333,1,null,null,0,0.00809150381853711,7a9c2d19c8e46fbd0315d8a22ee640fd64cd987a66fa4e28b9ab005c8e51fc17,033b6eaea71b3084ca043902f6ba03b6487bf1762a9180963357103097d172cc
university1652,university1652_street_to_satellite,2,full,2579,1,2564,0,0.06666666666666667,0.0093603744149766,0.013775909705997071,0.004389853620076188,0.004470300869730934,7a9c2d19c8e46fbd0315d8a22ee640fd64cd987a66fa4e28b9ab005c8e51fc17,033b6eaea71b3084ca043902f6ba03b6487bf1762a9180963357103097d172cc
university1652,university1652_street_to_satellite,2,full,2579,2,14,0.06666666666666667,0.13333333333333333,0.07142857142857142,0.07640381157398224,0.00002700789532212152,0.004470300869730934,7a9c2d19c8e46fbd0315d8a22ee640fd64cd987a66fa4e28b9ab005c8e51fc17,033b6eaea71b3084ca043902f6ba03b6487bf1762a9180963357103097d172cc
university1652,university1652_street_to_satellite,2,full,2579,3,1,0.13333333333333333,0.2,0,0.13782009482383728,0.00005343935433262399,0.004470300869730934,7a9c2d19c8e46fbd0315d8a22ee640fd64cd987a66fa4e28b9ab005c8e51fc17,033b6eaea71b3084ca043902f6ba03b6487bf1762a9180963357103097d172cc
university1652,university1652_street_to_satellite,2,full,2579,4,0,0.2,0.26666666666666666,null,null,0,0.004470300869730934,7a9c2d19c8e46fbd0315d8a22ee640fd64cd987a66fa4e28b9ab005c8e51fc17,033b6eaea71b3084ca043902f6ba03b6487bf1762a9180963357103097d172cc
university1652,university1652_street_to_satellite,2,full,2579,5,0,0.26666666666666666,0.3333333333333333,null,null,0,0.004470300869730934,7a9c2d19c8e46fbd0315d8a22ee640fd64cd987a66fa4e28b9ab005c8e51fc17,033b6eaea71b3084ca043902f6ba03b6487bf1762a9180963357103097d172cc
university1652,university1652_street_to_satellite,2,full,2579,6,0,0.3333333333333333,0.4,null,null,0,0.004470300869730934,7a9c2d19c8e46fbd0315d8a22ee640fd64cd987a66fa4e28b9ab005c8e51fc17,033b6eaea71b3084ca043902f6ba03b6487bf1762a9180963357103097d172cc
university1652,university1652_street_to_satellite,2,full,2579,7,0,0.4,0.4666666666666667,null,null,0,0.004470300869730934,7a9c2d19c8e46fbd0315d8a22ee640fd64cd987a66fa4e28b9ab005c8e51fc17,033b6eaea71b3084ca043902f6ba03b6487bf1762a9180963357103097d172cc
university1652,university1652_street_to_satellite,2,full,2579,8,0,0.4666666666666667,0.5333333333333333,null,null,0,0.004470300869730934,7a9c2d19c8e46fbd0315d8a22ee640fd64cd987a66fa4e28b9ab005c8e51fc17,033b6eaea71b3084ca043902f6ba03b6487bf1762a9180963357103097d172cc
university1652,university1652_street_to_satellite,2,full,2579,9,0,0.5333333333333333,0.6,null,null,0,0.004470300869730934,7a9c2d19c8e46fbd0315d8a22ee640fd64cd987a66fa4e28b9ab005c8e51fc17,033b6eaea71b3084ca043902f6ba03b6487bf1762a9180963357103097d172cc
university1652,university1652_street_to_satellite,2,full,2579,10,0,0.6,0.6666666666666666,null,null,0,0.004470300869730934,7a9c2d19c8e46fbd0315d8a22ee640fd64cd987a66fa4e28b9ab005c8e51fc17,033b6eaea71b3084ca043902f6ba03b6487bf1762a9180963357103097d172cc
university1652,university1652_street_to_satellite,2,full,2579,11,0,0.6666666666666666,0.7333333333333333,null,null,0,0.004470300869730934,7a9c2d19c8e46fbd0315d8a22ee640fd64cd987a66fa4e28b9ab005c8e51fc17,033b6eaea71b3084ca043902f6ba03b6487bf1762a9180963357103097d172cc
university1652,university1652_street_to_satellite,2,full,2579,12,0,0.7333333333333333,0.8,null,null,0,0.004470300869730934,7a9c2d19c8e46fbd0315d8a22ee640fd64cd987a66fa4e28b9ab005c8e51fc17,033b6eaea71b3084ca043902f6ba03b6487bf1762a9180963357103097d172cc
university1652,university1652_street_to_satellite,2,full,2579,13,0,0.8,0.8666666666666667,null,null,0,0.004470300869730934,7a9c2d19c8e46fbd0315d8a22ee640fd64cd987a66fa4e28b9ab005c8e51fc17,033b6eaea71b3084ca043902f6ba03b6487bf1762a9180963357103097d172cc
university1652,university1652_street_to_satellite,2,full,2579,14,0,0.8666666666666667,0.9333333333333333,null,null,0,0.004470300869730934,7a9c2d19c8e46fbd0315d8a22ee640fd64cd987a66fa4e28b9ab005c8e51fc17,033b6eaea71b3084ca043902f6ba03b6487bf1762a9180963357103097d172cc
university1652,university1652_street_to_satellite,2,full,2579,15,0,0.9333333333333333,1,null,null,0,0.004470300869730934,7a9c2d19c8e46fbd0315d8a22ee640fd64cd987a66fa4e28b9ab005c8e51fc17,033b6eaea71b3084ca043902f6ba03b6487bf1762a9180963357103097d172cc
university1652,university1652_street_to_satellite,3,visual,2579,1,2561,0,0.06666666666666667,0.01015228426395939,0.015557927772990431,0.00536791509369077,0.005897449177103757,7a9c2d19c8e46fbd0315d8a22ee640fd64cd987a66fa4e28b9ab005c8e51fc17,033b6eaea71b3084ca043902f6ba03b6487bf1762a9180963357103097d172cc
university1652,university1652_street_to_satellite,3,visual,2579,2,18,0.06666666666666667,0.13333333333333333,0,0.07587046672900517,0.0005295340834129868,0.005897449177103757,7a9c2d19c8e46fbd0315d8a22ee640fd64cd987a66fa4e28b9ab005c8e51fc17,033b6eaea71b3084ca043902f6ba03b6487bf1762a9180963357103097d172cc
university1652,university1652_street_to_satellite,3,visual,2579,3,0,0.13333333333333333,0.2,null,null,0,0.005897449177103757,7a9c2d19c8e46fbd0315d8a22ee640fd64cd987a66fa4e28b9ab005c8e51fc17,033b6eaea71b3084ca043902f6ba03b6487bf1762a9180963357103097d172cc
university1652,university1652_street_to_satellite,3,visual,2579,4,0,0.2,0.26666666666666666,null,null,0,0.005897449177103757,7a9c2d19c8e46fbd0315d8a22ee640fd64cd987a66fa4e28b9ab005c8e51fc17,033b6eaea71b3084ca043902f6ba03b6487bf1762a9180963357103097d172cc
university1652,university1652_street_to_satellite,3,visual,2579,5,0,0.26666666666666666,0.3333333333333333,null,null,0,0.005897449177103757,7a9c2d19c8e46fbd0315d8a22ee640fd64cd987a66fa4e28b9ab005c8e51fc17,033b6eaea71b3084ca043902f6ba03b6487bf1762a9180963357103097d172cc
university1652,university1652_street_to_satellite,3,visual,2579,6,0,0.3333333333333333,0.4,null,null,0,0.005897449177103757,7a9c2d19c8e46fbd0315d8a22ee640fd64cd987a66fa4e28b9ab005c8e51fc17,033b6eaea71b3084ca043902f6ba03b6487bf1762a9180963357103097d172cc
university1652,university1652_street_to_satellite,3,visual,2579,7,0,0.4,0.4666666666666667,null,null,0,0.005897449177103757,7a9c2d19c8e46fbd0315d8a22ee640fd64cd987a66fa4e28b9ab005c8e51fc17,033b6eaea71b3084ca043902f6ba03b6487bf1762a9180963357103097d172cc
university1652,university1652_street_to_satellite,3,visual,2579,8,0,0.4666666666666667,0.5333333333333333,null,null,0,0.005897449177103757,7a9c2d19c8e46fbd0315d8a22ee640fd64cd987a66fa4e28b9ab005c8e51fc17,033b6eaea71b3084ca043902f6ba03b6487bf1762a9180963357103097d172cc
university1652,university1652_street_to_satellite,3,visual,2579,9,0,0.5333333333333333,0.6,null,null,0,0.005897449177103757,7a9c2d19c8e46fbd0315d8a22ee640fd64cd987a66fa4e28b9ab005c8e51fc17,033b6eaea71b3084ca043902f6ba03b6487bf1762a9180963357103097d172cc
university1652,university1652_street_to_satellite,3,visual,2579,10,0,0.6,0.6666666666666666,null,null,0,0.005897449177103757,7a9c2d19c8e46fbd0315d8a22ee640fd64cd987a66fa4e28b9ab005c8e51fc17,033b6eaea71b3084ca043902f6ba03b6487bf1762a9180963357103097d172cc
university1652,university1652_street_to_satellite,3,visual,2579,11,0,0.6666666666666666,0.7333333333333333,null,null,0,0.005897449177103757,7a9c2d19c8e46fbd0315d8a22ee640fd64cd987a66fa4e28b9ab005c8e51fc17,033b6eaea71b3084ca043902f6ba03b6487bf1762a9180963357103097d172cc
university1652,university1652_street_to_satellite,3,visual,2579,12,0,0.7333333333333333,0.8,null,null,0,0.005897449177103757,7a9c2d19c8e46fbd0315d8a22ee640fd64cd987a66fa4e28b9ab005c8e51fc17,033b6eaea71b3084ca043902f6ba03b6487bf1762a9180963357103097d172cc
university1652,university1652_street_to_satellite,3,visual,2579,13,0,0.8,0.8666666666666667,null,null,0,0.005897449177103757,7a9c2d19c8e46fbd0315d8a22ee640fd64cd987a66fa4e28b9ab005c8e51fc17,033b6eaea71b3084ca043902f6ba03b6487bf1762a9180963357103097d172cc
university1652,university1652_street_to_satellite,3,visual,2579,14,0,0.8666666666666667,0.9333333333333333,null,null,0,0.005897449177103757,7a9c2d19c8e46fbd0315d8a22ee640fd64cd987a66fa4e28b9ab005c8e51fc17,033b6eaea71b3084ca043902f6ba03b6487bf1762a9180963357103097d172cc
university1652,university1652_street_to_satellite,3,visual,2579,15,0,0.9333333333333333,1,null,null,0,0.005897449177103757,7a9c2d19c8e46fbd0315d8a22ee640fd64cd987a66fa4e28b9ab005c8e51fc17,033b6eaea71b3084ca043902f6ba03b6487bf1762a9180963357103097d172cc
university1652,university1652_street_to_satellite,3,full,2579,1,2552,0,0.06666666666666667,0.01018808777429467,0.014608249803975832,0.0043738865838489046,0.005219449214391721,7a9c2d19c8e46fbd0315d8a22ee640fd64cd987a66fa4e28b9ab005c8e51fc17,033b6eaea71b3084ca043902f6ba03b6487bf1762a9180963357103097d172cc
university1652,university1652_street_to_satellite,3,full,2579,2,27,0.06666666666666667,0.13333333333333333,0,0.08076688978407118,0.0008455626305428157,0.005219449214391721,7a9c2d19c8e46fbd0315d8a22ee640fd64cd987a66fa4e28b9ab005c8e51fc17,033b6eaea71b3084ca043902f6ba03b6487bf1762a9180963357103097d172cc
university1652,university1652_street_to_satellite,3,full,2579,3,0,0.13333333333333333,0.2,null,null,0,0.005219449214391721,7a9c2d19c8e46fbd0315d8a22ee640fd64cd987a66fa4e28b9ab005c8e51fc17,033b6eaea71b3084ca043902f6ba03b6487bf1762a9180963357103097d172cc
university1652,university1652_street_to_satellite,3,full,2579,4,0,0.2,0.26666666666666666,null,null,0,0.005219449214391721,7a9c2d19c8e46fbd0315d8a22ee640fd64cd987a66fa4e28b9ab005c8e51fc17,033b6eaea71b3084ca043902f6ba03b6487bf1762a9180963357103097d172cc
university1652,university1652_street_to_satellite,3,full,2579,5,0,0.26666666666666666,0.3333333333333333,null,null,0,0.005219449214391721,7a9c2d19c8e46fbd0315d8a22ee640fd64cd987a66fa4e28b9ab005c8e51fc17,033b6eaea71b3084ca043902f6ba03b6487bf1762a9180963357103097d172cc
university1652,university1652_street_to_satellite,3,full,2579,6,0,0.3333333333333333,0.4,null,null,0,0.005219449214391721,7a9c2d19c8e46fbd0315d8a22ee640fd64cd987a66fa4e28b9ab005c8e51fc17,033b6eaea71b3084ca043902f6ba03b6487bf1762a9180963357103097d172cc
university1652,university1652_street_to_satellite,3,full,2579,7,0,0.4,0.4666666666666667,null,null,0,0.005219449214391721,7a9c2d19c8e46fbd0315d8a22ee640fd64cd987a66fa4e28b9ab005c8e51fc17,033b6eaea71b3084ca043902f6ba03b6487bf1762a9180963357103097d172cc
university1652,university1652_street_to_satellite,3,full,2579,8,0,0.4666666666666667,0.5333333333333333,null,null,0,0.005219449214391721,7a9c2d19c8e46fbd0315d8a22ee640fd64cd987a66fa4e28b9ab005c8e51fc17,033b6eaea71b3084ca043902f6ba03b6487bf1762a9180963357103097d172cc
university1652,university1652_street_to_satellite,3,full,2579,9,0,0.5333333333333333,0.6,null,null,0,0.005219449214391721,7a9c2d19c8e46fbd0315d8a22ee640fd64cd987a66fa4e28b9ab005c8e51fc17,033b6eaea71b3084ca043902f6ba03b6487bf1762a9180963357103097d172cc
university1652,university1652_street_to_satellite,3,full,2579,10,0,0.6,0.6666666666666666,null,null,0,0.005219449214391721,7a9c2d19c8e46fbd0315d8a22ee640fd64cd987a66fa4e28b9ab005c8e51fc17,033b6eaea71b3084ca043902f6ba03b6487bf1762a9180963357103097d172cc
university1652,university1652_street_to_satellite,3,full,2579,11,0,0.6666666666666666,0.7333333333333333,null,null,0,0.005219449214391721,7a9c2d19c8e46fbd0315d8a22ee640fd64cd987a66fa4e28b9ab005c8e51fc17,033b6eaea71b3084ca043902f6ba03b6487bf1762a9180963357103097d172cc
university1652,university1652_street_to_satellite,3,full,2579,12,0,0.7333333333333333,0.8,null,null,0,0.005219449214391721,7a9c2d19c8e46fbd0315d8a22ee640fd64cd987a66fa4e28b9ab005c8e51fc17,033b6eaea71b3084ca043902f6ba03b6487bf1762a9180963357103097d172cc
university1652,university1652_street_to_satellite,3,full,2579,13,0,0.8,0.8666666666666667,null,null,0,0.005219449214391721,7a9c2d19c8e46fbd0315d8a22ee640fd64cd987a66fa4e28b9ab005c8e51fc17,033b6eaea71b3084ca043902f6ba03b6487bf1762a9180963357103097d172cc
university1652,university1652_street_to_satellite,3,full,2579,14,0,0.8666666666666667,0.9333333333333333,null,null,0,0.005219449214391721,7a9c2d19c8e46fbd0315d8a22ee640fd64cd987a66fa4e28b9ab005c8e51fc17,033b6eaea71b3084ca043902f6ba03b6487bf1762a9180963357103097d172cc
university1652,university1652_street_to_satellite,3,full,2579,15,0,0.9333333333333333,1,null,null,0,0.005219449214391721,7a9c2d19c8e46fbd0315d8a22ee640fd64cd987a66fa4e28b9ab005c8e51fc17,033b6eaea71b3084ca043902f6ba03b6487bf1762a9180963357103097d172cc
sues200,sues200_uav_150m_to_satellite,1,visual,4000,1,3493,0,0.06666666666666667,0.3109075293444031,0.023816628849270896,0.2507021288573742,0.30872477845475077,57dc33cac810a66f1c276b8dc68466a2562826bfa3d96a19a4e94af56fd0392a,033b6eaea71b3084ca043902f6ba03b6487bf1762a9180963357103097d172cc
sues200,sues200_uav_150m_to_satellite,1,visual,4000,2,486,0.06666666666666667,0.13333333333333333,0.5411522633744856,0.08613701388546469,0.05528435281291604,0.30872477845475077,57dc33cac810a66f1c276b8dc68466a2562826bfa3d96a19a4e94af56fd0392a,033b6eaea71b3084ca043902f6ba03b6487bf1762a9180963357103097d172cc
sues200,sues200_uav_150m_to_satellite,1,visual,4000,3,21,0.13333333333333333,0.2,0.6666666666666666,0.14508632676942007,0.002738296784460544,0.30872477845475077,57dc33cac810a66f1c276b8dc68466a2562826bfa3d96a19a4e94af56fd0392a,033b6eaea71b3084ca043902f6ba03b6487bf1762a9180963357103097d172cc
sues200,sues200_uav_150m_to_satellite,1,visual,4000,4,0,0.2,0.26666666666666666,null,null,0,0.30872477845475077,57dc33cac810a66f1c276b8dc68466a2562826bfa3d96a19a4e94af56fd0392a,033b6eaea71b3084ca043902f6ba03b6487bf1762a9180963357103097d172cc
sues200,sues200_uav_150m_to_satellite,1,visual,4000,5,0,0.26666666666666666,0.3333333333333333,null,null,0,0.30872477845475077,57dc33cac810a66f1c276b8dc68466a2562826bfa3d96a19a4e94af56fd0392a,033b6eaea71b3084ca043902f6ba03b6487bf1762a9180963357103097d172cc
sues200,sues200_uav_150m_to_satellite,1,visual,4000,6,0,0.3333333333333333,0.4,null,null,0,0.30872477845475077,57dc33cac810a66f1c276b8dc68466a2562826bfa3d96a19a4e94af56fd0392a,033b6eaea71b3084ca043902f6ba03b6487bf1762a9180963357103097d172cc
sues200,sues200_uav_150m_to_satellite,1,visual,4000,7,0,0.4,0.4666666666666667,null,null,0,0.30872477845475077,57dc33cac810a66f1c276b8dc68466a2562826bfa3d96a19a4e94af56fd0392a,033b6eaea71b3084ca043902f6ba03b6487bf1762a9180963357103097d172cc
sues200,sues200_uav_150m_to_satellite,1,visual,4000,8,0,0.4666666666666667,0.5333333333333333,null,null,0,0.30872477845475077,57dc33cac810a66f1c276b8dc68466a2562826bfa3d96a19a4e94af56fd0392a,033b6eaea71b3084ca043902f6ba03b6487bf1762a9180963357103097d172cc
sues200,sues200_uav_150m_to_satellite,1,visual,4000,9,0,0.5333333333333333,0.6,null,null,0,0.30872477845475077,57dc33cac810a66f1c276b8dc68466a2562826bfa3d96a19a4e94af56fd0392a,033b6eaea71b3084ca043902f6ba03b6487bf1762a9180963357103097d172cc
sues200,sues200_uav_150m_to_satellite,1,visual,4000,10,0,0.6,0.6666666666666666,null,null,0,0.30872477845475077,57dc33cac810a66f1c276b8dc68466a2562826bfa3d96a19a4e94af56fd0392a,033b6eaea71b3084ca043902f6ba03b6487bf1762a9180963357103097d172cc
sues200,sues200_uav_150m_to_satellite,1,visual,4000,11,0,0.6666666666666666,0.7333333333333333,null,null,0,0.30872477845475077,57dc33cac810a66f1c276b8dc68466a2562826bfa3d96a19a4e94af56fd0392a,033b6eaea71b3084ca043902f6ba03b6487bf1762a9180963357103097d172cc
sues200,sues200_uav_150m_to_satellite,1,visual,4000,12,0,0.7333333333333333,0.8,null,null,0,0.30872477845475077,57dc33cac810a66f1c276b8dc68466a2562826bfa3d96a19a4e94af56fd0392a,033b6eaea71b3084ca043902f6ba03b6487bf1762a9180963357103097d172cc
sues200,sues200_uav_150m_to_satellite,1,visual,4000,13,0,0.8,0.8666666666666667,null,null,0,0.30872477845475077,57dc33cac810a66f1c276b8dc68466a2562826bfa3d96a19a4e94af56fd0392a,033b6eaea71b3084ca043902f6ba03b6487bf1762a9180963357103097d172cc
sues200,sues200_uav_150m_to_satellite,1,visual,4000,14,0,0.8666666666666667,0.9333333333333333,null,null,0,0.30872477845475077,57dc33cac810a66f1c276b8dc68466a2562826bfa3d96a19a4e94af56fd0392a,033b6eaea71b3084ca043902f6ba03b6487bf1762a9180963357103097d172cc
sues200,sues200_uav_150m_to_satellite,1,visual,4000,15,0,0.9333333333333333,1,null,null,0,0.30872477845475077,57dc33cac810a66f1c276b8dc68466a2562826bfa3d96a19a4e94af56fd0392a,033b6eaea71b3084ca043902f6ba03b6487bf1762a9180963357103097d172cc
sues200,sues200_uav_150m_to_satellite,1,full,4000,1,3504,0,0.06666666666666667,0.2651255707762557,0.024483618058570442,0.2108023505806923,0.2555691103301942,57dc33cac810a66f1c276b8dc68466a2562826bfa3d96a19a4e94af56fd0392a,033b6eaea71b3084ca043902f6ba03b6487bf1762a9180963357103097d172cc
sues200,sues200_uav_150m_to_satellite,1,full,4000,2,478,0.06666666666666667,0.13333333333333333,0.4560669456066946,0.08511551531912392,0.04432869591936469,0.2555691103301942,57dc33cac810a66f1c276b8dc68466a2562826bfa3d96a19a4e94af56fd0392a,033b6eaea71b3084ca043902f6ba03b6487bf1762a9180963357103097d172cc
sues200,sues200_uav_150m_to_satellite,1,full,4000,3,18,0.13333333333333333,0.2,0.05555555555555555,0.15290307336383396,0.0004380638301372528,0.2555691103301942,57dc33cac810a66f1c276b8dc68466a2562826bfa3d96a19a4e94af56fd0392a,033b6eaea71b3084ca043902f6ba03b6487bf1762a9180963357103097d172cc
sues200,sues200_uav_150m_to_satellite,1,full,4000,4,0,0.2,0.26666666666666666,null,null,0,0.2555691103301942,57dc33cac810a66f1c276b8dc68466a2562826bfa3d96a19a4e94af56fd0392a,033b6eaea71b3084ca043902f6ba03b6487bf1762a9180963357103097d172cc
sues200,sues200_uav_150m_to_satellite,1,full,4000,5,0,0.26666666666666666,0.3333333333333333,null,null,0,0.2555691103301942,57dc33cac810a66f1c276b8dc68466a2562826bfa3d96a19a4e94af56fd0392a,033b6eaea71b3084ca043902f6ba03b6487bf1762a9180963357103097d172cc
sues200,sues200_uav_150m_to_satellite,1,full,4000,6,0,0.3333333333333333,0.4,null,null,0,0.2555691103301942,57dc33cac810a66f1c276b8dc68466a2562826bfa3d96a19a4e94af56fd0392a,033b6eaea71b3084ca043902f6ba03b6487bf1762a9180963357103097d172cc
sues200,sues200_uav_150m_to_satellite,1,full,4000,7,0,0.4,0.4666666666666667,null,null,0,0.2555691103301942,57dc33cac810a66f1c276b8dc68466a2562826bfa3d96a19a4e94af56fd0392a,033b6eaea71b3084ca043902f6ba03b6487bf1762a9180963357103097d172cc
sues200,sues200_uav_150m_to_satellite,1,full,4000,8,0,0.4666666666666667,0.5333333333333333,null,null,0,0.2555691103301942,57dc33cac810a66f1c276b8dc68466a2562826bfa3d96a19a4e94af56fd0392a,033b6eaea71b3084ca043902f6ba03b6487bf1762a9180963357103097d172cc
sues200,sues200_uav_150m_to_satellite,1,full,4000,9,0,0.5333333333333333,0.6,null,null,0,0.2555691103301942,57dc33cac810a66f1c276b8dc68466a2562826bfa3d96a19a4e94af56fd0392a,033b6eaea71b3084ca043902f6ba03b6487bf1762a9180963357103097d172cc
sues200,sues200_uav_150m_to_satellite,1,full,4000,10,0,0.6,0.6666666666666666,null,null,0,0.2555691103301942,57dc33cac810a66f1c276b8dc68466a2562826bfa3d96a19a4e94af56fd0392a,033b6eaea71b3084ca043902f6ba03b6487bf1762a9180963357103097d172cc
sues200,sues200_uav_150m_to_satellite,1,full,4000,11,0,0.6666666666666666,0.7333333333333333,null,null,0,0.2555691103301942,57dc33cac810a66f1c276b8dc68466a2562826bfa3d96a19a4e94af56fd0392a,033b6eaea71b3084ca043902f6ba03b6487bf1762a9180963357103097d172cc
sues200,sues200_uav_150m_to_satellite,1,full,4000,12,0,0.7333333333333333,0.8,null,null,0,0.2555691103301942,57dc33cac810a66f1c276b8dc68466a2562826bfa3d96a19a4e94af56fd0392a,033b6eaea71b3084ca043902f6ba03b6487bf1762a9180963357103097d172cc
sues200,sues200_uav_150m_to_satellite,1,full,4000,13,0,0.8,0.8666666666666667,null,null,0,0.2555691103301942,57dc33cac810a66f1c276b8dc68466a2562826bfa3d96a19a4e94af56fd0392a,033b6eaea71b3084ca043902f6ba03b6487bf1762a9180963357103097d172cc
sues200,sues200_uav_150m_to_satellite,1,full,4000,14,0,0.8666666666666667,0.9333333333333333,null,null,0,0.2555691103301942,57dc33cac810a66f1c276b8dc68466a2562826bfa3d96a19a4e94af56fd0392a,033b6eaea71b3084ca043902f6ba03b6487bf1762a9180963357103097d172cc
sues200,sues200_uav_150m_to_satellite,1,full,4000,15,0,0.9333333333333333,1,null,null,0,0.2555691103301942,57dc33cac810a66f1c276b8dc68466a2562826bfa3d96a19a4e94af56fd0392a,033b6eaea71b3084ca043902f6ba03b6487bf1762a9180963357103097d172cc
sues200,sues200_uav_150m_to_satellite,2,visual,4000,1,3424,0,0.06666666666666667,0.3072429906542056,0.024627533149426787,0.2419188316240907,0.30457263685762886,57dc33cac810a66f1c276b8dc68466a2562826bfa3d96a19a4e94af56fd0392a,033b6eaea71b3084ca043902f6ba03b6487bf1762a9180963357103097d172cc
sues200,sues200_uav_150m_to_satellite,2,visual,4000,2,553,0.06666666666666667,0.13333333333333333,0.5316455696202531,0.08683163380321068,0.06149552662670612,0.30457263685762886,57dc33cac810a66f1c276b8dc68466a2562826bfa3d96a19a4e94af56fd0392a,033b6eaea71b3084ca043902f6ba03b6487bf1762a9180963357103097d172cc
sues200,sues200_uav_150m_to_satellite,2,visual,4000,3,23,0.13333333333333333,0.2,0.34782608695652173,0.1463863292466039,0.0011582786068320273,0.30457263685762886,57dc33cac810a66f1c276b8dc68466a2562826bfa3d96a19a4e94af56fd0392a,033b6eaea71b3084ca043902f6ba03b6487bf1762a9180963357103097d172cc
sues200,sues200_uav_150m_to_satellite,2,visual,4000,4,0,0.2,0.26666666666666666,null,null,0,0.30457263685762886,57dc33cac810a66f1c276b8dc68466a2562826bfa3d96a19a4e94af56fd0392a,033b6eaea71b3084ca043902f6ba03b6487bf1762a9180963357103097d172cc
sues200,sues200_uav_150m_to_satellite,2,visual,4000,5,0,0.26666666666666666,0.3333333333333333,null,null,0,0.30457263685762886,57dc33cac810a66f1c276b8dc68466a2562826bfa3d96a19a4e94af56fd0392a,033b6eaea71b3084ca043902f6ba03b6487bf1762a9180963357103097d172cc
sues200,sues200_uav_150m_to_satellite,2,visual,4000,6,0,0.3333333333333333,0.4,null,null,0,0.30457263685762886,57dc33cac810a66f1c276b8dc68466a2562826bfa3d96a19a4e94af56fd0392a,033b6eaea71b3084ca043902f6ba03b6487bf1762a9180963357103097d172cc
sues200,sues200_uav_150m_to_satellite,2,visual,4000,7,0,0.4,0.4666666666666667,null,null,0,0.30457263685762886,57dc33cac810a66f1c276b8dc68466a2562826bfa3d96a19a4e94af56fd0392a,033b6eaea71b3084ca043902f6ba03b6487bf1762a9180963357103097d172cc
sues200,sues200_uav_150m_to_satellite,2,visual,4000,8,0,0.4666666666666667,0.5333333333333333,null,null,0,0.30457263685762886,57dc33cac810a66f1c276b8dc68466a2562826bfa3d96a19a4e94af56fd0392a,033b6eaea71b3084ca043902f6ba03b6487bf1762a9180963357103097d172cc
sues200,sues200_uav_150m_to_satellite,2,visual,4000,9,0,0.5333333333333333,0.6,null,null,0,0.30457263685762886,57dc33cac810a66f1c276b8dc68466a2562826bfa3d96a19a4e94af56fd0392a,033b6eaea71b3084ca043902f6ba03b6487bf1762a9180963357103097d172cc
sues200,sues200_uav_150m_to_satellite,2,visual,4000,10,0,0.6,0.6666666666666666,null,null,0,0.30457263685762886,57dc33cac810a66f1c276b8dc68466a2562826bfa3d96a19a4e94af56fd0392a,033b6eaea71b3084ca043902f6ba03b6487bf1762a9180963357103097d172cc
sues200,sues200_uav_150m_to_satellite,2,visual,4000,11,0,0.6666666666666666,0.7333333333333333,null,null,0,0.30457263685762886,57dc33cac810a66f1c276b8dc68466a2562826bfa3d96a19a4e94af56fd0392a,033b6eaea71b3084ca043902f6ba03b6487bf1762a9180963357103097d172cc
sues200,sues200_uav_150m_to_satellite,2,visual,4000,12,0,0.7333333333333333,0.8,null,null,0,0.30457263685762886,57dc33cac810a66f1c276b8dc68466a2562826bfa3d96a19a4e94af56fd0392a,033b6eaea71b3084ca043902f6ba03b6487bf1762a9180963357103097d172cc
sues200,sues200_uav_150m_to_satellite,2,visual,4000,13,0,0.8,0.8666666666666667,null,null,0,0.30457263685762886,57dc33cac810a66f1c276b8dc68466a2562826bfa3d96a19a4e94af56fd0392a,033b6eaea71b3084ca043902f6ba03b6487bf1762a9180963357103097d172cc
sues200,sues200_uav_150m_to_satellite,2,visual,4000,14,0,0.8666666666666667,0.9333333333333333,null,null,0,0.30457263685762886,57dc33cac810a66f1c276b8dc68466a2562826bfa3d96a19a4e94af56fd0392a,033b6eaea71b3084ca043902f6ba03b6487bf1762a9180963357103097d172cc
sues200,sues200_uav_150m_to_satellite,2,visual,4000,15,0,0.9333333333333333,1,null,null,0,0.30457263685762886,57dc33cac810a66f1c276b8dc68466a2562826bfa3d96a19a4e94af56fd0392a,033b6eaea71b3084ca043902f6ba03b6487bf1762a9180963357103097d172cc
sues200,sues200_uav_150m_to_satellite,2,full,4000,1,3424,0,0.06666666666666667,0.2356892523364486,0.02484312713598815,0.18048428317159415,0.23444037965312603,57dc33cac810a66f1c276b8dc68466a2562826bfa3d96a19a4e94af56fd0392a,033b6eaea71b3084ca043902f6ba03b6487bf1762a9180963357103097d172cc
sues200,sues200_uav_150m_to_satellite,2,full,4000,2,545,0.06666666666666667,0.13333333333333333,0.47522935779816516,0.08809376648806651,0.05274722431600095,0.23444037965312603,57dc33cac810a66f1c276b8dc68466a2562826bfa3d96a19a4e94af56fd0392a,033b6eaea71b3084ca043902f6ba03b6487bf1762a9180963357103097d172cc
sues200,sues200_uav_150m_to_satellite,2,full,4000,3,27,0.13333333333333333,0.2,0.2962962962962963,0.14838114656783916,0.0009984272606670857,0.23444037965312603,57dc33cac810a66f1c276b8dc68466a2562826bfa3d96a19a4e94af56fd0392a,033b6eaea71b3084ca043902f6ba03b6487bf1762a9180963357103097d172cc
sues200,sues200_uav_150m_to_satellite,2,full,4000,4,4,0.2,0.26666666666666666,0,0.21044490486383438,0.0002104449048638344,0.23444037965312603,57dc33cac810a66f1c276b8dc68466a2562826bfa3d96a19a4e94af56fd0392a,033b6eaea71b3084ca043902f6ba03b6487bf1762a9180963357103097d172cc
sues200,sues200_uav_150m_to_satellite,2,full,4000,5,0,0.26666666666666666,0.3333333333333333,null,null,0,0.23444037965312603,57dc33cac810a66f1c276b8dc68466a2562826bfa3d96a19a4e94af56fd0392a,033b6eaea71b3084ca043902f6ba03b6487bf1762a9180963357103097d172cc
sues200,sues200_uav_150m_to_satellite,2,full,4000,6,0,0.3333333333333333,0.4,null,null,0,0.23444037965312603,57dc33cac810a66f1c276b8dc68466a2562826bfa3d96a19a4e94af56fd0392a,033b6eaea71b3084ca043902f6ba03b6487bf1762a9180963357103097d172cc
sues200,sues200_uav_150m_to_satellite,2,full,4000,7,0,0.4,0.4666666666666667,null,null,0,0.23444037965312603,57dc33cac810a66f1c276b8dc68466a2562826bfa3d96a19a4e94af56fd0392a,033b6eaea71b3084ca043902f6ba03b6487bf1762a9180963357103097d172cc
sues200,sues200_uav_150m_to_satellite,2,full,4000,8,0,0.4666666666666667,0.5333333333333333,null,null,0,0.23444037965312603,57dc33cac810a66f1c276b8dc68466a2562826bfa3d96a19a4e94af56fd0392a,033b6eaea71b3084ca043902f6ba03b6487bf1762a9180963357103097d172cc
sues200,sues200_uav_150m_to_satellite,2,full,4000,9,0,0.5333333333333333,0.6,null,null,0,0.23444037965312603,57dc33cac810a66f1c276b8dc68466a2562826bfa3d96a19a4e94af56fd0392a,033b6eaea71b3084ca043902f6ba03b6487bf1762a9180963357103097d172cc
sues200,sues200_uav_150m_to_satellite,2,full,4000,10,0,0.6,0.6666666666666666,null,null,0,0.23444037965312603,57dc33cac810a66f1c276b8dc68466a2562826bfa3d96a19a4e94af56fd0392a,033b6eaea71b3084ca043902f6ba03b6487bf1762a9180963357103097d172cc
sues200,sues200_uav_150m_to_satellite,2,full,4000,11,0,0.6666666666666666,0.7333333333333333,null,null,0,0.23444037965312603,57dc33cac810a66f1c276b8dc68466a2562826bfa3d96a19a4e94af56fd0392a,033b6eaea71b3084ca043902f6ba03b6487bf1762a9180963357103097d172cc
sues200,sues200_uav_150m_to_satellite,2,full,4000,12,0,0.7333333333333333,0.8,null,null,0,0.23444037965312603,57dc33cac810a66f1c276b8dc68466a2562826bfa3d96a19a4e94af56fd0392a,033b6eaea71b3084ca043902f6ba03b6487bf1762a9180963357103097d172cc
sues200,sues200_uav_150m_to_satellite,2,full,4000,13,0,0.8,0.8666666666666667,null,null,0,0.23444037965312603,57dc33cac810a66f1c276b8dc68466a2562826bfa3d96a19a4e94af56fd0392a,033b6eaea71b3084ca043902f6ba03b6487bf1762a9180963357103097d172cc
sues200,sues200_uav_150m_to_satellite,2,full,4000,14,0,0.8666666666666667,0.9333333333333333,null,null,0,0.23444037965312603,57dc33cac810a66f1c276b8dc68466a2562826bfa3d96a19a4e94af56fd0392a,033b6eaea71b3084ca043902f6ba03b6487bf1762a9180963357103097d172cc
sues200,sues200_uav_150m_to_satellite,2,full,4000,15,0,0.9333333333333333,1,null,null,0,0.23444037965312603,57dc33cac810a66f1c276b8dc68466a2562826bfa3d96a19a4e94af56fd0392a,033b6eaea71b3084ca043902f6ba03b6487bf1762a9180963357103097d172cc
sues200,sues200_uav_150m_to_satellite,3,visual,4000,1,3486,0,0.06666666666666667,0.34107860011474467,0.02396888055048383,0.2763611206002533,0.35556672758981583,57dc33cac810a66f1c276b8dc68466a2562826bfa3d96a19a4e94af56fd0392a,033b6eaea71b3084ca043902f6ba03b6487bf1762a9180963357103097d172cc
sues200,sues200_uav_150m_to_satellite,3,visual,4000,2,505,0.06666666666666667,0.13333333333333333,0.7108910891089109,0.08495614351612507,0.07902428688108921,0.35556672758981583,57dc33cac810a66f1c276b8dc68466a2562826bfa3d96a19a4e94af56fd0392a,033b6eaea71b3084ca043902f6ba03b6487bf1762a9180963357103097d172cc
sues200,sues200_uav_150m_to_satellite,3,visual,4000,3,9,0.13333333333333333,0.2,0.2222222222222222,0.14163550734519958,0.0001813201084733009,0.35556672758981583,57dc33cac810a66f1c276b8dc68466a2562826bfa3d96a19a4e94af56fd0392a,033b6eaea71b3084ca043902f6ba03b6487bf1762a9180963357103097d172cc
sues200,sues200_uav_150m_to_satellite,3,visual,4000,4,0,0.2,0.26666666666666666,null,null,0,0.35556672758981583,57dc33cac810a66f1c276b8dc68466a2562826bfa3d96a19a4e94af56fd0392a,033b6eaea71b3084ca043902f6ba03b6487bf1762a9180963357103097d172cc
sues200,sues200_uav_150m_to_satellite,3,visual,4000,5,0,0.26666666666666666,0.3333333333333333,null,null,0,0.35556672758981583,57dc33cac810a66f1c276b8dc68466a2562826bfa3d96a19a4e94af56fd0392a,033b6eaea71b3084ca043902f6ba03b6487bf1762a9180963357103097d172cc
sues200,sues200_uav_150m_to_satellite,3,visual,4000,6,0,0.3333333333333333,0.4,null,null,0,0.35556672758981583,57dc33cac810a66f1c276b8dc68466a2562826bfa3d96a19a4e94af56fd0392a,033b6eaea71b3084ca043902f6ba03b6487bf1762a9180963357103097d172cc
sues200,sues200_uav_150m_to_satellite,3,visual,4000,7,0,0.4,0.4666666666666667,null,null,0,0.35556672758981583,57dc33cac810a66f1c276b8dc68466a2562826bfa3d96a19a4e94af56fd0392a,033b6eaea71b3084ca043902f6ba03b6487bf1762a9180963357103097d172cc
sues200,sues200_uav_150m_to_satellite,3,visual,4000,8,0,0.4666666666666667,0.5333333333333333,null,null,0,0.35556672758981583,57dc33cac810a66f1c276b8dc68466a2562826bfa3d96a19a4e94af56fd0392a,033b6eaea71b3084ca043902f6ba03b6487bf1762a9180963357103097d172cc
sues200,sues200_uav_150m_to_satellite,3,visual,4000,9,0,0.5333333333333333,0.6,null,null,0,0.35556672758981583,57dc33cac810a66f1c276b8dc68466a2562826bfa3d96a19a4e94af56fd0392a,033b6eaea71b3084ca043902f6ba03b6487bf1762a9180963357103097d172cc
sues200,sues200_uav_150m_to_satellite,3,visual,4000,10,0,0.6,0.6666666666666666,null,null,0,0.35556672758981583,57dc33cac810a66f1c276b8dc68466a2562826bfa3d96a19a4e94af56fd0392a,033b6eaea71b3084ca043902f6ba03b6487bf1762a9180963357103097d172cc
sues200,sues200_uav_150m_to_satellite,3,visual,4000,11,0,0.6666666666666666,0.7333333333333333,null,null,0,0.35556672758981583,57dc33cac810a66f1c276b8dc68466a2562826bfa3d96a19a4e94af56fd0392a,033b6eaea71b3084ca043902f6ba03b6487bf1762a9180963357103097d172cc
sues200,sues200_uav_150m_to_satellite,3,visual,4000,12,0,0.7333333333333333,0.8,null,null,0,0.35556672758981583,57dc33cac810a66f1c276b8dc68466a2562826bfa3d96a19a4e94af56fd0392a,033b6eaea71b3084ca043902f6ba03b6487bf1762a9180963357103097d172cc
sues200,sues200_uav_150m_to_satellite,3,visual,4000,13,0,0.8,0.8666666666666667,null,null,0,0.35556672758981583,57dc33cac810a66f1c276b8dc68466a2562826bfa3d96a19a4e94af56fd0392a,033b6eaea71b3084ca043902f6ba03b6487bf1762a9180963357103097d172cc
sues200,sues200_uav_150m_to_satellite,3,visual,4000,14,0,0.8666666666666667,0.9333333333333333,null,null,0,0.35556672758981583,57dc33cac810a66f1c276b8dc68466a2562826bfa3d96a19a4e94af56fd0392a,033b6eaea71b3084ca043902f6ba03b6487bf1762a9180963357103097d172cc
sues200,sues200_uav_150m_to_satellite,3,visual,4000,15,0,0.9333333333333333,1,null,null,0,0.35556672758981583,57dc33cac810a66f1c276b8dc68466a2562826bfa3d96a19a4e94af56fd0392a,033b6eaea71b3084ca043902f6ba03b6487bf1762a9180963357103097d172cc
sues200,sues200_uav_150m_to_satellite,3,full,4000,1,3374,0,0.06666666666666667,0.2548903378778897,0.02356524933317249,0.195122712187469,0.26322793336585165,57dc33cac810a66f1c276b8dc68466a2562826bfa3d96a19a4e94af56fd0392a,033b6eaea71b3084ca043902f6ba03b6487bf1762a9180963357103097d172cc
sues200,sues200_uav_150m_to_satellite,3,full,4000,2,591,0.06666666666666667,0.13333333333333333,0.5346869712351946,0.08898490286619731,0.06585248060151934,0.26322793336585165,57dc33cac810a66f1c276b8dc68466a2562826bfa3d96a19a4e94af56fd0392a,033b6eaea71b3084ca043902f6ba03b6487bf1762a9180963357103097d172cc
sues200,sues200_uav_150m_to_satellite,3,full,4000,3,35,0.13333333333333333,0.2,0.4,0.142543934072767,0.0022527405768632894,0.26322793336585165,57dc33cac810a66f1c276b8dc68466a2562826bfa3d96a19a4e94af56fd0392a,033b6eaea71b3084ca043902f6ba03b6487bf1762a9180963357103097d172cc
sues200,sues200_uav_150m_to_satellite,3,full,4000,4,0,0.2,0.26666666666666666,null,null,0,0.26322793336585165,57dc33cac810a66f1c276b8dc68466a2562826bfa3d96a19a4e94af56fd0392a,033b6eaea71b3084ca043902f6ba03b6487bf1762a9180963357103097d172cc
sues200,sues200_uav_150m_to_satellite,3,full,4000,5,0,0.26666666666666666,0.3333333333333333,null,null,0,0.26322793336585165,57dc33cac810a66f1c276b8dc68466a2562826bfa3d96a19a4e94af56fd0392a,033b6eaea71b3084ca043902f6ba03b6487bf1762a9180963357103097d172cc
sues200,sues200_uav_150m_to_satellite,3,full,4000,6,0,0.3333333333333333,0.4,null,null,0,0.26322793336585165,57dc33cac810a66f1c276b8dc68466a2562826bfa3d96a19a4e94af56fd0392a,033b6eaea71b3084ca043902f6ba03b6487bf1762a9180963357103097d172cc
sues200,sues200_uav_150m_to_satellite,3,full,4000,7,0,0.4,0.4666666666666667,null,null,0,0.26322793336585165,57dc33cac810a66f1c276b8dc68466a2562826bfa3d96a19a4e94af56fd0392a,033b6eaea71b3084ca043902f6ba03b6487bf1762a9180963357103097d172cc
sues200,sues200_uav_150m_to_satellite,3,full,4000,8,0,0.4666666666666667,0.5333333333333333,null,null,0,0.26322793336585165,57dc33cac810a66f1c276b8dc68466a2562826bfa3d96a19a4e94af56fd0392a,033b6eaea71b3084ca043902f6ba03b6487bf1762a9180963357103097d172cc
sues200,sues200_uav_150m_to_satellite,3,full,4000,9,0,0.5333333333333333,0.6,null,null,0,0.26322793336585165,57dc33cac810a66f1c276b8dc68466a2562826bfa3d96a19a4e94af56fd0392a,033b6eaea71b3084ca043902f6ba03b6487bf1762a9180963357103097d172cc
sues200,sues200_uav_150m_to_satellite,3,full,4000,10,0,0.6,0.6666666666666666,null,null,0,0.26322793336585165,57dc33cac810a66f1c276b8dc68466a2562826bfa3d96a19a4e94af56fd0392a,033b6eaea71b3084ca043902f6ba03b6487bf1762a9180963357103097d172cc
sues200,sues200_uav_150m_to_satellite,3,full,4000,11,0,0.6666666666666666,0.7333333333333333,null,null,0,0.26322793336585165,57dc33cac810a66f1c276b8dc68466a2562826bfa3d96a19a4e94af56fd0392a,033b6eaea71b3084ca043902f6ba03b6487bf1762a9180963357103097d172cc
sues200,sues200_uav_150m_to_satellite,3,full,4000,12,0,0.7333333333333333,0.8,null,null,0,0.26322793336585165,57dc33cac810a66f1c276b8dc68466a2562826bfa3d96a19a4e94af56fd0392a,033b6eaea71b3084ca043902f6ba03b6487bf1762a9180963357103097d172cc
sues200,sues200_uav_150m_to_satellite,3,full,4000,13,0,0.8,0.8666666666666667,null,null,0,0.26322793336585165,57dc33cac810a66f1c276b8dc68466a2562826bfa3d96a19a4e94af56fd0392a,033b6eaea71b3084ca043902f6ba03b6487bf1762a9180963357103097d172cc
sues200,sues200_uav_150m_to_satellite,3,full,4000,14,0,0.8666666666666667,0.9333333333333333,null,null,0,0.26322793336585165,57dc33cac810a66f1c276b8dc68466a2562826bfa3d96a19a4e94af56fd0392a,033b6eaea71b3084ca043902f6ba03b6487bf1762a9180963357103097d172cc
sues200,sues200_uav_150m_to_satellite,3,full,4000,15,0,0.9333333333333333,1,null,null,0,0.26322793336585165,57dc33cac810a66f1c276b8dc68466a2562826bfa3d96a19a4e94af56fd0392a,033b6eaea71b3084ca043902f6ba03b6487bf1762a9180963357103097d172cc
sues200,sues200_satellite_to_uav_150m,1,visual,80,1,80,0,0.06666666666666667,0.5375,0.0046874329447746275,0.5328125670552254,0.5328125670552254,a0024554fabfdcd03efe8d46da3c80414baa16d26cf6a40d05e521ce55eeaddc,033b6eaea71b3084ca043902f6ba03b6487bf1762a9180963357103097d172cc
sues200,sues200_satellite_to_uav_150m,1,visual,80,2,0,0.06666666666666667,0.13333333333333333,null,null,0,0.5328125670552254,a0024554fabfdcd03efe8d46da3c80414baa16d26cf6a40d05e521ce55eeaddc,033b6eaea71b3084ca043902f6ba03b6487bf1762a9180963357103097d172cc
sues200,sues200_satellite_to_uav_150m,1,visual,80,3,0,0.13333333333333333,0.2,null,null,0,0.5328125670552254,a0024554fabfdcd03efe8d46da3c80414baa16d26cf6a40d05e521ce55eeaddc,033b6eaea71b3084ca043902f6ba03b6487bf1762a9180963357103097d172cc
sues200,sues200_satellite_to_uav_150m,1,visual,80,4,0,0.2,0.26666666666666666,null,null,0,0.5328125670552254,a0024554fabfdcd03efe8d46da3c80414baa16d26cf6a40d05e521ce55eeaddc,033b6eaea71b3084ca043902f6ba03b6487bf1762a9180963357103097d172cc
sues200,sues200_satellite_to_uav_150m,1,visual,80,5,0,0.26666666666666666,0.3333333333333333,null,null,0,0.5328125670552254,a0024554fabfdcd03efe8d46da3c80414baa16d26cf6a40d05e521ce55eeaddc,033b6eaea71b3084ca043902f6ba03b6487bf1762a9180963357103097d172cc
sues200,sues200_satellite_to_uav_150m,1,visual,80,6,0,0.3333333333333333,0.4,null,null,0,0.5328125670552254,a0024554fabfdcd03efe8d46da3c80414baa16d26cf6a40d05e521ce55eeaddc,033b6eaea71b3084ca043902f6ba03b6487bf1762a9180963357103097d172cc
sues200,sues200_satellite_to_uav_150m,1,visual,80,7,0,0.4,0.4666666666666667,null,null,0,0.5328125670552254,a0024554fabfdcd03efe8d46da3c80414baa16d26cf6a40d05e521ce55eeaddc,033b6eaea71b3084ca043902f6ba03b6487bf1762a9180963357103097d172cc
sues200,sues200_satellite_to_uav_150m,1,visual,80,8,0,0.4666666666666667,0.5333333333333333,null,null,0,0.5328125670552254,a0024554fabfdcd03efe8d46da3c80414baa16d26cf6a40d05e521ce55eeaddc,033b6eaea71b3084ca043902f6ba03b6487bf1762a9180963357103097d172cc
sues200,sues200_satellite_to_uav_150m,1,visual,80,9,0,0.5333333333333333,0.6,null,null,0,0.5328125670552254,a0024554fabfdcd03efe8d46da3c80414baa16d26cf6a40d05e521ce55eeaddc,033b6eaea71b3084ca043902f6ba03b6487bf1762a9180963357103097d172cc
sues200,sues200_satellite_to_uav_150m,1,visual,80,10,0,0.6,0.6666666666666666,null,null,0,0.5328125670552254,a0024554fabfdcd03efe8d46da3c80414baa16d26cf6a40d05e521ce55eeaddc,033b6eaea71b3084ca043902f6ba03b6487bf1762a9180963357103097d172cc
sues200,sues200_satellite_to_uav_150m,1,visual,80,11,0,0.6666666666666666,0.7333333333333333,null,null,0,0.5328125670552254,a0024554fabfdcd03efe8d46da3c80414baa16d26cf6a40d05e521ce55eeaddc,033b6eaea71b3084ca043902f6ba03b6487bf1762a9180963357103097d172cc
sues200,sues200_satellite_to_uav_150m,1,visual,80,12,0,0.7333333333333333,0.8,null,null,0,0.5328125670552254,a0024554fabfdcd03efe8d46da3c80414baa16d26cf6a40d05e521ce55eeaddc,033b6eaea71b3084ca043902f6ba03b6487bf1762a9180963357103097d172cc
sues200,sues200_satellite_to_uav_150m,1,visual,80,13,0,0.8,0.8666666666666667,null,null,0,0.5328125670552254,a0024554fabfdcd03efe8d46da3c80414baa16d26cf6a40d05e521ce55eeaddc,033b6eaea71b3084ca043902f6ba03b6487bf1762a9180963357103097d172cc
sues200,sues200_satellite_to_uav_150m,1,visual,80,14,0,0.8666666666666667,0.9333333333333333,null,null,0,0.5328125670552254,a0024554fabfdcd03efe8d46da3c80414baa16d26cf6a40d05e521ce55eeaddc,033b6eaea71b3084ca043902f6ba03b6487bf1762a9180963357103097d172cc
sues200,sues200_satellite_to_uav_150m,1,visual,80,15,0,0.9333333333333333,1,null,null,0,0.5328125670552254,a0024554fabfdcd03efe8d46da3c80414baa16d26cf6a40d05e521ce55eeaddc,033b6eaea71b3084ca043902f6ba03b6487bf1762a9180963357103097d172cc
sues200,sues200_satellite_to_uav_150m,1,full,80,1,80,0,0.06666666666666667,0.475,0.005783560499548912,0.46921643950045105,0.46921643950045105,a0024554fabfdcd03efe8d46da3c80414baa16d26cf6a40d05e521ce55eeaddc,033b6eaea71b3084ca043902f6ba03b6487bf1762a9180963357103097d172cc
sues200,sues200_satellite_to_uav_150m,1,full,80,2,0,0.06666666666666667,0.13333333333333333,null,null,0,0.46921643950045105,a0024554fabfdcd03efe8d46da3c80414baa16d26cf6a40d05e521ce55eeaddc,033b6eaea71b3084ca043902f6ba03b6487bf1762a9180963357103097d172cc
sues200,sues200_satellite_to_uav_150m,1,full,80,3,0,0.13333333333333333,0.2,null,null,0,0.46921643950045105,a0024554fabfdcd03efe8d46da3c80414baa16d26cf6a40d05e521ce55eeaddc,033b6eaea71b3084ca043902f6ba03b6487bf1762a9180963357103097d172cc
sues200,sues200_satellite_to_uav_150m,1,full,80,4,0,0.2,0.26666666666666666,null,null,0,0.46921643950045105,a0024554fabfdcd03efe8d46da3c80414baa16d26cf6a40d05e521ce55eeaddc,033b6eaea71b3084ca043902f6ba03b6487bf1762a9180963357103097d172cc
sues200,sues200_satellite_to_uav_150m,1,full,80,5,0,0.26666666666666666,0.3333333333333333,null,null,0,0.46921643950045105,a0024554fabfdcd03efe8d46da3c80414baa16d26cf6a40d05e521ce55eeaddc,033b6eaea71b3084ca043902f6ba03b6487bf1762a9180963357103097d172cc
sues200,sues200_satellite_to_uav_150m,1,full,80,6,0,0.3333333333333333,0.4,null,null,0,0.46921643950045105,a0024554fabfdcd03efe8d46da3c80414baa16d26cf6a40d05e521ce55eeaddc,033b6eaea71b3084ca043902f6ba03b6487bf1762a9180963357103097d172cc
sues200,sues200_satellite_to_uav_150m,1,full,80,7,0,0.4,0.4666666666666667,null,null,0,0.46921643950045105,a0024554fabfdcd03efe8d46da3c80414baa16d26cf6a40d05e521ce55eeaddc,033b6eaea71b3084ca043902f6ba03b6487bf1762a9180963357103097d172cc
sues200,sues200_satellite_to_uav_150m,1,full,80,8,0,0.4666666666666667,0.5333333333333333,null,null,0,0.46921643950045105,a0024554fabfdcd03efe8d46da3c80414baa16d26cf6a40d05e521ce55eeaddc,033b6eaea71b3084ca043902f6ba03b6487bf1762a9180963357103097d172cc
sues200,sues200_satellite_to_uav_150m,1,full,80,9,0,0.5333333333333333,0.6,null,null,0,0.46921643950045105,a0024554fabfdcd03efe8d46da3c80414baa16d26cf6a40d05e521ce55eeaddc,033b6eaea71b3084ca043902f6ba03b6487bf1762a9180963357103097d172cc
sues200,sues200_satellite_to_uav_150m,1,full,80,10,0,0.6,0.6666666666666666,null,null,0,0.46921643950045105,a0024554fabfdcd03efe8d46da3c80414baa16d26cf6a40d05e521ce55eeaddc,033b6eaea71b3084ca043902f6ba03b6487bf1762a9180963357103097d172cc
sues200,sues200_satellite_to_uav_150m,1,full,80,11,0,0.6666666666666666,0.7333333333333333,null,null,0,0.46921643950045105,a0024554fabfdcd03efe8d46da3c80414baa16d26cf6a40d05e521ce55eeaddc,033b6eaea71b3084ca043902f6ba03b6487bf1762a9180963357103097d172cc
sues200,sues200_satellite_to_uav_150m,1,full,80,12,0,0.7333333333333333,0.8,null,null,0,0.46921643950045105,a0024554fabfdcd03efe8d46da3c80414baa16d26cf6a40d05e521ce55eeaddc,033b6eaea71b3084ca043902f6ba03b6487bf1762a9180963357103097d172cc
sues200,sues200_satellite_to_uav_150m,1,full,80,13,0,0.8,0.8666666666666667,null,null,0,0.46921643950045105,a0024554fabfdcd03efe8d46da3c80414baa16d26cf6a40d05e521ce55eeaddc,033b6eaea71b3084ca043902f6ba03b6487bf1762a9180963357103097d172cc
sues200,sues200_satellite_to_uav_150m,1,full,80,14,0,0.8666666666666667,0.9333333333333333,null,null,0,0.46921643950045105,a0024554fabfdcd03efe8d46da3c80414baa16d26cf6a40d05e521ce55eeaddc,033b6eaea71b3084ca043902f6ba03b6487bf1762a9180963357103097d172cc
sues200,sues200_satellite_to_uav_150m,1,full,80,15,0,0.9333333333333333,1,null,null,0,0.46921643950045105,a0024554fabfdcd03efe8d46da3c80414baa16d26cf6a40d05e521ce55eeaddc,033b6eaea71b3084ca043902f6ba03b6487bf1762a9180963357103097d172cc
sues200,sues200_satellite_to_uav_150m,2,visual,80,1,80,0,0.06666666666666667,0.575,0.006751430407166481,0.5682485695928334,0.5682485695928334,a0024554fabfdcd03efe8d46da3c80414baa16d26cf6a40d05e521ce55eeaddc,033b6eaea71b3084ca043902f6ba03b6487bf1762a9180963357103097d172cc
sues200,sues200_satellite_to_uav_150m,2,visual,80,2,0,0.06666666666666667,0.13333333333333333,null,null,0,0.5682485695928334,a0024554fabfdcd03efe8d46da3c80414baa16d26cf6a40d05e521ce55eeaddc,033b6eaea71b3084ca043902f6ba03b6487bf1762a9180963357103097d172cc
sues200,sues200_satellite_to_uav_150m,2,visual,80,3,0,0.13333333333333333,0.2,null,null,0,0.5682485695928334,a0024554fabfdcd03efe8d46da3c80414baa16d26cf6a40d05e521ce55eeaddc,033b6eaea71b3084ca043902f6ba03b6487bf1762a9180963357103097d172cc
sues200,sues200_satellite_to_uav_150m,2,visual,80,4,0,0.2,0.26666666666666666,null,null,0,0.5682485695928334,a0024554fabfdcd03efe8d46da3c80414baa16d26cf6a40d05e521ce55eeaddc,033b6eaea71b3084ca043902f6ba03b6487bf1762a9180963357103097d172cc
sues200,sues200_satellite_to_uav_150m,2,visual,80,5,0,0.26666666666666666,0.3333333333333333,null,null,0,0.5682485695928334,a0024554fabfdcd03efe8d46da3c80414baa16d26cf6a40d05e521ce55eeaddc,033b6eaea71b3084ca043902f6ba03b6487bf1762a9180963357103097d172cc
sues200,sues200_satellite_to_uav_150m,2,visual,80,6,0,0.3333333333333333,0.4,null,null,0,0.5682485695928334,a0024554fabfdcd03efe8d46da3c80414baa16d26cf6a40d05e521ce55eeaddc,033b6eaea71b3084ca043902f6ba03b6487bf1762a9180963357103097d172cc
sues200,sues200_satellite_to_uav_150m,2,visual,80,7,0,0.4,0.4666666666666667,null,null,0,0.5682485695928334,a0024554fabfdcd03efe8d46da3c80414baa16d26cf6a40d05e521ce55eeaddc,033b6eaea71b3084ca043902f6ba03b6487bf1762a9180963357103097d172cc
sues200,sues200_satellite_to_uav_150m,2,visual,80,8,0,0.4666666666666667,0.5333333333333333,null,null,0,0.5682485695928334,a0024554fabfdcd03efe8d46da3c80414baa16d26cf6a40d05e521ce55eeaddc,033b6eaea71b3084ca043902f6ba03b6487bf1762a9180963357103097d172cc
sues200,sues200_satellite_to_uav_150m,2,visual,80,9,0,0.5333333333333333,0.6,null,null,0,0.5682485695928334,a0024554fabfdcd03efe8d46da3c80414baa16d26cf6a40d05e521ce55eeaddc,033b6eaea71b3084ca043902f6ba03b6487bf1762a9180963357103097d172cc
sues200,sues200_satellite_to_uav_150m,2,visual,80,10,0,0.6,0.6666666666666666,null,null,0,0.5682485695928334,a0024554fabfdcd03efe8d46da3c80414baa16d26cf6a40d05e521ce55eeaddc,033b6eaea71b3084ca043902f6ba03b6487bf1762a9180963357103097d172cc
sues200,sues200_satellite_to_uav_150m,2,visual,80,11,0,0.6666666666666666,0.7333333333333333,null,null,0,0.5682485695928334,a0024554fabfdcd03efe8d46da3c80414baa16d26cf6a40d05e521ce55eeaddc,033b6eaea71b3084ca043902f6ba03b6487bf1762a9180963357103097d172cc
sues200,sues200_satellite_to_uav_150m,2,visual,80,12,0,0.7333333333333333,0.8,null,null,0,0.5682485695928334,a0024554fabfdcd03efe8d46da3c80414baa16d26cf6a40d05e521ce55eeaddc,033b6eaea71b3084ca043902f6ba03b6487bf1762a9180963357103097d172cc
sues200,sues200_satellite_to_uav_150m,2,visual,80,13,0,0.8,0.8666666666666667,null,null,0,0.5682485695928334,a0024554fabfdcd03efe8d46da3c80414baa16d26cf6a40d05e521ce55eeaddc,033b6eaea71b3084ca043902f6ba03b6487bf1762a9180963357103097d172cc
sues200,sues200_satellite_to_uav_150m,2,visual,80,14,0,0.8666666666666667,0.9333333333333333,null,null,0,0.5682485695928334,a0024554fabfdcd03efe8d46da3c80414baa16d26cf6a40d05e521ce55eeaddc,033b6eaea71b3084ca043902f6ba03b6487bf1762a9180963357103097d172cc
sues200,sues200_satellite_to_uav_150m,2,visual,80,15,0,0.9333333333333333,1,null,null,0,0.5682485695928334,a0024554fabfdcd03efe8d46da3c80414baa16d26cf6a40d05e521ce55eeaddc,033b6eaea71b3084ca043902f6ba03b6487bf1762a9180963357103097d172cc
sues200,sues200_satellite_to_uav_150m,2,full,80,1,80,0,0.06666666666666667,0.475,0.005104400590062142,0.46989559940993786,0.46989559940993786,a0024554fabfdcd03efe8d46da3c80414baa16d26cf6a40d05e521ce55eeaddc,033b6eaea71b3084ca043902f6ba03b6487bf1762a9180963357103097d172cc
sues200,sues200_satellite_to_uav_150m,2,full,80,2,0,0.06666666666666667,0.13333333333333333,null,null,0,0.46989559940993786,a0024554fabfdcd03efe8d46da3c80414baa16d26cf6a40d05e521ce55eeaddc,033b6eaea71b3084ca043902f6ba03b6487bf1762a9180963357103097d172cc
sues200,sues200_satellite_to_uav_150m,2,full,80,3,0,0.13333333333333333,0.2,null,null,0,0.46989559940993786,a0024554fabfdcd03efe8d46da3c80414baa16d26cf6a40d05e521ce55eeaddc,033b6eaea71b3084ca043902f6ba03b6487bf1762a9180963357103097d172cc
sues200,sues200_satellite_to_uav_150m,2,full,80,4,0,0.2,0.26666666666666666,null,null,0,0.46989559940993786,a0024554fabfdcd03efe8d46da3c80414baa16d26cf6a40d05e521ce55eeaddc,033b6eaea71b3084ca043902f6ba03b6487bf1762a9180963357103097d172cc
sues200,sues200_satellite_to_uav_150m,2,full,80,5,0,0.26666666666666666,0.3333333333333333,null,null,0,0.46989559940993786,a0024554fabfdcd03efe8d46da3c80414baa16d26cf6a40d05e521ce55eeaddc,033b6eaea71b3084ca043902f6ba03b6487bf1762a9180963357103097d172cc
sues200,sues200_satellite_to_uav_150m,2,full,80,6,0,0.3333333333333333,0.4,null,null,0,0.46989559940993786,a0024554fabfdcd03efe8d46da3c80414baa16d26cf6a40d05e521ce55eeaddc,033b6eaea71b3084ca043902f6ba03b6487bf1762a9180963357103097d172cc
sues200,sues200_satellite_to_uav_150m,2,full,80,7,0,0.4,0.4666666666666667,null,null,0,0.46989559940993786,a0024554fabfdcd03efe8d46da3c80414baa16d26cf6a40d05e521ce55eeaddc,033b6eaea71b3084ca043902f6ba03b6487bf1762a9180963357103097d172cc
sues200,sues200_satellite_to_uav_150m,2,full,80,8,0,0.4666666666666667,0.5333333333333333,null,null,0,0.46989559940993786,a0024554fabfdcd03efe8d46da3c80414baa16d26cf6a40d05e521ce55eeaddc,033b6eaea71b3084ca043902f6ba03b6487bf1762a9180963357103097d172cc
sues200,sues200_satellite_to_uav_150m,2,full,80,9,0,0.5333333333333333,0.6,null,null,0,0.46989559940993786,a0024554fabfdcd03efe8d46da3c80414baa16d26cf6a40d05e521ce55eeaddc,033b6eaea71b3084ca043902f6ba03b6487bf1762a9180963357103097d172cc
sues200,sues200_satellite_to_uav_150m,2,full,80,10,0,0.6,0.6666666666666666,null,null,0,0.46989559940993786,a0024554fabfdcd03efe8d46da3c80414baa16d26cf6a40d05e521ce55eeaddc,033b6eaea71b3084ca043902f6ba03b6487bf1762a9180963357103097d172cc
sues200,sues200_satellite_to_uav_150m,2,full,80,11,0,0.6666666666666666,0.7333333333333333,null,null,0,0.46989559940993786,a0024554fabfdcd03efe8d46da3c80414baa16d26cf6a40d05e521ce55eeaddc,033b6eaea71b3084ca043902f6ba03b6487bf1762a9180963357103097d172cc
sues200,sues200_satellite_to_uav_150m,2,full,80,12,0,0.7333333333333333,0.8,null,null,0,0.46989559940993786,a0024554fabfdcd03efe8d46da3c80414baa16d26cf6a40d05e521ce55eeaddc,033b6eaea71b3084ca043902f6ba03b6487bf1762a9180963357103097d172cc
sues200,sues200_satellite_to_uav_150m,2,full,80,13,0,0.8,0.8666666666666667,null,null,0,0.46989559940993786,a0024554fabfdcd03efe8d46da3c80414baa16d26cf6a40d05e521ce55eeaddc,033b6eaea71b3084ca043902f6ba03b6487bf1762a9180963357103097d172cc
sues200,sues200_satellite_to_uav_150m,2,full,80,14,0,0.8666666666666667,0.9333333333333333,null,null,0,0.46989559940993786,a0024554fabfdcd03efe8d46da3c80414baa16d26cf6a40d05e521ce55eeaddc,033b6eaea71b3084ca043902f6ba03b6487bf1762a9180963357103097d172cc
sues200,sues200_satellite_to_uav_150m,2,full,80,15,0,0.9333333333333333,1,null,null,0,0.46989559940993786,a0024554fabfdcd03efe8d46da3c80414baa16d26cf6a40d05e521ce55eeaddc,033b6eaea71b3084ca043902f6ba03b6487bf1762a9180963357103097d172cc
sues200,sues200_satellite_to_uav_150m,3,visual,80,1,80,0,0.06666666666666667,0.6125,0.00570012591779232,0.6067998740822077,0.6067998740822077,a0024554fabfdcd03efe8d46da3c80414baa16d26cf6a40d05e521ce55eeaddc,033b6eaea71b3084ca043902f6ba03b6487bf1762a9180963357103097d172cc
sues200,sues200_satellite_to_uav_150m,3,visual,80,2,0,0.06666666666666667,0.13333333333333333,null,null,0,0.6067998740822077,a0024554fabfdcd03efe8d46da3c80414baa16d26cf6a40d05e521ce55eeaddc,033b6eaea71b3084ca043902f6ba03b6487bf1762a9180963357103097d172cc
sues200,sues200_satellite_to_uav_150m,3,visual,80,3,0,0.13333333333333333,0.2,null,null,0,0.6067998740822077,a0024554fabfdcd03efe8d46da3c80414baa16d26cf6a40d05e521ce55eeaddc,033b6eaea71b3084ca043902f6ba03b6487bf1762a9180963357103097d172cc
sues200,sues200_satellite_to_uav_150m,3,visual,80,4,0,0.2,0.26666666666666666,null,null,0,0.6067998740822077,a0024554fabfdcd03efe8d46da3c80414baa16d26cf6a40d05e521ce55eeaddc,033b6eaea71b3084ca043902f6ba03b6487bf1762a9180963357103097d172cc
sues200,sues200_satellite_to_uav_150m,3,visual,80,5,0,0.26666666666666666,0.3333333333333333,null,null,0,0.6067998740822077,a0024554fabfdcd03efe8d46da3c80414baa16d26cf6a40d05e521ce55eeaddc,033b6eaea71b3084ca043902f6ba03b6487bf1762a9180963357103097d172cc
sues200,sues200_satellite_to_uav_150m,3,visual,80,6,0,0.3333333333333333,0.4,null,null,0,0.6067998740822077,a0024554fabfdcd03efe8d46da3c80414baa16d26cf6a40d05e521ce55eeaddc,033b6eaea71b3084ca043902f6ba03b6487bf1762a9180963357103097d172cc
sues200,sues200_satellite_to_uav_150m,3,visual,80,7,0,0.4,0.4666666666666667,null,null,0,0.6067998740822077,a0024554fabfdcd03efe8d46da3c80414baa16d26cf6a40d05e521ce55eeaddc,033b6eaea71b3084ca043902f6ba03b6487bf1762a9180963357103097d172cc
sues200,sues200_satellite_to_uav_150m,3,visual,80,8,0,0.4666666666666667,0.5333333333333333,null,null,0,0.6067998740822077,a0024554fabfdcd03efe8d46da3c80414baa16d26cf6a40d05e521ce55eeaddc,033b6eaea71b3084ca043902f6ba03b6487bf1762a9180963357103097d172cc
sues200,sues200_satellite_to_uav_150m,3,visual,80,9,0,0.5333333333333333,0.6,null,null,0,0.6067998740822077,a0024554fabfdcd03efe8d46da3c80414baa16d26cf6a40d05e521ce55eeaddc,033b6eaea71b3084ca043902f6ba03b6487bf1762a9180963357103097d172cc
sues200,sues200_satellite_to_uav_150m,3,visual,80,10,0,0.6,0.6666666666666666,null,null,0,0.6067998740822077,a0024554fabfdcd03efe8d46da3c80414baa16d26cf6a40d05e521ce55eeaddc,033b6eaea71b3084ca043902f6ba03b6487bf1762a9180963357103097d172cc
sues200,sues200_satellite_to_uav_150m,3,visual,80,11,0,0.6666666666666666,0.7333333333333333,null,null,0,0.6067998740822077,a0024554fabfdcd03efe8d46da3c80414baa16d26cf6a40d05e521ce55eeaddc,033b6eaea71b3084ca043902f6ba03b6487bf1762a9180963357103097d172cc
sues200,sues200_satellite_to_uav_150m,3,visual,80,12,0,0.7333333333333333,0.8,null,null,0,0.6067998740822077,a0024554fabfdcd03efe8d46da3c80414baa16d26cf6a40d05e521ce55eeaddc,033b6eaea71b3084ca043902f6ba03b6487bf1762a9180963357103097d172cc
sues200,sues200_satellite_to_uav_150m,3,visual,80,13,0,0.8,0.8666666666666667,null,null,0,0.6067998740822077,a0024554fabfdcd03efe8d46da3c80414baa16d26cf6a40d05e521ce55eeaddc,033b6eaea71b3084ca043902f6ba03b6487bf1762a9180963357103097d172cc
sues200,sues200_satellite_to_uav_150m,3,visual,80,14,0,0.8666666666666667,0.9333333333333333,null,null,0,0.6067998740822077,a0024554fabfdcd03efe8d46da3c80414baa16d26cf6a40d05e521ce55eeaddc,033b6eaea71b3084ca043902f6ba03b6487bf1762a9180963357103097d172cc
sues200,sues200_satellite_to_uav_150m,3,visual,80,15,0,0.9333333333333333,1,null,null,0,0.6067998740822077,a0024554fabfdcd03efe8d46da3c80414baa16d26cf6a40d05e521ce55eeaddc,033b6eaea71b3084ca043902f6ba03b6487bf1762a9180963357103097d172cc
sues200,sues200_satellite_to_uav_150m,3,full,80,1,80,0,0.06666666666666667,0.4875,0.005571958795189858,0.48192804120481014,0.48192804120481014,a0024554fabfdcd03efe8d46da3c80414baa16d26cf6a40d05e521ce55eeaddc,033b6eaea71b3084ca043902f6ba03b6487bf1762a9180963357103097d172cc
sues200,sues200_satellite_to_uav_150m,3,full,80,2,0,0.06666666666666667,0.13333333333333333,null,null,0,0.48192804120481014,a0024554fabfdcd03efe8d46da3c80414baa16d26cf6a40d05e521ce55eeaddc,033b6eaea71b3084ca043902f6ba03b6487bf1762a9180963357103097d172cc
sues200,sues200_satellite_to_uav_150m,3,full,80,3,0,0.13333333333333333,0.2,null,null,0,0.48192804120481014,a0024554fabfdcd03efe8d46da3c80414baa16d26cf6a40d05e521ce55eeaddc,033b6eaea71b3084ca043902f6ba03b6487bf1762a9180963357103097d172cc
sues200,sues200_satellite_to_uav_150m,3,full,80,4,0,0.2,0.26666666666666666,null,null,0,0.48192804120481014,a0024554fabfdcd03efe8d46da3c80414baa16d26cf6a40d05e521ce55eeaddc,033b6eaea71b3084ca043902f6ba03b6487bf1762a9180963357103097d172cc
sues200,sues200_satellite_to_uav_150m,3,full,80,5,0,0.26666666666666666,0.3333333333333333,null,null,0,0.48192804120481014,a0024554fabfdcd03efe8d46da3c80414baa16d26cf6a40d05e521ce55eeaddc,033b6eaea71b3084ca043902f6ba03b6487bf1762a9180963357103097d172cc
sues200,sues200_satellite_to_uav_150m,3,full,80,6,0,0.3333333333333333,0.4,null,null,0,0.48192804120481014,a0024554fabfdcd03efe8d46da3c80414baa16d26cf6a40d05e521ce55eeaddc,033b6eaea71b3084ca043902f6ba03b6487bf1762a9180963357103097d172cc
sues200,sues200_satellite_to_uav_150m,3,full,80,7,0,0.4,0.4666666666666667,null,null,0,0.48192804120481014,a0024554fabfdcd03efe8d46da3c80414baa16d26cf6a40d05e521ce55eeaddc,033b6eaea71b3084ca043902f6ba03b6487bf1762a9180963357103097d172cc
sues200,sues200_satellite_to_uav_150m,3,full,80,8,0,0.4666666666666667,0.5333333333333333,null,null,0,0.48192804120481014,a0024554fabfdcd03efe8d46da3c80414baa16d26cf6a40d05e521ce55eeaddc,033b6eaea71b3084ca043902f6ba03b6487bf1762a9180963357103097d172cc
sues200,sues200_satellite_to_uav_150m,3,full,80,9,0,0.5333333333333333,0.6,null,null,0,0.48192804120481014,a0024554fabfdcd03efe8d46da3c80414baa16d26cf6a40d05e521ce55eeaddc,033b6eaea71b3084ca043902f6ba03b6487bf1762a9180963357103097d172cc
sues200,sues200_satellite_to_uav_150m,3,full,80,10,0,0.6,0.6666666666666666,null,null,0,0.48192804120481014,a0024554fabfdcd03efe8d46da3c80414baa16d26cf6a40d05e521ce55eeaddc,033b6eaea71b3084ca043902f6ba03b6487bf1762a9180963357103097d172cc
sues200,sues200_satellite_to_uav_150m,3,full,80,11,0,0.6666666666666666,0.7333333333333333,null,null,0,0.48192804120481014,a0024554fabfdcd03efe8d46da3c80414baa16d26cf6a40d05e521ce55eeaddc,033b6eaea71b3084ca043902f6ba03b6487bf1762a9180963357103097d172cc
sues200,sues200_satellite_to_uav_150m,3,full,80,12,0,0.7333333333333333,0.8,null,null,0,0.48192804120481014,a0024554fabfdcd03efe8d46da3c80414baa16d26cf6a40d05e521ce55eeaddc,033b6eaea71b3084ca043902f6ba03b6487bf1762a9180963357103097d172cc
sues200,sues200_satellite_to_uav_150m,3,full,80,13,0,0.8,0.8666666666666667,null,null,0,0.48192804120481014,a0024554fabfdcd03efe8d46da3c80414baa16d26cf6a40d05e521ce55eeaddc,033b6eaea71b3084ca043902f6ba03b6487bf1762a9180963357103097d172cc
sues200,sues200_satellite_to_uav_150m,3,full,80,14,0,0.8666666666666667,0.9333333333333333,null,null,0,0.48192804120481014,a0024554fabfdcd03efe8d46da3c80414baa16d26cf6a40d05e521ce55eeaddc,033b6eaea71b3084ca043902f6ba03b6487bf1762a9180963357103097d172cc
sues200,sues200_satellite_to_uav_150m,3,full,80,15,0,0.9333333333333333,1,null,null,0,0.48192804120481014,a0024554fabfdcd03efe8d46da3c80414baa16d26cf6a40d05e521ce55eeaddc,033b6eaea71b3084ca043902f6ba03b6487bf1762a9180963357103097d172cc
sues200,sues200_uav_200m_to_satellite,1,visual,4000,1,3429,0,0.06666666666666667,0.3799941673957422,0.025934919336857966,0.30351729039847847,0.3792552728466689,1c63f0c6b60ebe4da0355b53ff295adff78f798586c3e712f31f03804171e221,033b6eaea71b3084ca043902f6ba03b6487bf1762a9180963357103097d172cc
sues200,sues200_uav_200m_to_satellite,1,visual,4000,2,537,0.06666666666666667,0.13333333333333333,0.6238361266294227,0.08763107391043082,0.07198552832752467,0.3792552728466689,1c63f0c6b60ebe4da0355b53ff295adff78f798586c3e712f31f03804171e221,033b6eaea71b3084ca043902f6ba03b6487bf1762a9180963357103097d172cc
sues200,sues200_uav_200m_to_satellite,1,visual,4000,3,34,0.13333333333333333,0.2,0.5882352941176471,0.14677010345108368,0.0037524541206657895,0.3792552728466689,1c63f0c6b60ebe4da0355b53ff295adff78f798586c3e712f31f03804171e221,033b6eaea71b3084ca043902f6ba03b6487bf1762a9180963357103097d172cc
sues200,sues200_uav_200m_to_satellite,1,visual,4000,4,0,0.2,0.26666666666666666,null,null,0,0.3792552728466689,1c63f0c6b60ebe4da0355b53ff295adff78f798586c3e712f31f03804171e221,033b6eaea71b3084ca043902f6ba03b6487bf1762a9180963357103097d172cc
sues200,sues200_uav_200m_to_satellite,1,visual,4000,5,0,0.26666666666666666,0.3333333333333333,null,null,0,0.3792552728466689,1c63f0c6b60ebe4da0355b53ff295adff78f798586c3e712f31f03804171e221,033b6eaea71b3084ca043902f6ba03b6487bf1762a9180963357103097d172cc
sues200,sues200_uav_200m_to_satellite,1,visual,4000,6,0,0.3333333333333333,0.4,null,null,0,0.3792552728466689,1c63f0c6b60ebe4da0355b53ff295adff78f798586c3e712f31f03804171e221,033b6eaea71b3084ca043902f6ba03b6487bf1762a9180963357103097d172cc
sues200,sues200_uav_200m_to_satellite,1,visual,4000,7,0,0.4,0.4666666666666667,null,null,0,0.3792552728466689,1c63f0c6b60ebe4da0355b53ff295adff78f798586c3e712f31f03804171e221,033b6eaea71b3084ca043902f6ba03b6487bf1762a9180963357103097d172cc
sues200,sues200_uav_200m_to_satellite,1,visual,4000,8,0,0.4666666666666667,0.5333333333333333,null,null,0,0.3792552728466689,1c63f0c6b60ebe4da0355b53ff295adff78f798586c3e712f31f03804171e221,033b6eaea71b3084ca043902f6ba03b6487bf1762a9180963357103097d172cc
sues200,sues200_uav_200m_to_satellite,1,visual,4000,9,0,0.5333333333333333,0.6,null,null,0,0.3792552728466689,1c63f0c6b60ebe4da0355b53ff295adff78f798586c3e712f31f03804171e221,033b6eaea71b3084ca043902f6ba03b6487bf1762a9180963357103097d172cc
sues200,sues200_uav_200m_to_satellite,1,visual,4000,10,0,0.6,0.6666666666666666,null,null,0,0.3792552728466689,1c63f0c6b60ebe4da0355b53ff295adff78f798586c3e712f31f03804171e221,033b6eaea71b3084ca043902f6ba03b6487bf1762a9180963357103097d172cc
sues200,sues200_uav_200m_to_satellite,1,visual,4000,11,0,0.6666666666666666,0.7333333333333333,null,null,0,0.3792552728466689,1c63f0c6b60ebe4da0355b53ff295adff78f798586c3e712f31f03804171e221,033b6eaea71b3084ca043902f6ba03b6487bf1762a9180963357103097d172cc
sues200,sues200_uav_200m_to_satellite,1,visual,4000,12,0,0.7333333333333333,0.8,null,null,0,0.3792552728466689,1c63f0c6b60ebe4da0355b53ff295adff78f798586c3e712f31f03804171e221,033b6eaea71b3084ca043902f6ba03b6487bf1762a9180963357103097d172cc
sues200,sues200_uav_200m_to_satellite,1,visual,4000,13,0,0.8,0.8666666666666667,null,null,0,0.3792552728466689,1c63f0c6b60ebe4da0355b53ff295adff78f798586c3e712f31f03804171e221,033b6eaea71b3084ca043902f6ba03b6487bf1762a9180963357103097d172cc
sues200,sues200_uav_200m_to_satellite,1,visual,4000,14,0,0.8666666666666667,0.9333333333333333,null,null,0,0.3792552728466689,1c63f0c6b60ebe4da0355b53ff295adff78f798586c3e712f31f03804171e221,033b6eaea71b3084ca043902f6ba03b6487bf1762a9180963357103097d172cc
sues200,sues200_uav_200m_to_satellite,1,visual,4000,15,0,0.9333333333333333,1,null,null,0,0.3792552728466689,1c63f0c6b60ebe4da0355b53ff295adff78f798586c3e712f31f03804171e221,033b6eaea71b3084ca043902f6ba03b6487bf1762a9180963357103097d172cc
sues200,sues200_uav_200m_to_satellite,1,full,4000,1,3435,0,0.06666666666666667,0.3007278020378457,0.023996935938817097,0.23764263126254084,0.29863987386971713,1c63f0c6b60ebe4da0355b53ff295adff78f798586c3e712f31f03804171e221,033b6eaea71b3084ca043902f6ba03b6487bf1762a9180963357103097d172cc
sues200,sues200_uav_200m_to_satellite,1,full,4000,2,546,0.06666666666666667,0.13333333333333333,0.532967032967033,0.08762246168358422,0.060789533980190755,0.29863987386971713,1c63f0c6b60ebe4da0355b53ff295adff78f798586c3e712f31f03804171e221,033b6eaea71b3084ca043902f6ba03b6487bf1762a9180963357103097d172cc
sues200,sues200_uav_200m_to_satellite,1,full,4000,3,18,0.13333333333333333,0.2,0.1111111111111111,0.14588387641641828,0.00015647744387388228,0.29863987386971713,1c63f0c6b60ebe4da0355b53ff295adff78f798586c3e712f31f03804171e221,033b6eaea71b3084ca043902f6ba03b6487bf1762a9180963357103097d172cc
sues200,sues200_uav_200m_to_satellite,1,full,4000,4,1,0.2,0.26666666666666666,0,0.20492473244667053,0.00005123118311166763,0.29863987386971713,1c63f0c6b60ebe4da0355b53ff295adff78f798586c3e712f31f03804171e221,033b6eaea71b3084ca043902f6ba03b6487bf1762a9180963357103097d172cc
sues200,sues200_uav_200m_to_satellite,1,full,4000,5,0,0.26666666666666666,0.3333333333333333,null,null,0,0.29863987386971713,1c63f0c6b60ebe4da0355b53ff295adff78f798586c3e712f31f03804171e221,033b6eaea71b3084ca043902f6ba03b6487bf1762a9180963357103097d172cc
sues200,sues200_uav_200m_to_satellite,1,full,4000,6,0,0.3333333333333333,0.4,null,null,0,0.29863987386971713,1c63f0c6b60ebe4da0355b53ff295adff78f798586c3e712f31f03804171e221,033b6eaea71b3084ca043902f6ba03b6487bf1762a9180963357103097d172cc
sues200,sues200_uav_200m_to_satellite,1,full,4000,7,0,0.4,0.4666666666666667,null,null,0,0.29863987386971713,1c63f0c6b60ebe4da0355b53ff295adff78f798586c3e712f31f03804171e221,033b6eaea71b3084ca043902f6ba03b6487bf1762a9180963357103097d172cc
sues200,sues200_uav_200m_to_satellite,1,full,4000,8,0,0.4666666666666667,0.5333333333333333,null,null,0,0.29863987386971713,1c63f0c6b60ebe4da0355b53ff295adff78f798586c3e712f31f03804171e221,033b6eaea71b3084ca043902f6ba03b6487bf1762a9180963357103097d172cc
sues200,sues200_uav_200m_to_satellite,1,full,4000,9,0,0.5333333333333333,0.6,null,null,0,0.29863987386971713,1c63f0c6b60ebe4da0355b53ff295adff78f798586c3e712f31f03804171e221,033b6eaea71b3084ca043902f6ba03b6487bf1762a9180963357103097d172cc
sues200,sues200_uav_200m_to_satellite,1,full,4000,10,0,0.6,0.6666666666666666,null,null,0,0.29863987386971713,1c63f0c6b60ebe4da0355b53ff295adff78f798586c3e712f31f03804171e221,033b6eaea71b3084ca043902f6ba03b6487bf1762a9180963357103097d172cc
sues200,sues200_uav_200m_to_satellite,1,full,4000,11,0,0.6666666666666666,0.7333333333333333,null,null,0,0.29863987386971713,1c63f0c6b60ebe4da0355b53ff295adff78f798586c3e712f31f03804171e221,033b6eaea71b3084ca043902f6ba03b6487bf1762a9180963357103097d172cc
sues200,sues200_uav_200m_to_satellite,1,full,4000,12,0,0.7333333333333333,0.8,null,null,0,0.29863987386971713,1c63f0c6b60ebe4da0355b53ff295adff78f798586c3e712f31f03804171e221,033b6eaea71b3084ca043902f6ba03b6487bf1762a9180963357103097d172cc
sues200,sues200_uav_200m_to_satellite,1,full,4000,13,0,0.8,0.8666666666666667,null,null,0,0.29863987386971713,1c63f0c6b60ebe4da0355b53ff295adff78f798586c3e712f31f03804171e221,033b6eaea71b3084ca043902f6ba03b6487bf1762a9180963357103097d172cc
sues200,sues200_uav_200m_to_satellite,1,full,4000,14,0,0.8666666666666667,0.9333333333333333,null,null,0,0.29863987386971713,1c63f0c6b60ebe4da0355b53ff295adff78f798586c3e712f31f03804171e221,033b6eaea71b3084ca043902f6ba03b6487bf1762a9180963357103097d172cc
sues200,sues200_uav_200m_to_satellite,1,full,4000,15,0,0.9333333333333333,1,null,null,0,0.29863987386971713,1c63f0c6b60ebe4da0355b53ff295adff78f798586c3e712f31f03804171e221,033b6eaea71b3084ca043902f6ba03b6487bf1762a9180963357103097d172cc
sues200,sues200_uav_200m_to_satellite,2,visual,4000,1,3419,0,0.06666666666666667,0.389880081895291,0.02532020557271908,0.3116075542867183,0.3924115358293056,1c63f0c6b60ebe4da0355b53ff295adff78f798586c3e712f31f03804171e221,033b6eaea71b3084ca043902f6ba03b6487bf1762a9180963357103097d172cc
sues200,sues200_uav_200m_to_satellite,2,visual,4000,2,551,0.06666666666666667,0.13333333333333333,0.6696914700544465,0.08779704459890479,0.08015595710650088,0.3924115358293056,1c63f0c6b60ebe4da0355b53ff295adff78f798586c3e712f31f03804171e221,033b6eaea71b3084ca043902f6ba03b6487bf1762a9180963357103097d172cc
sues200,sues200_uav_200m_to_satellite,2,visual,4000,3,30,0.13333333333333333,0.2,0.23333333333333334,0.14693007518847784,0.0006480244360864162,0.3924115358293056,1c63f0c6b60ebe4da0355b53ff295adff78f798586c3e712f31f03804171e221,033b6eaea71b3084ca043902f6ba03b6487bf1762a9180963357103097d172cc
sues200,sues200_uav_200m_to_satellite,2,visual,4000,4,0,0.2,0.26666666666666666,null,null,0,0.3924115358293056,1c63f0c6b60ebe4da0355b53ff295adff78f798586c3e712f31f03804171e221,033b6eaea71b3084ca043902f6ba03b6487bf1762a9180963357103097d172cc
sues200,sues200_uav_200m_to_satellite,2,visual,4000,5,0,0.26666666666666666,0.3333333333333333,null,null,0,0.3924115358293056,1c63f0c6b60ebe4da0355b53ff295adff78f798586c3e712f31f03804171e221,033b6eaea71b3084ca043902f6ba03b6487bf1762a9180963357103097d172cc
sues200,sues200_uav_200m_to_satellite,2,visual,4000,6,0,0.3333333333333333,0.4,null,null,0,0.3924115358293056,1c63f0c6b60ebe4da0355b53ff295adff78f798586c3e712f31f03804171e221,033b6eaea71b3084ca043902f6ba03b6487bf1762a9180963357103097d172cc
sues200,sues200_uav_200m_to_satellite,2,visual,4000,7,0,0.4,0.4666666666666667,null,null,0,0.3924115358293056,1c63f0c6b60ebe4da0355b53ff295adff78f798586c3e712f31f03804171e221,033b6eaea71b3084ca043902f6ba03b6487bf1762a9180963357103097d172cc
sues200,sues200_uav_200m_to_satellite,2,visual,4000,8,0,0.4666666666666667,0.5333333333333333,null,null,0,0.3924115358293056,1c63f0c6b60ebe4da0355b53ff295adff78f798586c3e712f31f03804171e221,033b6eaea71b3084ca043902f6ba03b6487bf1762a9180963357103097d172cc
sues200,sues200_uav_200m_to_satellite,2,visual,4000,9,0,0.5333333333333333,0.6,null,null,0,0.3924115358293056,1c63f0c6b60ebe4da0355b53ff295adff78f798586c3e712f31f03804171e221,033b6eaea71b3084ca043902f6ba03b6487bf1762a9180963357103097d172cc
sues200,sues200_uav_200m_to_satellite,2,visual,4000,10,0,0.6,0.6666666666666666,null,null,0,0.3924115358293056,1c63f0c6b60ebe4da0355b53ff295adff78f798586c3e712f31f03804171e221,033b6eaea71b3084ca043902f6ba03b6487bf1762a9180963357103097d172cc
sues200,sues200_uav_200m_to_satellite,2,visual,4000,11,0,0.6666666666666666,0.7333333333333333,null,null,0,0.3924115358293056,1c63f0c6b60ebe4da0355b53ff295adff78f798586c3e712f31f03804171e221,033b6eaea71b3084ca043902f6ba03b6487bf1762a9180963357103097d172cc
sues200,sues200_uav_200m_to_satellite,2,visual,4000,12,0,0.7333333333333333,0.8,null,null,0,0.3924115358293056,1c63f0c6b60ebe4da0355b53ff295adff78f798586c3e712f31f03804171e221,033b6eaea71b3084ca043902f6ba03b6487bf1762a9180963357103097d172cc
sues200,sues200_uav_200m_to_satellite,2,visual,4000,13,0,0.8,0.8666666666666667,null,null,0,0.3924115358293056,1c63f0c6b60ebe4da0355b53ff295adff78f798586c3e712f31f03804171e221,033b6eaea71b3084ca043902f6ba03b6487bf1762a9180963357103097d172cc
sues200,sues200_uav_200m_to_satellite,2,visual,4000,14,0,0.8666666666666667,0.9333333333333333,null,null,0,0.3924115358293056,1c63f0c6b60ebe4da0355b53ff295adff78f798586c3e712f31f03804171e221,033b6eaea71b3084ca043902f6ba03b6487bf1762a9180963357103097d172cc
sues200,sues200_uav_200m_to_satellite,2,visual,4000,15,0,0.9333333333333333,1,null,null,0,0.3924115358293056,1c63f0c6b60ebe4da0355b53ff295adff78f798586c3e712f31f03804171e221,033b6eaea71b3084ca043902f6ba03b6487bf1762a9180963357103097d172cc
sues200,sues200_uav_200m_to_satellite,2,full,4000,1,3449,0,0.06666666666666667,0.2989272252826906,0.024925987442772298,0.23625756732746955,0.29329227088391774,1c63f0c6b60ebe4da0355b53ff295adff78f798586c3e712f31f03804171e221,033b6eaea71b3084ca043902f6ba03b6487bf1762a9180963357103097d172cc
sues200,sues200_uav_200m_to_satellite,2,full,4000,2,519,0.06666666666666667,0.13333333333333333,0.51252408477842,0.08903640827347088,0.05494752602651716,0.29329227088391774,1c63f0c6b60ebe4da0355b53ff295adff78f798586c3e712f31f03804171e221,033b6eaea71b3084ca043902f6ba03b6487bf1762a9180963357103097d172cc
sues200,sues200_uav_200m_to_satellite,2,full,4000,3,29,0.13333333333333333,0.2,0.41379310344827586,0.1495398560474659,0.0019158360436558723,0.29329227088391774,1c63f0c6b60ebe4da0355b53ff295adff78f798586c3e712f31f03804171e221,033b6eaea71b3084ca043902f6ba03b6487bf1762a9180963357103097d172cc
sues200,sues200_uav_200m_to_satellite,2,full,4000,4,3,0.2,0.26666666666666666,0,0.22845531503359476,0.00017134148627519607,0.29329227088391774,1c63f0c6b60ebe4da0355b53ff295adff78f798586c3e712f31f03804171e221,033b6eaea71b3084ca043902f6ba03b6487bf1762a9180963357103097d172cc
sues200,sues200_uav_200m_to_satellite,2,full,4000,5,0,0.26666666666666666,0.3333333333333333,null,null,0,0.29329227088391774,1c63f0c6b60ebe4da0355b53ff295adff78f798586c3e712f31f03804171e221,033b6eaea71b3084ca043902f6ba03b6487bf1762a9180963357103097d172cc
sues200,sues200_uav_200m_to_satellite,2,full,4000,6,0,0.3333333333333333,0.4,null,null,0,0.29329227088391774,1c63f0c6b60ebe4da0355b53ff295adff78f798586c3e712f31f03804171e221,033b6eaea71b3084ca043902f6ba03b6487bf1762a9180963357103097d172cc
sues200,sues200_uav_200m_to_satellite,2,full,4000,7,0,0.4,0.4666666666666667,null,null,0,0.29329227088391774,1c63f0c6b60ebe4da0355b53ff295adff78f798586c3e712f31f03804171e221,033b6eaea71b3084ca043902f6ba03b6487bf1762a9180963357103097d172cc
sues200,sues200_uav_200m_to_satellite,2,full,4000,8,0,0.4666666666666667,0.5333333333333333,null,null,0,0.29329227088391774,1c63f0c6b60ebe4da0355b53ff295adff78f798586c3e712f31f03804171e221,033b6eaea71b3084ca043902f6ba03b6487bf1762a9180963357103097d172cc
sues200,sues200_uav_200m_to_satellite,2,full,4000,9,0,0.5333333333333333,0.6,null,null,0,0.29329227088391774,1c63f0c6b60ebe4da0355b53ff295adff78f798586c3e712f31f03804171e221,033b6eaea71b3084ca043902f6ba03b6487bf1762a9180963357103097d172cc
sues200,sues200_uav_200m_to_satellite,2,full,4000,10,0,0.6,0.6666666666666666,null,null,0,0.29329227088391774,1c63f0c6b60ebe4da0355b53ff295adff78f798586c3e712f31f03804171e221,033b6eaea71b3084ca043902f6ba03b6487bf1762a9180963357103097d172cc
sues200,sues200_uav_200m_to_satellite,2,full,4000,11,0,0.6666666666666666,0.7333333333333333,null,null,0,0.29329227088391774,1c63f0c6b60ebe4da0355b53ff295adff78f798586c3e712f31f03804171e221,033b6eaea71b3084ca043902f6ba03b6487bf1762a9180963357103097d172cc
sues200,sues200_uav_200m_to_satellite,2,full,4000,12,0,0.7333333333333333,0.8,null,null,0,0.29329227088391774,1c63f0c6b60ebe4da0355b53ff295adff78f798586c3e712f31f03804171e221,033b6eaea71b3084ca043902f6ba03b6487bf1762a9180963357103097d172cc
sues200,sues200_uav_200m_to_satellite,2,full,4000,13,0,0.8,0.8666666666666667,null,null,0,0.29329227088391774,1c63f0c6b60ebe4da0355b53ff295adff78f798586c3e712f31f03804171e221,033b6eaea71b3084ca043902f6ba03b6487bf1762a9180963357103097d172cc
sues200,sues200_uav_200m_to_satellite,2,full,4000,14,0,0.8666666666666667,0.9333333333333333,null,null,0,0.29329227088391774,1c63f0c6b60ebe4da0355b53ff295adff78f798586c3e712f31f03804171e221,033b6eaea71b3084ca043902f6ba03b6487bf1762a9180963357103097d172cc
sues200,sues200_uav_200m_to_satellite,2,full,4000,15,0,0.9333333333333333,1,null,null,0,0.29329227088391774,1c63f0c6b60ebe4da0355b53ff295adff78f798586c3e712f31f03804171e221,033b6eaea71b3084ca043902f6ba03b6487bf1762a9180963357103097d172cc
sues200,sues200_uav_200m_to_satellite,3,visual,4000,1,3372,0,0.06666666666666667,0.39234875444839856,0.024587606050047586,0.3100226480998099,0.4126500910408795,1c63f0c6b60ebe4da0355b53ff295adff78f798586c3e712f31f03804171e221,033b6eaea71b3084ca043902f6ba03b6487bf1762a9180963357103097d172cc
sues200,sues200_uav_200m_to_satellite,3,visual,4000,2,612,0.06666666666666667,0.13333333333333333,0.7450980392156863,0.08850115167549233,0.10045932379364968,0.4126500910408795,1c63f0c6b60ebe4da0355b53ff295adff78f798586c3e712f31f03804171e221,033b6eaea71b3084ca043902f6ba03b6487bf1762a9180963357103097d172cc
sues200,sues200_uav_200m_to_satellite,3,visual,4000,3,16,0.13333333333333333,0.2,0.6875,0.14547021314501762,0.0021681191474199296,0.4126500910408795,1c63f0c6b60ebe4da0355b53ff295adff78f798586c3e712f31f03804171e221,033b6eaea71b3084ca043902f6ba03b6487bf1762a9180963357103097d172cc
sues200,sues200_uav_200m_to_satellite,3,visual,4000,4,0,0.2,0.26666666666666666,null,null,0,0.4126500910408795,1c63f0c6b60ebe4da0355b53ff295adff78f798586c3e712f31f03804171e221,033b6eaea71b3084ca043902f6ba03b6487bf1762a9180963357103097d172cc
sues200,sues200_uav_200m_to_satellite,3,visual,4000,5,0,0.26666666666666666,0.3333333333333333,null,null,0,0.4126500910408795,1c63f0c6b60ebe4da0355b53ff295adff78f798586c3e712f31f03804171e221,033b6eaea71b3084ca043902f6ba03b6487bf1762a9180963357103097d172cc
sues200,sues200_uav_200m_to_satellite,3,visual,4000,6,0,0.3333333333333333,0.4,null,null,0,0.4126500910408795,1c63f0c6b60ebe4da0355b53ff295adff78f798586c3e712f31f03804171e221,033b6eaea71b3084ca043902f6ba03b6487bf1762a9180963357103097d172cc
sues200,sues200_uav_200m_to_satellite,3,visual,4000,7,0,0.4,0.4666666666666667,null,null,0,0.4126500910408795,1c63f0c6b60ebe4da0355b53ff295adff78f798586c3e712f31f03804171e221,033b6eaea71b3084ca043902f6ba03b6487bf1762a9180963357103097d172cc
sues200,sues200_uav_200m_to_satellite,3,visual,4000,8,0,0.4666666666666667,0.5333333333333333,null,null,0,0.4126500910408795,1c63f0c6b60ebe4da0355b53ff295adff78f798586c3e712f31f03804171e221,033b6eaea71b3084ca043902f6ba03b6487bf1762a9180963357103097d172cc
sues200,sues200_uav_200m_to_satellite,3,visual,4000,9,0,0.5333333333333333,0.6,null,null,0,0.4126500910408795,1c63f0c6b60ebe4da0355b53ff295adff78f798586c3e712f31f03804171e221,033b6eaea71b3084ca043902f6ba03b6487bf1762a9180963357103097d172cc
sues200,sues200_uav_200m_to_satellite,3,visual,4000,10,0,0.6,0.6666666666666666,null,null,0,0.4126500910408795,1c63f0c6b60ebe4da0355b53ff295adff78f798586c3e712f31f03804171e221,033b6eaea71b3084ca043902f6ba03b6487bf1762a9180963357103097d172cc
sues200,sues200_uav_200m_to_satellite,3,visual,4000,11,0,0.6666666666666666,0.7333333333333333,null,null,0,0.4126500910408795,1c63f0c6b60ebe4da0355b53ff295adff78f798586c3e712f31f03804171e221,033b6eaea71b3084ca043902f6ba03b6487bf1762a9180963357103097d172cc
sues200,sues200_uav_200m_to_satellite,3,visual,4000,12,0,0.7333333333333333,0.8,null,null,0,0.4126500910408795,1c63f0c6b60ebe4da0355b53ff295adff78f798586c3e712f31f03804171e221,033b6eaea71b3084ca043902f6ba03b6487bf1762a9180963357103097d172cc
sues200,sues200_uav_200m_to_satellite,3,visual,4000,13,0,0.8,0.8666666666666667,null,null,0,0.4126500910408795,1c63f0c6b60ebe4da0355b53ff295adff78f798586c3e712f31f03804171e221,033b6eaea71b3084ca043902f6ba03b6487bf1762a9180963357103097d172cc
sues200,sues200_uav_200m_to_satellite,3,visual,4000,14,0,0.8666666666666667,0.9333333333333333,null,null,0,0.4126500910408795,1c63f0c6b60ebe4da0355b53ff295adff78f798586c3e712f31f03804171e221,033b6eaea71b3084ca043902f6ba03b6487bf1762a9180963357103097d172cc
sues200,sues200_uav_200m_to_satellite,3,visual,4000,15,0,0.9333333333333333,1,null,null,0,0.4126500910408795,1c63f0c6b60ebe4da0355b53ff295adff78f798586c3e712f31f03804171e221,033b6eaea71b3084ca043902f6ba03b6487bf1762a9180963357103097d172cc
sues200,sues200_uav_200m_to_satellite,3,full,4000,1,3285,0,0.06666666666666667,0.29923896499238967,0.02451147119567093,0.22561995428055528,0.3132790594510734,1c63f0c6b60ebe4da0355b53ff295adff78f798586c3e712f31f03804171e221,033b6eaea71b3084ca043902f6ba03b6487bf1762a9180963357103097d172cc
sues200,sues200_uav_200m_to_satellite,3,full,4000,2,682,0.06666666666666667,0.13333333333333333,0.5953079178885631,0.09087944651279281,0.08600505436956885,0.3132790594510734,1c63f0c6b60ebe4da0355b53ff295adff78f798586c3e712f31f03804171e221,033b6eaea71b3084ca043902f6ba03b6487bf1762a9180963357103097d172cc
sues200,sues200_uav_200m_to_satellite,3,full,4000,3,32,0.13333333333333333,0.2,0.34375,0.14350810600444674,0.0016019351519644261,0.3132790594510734,1c63f0c6b60ebe4da0355b53ff295adff78f798586c3e712f31f03804171e221,033b6eaea71b3084ca043902f6ba03b6487bf1762a9180963357103097d172cc
sues200,sues200_uav_200m_to_satellite,3,full,4000,4,1,0.2,0.26666666666666666,0,0.20846259593963623,0.00005211564898490906,0.3132790594510734,1c63f0c6b60ebe4da0355b53ff295adff78f798586c3e712f31f03804171e221,033b6eaea71b3084ca043902f6ba03b6487bf1762a9180963357103097d172cc
sues200,sues200_uav_200m_to_satellite,3,full,4000,5,0,0.26666666666666666,0.3333333333333333,null,null,0,0.3132790594510734,1c63f0c6b60ebe4da0355b53ff295adff78f798586c3e712f31f03804171e221,033b6eaea71b3084ca043902f6ba03b6487bf1762a9180963357103097d172cc
sues200,sues200_uav_200m_to_satellite,3,full,4000,6,0,0.3333333333333333,0.4,null,null,0,0.3132790594510734,1c63f0c6b60ebe4da0355b53ff295adff78f798586c3e712f31f03804171e221,033b6eaea71b3084ca043902f6ba03b6487bf1762a9180963357103097d172cc
sues200,sues200_uav_200m_to_satellite,3,full,4000,7,0,0.4,0.4666666666666667,null,null,0,0.3132790594510734,1c63f0c6b60ebe4da0355b53ff295adff78f798586c3e712f31f03804171e221,033b6eaea71b3084ca043902f6ba03b6487bf1762a9180963357103097d172cc
sues200,sues200_uav_200m_to_satellite,3,full,4000,8,0,0.4666666666666667,0.5333333333333333,null,null,0,0.3132790594510734,1c63f0c6b60ebe4da0355b53ff295adff78f798586c3e712f31f03804171e221,033b6eaea71b3084ca043902f6ba03b6487bf1762a9180963357103097d172cc
sues200,sues200_uav_200m_to_satellite,3,full,4000,9,0,0.5333333333333333,0.6,null,null,0,0.3132790594510734,1c63f0c6b60ebe4da0355b53ff295adff78f798586c3e712f31f03804171e221,033b6eaea71b3084ca043902f6ba03b6487bf1762a9180963357103097d172cc
sues200,sues200_uav_200m_to_satellite,3,full,4000,10,0,0.6,0.6666666666666666,null,null,0,0.3132790594510734,1c63f0c6b60ebe4da0355b53ff295adff78f798586c3e712f31f03804171e221,033b6eaea71b3084ca043902f6ba03b6487bf1762a9180963357103097d172cc
sues200,sues200_uav_200m_to_satellite,3,full,4000,11,0,0.6666666666666666,0.7333333333333333,null,null,0,0.3132790594510734,1c63f0c6b60ebe4da0355b53ff295adff78f798586c3e712f31f03804171e221,033b6eaea71b3084ca043902f6ba03b6487bf1762a9180963357103097d172cc
sues200,sues200_uav_200m_to_satellite,3,full,4000,12,0,0.7333333333333333,0.8,null,null,0,0.3132790594510734,1c63f0c6b60ebe4da0355b53ff295adff78f798586c3e712f31f03804171e221,033b6eaea71b3084ca043902f6ba03b6487bf1762a9180963357103097d172cc
sues200,sues200_uav_200m_to_satellite,3,full,4000,13,0,0.8,0.8666666666666667,null,null,0,0.3132790594510734,1c63f0c6b60ebe4da0355b53ff295adff78f798586c3e712f31f03804171e221,033b6eaea71b3084ca043902f6ba03b6487bf1762a9180963357103097d172cc
sues200,sues200_uav_200m_to_satellite,3,full,4000,14,0,0.8666666666666667,0.9333333333333333,null,null,0,0.3132790594510734,1c63f0c6b60ebe4da0355b53ff295adff78f798586c3e712f31f03804171e221,033b6eaea71b3084ca043902f6ba03b6487bf1762a9180963357103097d172cc
sues200,sues200_uav_200m_to_satellite,3,full,4000,15,0,0.9333333333333333,1,null,null,0,0.3132790594510734,1c63f0c6b60ebe4da0355b53ff295adff78f798586c3e712f31f03804171e221,033b6eaea71b3084ca043902f6ba03b6487bf1762a9180963357103097d172cc
sues200,sues200_satellite_to_uav_200m,1,visual,80,1,80,0,0.06666666666666667,0.6125,0.006601838022470474,0.6058981619775295,0.6058981619775295,a0024554fabfdcd03efe8d46da3c80414baa16d26cf6a40d05e521ce55eeaddc,033b6eaea71b3084ca043902f6ba03b6487bf1762a9180963357103097d172cc
sues200,sues200_satellite_to_uav_200m,1,visual,80,2,0,0.06666666666666667,0.13333333333333333,null,null,0,0.6058981619775295,a0024554fabfdcd03efe8d46da3c80414baa16d26cf6a40d05e521ce55eeaddc,033b6eaea71b3084ca043902f6ba03b6487bf1762a9180963357103097d172cc
sues200,sues200_satellite_to_uav_200m,1,visual,80,3,0,0.13333333333333333,0.2,null,null,0,0.6058981619775295,a0024554fabfdcd03efe8d46da3c80414baa16d26cf6a40d05e521ce55eeaddc,033b6eaea71b3084ca043902f6ba03b6487bf1762a9180963357103097d172cc
sues200,sues200_satellite_to_uav_200m,1,visual,80,4,0,0.2,0.26666666666666666,null,null,0,0.6058981619775295,a0024554fabfdcd03efe8d46da3c80414baa16d26cf6a40d05e521ce55eeaddc,033b6eaea71b3084ca043902f6ba03b6487bf1762a9180963357103097d172cc
sues200,sues200_satellite_to_uav_200m,1,visual,80,5,0,0.26666666666666666,0.3333333333333333,null,null,0,0.6058981619775295,a0024554fabfdcd03efe8d46da3c80414baa16d26cf6a40d05e521ce55eeaddc,033b6eaea71b3084ca043902f6ba03b6487bf1762a9180963357103097d172cc
sues200,sues200_satellite_to_uav_200m,1,visual,80,6,0,0.3333333333333333,0.4,null,null,0,0.6058981619775295,a0024554fabfdcd03efe8d46da3c80414baa16d26cf6a40d05e521ce55eeaddc,033b6eaea71b3084ca043902f6ba03b6487bf1762a9180963357103097d172cc
sues200,sues200_satellite_to_uav_200m,1,visual,80,7,0,0.4,0.4666666666666667,null,null,0,0.6058981619775295,a0024554fabfdcd03efe8d46da3c80414baa16d26cf6a40d05e521ce55eeaddc,033b6eaea71b3084ca043902f6ba03b6487bf1762a9180963357103097d172cc
sues200,sues200_satellite_to_uav_200m,1,visual,80,8,0,0.4666666666666667,0.5333333333333333,null,null,0,0.6058981619775295,a0024554fabfdcd03efe8d46da3c80414baa16d26cf6a40d05e521ce55eeaddc,033b6eaea71b3084ca043902f6ba03b6487bf1762a9180963357103097d172cc
sues200,sues200_satellite_to_uav_200m,1,visual,80,9,0,0.5333333333333333,0.6,null,null,0,0.6058981619775295,a0024554fabfdcd03efe8d46da3c80414baa16d26cf6a40d05e521ce55eeaddc,033b6eaea71b3084ca043902f6ba03b6487bf1762a9180963357103097d172cc
sues200,sues200_satellite_to_uav_200m,1,visual,80,10,0,0.6,0.6666666666666666,null,null,0,0.6058981619775295,a0024554fabfdcd03efe8d46da3c80414baa16d26cf6a40d05e521ce55eeaddc,033b6eaea71b3084ca043902f6ba03b6487bf1762a9180963357103097d172cc
sues200,sues200_satellite_to_uav_200m,1,visual,80,11,0,0.6666666666666666,0.7333333333333333,null,null,0,0.6058981619775295,a0024554fabfdcd03efe8d46da3c80414baa16d26cf6a40d05e521ce55eeaddc,033b6eaea71b3084ca043902f6ba03b6487bf1762a9180963357103097d172cc
sues200,sues200_satellite_to_uav_200m,1,visual,80,12,0,0.7333333333333333,0.8,null,null,0,0.6058981619775295,a0024554fabfdcd03efe8d46da3c80414baa16d26cf6a40d05e521ce55eeaddc,033b6eaea71b3084ca043902f6ba03b6487bf1762a9180963357103097d172cc
sues200,sues200_satellite_to_uav_200m,1,visual,80,13,0,0.8,0.8666666666666667,null,null,0,0.6058981619775295,a0024554fabfdcd03efe8d46da3c80414baa16d26cf6a40d05e521ce55eeaddc,033b6eaea71b3084ca043902f6ba03b6487bf1762a9180963357103097d172cc
sues200,sues200_satellite_to_uav_200m,1,visual,80,14,0,0.8666666666666667,0.9333333333333333,null,null,0,0.6058981619775295,a0024554fabfdcd03efe8d46da3c80414baa16d26cf6a40d05e521ce55eeaddc,033b6eaea71b3084ca043902f6ba03b6487bf1762a9180963357103097d172cc
sues200,sues200_satellite_to_uav_200m,1,visual,80,15,0,0.9333333333333333,1,null,null,0,0.6058981619775295,a0024554fabfdcd03efe8d46da3c80414baa16d26cf6a40d05e521ce55eeaddc,033b6eaea71b3084ca043902f6ba03b6487bf1762a9180963357103097d172cc
sues200,sues200_satellite_to_uav_200m,1,full,80,1,80,0,0.06666666666666667,0.6125,0.005689159408211708,0.6068108405917884,0.6068108405917884,a0024554fabfdcd03efe8d46da3c80414baa16d26cf6a40d05e521ce55eeaddc,033b6eaea71b3084ca043902f6ba03b6487bf1762a9180963357103097d172cc
sues200,sues200_satellite_to_uav_200m,1,full,80,2,0,0.06666666666666667,0.13333333333333333,null,null,0,0.6068108405917884,a0024554fabfdcd03efe8d46da3c80414baa16d26cf6a40d05e521ce55eeaddc,033b6eaea71b3084ca043902f6ba03b6487bf1762a9180963357103097d172cc
sues200,sues200_satellite_to_uav_200m,1,full,80,3,0,0.13333333333333333,0.2,null,null,0,0.6068108405917884,a0024554fabfdcd03efe8d46da3c80414baa16d26cf6a40d05e521ce55eeaddc,033b6eaea71b3084ca043902f6ba03b6487bf1762a9180963357103097d172cc
sues200,sues200_satellite_to_uav_200m,1,full,80,4,0,0.2,0.26666666666666666,null,null,0,0.6068108405917884,a0024554fabfdcd03efe8d46da3c80414baa16d26cf6a40d05e521ce55eeaddc,033b6eaea71b3084ca043902f6ba03b6487bf1762a9180963357103097d172cc
sues200,sues200_satellite_to_uav_200m,1,full,80,5,0,0.26666666666666666,0.3333333333333333,null,null,0,0.6068108405917884,a0024554fabfdcd03efe8d46da3c80414baa16d26cf6a40d05e521ce55eeaddc,033b6eaea71b3084ca043902f6ba03b6487bf1762a9180963357103097d172cc
sues200,sues200_satellite_to_uav_200m,1,full,80,6,0,0.3333333333333333,0.4,null,null,0,0.6068108405917884,a0024554fabfdcd03efe8d46da3c80414baa16d26cf6a40d05e521ce55eeaddc,033b6eaea71b3084ca043902f6ba03b6487bf1762a9180963357103097d172cc
sues200,sues200_satellite_to_uav_200m,1,full,80,7,0,0.4,0.4666666666666667,null,null,0,0.6068108405917884,a0024554fabfdcd03efe8d46da3c80414baa16d26cf6a40d05e521ce55eeaddc,033b6eaea71b3084ca043902f6ba03b6487bf1762a9180963357103097d172cc
sues200,sues200_satellite_to_uav_200m,1,full,80,8,0,0.4666666666666667,0.5333333333333333,null,null,0,0.6068108405917884,a0024554fabfdcd03efe8d46da3c80414baa16d26cf6a40d05e521ce55eeaddc,033b6eaea71b3084ca043902f6ba03b6487bf1762a9180963357103097d172cc
sues200,sues200_satellite_to_uav_200m,1,full,80,9,0,0.5333333333333333,0.6,null,null,0,0.6068108405917884,a0024554fabfdcd03efe8d46da3c80414baa16d26cf6a40d05e521ce55eeaddc,033b6eaea71b3084ca043902f6ba03b6487bf1762a9180963357103097d172cc
sues200,sues200_satellite_to_uav_200m,1,full,80,10,0,0.6,0.6666666666666666,null,null,0,0.6068108405917884,a0024554fabfdcd03efe8d46da3c80414baa16d26cf6a40d05e521ce55eeaddc,033b6eaea71b3084ca043902f6ba03b6487bf1762a9180963357103097d172cc
sues200,sues200_satellite_to_uav_200m,1,full,80,11,0,0.6666666666666666,0.7333333333333333,null,null,0,0.6068108405917884,a0024554fabfdcd03efe8d46da3c80414baa16d26cf6a40d05e521ce55eeaddc,033b6eaea71b3084ca043902f6ba03b6487bf1762a9180963357103097d172cc
sues200,sues200_satellite_to_uav_200m,1,full,80,12,0,0.7333333333333333,0.8,null,null,0,0.6068108405917884,a0024554fabfdcd03efe8d46da3c80414baa16d26cf6a40d05e521ce55eeaddc,033b6eaea71b3084ca043902f6ba03b6487bf1762a9180963357103097d172cc
sues200,sues200_satellite_to_uav_200m,1,full,80,13,0,0.8,0.8666666666666667,null,null,0,0.6068108405917884,a0024554fabfdcd03efe8d46da3c80414baa16d26cf6a40d05e521ce55eeaddc,033b6eaea71b3084ca043902f6ba03b6487bf1762a9180963357103097d172cc
sues200,sues200_satellite_to_uav_200m,1,full,80,14,0,0.8666666666666667,0.9333333333333333,null,null,0,0.6068108405917884,a0024554fabfdcd03efe8d46da3c80414baa16d26cf6a40d05e521ce55eeaddc,033b6eaea71b3084ca043902f6ba03b6487bf1762a9180963357103097d172cc
sues200,sues200_satellite_to_uav_200m,1,full,80,15,0,0.9333333333333333,1,null,null,0,0.6068108405917884,a0024554fabfdcd03efe8d46da3c80414baa16d26cf6a40d05e521ce55eeaddc,033b6eaea71b3084ca043902f6ba03b6487bf1762a9180963357103097d172cc
sues200,sues200_satellite_to_uav_200m,2,visual,80,1,80,0,0.06666666666666667,0.6625,0.005964690074324608,0.6565353099256753,0.6565353099256753,a0024554fabfdcd03efe8d46da3c80414baa16d26cf6a40d05e521ce55eeaddc,033b6eaea71b3084ca043902f6ba03b6487bf1762a9180963357103097d172cc
sues200,sues200_satellite_to_uav_200m,2,visual,80,2,0,0.06666666666666667,0.13333333333333333,null,null,0,0.6565353099256753,a0024554fabfdcd03efe8d46da3c80414baa16d26cf6a40d05e521ce55eeaddc,033b6eaea71b3084ca043902f6ba03b6487bf1762a9180963357103097d172cc
sues200,sues200_satellite_to_uav_200m,2,visual,80,3,0,0.13333333333333333,0.2,null,null,0,0.6565353099256753,a0024554fabfdcd03efe8d46da3c80414baa16d26cf6a40d05e521ce55eeaddc,033b6eaea71b3084ca043902f6ba03b6487bf1762a9180963357103097d172cc
sues200,sues200_satellite_to_uav_200m,2,visual,80,4,0,0.2,0.26666666666666666,null,null,0,0.6565353099256753,a0024554fabfdcd03efe8d46da3c80414baa16d26cf6a40d05e521ce55eeaddc,033b6eaea71b3084ca043902f6ba03b6487bf1762a9180963357103097d172cc
sues200,sues200_satellite_to_uav_200m,2,visual,80,5,0,0.26666666666666666,0.3333333333333333,null,null,0,0.6565353099256753,a0024554fabfdcd03efe8d46da3c80414baa16d26cf6a40d05e521ce55eeaddc,033b6eaea71b3084ca043902f6ba03b6487bf1762a9180963357103097d172cc
sues200,sues200_satellite_to_uav_200m,2,visual,80,6,0,0.3333333333333333,0.4,null,null,0,0.6565353099256753,a0024554fabfdcd03efe8d46da3c80414baa16d26cf6a40d05e521ce55eeaddc,033b6eaea71b3084ca043902f6ba03b6487bf1762a9180963357103097d172cc
sues200,sues200_satellite_to_uav_200m,2,visual,80,7,0,0.4,0.4666666666666667,null,null,0,0.6565353099256753,a0024554fabfdcd03efe8d46da3c80414baa16d26cf6a40d05e521ce55eeaddc,033b6eaea71b3084ca043902f6ba03b6487bf1762a9180963357103097d172cc
sues200,sues200_satellite_to_uav_200m,2,visual,80,8,0,0.4666666666666667,0.5333333333333333,null,null,0,0.6565353099256753,a0024554fabfdcd03efe8d46da3c80414baa16d26cf6a40d05e521ce55eeaddc,033b6eaea71b3084ca043902f6ba03b6487bf1762a9180963357103097d172cc
sues200,sues200_satellite_to_uav_200m,2,visual,80,9,0,0.5333333333333333,0.6,null,null,0,0.6565353099256753,a0024554fabfdcd03efe8d46da3c80414baa16d26cf6a40d05e521ce55eeaddc,033b6eaea71b3084ca043902f6ba03b6487bf1762a9180963357103097d172cc
sues200,sues200_satellite_to_uav_200m,2,visual,80,10,0,0.6,0.6666666666666666,null,null,0,0.6565353099256753,a0024554fabfdcd03efe8d46da3c80414baa16d26cf6a40d05e521ce55eeaddc,033b6eaea71b3084ca043902f6ba03b6487bf1762a9180963357103097d172cc
sues200,sues200_satellite_to_uav_200m,2,visual,80,11,0,0.6666666666666666,0.7333333333333333,null,null,0,0.6565353099256753,a0024554fabfdcd03efe8d46da3c80414baa16d26cf6a40d05e521ce55eeaddc,033b6eaea71b3084ca043902f6ba03b6487bf1762a9180963357103097d172cc
sues200,sues200_satellite_to_uav_200m,2,visual,80,12,0,0.7333333333333333,0.8,null,null,0,0.6565353099256753,a0024554fabfdcd03efe8d46da3c80414baa16d26cf6a40d05e521ce55eeaddc,033b6eaea71b3084ca043902f6ba03b6487bf1762a9180963357103097d172cc
sues200,sues200_satellite_to_uav_200m,2,visual,80,13,0,0.8,0.8666666666666667,null,null,0,0.6565353099256753,a0024554fabfdcd03efe8d46da3c80414baa16d26cf6a40d05e521ce55eeaddc,033b6eaea71b3084ca043902f6ba03b6487bf1762a9180963357103097d172cc
sues200,sues200_satellite_to_uav_200m,2,visual,80,14,0,0.8666666666666667,0.9333333333333333,null,null,0,0.6565353099256753,a0024554fabfdcd03efe8d46da3c80414baa16d26cf6a40d05e521ce55eeaddc,033b6eaea71b3084ca043902f6ba03b6487bf1762a9180963357103097d172cc
sues200,sues200_satellite_to_uav_200m,2,visual,80,15,0,0.9333333333333333,1,null,null,0,0.6565353099256753,a0024554fabfdcd03efe8d46da3c80414baa16d26cf6a40d05e521ce55eeaddc,033b6eaea71b3084ca043902f6ba03b6487bf1762a9180963357103097d172cc
sues200,sues200_satellite_to_uav_200m,2,full,80,1,80,0,0.06666666666666667,0.525,0.005963219702243805,0.5190367802977562,0.5190367802977562,a0024554fabfdcd03efe8d46da3c80414baa16d26cf6a40d05e521ce55eeaddc,033b6eaea71b3084ca043902f6ba03b6487bf1762a9180963357103097d172cc
sues200,sues200_satellite_to_uav_200m,2,full,80,2,0,0.06666666666666667,0.13333333333333333,null,null,0,0.5190367802977562,a0024554fabfdcd03efe8d46da3c80414baa16d26cf6a40d05e521ce55eeaddc,033b6eaea71b3084ca043902f6ba03b6487bf1762a9180963357103097d172cc
sues200,sues200_satellite_to_uav_200m,2,full,80,3,0,0.13333333333333333,0.2,null,null,0,0.5190367802977562,a0024554fabfdcd03efe8d46da3c80414baa16d26cf6a40d05e521ce55eeaddc,033b6eaea71b3084ca043902f6ba03b6487bf1762a9180963357103097d172cc
sues200,sues200_satellite_to_uav_200m,2,full,80,4,0,0.2,0.26666666666666666,null,null,0,0.5190367802977562,a0024554fabfdcd03efe8d46da3c80414baa16d26cf6a40d05e521ce55eeaddc,033b6eaea71b3084ca043902f6ba03b6487bf1762a9180963357103097d172cc
sues200,sues200_satellite_to_uav_200m,2,full,80,5,0,0.26666666666666666,0.3333333333333333,null,null,0,0.5190367802977562,a0024554fabfdcd03efe8d46da3c80414baa16d26cf6a40d05e521ce55eeaddc,033b6eaea71b3084ca043902f6ba03b6487bf1762a9180963357103097d172cc
sues200,sues200_satellite_to_uav_200m,2,full,80,6,0,0.3333333333333333,0.4,null,null,0,0.5190367802977562,a0024554fabfdcd03efe8d46da3c80414baa16d26cf6a40d05e521ce55eeaddc,033b6eaea71b3084ca043902f6ba03b6487bf1762a9180963357103097d172cc
sues200,sues200_satellite_to_uav_200m,2,full,80,7,0,0.4,0.4666666666666667,null,null,0,0.5190367802977562,a0024554fabfdcd03efe8d46da3c80414baa16d26cf6a40d05e521ce55eeaddc,033b6eaea71b3084ca043902f6ba03b6487bf1762a9180963357103097d172cc
sues200,sues200_satellite_to_uav_200m,2,full,80,8,0,0.4666666666666667,0.5333333333333333,null,null,0,0.5190367802977562,a0024554fabfdcd03efe8d46da3c80414baa16d26cf6a40d05e521ce55eeaddc,033b6eaea71b3084ca043902f6ba03b6487bf1762a9180963357103097d172cc
sues200,sues200_satellite_to_uav_200m,2,full,80,9,0,0.5333333333333333,0.6,null,null,0,0.5190367802977562,a0024554fabfdcd03efe8d46da3c80414baa16d26cf6a40d05e521ce55eeaddc,033b6eaea71b3084ca043902f6ba03b6487bf1762a9180963357103097d172cc
sues200,sues200_satellite_to_uav_200m,2,full,80,10,0,0.6,0.6666666666666666,null,null,0,0.5190367802977562,a0024554fabfdcd03efe8d46da3c80414baa16d26cf6a40d05e521ce55eeaddc,033b6eaea71b3084ca043902f6ba03b6487bf1762a9180963357103097d172cc
sues200,sues200_satellite_to_uav_200m,2,full,80,11,0,0.6666666666666666,0.7333333333333333,null,null,0,0.5190367802977562,a0024554fabfdcd03efe8d46da3c80414baa16d26cf6a40d05e521ce55eeaddc,033b6eaea71b3084ca043902f6ba03b6487bf1762a9180963357103097d172cc
sues200,sues200_satellite_to_uav_200m,2,full,80,12,0,0.7333333333333333,0.8,null,null,0,0.5190367802977562,a0024554fabfdcd03efe8d46da3c80414baa16d26cf6a40d05e521ce55eeaddc,033b6eaea71b3084ca043902f6ba03b6487bf1762a9180963357103097d172cc
sues200,sues200_satellite_to_uav_200m,2,full,80,13,0,0.8,0.8666666666666667,null,null,0,0.5190367802977562,a0024554fabfdcd03efe8d46da3c80414baa16d26cf6a40d05e521ce55eeaddc,033b6eaea71b3084ca043902f6ba03b6487bf1762a9180963357103097d172cc
sues200,sues200_satellite_to_uav_200m,2,full,80,14,0,0.8666666666666667,0.9333333333333333,null,null,0,0.5190367802977562,a0024554fabfdcd03efe8d46da3c80414baa16d26cf6a40d05e521ce55eeaddc,033b6eaea71b3084ca043902f6ba03b6487bf1762a9180963357103097d172cc
sues200,sues200_satellite_to_uav_200m,2,full,80,15,0,0.9333333333333333,1,null,null,0,0.5190367802977562,a0024554fabfdcd03efe8d46da3c80414baa16d26cf6a40d05e521ce55eeaddc,033b6eaea71b3084ca043902f6ba03b6487bf1762a9180963357103097d172cc
sues200,sues200_satellite_to_uav_200m,3,visual,80,1,80,0,0.06666666666666667,0.625,0.005936166271567345,0.6190638337284327,0.6190638337284327,a0024554fabfdcd03efe8d46da3c80414baa16d26cf6a40d05e521ce55eeaddc,033b6eaea71b3084ca043902f6ba03b6487bf1762a9180963357103097d172cc
sues200,sues200_satellite_to_uav_200m,3,visual,80,2,0,0.06666666666666667,0.13333333333333333,null,null,0,0.6190638337284327,a0024554fabfdcd03efe8d46da3c80414baa16d26cf6a40d05e521ce55eeaddc,033b6eaea71b3084ca043902f6ba03b6487bf1762a9180963357103097d172cc
sues200,sues200_satellite_to_uav_200m,3,visual,80,3,0,0.13333333333333333,0.2,null,null,0,0.6190638337284327,a0024554fabfdcd03efe8d46da3c80414baa16d26cf6a40d05e521ce55eeaddc,033b6eaea71b3084ca043902f6ba03b6487bf1762a9180963357103097d172cc
sues200,sues200_satellite_to_uav_200m,3,visual,80,4,0,0.2,0.26666666666666666,null,null,0,0.6190638337284327,a0024554fabfdcd03efe8d46da3c80414baa16d26cf6a40d05e521ce55eeaddc,033b6eaea71b3084ca043902f6ba03b6487bf1762a9180963357103097d172cc
sues200,sues200_satellite_to_uav_200m,3,visual,80,5,0,0.26666666666666666,0.3333333333333333,null,null,0,0.6190638337284327,a0024554fabfdcd03efe8d46da3c80414baa16d26cf6a40d05e521ce55eeaddc,033b6eaea71b3084ca043902f6ba03b6487bf1762a9180963357103097d172cc
sues200,sues200_satellite_to_uav_200m,3,visual,80,6,0,0.3333333333333333,0.4,null,null,0,0.6190638337284327,a0024554fabfdcd03efe8d46da3c80414baa16d26cf6a40d05e521ce55eeaddc,033b6eaea71b3084ca043902f6ba03b6487bf1762a9180963357103097d172cc
sues200,sues200_satellite_to_uav_200m,3,visual,80,7,0,0.4,0.4666666666666667,null,null,0,0.6190638337284327,a0024554fabfdcd03efe8d46da3c80414baa16d26cf6a40d05e521ce55eeaddc,033b6eaea71b3084ca043902f6ba03b6487bf1762a9180963357103097d172cc
sues200,sues200_satellite_to_uav_200m,3,visual,80,8,0,0.4666666666666667,0.5333333333333333,null,null,0,0.6190638337284327,a0024554fabfdcd03efe8d46da3c80414baa16d26cf6a40d05e521ce55eeaddc,033b6eaea71b3084ca043902f6ba03b6487bf1762a9180963357103097d172cc
sues200,sues200_satellite_to_uav_200m,3,visual,80,9,0,0.5333333333333333,0.6,null,null,0,0.6190638337284327,a0024554fabfdcd03efe8d46da3c80414baa16d26cf6a40d05e521ce55eeaddc,033b6eaea71b3084ca043902f6ba03b6487bf1762a9180963357103097d172cc
sues200,sues200_satellite_to_uav_200m,3,visual,80,10,0,0.6,0.6666666666666666,null,null,0,0.6190638337284327,a0024554fabfdcd03efe8d46da3c80414baa16d26cf6a40d05e521ce55eeaddc,033b6eaea71b3084ca043902f6ba03b6487bf1762a9180963357103097d172cc
sues200,sues200_satellite_to_uav_200m,3,visual,80,11,0,0.6666666666666666,0.7333333333333333,null,null,0,0.6190638337284327,a0024554fabfdcd03efe8d46da3c80414baa16d26cf6a40d05e521ce55eeaddc,033b6eaea71b3084ca043902f6ba03b6487bf1762a9180963357103097d172cc
sues200,sues200_satellite_to_uav_200m,3,visual,80,12,0,0.7333333333333333,0.8,null,null,0,0.6190638337284327,a0024554fabfdcd03efe8d46da3c80414baa16d26cf6a40d05e521ce55eeaddc,033b6eaea71b3084ca043902f6ba03b6487bf1762a9180963357103097d172cc
sues200,sues200_satellite_to_uav_200m,3,visual,80,13,0,0.8,0.8666666666666667,null,null,0,0.6190638337284327,a0024554fabfdcd03efe8d46da3c80414baa16d26cf6a40d05e521ce55eeaddc,033b6eaea71b3084ca043902f6ba03b6487bf1762a9180963357103097d172cc
sues200,sues200_satellite_to_uav_200m,3,visual,80,14,0,0.8666666666666667,0.9333333333333333,null,null,0,0.6190638337284327,a0024554fabfdcd03efe8d46da3c80414baa16d26cf6a40d05e521ce55eeaddc,033b6eaea71b3084ca043902f6ba03b6487bf1762a9180963357103097d172cc
sues200,sues200_satellite_to_uav_200m,3,visual,80,15,0,0.9333333333333333,1,null,null,0,0.6190638337284327,a0024554fabfdcd03efe8d46da3c80414baa16d26cf6a40d05e521ce55eeaddc,033b6eaea71b3084ca043902f6ba03b6487bf1762a9180963357103097d172cc
sues200,sues200_satellite_to_uav_200m,3,full,80,1,80,0,0.06666666666666667,0.5125,0.006750384718179703,0.5057496152818203,0.5057496152818203,a0024554fabfdcd03efe8d46da3c80414baa16d26cf6a40d05e521ce55eeaddc,033b6eaea71b3084ca043902f6ba03b6487bf1762a9180963357103097d172cc
sues200,sues200_satellite_to_uav_200m,3,full,80,2,0,0.06666666666666667,0.13333333333333333,null,null,0,0.5057496152818203,a0024554fabfdcd03efe8d46da3c80414baa16d26cf6a40d05e521ce55eeaddc,033b6eaea71b3084ca043902f6ba03b6487bf1762a9180963357103097d172cc
sues200,sues200_satellite_to_uav_200m,3,full,80,3,0,0.13333333333333333,0.2,null,null,0,0.5057496152818203,a0024554fabfdcd03efe8d46da3c80414baa16d26cf6a40d05e521ce55eeaddc,033b6eaea71b3084ca043902f6ba03b6487bf1762a9180963357103097d172cc
sues200,sues200_satellite_to_uav_200m,3,full,80,4,0,0.2,0.26666666666666666,null,null,0,0.5057496152818203,a0024554fabfdcd03efe8d46da3c80414baa16d26cf6a40d05e521ce55eeaddc,033b6eaea71b3084ca043902f6ba03b6487bf1762a9180963357103097d172cc
sues200,sues200_satellite_to_uav_200m,3,full,80,5,0,0.26666666666666666,0.3333333333333333,null,null,0,0.5057496152818203,a0024554fabfdcd03efe8d46da3c80414baa16d26cf6a40d05e521ce55eeaddc,033b6eaea71b3084ca043902f6ba03b6487bf1762a9180963357103097d172cc
sues200,sues200_satellite_to_uav_200m,3,full,80,6,0,0.3333333333333333,0.4,null,null,0,0.5057496152818203,a0024554fabfdcd03efe8d46da3c80414baa16d26cf6a40d05e521ce55eeaddc,033b6eaea71b3084ca043902f6ba03b6487bf1762a9180963357103097d172cc
sues200,sues200_satellite_to_uav_200m,3,full,80,7,0,0.4,0.4666666666666667,null,null,0,0.5057496152818203,a0024554fabfdcd03efe8d46da3c80414baa16d26cf6a40d05e521ce55eeaddc,033b6eaea71b3084ca043902f6ba03b6487bf1762a9180963357103097d172cc
sues200,sues200_satellite_to_uav_200m,3,full,80,8,0,0.4666666666666667,0.5333333333333333,null,null,0,0.5057496152818203,a0024554fabfdcd03efe8d46da3c80414baa16d26cf6a40d05e521ce55eeaddc,033b6eaea71b3084ca043902f6ba03b6487bf1762a9180963357103097d172cc
sues200,sues200_satellite_to_uav_200m,3,full,80,9,0,0.5333333333333333,0.6,null,null,0,0.5057496152818203,a0024554fabfdcd03efe8d46da3c80414baa16d26cf6a40d05e521ce55eeaddc,033b6eaea71b3084ca043902f6ba03b6487bf1762a9180963357103097d172cc
sues200,sues200_satellite_to_uav_200m,3,full,80,10,0,0.6,0.6666666666666666,null,null,0,0.5057496152818203,a0024554fabfdcd03efe8d46da3c80414baa16d26cf6a40d05e521ce55eeaddc,033b6eaea71b3084ca043902f6ba03b6487bf1762a9180963357103097d172cc
sues200,sues200_satellite_to_uav_200m,3,full,80,11,0,0.6666666666666666,0.7333333333333333,null,null,0,0.5057496152818203,a0024554fabfdcd03efe8d46da3c80414baa16d26cf6a40d05e521ce55eeaddc,033b6eaea71b3084ca043902f6ba03b6487bf1762a9180963357103097d172cc
sues200,sues200_satellite_to_uav_200m,3,full,80,12,0,0.7333333333333333,0.8,null,null,0,0.5057496152818203,a0024554fabfdcd03efe8d46da3c80414baa16d26cf6a40d05e521ce55eeaddc,033b6eaea71b3084ca043902f6ba03b6487bf1762a9180963357103097d172cc
sues200,sues200_satellite_to_uav_200m,3,full,80,13,0,0.8,0.8666666666666667,null,null,0,0.5057496152818203,a0024554fabfdcd03efe8d46da3c80414baa16d26cf6a40d05e521ce55eeaddc,033b6eaea71b3084ca043902f6ba03b6487bf1762a9180963357103097d172cc
sues200,sues200_satellite_to_uav_200m,3,full,80,14,0,0.8666666666666667,0.9333333333333333,null,null,0,0.5057496152818203,a0024554fabfdcd03efe8d46da3c80414baa16d26cf6a40d05e521ce55eeaddc,033b6eaea71b3084ca043902f6ba03b6487bf1762a9180963357103097d172cc
sues200,sues200_satellite_to_uav_200m,3,full,80,15,0,0.9333333333333333,1,null,null,0,0.5057496152818203,a0024554fabfdcd03efe8d46da3c80414baa16d26cf6a40d05e521ce55eeaddc,033b6eaea71b3084ca043902f6ba03b6487bf1762a9180963357103097d172cc
sues200,sues200_uav_250m_to_satellite,1,visual,4000,1,3338,0,0.06666666666666667,0.43708807669263033,0.025769285196990864,0.34324553150311116,0.44457502365112306,df64ad73d2ea80e1dd0b23fc8074aecd3cbd909b0f4363e60e11a61eb4ffbff8,033b6eaea71b3084ca043902f6ba03b6487bf1762a9180963357103097d172cc
sues200,sues200_uav_250m_to_satellite,1,visual,4000,2,627,0.06666666666666667,0.13333333333333333,0.7065390749601276,0.08664112971825273,0.09716900291666387,0.44457502365112306,df64ad73d2ea80e1dd0b23fc8074aecd3cbd909b0f4363e60e11a61eb4ffbff8,033b6eaea71b3084ca043902f6ba03b6487bf1762a9180963357103097d172cc
sues200,sues200_uav_250m_to_satellite,1,visual,4000,3,35,0.13333333333333333,0.2,0.6285714285714286,0.1530869449887957,0.004160489231348038,0.44457502365112306,df64ad73d2ea80e1dd0b23fc8074aecd3cbd909b0f4363e60e11a61eb4ffbff8,033b6eaea71b3084ca043902f6ba03b6487bf1762a9180963357103097d172cc
sues200,sues200_uav_250m_to_satellite,1,visual,4000,4,0,0.2,0.26666666666666666,null,null,0,0.44457502365112306,df64ad73d2ea80e1dd0b23fc8074aecd3cbd909b0f4363e60e11a61eb4ffbff8,033b6eaea71b3084ca043902f6ba03b6487bf1762a9180963357103097d172cc
sues200,sues200_uav_250m_to_satellite,1,visual,4000,5,0,0.26666666666666666,0.3333333333333333,null,null,0,0.44457502365112306,df64ad73d2ea80e1dd0b23fc8074aecd3cbd909b0f4363e60e11a61eb4ffbff8,033b6eaea71b3084ca043902f6ba03b6487bf1762a9180963357103097d172cc
sues200,sues200_uav_250m_to_satellite,1,visual,4000,6,0,0.3333333333333333,0.4,null,null,0,0.44457502365112306,df64ad73d2ea80e1dd0b23fc8074aecd3cbd909b0f4363e60e11a61eb4ffbff8,033b6eaea71b3084ca043902f6ba03b6487bf1762a9180963357103097d172cc
sues200,sues200_uav_250m_to_satellite,1,visual,4000,7,0,0.4,0.4666666666666667,null,null,0,0.44457502365112306,df64ad73d2ea80e1dd0b23fc8074aecd3cbd909b0f4363e60e11a61eb4ffbff8,033b6eaea71b3084ca043902f6ba03b6487bf1762a9180963357103097d172cc
sues200,sues200_uav_250m_to_satellite,1,visual,4000,8,0,0.4666666666666667,0.5333333333333333,null,null,0,0.44457502365112306,df64ad73d2ea80e1dd0b23fc8074aecd3cbd909b0f4363e60e11a61eb4ffbff8,033b6eaea71b3084ca043902f6ba03b6487bf1762a9180963357103097d172cc
sues200,sues200_uav_250m_to_satellite,1,visual,4000,9,0,0.5333333333333333,0.6,null,null,0,0.44457502365112306,df64ad73d2ea80e1dd0b23fc8074aecd3cbd909b0f4363e60e11a61eb4ffbff8,033b6eaea71b3084ca043902f6ba03b6487bf1762a9180963357103097d172cc
sues200,sues200_uav_250m_to_satellite,1,visual,4000,10,0,0.6,0.6666666666666666,null,null,0,0.44457502365112306,df64ad73d2ea80e1dd0b23fc8074aecd3cbd909b0f4363e60e11a61eb4ffbff8,033b6eaea71b3084ca043902f6ba03b6487bf1762a9180963357103097d172cc
sues200,sues200_uav_250m_to_satellite,1,visual,4000,11,0,0.6666666666666666,0.7333333333333333,null,null,0,0.44457502365112306,df64ad73d2ea80e1dd0b23fc8074aecd3cbd909b0f4363e60e11a61eb4ffbff8,033b6eaea71b3084ca043902f6ba03b6487bf1762a9180963357103097d172cc
sues200,sues200_uav_250m_to_satellite,1,visual,4000,12,0,0.7333333333333333,0.8,null,null,0,0.44457502365112306,df64ad73d2ea80e1dd0b23fc8074aecd3cbd909b0f4363e60e11a61eb4ffbff8,033b6eaea71b3084ca043902f6ba03b6487bf1762a9180963357103097d172cc
sues200,sues200_uav_250m_to_satellite,1,visual,4000,13,0,0.8,0.8666666666666667,null,null,0,0.44457502365112306,df64ad73d2ea80e1dd0b23fc8074aecd3cbd909b0f4363e60e11a61eb4ffbff8,033b6eaea71b3084ca043902f6ba03b6487bf1762a9180963357103097d172cc
sues200,sues200_uav_250m_to_satellite,1,visual,4000,14,0,0.8666666666666667,0.9333333333333333,null,null,0,0.44457502365112306,df64ad73d2ea80e1dd0b23fc8074aecd3cbd909b0f4363e60e11a61eb4ffbff8,033b6eaea71b3084ca043902f6ba03b6487bf1762a9180963357103097d172cc
sues200,sues200_uav_250m_to_satellite,1,visual,4000,15,0,0.9333333333333333,1,null,null,0,0.44457502365112306,df64ad73d2ea80e1dd0b23fc8074aecd3cbd909b0f4363e60e11a61eb4ffbff8,033b6eaea71b3084ca043902f6ba03b6487bf1762a9180963357103097d172cc
sues200,sues200_uav_250m_to_satellite,1,full,4000,1,3515,0,0.06666666666666667,0.3368421052631579,0.024687598783464555,0.27430577256903055,0.32734987830370665,df64ad73d2ea80e1dd0b23fc8074aecd3cbd909b0f4363e60e11a61eb4ffbff8,033b6eaea71b3084ca043902f6ba03b6487bf1762a9180963357103097d172cc
sues200,sues200_uav_250m_to_satellite,1,full,4000,2,474,0.06666666666666667,0.13333333333333333,0.5316455696202531,0.08671589286895744,0.05272416669502854,0.32734987830370665,df64ad73d2ea80e1dd0b23fc8074aecd3cbd909b0f4363e60e11a61eb4ffbff8,033b6eaea71b3084ca043902f6ba03b6487bf1762a9180963357103097d172cc
sues200,sues200_uav_250m_to_satellite,1,full,4000,3,11,0.13333333333333333,0.2,0.2727272727272727,0.15638580376451666,0.0003199390396475791,0.32734987830370665,df64ad73d2ea80e1dd0b23fc8074aecd3cbd909b0f4363e60e11a61eb4ffbff8,033b6eaea71b3084ca043902f6ba03b6487bf1762a9180963357103097d172cc
sues200,sues200_uav_250m_to_satellite,1,full,4000,4,0,0.2,0.26666666666666666,null,null,0,0.32734987830370665,df64ad73d2ea80e1dd0b23fc8074aecd3cbd909b0f4363e60e11a61eb4ffbff8,033b6eaea71b3084ca043902f6ba03b6487bf1762a9180963357103097d172cc
sues200,sues200_uav_250m_to_satellite,1,full,4000,5,0,0.26666666666666666,0.3333333333333333,null,null,0,0.32734987830370665,df64ad73d2ea80e1dd0b23fc8074aecd3cbd909b0f4363e60e11a61eb4ffbff8,033b6eaea71b3084ca043902f6ba03b6487bf1762a9180963357103097d172cc
sues200,sues200_uav_250m_to_satellite,1,full,4000,6,0,0.3333333333333333,0.4,null,null,0,0.32734987830370665,df64ad73d2ea80e1dd0b23fc8074aecd3cbd909b0f4363e60e11a61eb4ffbff8,033b6eaea71b3084ca043902f6ba03b6487bf1762a9180963357103097d172cc
sues200,sues200_uav_250m_to_satellite,1,full,4000,7,0,0.4,0.4666666666666667,null,null,0,0.32734987830370665,df64ad73d2ea80e1dd0b23fc8074aecd3cbd909b0f4363e60e11a61eb4ffbff8,033b6eaea71b3084ca043902f6ba03b6487bf1762a9180963357103097d172cc
sues200,sues200_uav_250m_to_satellite,1,full,4000,8,0,0.4666666666666667,0.5333333333333333,null,null,0,0.32734987830370665,df64ad73d2ea80e1dd0b23fc8074aecd3cbd909b0f4363e60e11a61eb4ffbff8,033b6eaea71b3084ca043902f6ba03b6487bf1762a9180963357103097d172cc
sues200,sues200_uav_250m_to_satellite,1,full,4000,9,0,0.5333333333333333,0.6,null,null,0,0.32734987830370665,df64ad73d2ea80e1dd0b23fc8074aecd3cbd909b0f4363e60e11a61eb4ffbff8,033b6eaea71b3084ca043902f6ba03b6487bf1762a9180963357103097d172cc
sues200,sues200_uav_250m_to_satellite,1,full,4000,10,0,0.6,0.6666666666666666,null,null,0,0.32734987830370665,df64ad73d2ea80e1dd0b23fc8074aecd3cbd909b0f4363e60e11a61eb4ffbff8,033b6eaea71b3084ca043902f6ba03b6487bf1762a9180963357103097d172cc
sues200,sues200_uav_250m_to_satellite,1,full,4000,11,0,0.6666666666666666,0.7333333333333333,null,null,0,0.32734987830370665,df64ad73d2ea80e1dd0b23fc8074aecd3cbd909b0f4363e60e11a61eb4ffbff8,033b6eaea71b3084ca043902f6ba03b6487bf1762a9180963357103097d172cc
sues200,sues200_uav_250m_to_satellite,1,full,4000,12,0,0.7333333333333333,0.8,null,null,0,0.32734987830370665,df64ad73d2ea80e1dd0b23fc8074aecd3cbd909b0f4363e60e11a61eb4ffbff8,033b6eaea71b3084ca043902f6ba03b6487bf1762a9180963357103097d172cc
sues200,sues200_uav_250m_to_satellite,1,full,4000,13,0,0.8,0.8666666666666667,null,null,0,0.32734987830370665,df64ad73d2ea80e1dd0b23fc8074aecd3cbd909b0f4363e60e11a61eb4ffbff8,033b6eaea71b3084ca043902f6ba03b6487bf1762a9180963357103097d172cc
sues200,sues200_uav_250m_to_satellite,1,full,4000,14,0,0.8666666666666667,0.9333333333333333,null,null,0,0.32734987830370665,df64ad73d2ea80e1dd0b23fc8074aecd3cbd909b0f4363e60e11a61eb4ffbff8,033b6eaea71b3084ca043902f6ba03b6487bf1762a9180963357103097d172cc
sues200,sues200_uav_250m_to_satellite,1,full,4000,15,0,0.9333333333333333,1,null,null,0,0.32734987830370665,df64ad73d2ea80e1dd0b23fc8074aecd3cbd909b0f4363e60e11a61eb4ffbff8,033b6eaea71b3084ca043902f6ba03b6487bf1762a9180963357103097d172cc
sues200,sues200_uav_250m_to_satellite,2,visual,4000,1,3320,0,0.06666666666666667,0.3966867469879518,0.025822658522660472,0.3078171934261918,0.41773691623285414,df64ad73d2ea80e1dd0b23fc8074aecd3cbd909b0f4363e60e11a61eb4ffbff8,033b6eaea71b3084ca043902f6ba03b6487bf1762a9180963357103097d172cc
sues200,sues200_uav_250m_to_satellite,2,visual,4000,2,643,0.06666666666666667,0.13333333333333333,0.7402799377916018,0.087462822395387,0.10494035129994153,0.41773691623285414,df64ad73d2ea80e1dd0b23fc8074aecd3cbd909b0f4363e60e11a61eb4ffbff8,033b6eaea71b3084ca043902f6ba03b6487bf1762a9180963357103097d172cc
sues200,sues200_uav_250m_to_satellite,2,visual,4000,3,36,0.13333333333333333,0.2,0.6944444444444444,0.14676298408044708,0.004929133143275976,0.41773691623285414,df64ad73d2ea80e1dd0b23fc8074aecd3cbd909b0f4363e60e11a61eb4ffbff8,033b6eaea71b3084ca043902f6ba03b6487bf1762a9180963357103097d172cc
sues200,sues200_uav_250m_to_satellite,2,visual,4000,4,1,0.2,0.26666666666666666,0,0.20095345377922058,0.000050238363444805145,0.41773691623285414,df64ad73d2ea80e1dd0b23fc8074aecd3cbd909b0f4363e60e11a61eb4ffbff8,033b6eaea71b3084ca043902f6ba03b6487bf1762a9180963357103097d172cc
sues200,sues200_uav_250m_to_satellite,2,visual,4000,5,0,0.26666666666666666,0.3333333333333333,null,null,0,0.41773691623285414,df64ad73d2ea80e1dd0b23fc8074aecd3cbd909b0f4363e60e11a61eb4ffbff8,033b6eaea71b3084ca043902f6ba03b6487bf1762a9180963357103097d172cc
sues200,sues200_uav_250m_to_satellite,2,visual,4000,6,0,0.3333333333333333,0.4,null,null,0,0.41773691623285414,df64ad73d2ea80e1dd0b23fc8074aecd3cbd909b0f4363e60e11a61eb4ffbff8,033b6eaea71b3084ca043902f6ba03b6487bf1762a9180963357103097d172cc
sues200,sues200_uav_250m_to_satellite,2,visual,4000,7,0,0.4,0.4666666666666667,null,null,0,0.41773691623285414,df64ad73d2ea80e1dd0b23fc8074aecd3cbd909b0f4363e60e11a61eb4ffbff8,033b6eaea71b3084ca043902f6ba03b6487bf1762a9180963357103097d172cc
sues200,sues200_uav_250m_to_satellite,2,visual,4000,8,0,0.4666666666666667,0.5333333333333333,null,null,0,0.41773691623285414,df64ad73d2ea80e1dd0b23fc8074aecd3cbd909b0f4363e60e11a61eb4ffbff8,033b6eaea71b3084ca043902f6ba03b6487bf1762a9180963357103097d172cc
sues200,sues200_uav_250m_to_satellite,2,visual,4000,9,0,0.5333333333333333,0.6,null,null,0,0.41773691623285414,df64ad73d2ea80e1dd0b23fc8074aecd3cbd909b0f4363e60e11a61eb4ffbff8,033b6eaea71b3084ca043902f6ba03b6487bf1762a9180963357103097d172cc
sues200,sues200_uav_250m_to_satellite,2,visual,4000,10,0,0.6,0.6666666666666666,null,null,0,0.41773691623285414,df64ad73d2ea80e1dd0b23fc8074aecd3cbd909b0f4363e60e11a61eb4ffbff8,033b6eaea71b3084ca043902f6ba03b6487bf1762a9180963357103097d172cc
sues200,sues200_uav_250m_to_satellite,2,visual,4000,11,0,0.6666666666666666,0.7333333333333333,null,null,0,0.41773691623285414,df64ad73d2ea80e1dd0b23fc8074aecd3cbd909b0f4363e60e11a61eb4ffbff8,033b6eaea71b3084ca043902f6ba03b6487bf1762a9180963357103097d172cc
sues200,sues200_uav_250m_to_satellite,2,visual,4000,12,0,0.7333333333333333,0.8,null,null,0,0.41773691623285414,df64ad73d2ea80e1dd0b23fc8074aecd3cbd909b0f4363e60e11a61eb4ffbff8,033b6eaea71b3084ca043902f6ba03b6487bf1762a9180963357103097d172cc
sues200,sues200_uav_250m_to_satellite,2,visual,4000,13,0,0.8,0.8666666666666667,null,null,0,0.41773691623285414,df64ad73d2ea80e1dd0b23fc8074aecd3cbd909b0f4363e60e11a61eb4ffbff8,033b6eaea71b3084ca043902f6ba03b6487bf1762a9180963357103097d172cc
sues200,sues200_uav_250m_to_satellite,2,visual,4000,14,0,0.8666666666666667,0.9333333333333333,null,null,0,0.41773691623285414,df64ad73d2ea80e1dd0b23fc8074aecd3cbd909b0f4363e60e11a61eb4ffbff8,033b6eaea71b3084ca043902f6ba03b6487bf1762a9180963357103097d172cc
sues200,sues200_uav_250m_to_satellite,2,visual,4000,15,0,0.9333333333333333,1,null,null,0,0.41773691623285414,df64ad73d2ea80e1dd0b23fc8074aecd3cbd909b0f4363e60e11a61eb4ffbff8,033b6eaea71b3084ca043902f6ba03b6487bf1762a9180963357103097d172cc
sues200,sues200_uav_250m_to_satellite,2,full,4000,1,3436,0,0.06666666666666667,0.3518626309662398,0.025418916168569547,0.28041515101119874,0.35110212594270707,df64ad73d2ea80e1dd0b23fc8074aecd3cbd909b0f4363e60e11a61eb4ffbff8,033b6eaea71b3084ca043902f6ba03b6487bf1762a9180963357103097d172cc
sues200,sues200_uav_250m_to_satellite,2,full,4000,2,546,0.06666666666666667,0.13333333333333333,0.5970695970695971,0.08873673400162777,0.06938743580877782,0.35110212594270707,df64ad73d2ea80e1dd0b23fc8074aecd3cbd909b0f4363e60e11a61eb4ffbff8,033b6eaea71b3084ca043902f6ba03b6487bf1762a9180963357103097d172cc
sues200,sues200_uav_250m_to_satellite,2,full,4000,3,18,0.13333333333333333,0.2,0.4444444444444444,0.155657972726557,0.0012995391227304932,0.35110212594270707,df64ad73d2ea80e1dd0b23fc8074aecd3cbd909b0f4363e60e11a61eb4ffbff8,033b6eaea71b3084ca043902f6ba03b6487bf1762a9180963357103097d172cc
sues200,sues200_uav_250m_to_satellite,2,full,4000,4,0,0.2,0.26666666666666666,null,null,0,0.35110212594270707,df64ad73d2ea80e1dd0b23fc8074aecd3cbd909b0f4363e60e11a61eb4ffbff8,033b6eaea71b3084ca043902f6ba03b6487bf1762a9180963357103097d172cc
sues200,sues200_uav_250m_to_satellite,2,full,4000,5,0,0.26666666666666666,0.3333333333333333,null,null,0,0.35110212594270707,df64ad73d2ea80e1dd0b23fc8074aecd3cbd909b0f4363e60e11a61eb4ffbff8,033b6eaea71b3084ca043902f6ba03b6487bf1762a9180963357103097d172cc
sues200,sues200_uav_250m_to_satellite,2,full,4000,6,0,0.3333333333333333,0.4,null,null,0,0.35110212594270707,df64ad73d2ea80e1dd0b23fc8074aecd3cbd909b0f4363e60e11a61eb4ffbff8,033b6eaea71b3084ca043902f6ba03b6487bf1762a9180963357103097d172cc
sues200,sues200_uav_250m_to_satellite,2,full,4000,7,0,0.4,0.4666666666666667,null,null,0,0.35110212594270707,df64ad73d2ea80e1dd0b23fc8074aecd3cbd909b0f4363e60e11a61eb4ffbff8,033b6eaea71b3084ca043902f6ba03b6487bf1762a9180963357103097d172cc
sues200,sues200_uav_250m_to_satellite,2,full,4000,8,0,0.4666666666666667,0.5333333333333333,null,null,0,0.35110212594270707,df64ad73d2ea80e1dd0b23fc8074aecd3cbd909b0f4363e60e11a61eb4ffbff8,033b6eaea71b3084ca043902f6ba03b6487bf1762a9180963357103097d172cc
sues200,sues200_uav_250m_to_satellite,2,full,4000,9,0,0.5333333333333333,0.6,null,null,0,0.35110212594270707,df64ad73d2ea80e1dd0b23fc8074aecd3cbd909b0f4363e60e11a61eb4ffbff8,033b6eaea71b3084ca043902f6ba03b6487bf1762a9180963357103097d172cc
sues200,sues200_uav_250m_to_satellite,2,full,4000,10,0,0.6,0.6666666666666666,null,null,0,0.35110212594270707,df64ad73d2ea80e1dd0b23fc8074aecd3cbd909b0f4363e60e11a61eb4ffbff8,033b6eaea71b3084ca043902f6ba03b6487bf1762a9180963357103097d172cc
sues200,sues200_uav_250m_to_satellite,2,full,4000,11,0,0.6666666666666666,0.7333333333333333,null,null,0,0.35110212594270707,df64ad73d2ea80e1dd0b23fc8074aecd3cbd909b0f4363e60e11a61eb4ffbff8,033b6eaea71b3084ca043902f6ba03b6487bf1762a9180963357103097d172cc
sues200,sues200_uav_250m_to_satellite,2,full,4000,12,0,0.7333333333333333,0.8,null,null,0,0.35110212594270707,df64ad73d2ea80e1dd0b23fc8074aecd3cbd909b0f4363e60e11a61eb4ffbff8,033b6eaea71b3084ca043902f6ba03b6487bf1762a9180963357103097d172cc
sues200,sues200_uav_250m_to_satellite,2,full,4000,13,0,0.8,0.8666666666666667,null,null,0,0.35110212594270707,df64ad73d2ea80e1dd0b23fc8074aecd3cbd909b0f4363e60e11a61eb4ffbff8,033b6eaea71b3084ca043902f6ba03b6487bf1762a9180963357103097d172cc
sues200,sues200_uav_250m_to_satellite,2,full,4000,14,0,0.8666666666666667,0.9333333333333333,null,null,0,0.35110212594270707,df64ad73d2ea80e1dd0b23fc8074aecd3cbd909b0f4363e60e11a61eb4ffbff8,033b6eaea71b3084ca043902f6ba03b6487bf1762a9180963357103097d172cc
sues200,sues200_uav_250m_to_satellite,2,full,4000,15,0,0.9333333333333333,1,null,null,0,0.35110212594270707,df64ad73d2ea80e1dd0b23fc8074aecd3cbd909b0f4363e60e11a61eb4ffbff8,033b6eaea71b3084ca043902f6ba03b6487bf1762a9180963357103097d172cc
sues200,sues200_uav_250m_to_satellite,3,visual,4000,1,3276,0,0.06666666666666667,0.405982905982906,0.025009828077240306,0.3120169508047402,0.43612923680618404,df64ad73d2ea80e1dd0b23fc8074aecd3cbd909b0f4363e60e11a61eb4ffbff8,033b6eaea71b3084ca043902f6ba03b6487bf1762a9180963357103097d172cc
sues200,sues200_uav_250m_to_satellite,3,visual,4000,2,695,0.06666666666666667,0.13333333333333333,0.7683453237410072,0.0896626062744813,0.11792112215980886,0.43612923680618404,df64ad73d2ea80e1dd0b23fc8074aecd3cbd909b0f4363e60e11a61eb4ffbff8,033b6eaea71b3084ca043902f6ba03b6487bf1762a9180963357103097d172cc
sues200,sues200_uav_250m_to_satellite,3,visual,4000,3,29,0.13333333333333333,0.2,1,0.14604636667103604,0.006191163841634989,0.43612923680618404,df64ad73d2ea80e1dd0b23fc8074aecd3cbd909b0f4363e60e11a61eb4ffbff8,033b6eaea71b3084ca043902f6ba03b6487bf1762a9180963357103097d172cc
sues200,sues200_uav_250m_to_satellite,3,visual,4000,4,0,0.2,0.26666666666666666,null,null,0,0.43612923680618404,df64ad73d2ea80e1dd0b23fc8074aecd3cbd909b0f4363e60e11a61eb4ffbff8,033b6eaea71b3084ca043902f6ba03b6487bf1762a9180963357103097d172cc
sues200,sues200_uav_250m_to_satellite,3,visual,4000,5,0,0.26666666666666666,0.3333333333333333,null,null,0,0.43612923680618404,df64ad73d2ea80e1dd0b23fc8074aecd3cbd909b0f4363e60e11a61eb4ffbff8,033b6eaea71b3084ca043902f6ba03b6487bf1762a9180963357103097d172cc
sues200,sues200_uav_250m_to_satellite,3,visual,4000,6,0,0.3333333333333333,0.4,null,null,0,0.43612923680618404,df64ad73d2ea80e1dd0b23fc8074aecd3cbd909b0f4363e60e11a61eb4ffbff8,033b6eaea71b3084ca043902f6ba03b6487bf1762a9180963357103097d172cc
sues200,sues200_uav_250m_to_satellite,3,visual,4000,7,0,0.4,0.4666666666666667,null,null,0,0.43612923680618404,df64ad73d2ea80e1dd0b23fc8074aecd3cbd909b0f4363e60e11a61eb4ffbff8,033b6eaea71b3084ca043902f6ba03b6487bf1762a9180963357103097d172cc
sues200,sues200_uav_250m_to_satellite,3,visual,4000,8,0,0.4666666666666667,0.5333333333333333,null,null,0,0.43612923680618404,df64ad73d2ea80e1dd0b23fc8074aecd3cbd909b0f4363e60e11a61eb4ffbff8,033b6eaea71b3084ca043902f6ba03b6487bf1762a9180963357103097d172cc
sues200,sues200_uav_250m_to_satellite,3,visual,4000,9,0,0.5333333333333333,0.6,null,null,0,0.43612923680618404,df64ad73d2ea80e1dd0b23fc8074aecd3cbd909b0f4363e60e11a61eb4ffbff8,033b6eaea71b3084ca043902f6ba03b6487bf1762a9180963357103097d172cc
sues200,sues200_uav_250m_to_satellite,3,visual,4000,10,0,0.6,0.6666666666666666,null,null,0,0.43612923680618404,df64ad73d2ea80e1dd0b23fc8074aecd3cbd909b0f4363e60e11a61eb4ffbff8,033b6eaea71b3084ca043902f6ba03b6487bf1762a9180963357103097d172cc
sues200,sues200_uav_250m_to_satellite,3,visual,4000,11,0,0.6666666666666666,0.7333333333333333,null,null,0,0.43612923680618404,df64ad73d2ea80e1dd0b23fc8074aecd3cbd909b0f4363e60e11a61eb4ffbff8,033b6eaea71b3084ca043902f6ba03b6487bf1762a9180963357103097d172cc
sues200,sues200_uav_250m_to_satellite,3,visual,4000,12,0,0.7333333333333333,0.8,null,null,0,0.43612923680618404,df64ad73d2ea80e1dd0b23fc8074aecd3cbd909b0f4363e60e11a61eb4ffbff8,033b6eaea71b3084ca043902f6ba03b6487bf1762a9180963357103097d172cc
sues200,sues200_uav_250m_to_satellite,3,visual,4000,13,0,0.8,0.8666666666666667,null,null,0,0.43612923680618404,df64ad73d2ea80e1dd0b23fc8074aecd3cbd909b0f4363e60e11a61eb4ffbff8,033b6eaea71b3084ca043902f6ba03b6487bf1762a9180963357103097d172cc
sues200,sues200_uav_250m_to_satellite,3,visual,4000,14,0,0.8666666666666667,0.9333333333333333,null,null,0,0.43612923680618404,df64ad73d2ea80e1dd0b23fc8074aecd3cbd909b0f4363e60e11a61eb4ffbff8,033b6eaea71b3084ca043902f6ba03b6487bf1762a9180963357103097d172cc
sues200,sues200_uav_250m_to_satellite,3,visual,4000,15,0,0.9333333333333333,1,null,null,0,0.43612923680618404,df64ad73d2ea80e1dd0b23fc8074aecd3cbd909b0f4363e60e11a61eb4ffbff8,033b6eaea71b3084ca043902f6ba03b6487bf1762a9180963357103097d172cc
sues200,sues200_uav_250m_to_satellite,3,full,4000,1,3212,0,0.06666666666666667,0.29140722291407223,0.024608969883262593,0.21423899718374015,0.3170860600322485,df64ad73d2ea80e1dd0b23fc8074aecd3cbd909b0f4363e60e11a61eb4ffbff8,033b6eaea71b3084ca043902f6ba03b6487bf1762a9180963357103097d172cc
sues200,sues200_uav_250m_to_satellite,3,full,4000,2,748,0.06666666666666667,0.13333333333333333,0.6377005347593583,0.0904949871813231,0.10232743739709257,0.3170860600322485,df64ad73d2ea80e1dd0b23fc8074aecd3cbd909b0f4363e60e11a61eb4ffbff8,033b6eaea71b3084ca043902f6ba03b6487bf1762a9180963357103097d172cc
sues200,sues200_uav_250m_to_satellite,3,full,4000,3,40,0.13333333333333333,0.2,0.2,0.1480374548584223,0.0005196254514157772,0.3170860600322485,df64ad73d2ea80e1dd0b23fc8074aecd3cbd909b0f4363e60e11a61eb4ffbff8,033b6eaea71b3084ca043902f6ba03b6487bf1762a9180963357103097d172cc
sues200,sues200_uav_250m_to_satellite,3,full,4000,4,0,0.2,0.26666666666666666,null,null,0,0.3170860600322485,df64ad73d2ea80e1dd0b23fc8074aecd3cbd909b0f4363e60e11a61eb4ffbff8,033b6eaea71b3084ca043902f6ba03b6487bf1762a9180963357103097d172cc
sues200,sues200_uav_250m_to_satellite,3,full,4000,5,0,0.26666666666666666,0.3333333333333333,null,null,0,0.3170860600322485,df64ad73d2ea80e1dd0b23fc8074aecd3cbd909b0f4363e60e11a61eb4ffbff8,033b6eaea71b3084ca043902f6ba03b6487bf1762a9180963357103097d172cc
sues200,sues200_uav_250m_to_satellite,3,full,4000,6,0,0.3333333333333333,0.4,null,null,0,0.3170860600322485,df64ad73d2ea80e1dd0b23fc8074aecd3cbd909b0f4363e60e11a61eb4ffbff8,033b6eaea71b3084ca043902f6ba03b6487bf1762a9180963357103097d172cc
sues200,sues200_uav_250m_to_satellite,3,full,4000,7,0,0.4,0.4666666666666667,null,null,0,0.3170860600322485,df64ad73d2ea80e1dd0b23fc8074aecd3cbd909b0f4363e60e11a61eb4ffbff8,033b6eaea71b3084ca043902f6ba03b6487bf1762a9180963357103097d172cc
sues200,sues200_uav_250m_to_satellite,3,full,4000,8,0,0.4666666666666667,0.5333333333333333,null,null,0,0.3170860600322485,df64ad73d2ea80e1dd0b23fc8074aecd3cbd909b0f4363e60e11a61eb4ffbff8,033b6eaea71b3084ca043902f6ba03b6487bf1762a9180963357103097d172cc
sues200,sues200_uav_250m_to_satellite,3,full,4000,9,0,0.5333333333333333,0.6,null,null,0,0.3170860600322485,df64ad73d2ea80e1dd0b23fc8074aecd3cbd909b0f4363e60e11a61eb4ffbff8,033b6eaea71b3084ca043902f6ba03b6487bf1762a9180963357103097d172cc
sues200,sues200_uav_250m_to_satellite,3,full,4000,10,0,0.6,0.6666666666666666,null,null,0,0.3170860600322485,df64ad73d2ea80e1dd0b23fc8074aecd3cbd909b0f4363e60e11a61eb4ffbff8,033b6eaea71b3084ca043902f6ba03b6487bf1762a9180963357103097d172cc
sues200,sues200_uav_250m_to_satellite,3,full,4000,11,0,0.6666666666666666,0.7333333333333333,null,null,0,0.3170860600322485,df64ad73d2ea80e1dd0b23fc8074aecd3cbd909b0f4363e60e11a61eb4ffbff8,033b6eaea71b3084ca043902f6ba03b6487bf1762a9180963357103097d172cc
sues200,sues200_uav_250m_to_satellite,3,full,4000,12,0,0.7333333333333333,0.8,null,null,0,0.3170860600322485,df64ad73d2ea80e1dd0b23fc8074aecd3cbd909b0f4363e60e11a61eb4ffbff8,033b6eaea71b3084ca043902f6ba03b6487bf1762a9180963357103097d172cc
sues200,sues200_uav_250m_to_satellite,3,full,4000,13,0,0.8,0.8666666666666667,null,null,0,0.3170860600322485,df64ad73d2ea80e1dd0b23fc8074aecd3cbd909b0f4363e60e11a61eb4ffbff8,033b6eaea71b3084ca043902f6ba03b6487bf1762a9180963357103097d172cc
sues200,sues200_uav_250m_to_satellite,3,full,4000,14,0,0.8666666666666667,0.9333333333333333,null,null,0,0.3170860600322485,df64ad73d2ea80e1dd0b23fc8074aecd3cbd909b0f4363e60e11a61eb4ffbff8,033b6eaea71b3084ca043902f6ba03b6487bf1762a9180963357103097d172cc
sues200,sues200_uav_250m_to_satellite,3,full,4000,15,0,0.9333333333333333,1,null,null,0,0.3170860600322485,df64ad73d2ea80e1dd0b23fc8074aecd3cbd909b0f4363e60e11a61eb4ffbff8,033b6eaea71b3084ca043902f6ba03b6487bf1762a9180963357103097d172cc
sues200,sues200_satellite_to_uav_250m,1,visual,80,1,80,0,0.06666666666666667,0.6875,0.005780602246522904,0.6817193977534771,0.6817193977534771,a0024554fabfdcd03efe8d46da3c80414baa16d26cf6a40d05e521ce55eeaddc,033b6eaea71b3084ca043902f6ba03b6487bf1762a9180963357103097d172cc
sues200,sues200_satellite_to_uav_250m,1,visual,80,2,0,0.06666666666666667,0.13333333333333333,null,null,0,0.6817193977534771,a0024554fabfdcd03efe8d46da3c80414baa16d26cf6a40d05e521ce55eeaddc,033b6eaea71b3084ca043902f6ba03b6487bf1762a9180963357103097d172cc
sues200,sues200_satellite_to_uav_250m,1,visual,80,3,0,0.13333333333333333,0.2,null,null,0,0.6817193977534771,a0024554fabfdcd03efe8d46da3c80414baa16d26cf6a40d05e521ce55eeaddc,033b6eaea71b3084ca043902f6ba03b6487bf1762a9180963357103097d172cc
sues200,sues200_satellite_to_uav_250m,1,visual,80,4,0,0.2,0.26666666666666666,null,null,0,0.6817193977534771,a0024554fabfdcd03efe8d46da3c80414baa16d26cf6a40d05e521ce55eeaddc,033b6eaea71b3084ca043902f6ba03b6487bf1762a9180963357103097d172cc
sues200,sues200_satellite_to_uav_250m,1,visual,80,5,0,0.26666666666666666,0.3333333333333333,null,null,0,0.6817193977534771,a0024554fabfdcd03efe8d46da3c80414baa16d26cf6a40d05e521ce55eeaddc,033b6eaea71b3084ca043902f6ba03b6487bf1762a9180963357103097d172cc
sues200,sues200_satellite_to_uav_250m,1,visual,80,6,0,0.3333333333333333,0.4,null,null,0,0.6817193977534771,a0024554fabfdcd03efe8d46da3c80414baa16d26cf6a40d05e521ce55eeaddc,033b6eaea71b3084ca043902f6ba03b6487bf1762a9180963357103097d172cc
sues200,sues200_satellite_to_uav_250m,1,visual,80,7,0,0.4,0.4666666666666667,null,null,0,0.6817193977534771,a0024554fabfdcd03efe8d46da3c80414baa16d26cf6a40d05e521ce55eeaddc,033b6eaea71b3084ca043902f6ba03b6487bf1762a9180963357103097d172cc
sues200,sues200_satellite_to_uav_250m,1,visual,80,8,0,0.4666666666666667,0.5333333333333333,null,null,0,0.6817193977534771,a0024554fabfdcd03efe8d46da3c80414baa16d26cf6a40d05e521ce55eeaddc,033b6eaea71b3084ca043902f6ba03b6487bf1762a9180963357103097d172cc
sues200,sues200_satellite_to_uav_250m,1,visual,80,9,0,0.5333333333333333,0.6,null,null,0,0.6817193977534771,a0024554fabfdcd03efe8d46da3c80414baa16d26cf6a40d05e521ce55eeaddc,033b6eaea71b3084ca043902f6ba03b6487bf1762a9180963357103097d172cc
sues200,sues200_satellite_to_uav_250m,1,visual,80,10,0,0.6,0.6666666666666666,null,null,0,0.6817193977534771,a0024554fabfdcd03efe8d46da3c80414baa16d26cf6a40d05e521ce55eeaddc,033b6eaea71b3084ca043902f6ba03b6487bf1762a9180963357103097d172cc
sues200,sues200_satellite_to_uav_250m,1,visual,80,11,0,0.6666666666666666,0.7333333333333333,null,null,0,0.6817193977534771,a0024554fabfdcd03efe8d46da3c80414baa16d26cf6a40d05e521ce55eeaddc,033b6eaea71b3084ca043902f6ba03b6487bf1762a9180963357103097d172cc
sues200,sues200_satellite_to_uav_250m,1,visual,80,12,0,0.7333333333333333,0.8,null,null,0,0.6817193977534771,a0024554fabfdcd03efe8d46da3c80414baa16d26cf6a40d05e521ce55eeaddc,033b6eaea71b3084ca043902f6ba03b6487bf1762a9180963357103097d172cc
sues200,sues200_satellite_to_uav_250m,1,visual,80,13,0,0.8,0.8666666666666667,null,null,0,0.6817193977534771,a0024554fabfdcd03efe8d46da3c80414baa16d26cf6a40d05e521ce55eeaddc,033b6eaea71b3084ca043902f6ba03b6487bf1762a9180963357103097d172cc
sues200,sues200_satellite_to_uav_250m,1,visual,80,14,0,0.8666666666666667,0.9333333333333333,null,null,0,0.6817193977534771,a0024554fabfdcd03efe8d46da3c80414baa16d26cf6a40d05e521ce55eeaddc,033b6eaea71b3084ca043902f6ba03b6487bf1762a9180963357103097d172cc
sues200,sues200_satellite_to_uav_250m,1,visual,80,15,0,0.9333333333333333,1,null,null,0,0.6817193977534771,a0024554fabfdcd03efe8d46da3c80414baa16d26cf6a40d05e521ce55eeaddc,033b6eaea71b3084ca043902f6ba03b6487bf1762a9180963357103097d172cc
sues200,sues200_satellite_to_uav_250m,1,full,80,1,80,0,0.06666666666666667,0.6,0.005759105458855629,0.5942408945411444,0.5942408945411444,a0024554fabfdcd03efe8d46da3c80414baa16d26cf6a40d05e521ce55eeaddc,033b6eaea71b3084ca043902f6ba03b6487bf1762a9180963357103097d172cc
sues200,sues200_satellite_to_uav_250m,1,full,80,2,0,0.06666666666666667,0.13333333333333333,null,null,0,0.5942408945411444,a0024554fabfdcd03efe8d46da3c80414baa16d26cf6a40d05e521ce55eeaddc,033b6eaea71b3084ca043902f6ba03b6487bf1762a9180963357103097d172cc
sues200,sues200_satellite_to_uav_250m,1,full,80,3,0,0.13333333333333333,0.2,null,null,0,0.5942408945411444,a0024554fabfdcd03efe8d46da3c80414baa16d26cf6a40d05e521ce55eeaddc,033b6eaea71b3084ca043902f6ba03b6487bf1762a9180963357103097d172cc
sues200,sues200_satellite_to_uav_250m,1,full,80,4,0,0.2,0.26666666666666666,null,null,0,0.5942408945411444,a0024554fabfdcd03efe8d46da3c80414baa16d26cf6a40d05e521ce55eeaddc,033b6eaea71b3084ca043902f6ba03b6487bf1762a9180963357103097d172cc
sues200,sues200_satellite_to_uav_250m,1,full,80,5,0,0.26666666666666666,0.3333333333333333,null,null,0,0.5942408945411444,a0024554fabfdcd03efe8d46da3c80414baa16d26cf6a40d05e521ce55eeaddc,033b6eaea71b3084ca043902f6ba03b6487bf1762a9180963357103097d172cc
sues200,sues200_satellite_to_uav_250m,1,full,80,6,0,0.3333333333333333,0.4,null,null,0,0.5942408945411444,a0024554fabfdcd03efe8d46da3c80414baa16d26cf6a40d05e521ce55eeaddc,033b6eaea71b3084ca043902f6ba03b6487bf1762a9180963357103097d172cc
sues200,sues200_satellite_to_uav_250m,1,full,80,7,0,0.4,0.4666666666666667,null,null,0,0.5942408945411444,a0024554fabfdcd03efe8d46da3c80414baa16d26cf6a40d05e521ce55eeaddc,033b6eaea71b3084ca043902f6ba03b6487bf1762a9180963357103097d172cc
sues200,sues200_satellite_to_uav_250m,1,full,80,8,0,0.4666666666666667,0.5333333333333333,null,null,0,0.5942408945411444,a0024554fabfdcd03efe8d46da3c80414baa16d26cf6a40d05e521ce55eeaddc,033b6eaea71b3084ca043902f6ba03b6487bf1762a9180963357103097d172cc
sues200,sues200_satellite_to_uav_250m,1,full,80,9,0,0.5333333333333333,0.6,null,null,0,0.5942408945411444,a0024554fabfdcd03efe8d46da3c80414baa16d26cf6a40d05e521ce55eeaddc,033b6eaea71b3084ca043902f6ba03b6487bf1762a9180963357103097d172cc
sues200,sues200_satellite_to_uav_250m,1,full,80,10,0,0.6,0.6666666666666666,null,null,0,0.5942408945411444,a0024554fabfdcd03efe8d46da3c80414baa16d26cf6a40d05e521ce55eeaddc,033b6eaea71b3084ca043902f6ba03b6487bf1762a9180963357103097d172cc
sues200,sues200_satellite_to_uav_250m,1,full,80,11,0,0.6666666666666666,0.7333333333333333,null,null,0,0.5942408945411444,a0024554fabfdcd03efe8d46da3c80414baa16d26cf6a40d05e521ce55eeaddc,033b6eaea71b3084ca043902f6ba03b6487bf1762a9180963357103097d172cc
sues200,sues200_satellite_to_uav_250m,1,full,80,12,0,0.7333333333333333,0.8,null,null,0,0.5942408945411444,a0024554fabfdcd03efe8d46da3c80414baa16d26cf6a40d05e521ce55eeaddc,033b6eaea71b3084ca043902f6ba03b6487bf1762a9180963357103097d172cc
sues200,sues200_satellite_to_uav_250m,1,full,80,13,0,0.8,0.8666666666666667,null,null,0,0.5942408945411444,a0024554fabfdcd03efe8d46da3c80414baa16d26cf6a40d05e521ce55eeaddc,033b6eaea71b3084ca043902f6ba03b6487bf1762a9180963357103097d172cc
sues200,sues200_satellite_to_uav_250m,1,full,80,14,0,0.8666666666666667,0.9333333333333333,null,null,0,0.5942408945411444,a0024554fabfdcd03efe8d46da3c80414baa16d26cf6a40d05e521ce55eeaddc,033b6eaea71b3084ca043902f6ba03b6487bf1762a9180963357103097d172cc
sues200,sues200_satellite_to_uav_250m,1,full,80,15,0,0.9333333333333333,1,null,null,0,0.5942408945411444,a0024554fabfdcd03efe8d46da3c80414baa16d26cf6a40d05e521ce55eeaddc,033b6eaea71b3084ca043902f6ba03b6487bf1762a9180963357103097d172cc
sues200,sues200_satellite_to_uav_250m,2,visual,80,1,80,0,0.06666666666666667,0.6625,0.006056821346282959,0.656443178653717,0.656443178653717,a0024554fabfdcd03efe8d46da3c80414baa16d26cf6a40d05e521ce55eeaddc,033b6eaea71b3084ca043902f6ba03b6487bf1762a9180963357103097d172cc
sues200,sues200_satellite_to_uav_250m,2,visual,80,2,0,0.06666666666666667,0.13333333333333333,null,null,0,0.656443178653717,a0024554fabfdcd03efe8d46da3c80414baa16d26cf6a40d05e521ce55eeaddc,033b6eaea71b3084ca043902f6ba03b6487bf1762a9180963357103097d172cc
sues200,sues200_satellite_to_uav_250m,2,visual,80,3,0,0.13333333333333333,0.2,null,null,0,0.656443178653717,a0024554fabfdcd03efe8d46da3c80414baa16d26cf6a40d05e521ce55eeaddc,033b6eaea71b3084ca043902f6ba03b6487bf1762a9180963357103097d172cc
sues200,sues200_satellite_to_uav_250m,2,visual,80,4,0,0.2,0.26666666666666666,null,null,0,0.656443178653717,a0024554fabfdcd03efe8d46da3c80414baa16d26cf6a40d05e521ce55eeaddc,033b6eaea71b3084ca043902f6ba03b6487bf1762a9180963357103097d172cc
sues200,sues200_satellite_to_uav_250m,2,visual,80,5,0,0.26666666666666666,0.3333333333333333,null,null,0,0.656443178653717,a0024554fabfdcd03efe8d46da3c80414baa16d26cf6a40d05e521ce55eeaddc,033b6eaea71b3084ca043902f6ba03b6487bf1762a9180963357103097d172cc
sues200,sues200_satellite_to_uav_250m,2,visual,80,6,0,0.3333333333333333,0.4,null,null,0,0.656443178653717,a0024554fabfdcd03efe8d46da3c80414baa16d26cf6a40d05e521ce55eeaddc,033b6eaea71b3084ca043902f6ba03b6487bf1762a9180963357103097d172cc
sues200,sues200_satellite_to_uav_250m,2,visual,80,7,0,0.4,0.4666666666666667,null,null,0,0.656443178653717,a0024554fabfdcd03efe8d46da3c80414baa16d26cf6a40d05e521ce55eeaddc,033b6eaea71b3084ca043902f6ba03b6487bf1762a9180963357103097d172cc
sues200,sues200_satellite_to_uav_250m,2,visual,80,8,0,0.4666666666666667,0.5333333333333333,null,null,0,0.656443178653717,a0024554fabfdcd03efe8d46da3c80414baa16d26cf6a40d05e521ce55eeaddc,033b6eaea71b3084ca043902f6ba03b6487bf1762a9180963357103097d172cc
sues200,sues200_satellite_to_uav_250m,2,visual,80,9,0,0.5333333333333333,0.6,null,null,0,0.656443178653717,a0024554fabfdcd03efe8d46da3c80414baa16d26cf6a40d05e521ce55eeaddc,033b6eaea71b3084ca043902f6ba03b6487bf1762a9180963357103097d172cc
sues200,sues200_satellite_to_uav_250m,2,visual,80,10,0,0.6,0.6666666666666666,null,null,0,0.656443178653717,a0024554fabfdcd03efe8d46da3c80414baa16d26cf6a40d05e521ce55eeaddc,033b6eaea71b3084ca043902f6ba03b6487bf1762a9180963357103097d172cc
sues200,sues200_satellite_to_uav_250m,2,visual,80,11,0,0.6666666666666666,0.7333333333333333,null,null,0,0.656443178653717,a0024554fabfdcd03efe8d46da3c80414baa16d26cf6a40d05e521ce55eeaddc,033b6eaea71b3084ca043902f6ba03b6487bf1762a9180963357103097d172cc
sues200,sues200_satellite_to_uav_250m,2,visual,80,12,0,0.7333333333333333,0.8,null,null,0,0.656443178653717,a0024554fabfdcd03efe8d46da3c80414baa16d26cf6a40d05e521ce55eeaddc,033b6eaea71b3084ca043902f6ba03b6487bf1762a9180963357103097d172cc
sues200,sues200_satellite_to_uav_250m,2,visual,80,13,0,0.8,0.8666666666666667,null,null,0,0.656443178653717,a0024554fabfdcd03efe8d46da3c80414baa16d26cf6a40d05e521ce55eeaddc,033b6eaea71b3084ca043902f6ba03b6487bf1762a9180963357103097d172cc
sues200,sues200_satellite_to_uav_250m,2,visual,80,14,0,0.8666666666666667,0.9333333333333333,null,null,0,0.656443178653717,a0024554fabfdcd03efe8d46da3c80414baa16d26cf6a40d05e521ce55eeaddc,033b6eaea71b3084ca043902f6ba03b6487bf1762a9180963357103097d172cc
sues200,sues200_satellite_to_uav_250m,2,visual,80,15,0,0.9333333333333333,1,null,null,0,0.656443178653717,a0024554fabfdcd03efe8d46da3c80414baa16d26cf6a40d05e521ce55eeaddc,033b6eaea71b3084ca043902f6ba03b6487bf1762a9180963357103097d172cc
sues200,sues200_satellite_to_uav_250m,2,full,80,1,80,0,0.06666666666666667,0.5875,0.006676151975989341,0.5808238480240107,0.5808238480240107,a0024554fabfdcd03efe8d46da3c80414baa16d26cf6a40d05e521ce55eeaddc,033b6eaea71b3084ca043902f6ba03b6487bf1762a9180963357103097d172cc
sues200,sues200_satellite_to_uav_250m,2,full,80,2,0,0.06666666666666667,0.13333333333333333,null,null,0,0.5808238480240107,a0024554fabfdcd03efe8d46da3c80414baa16d26cf6a40d05e521ce55eeaddc,033b6eaea71b3084ca043902f6ba03b6487bf1762a9180963357103097d172cc
sues200,sues200_satellite_to_uav_250m,2,full,80,3,0,0.13333333333333333,0.2,null,null,0,0.5808238480240107,a0024554fabfdcd03efe8d46da3c80414baa16d26cf6a40d05e521ce55eeaddc,033b6eaea71b3084ca043902f6ba03b6487bf1762a9180963357103097d172cc
sues200,sues200_satellite_to_uav_250m,2,full,80,4,0,0.2,0.26666666666666666,null,null,0,0.5808238480240107,a0024554fabfdcd03efe8d46da3c80414baa16d26cf6a40d05e521ce55eeaddc,033b6eaea71b3084ca043902f6ba03b6487bf1762a9180963357103097d172cc
sues200,sues200_satellite_to_uav_250m,2,full,80,5,0,0.26666666666666666,0.3333333333333333,null,null,0,0.5808238480240107,a0024554fabfdcd03efe8d46da3c80414baa16d26cf6a40d05e521ce55eeaddc,033b6eaea71b3084ca043902f6ba03b6487bf1762a9180963357103097d172cc
sues200,sues200_satellite_to_uav_250m,2,full,80,6,0,0.3333333333333333,0.4,null,null,0,0.5808238480240107,a0024554fabfdcd03efe8d46da3c80414baa16d26cf6a40d05e521ce55eeaddc,033b6eaea71b3084ca043902f6ba03b6487bf1762a9180963357103097d172cc
sues200,sues200_satellite_to_uav_250m,2,full,80,7,0,0.4,0.4666666666666667,null,null,0,0.5808238480240107,a0024554fabfdcd03efe8d46da3c80414baa16d26cf6a40d05e521ce55eeaddc,033b6eaea71b3084ca043902f6ba03b6487bf1762a9180963357103097d172cc
sues200,sues200_satellite_to_uav_250m,2,full,80,8,0,0.4666666666666667,0.5333333333333333,null,null,0,0.5808238480240107,a0024554fabfdcd03efe8d46da3c80414baa16d26cf6a40d05e521ce55eeaddc,033b6eaea71b3084ca043902f6ba03b6487bf1762a9180963357103097d172cc
sues200,sues200_satellite_to_uav_250m,2,full,80,9,0,0.5333333333333333,0.6,null,null,0,0.5808238480240107,a0024554fabfdcd03efe8d46da3c80414baa16d26cf6a40d05e521ce55eeaddc,033b6eaea71b3084ca043902f6ba03b6487bf1762a9180963357103097d172cc
sues200,sues200_satellite_to_uav_250m,2,full,80,10,0,0.6,0.6666666666666666,null,null,0,0.5808238480240107,a0024554fabfdcd03efe8d46da3c80414baa16d26cf6a40d05e521ce55eeaddc,033b6eaea71b3084ca043902f6ba03b6487bf1762a9180963357103097d172cc
sues200,sues200_satellite_to_uav_250m,2,full,80,11,0,0.6666666666666666,0.7333333333333333,null,null,0,0.5808238480240107,a0024554fabfdcd03efe8d46da3c80414baa16d26cf6a40d05e521ce55eeaddc,033b6eaea71b3084ca043902f6ba03b6487bf1762a9180963357103097d172cc
sues200,sues200_satellite_to_uav_250m,2,full,80,12,0,0.7333333333333333,0.8,null,null,0,0.5808238480240107,a0024554fabfdcd03efe8d46da3c80414baa16d26cf6a40d05e521ce55eeaddc,033b6eaea71b3084ca043902f6ba03b6487bf1762a9180963357103097d172cc
sues200,sues200_satellite_to_uav_250m,2,full,80,13,0,0.8,0.8666666666666667,null,null,0,0.5808238480240107,a0024554fabfdcd03efe8d46da3c80414baa16d26cf6a40d05e521ce55eeaddc,033b6eaea71b3084ca043902f6ba03b6487bf1762a9180963357103097d172cc
sues200,sues200_satellite_to_uav_250m,2,full,80,14,0,0.8666666666666667,0.9333333333333333,null,null,0,0.5808238480240107,a0024554fabfdcd03efe8d46da3c80414baa16d26cf6a40d05e521ce55eeaddc,033b6eaea71b3084ca043902f6ba03b6487bf1762a9180963357103097d172cc
sues200,sues200_satellite_to_uav_250m,2,full,80,15,0,0.9333333333333333,1,null,null,0,0.5808238480240107,a0024554fabfdcd03efe8d46da3c80414baa16d26cf6a40d05e521ce55eeaddc,033b6eaea71b3084ca043902f6ba03b6487bf1762a9180963357103097d172cc
sues200,sues200_satellite_to_uav_250m,3,visual,80,1,80,0,0.06666666666666667,0.725,0.006150952354073524,0.7188490476459265,0.7188490476459265,a0024554fabfdcd03efe8d46da3c80414baa16d26cf6a40d05e521ce55eeaddc,033b6eaea71b3084ca043902f6ba03b6487bf1762a9180963357103097d172cc
sues200,sues200_satellite_to_uav_250m,3,visual,80,2,0,0.06666666666666667,0.13333333333333333,null,null,0,0.7188490476459265,a0024554fabfdcd03efe8d46da3c80414baa16d26cf6a40d05e521ce55eeaddc,033b6eaea71b3084ca043902f6ba03b6487bf1762a9180963357103097d172cc
sues200,sues200_satellite_to_uav_250m,3,visual,80,3,0,0.13333333333333333,0.2,null,null,0,0.7188490476459265,a0024554fabfdcd03efe8d46da3c80414baa16d26cf6a40d05e521ce55eeaddc,033b6eaea71b3084ca043902f6ba03b6487bf1762a9180963357103097d172cc
sues200,sues200_satellite_to_uav_250m,3,visual,80,4,0,0.2,0.26666666666666666,null,null,0,0.7188490476459265,a0024554fabfdcd03efe8d46da3c80414baa16d26cf6a40d05e521ce55eeaddc,033b6eaea71b3084ca043902f6ba03b6487bf1762a9180963357103097d172cc
sues200,sues200_satellite_to_uav_250m,3,visual,80,5,0,0.26666666666666666,0.3333333333333333,null,null,0,0.7188490476459265,a0024554fabfdcd03efe8d46da3c80414baa16d26cf6a40d05e521ce55eeaddc,033b6eaea71b3084ca043902f6ba03b6487bf1762a9180963357103097d172cc
sues200,sues200_satellite_to_uav_250m,3,visual,80,6,0,0.3333333333333333,0.4,null,null,0,0.7188490476459265,a0024554fabfdcd03efe8d46da3c80414baa16d26cf6a40d05e521ce55eeaddc,033b6eaea71b3084ca043902f6ba03b6487bf1762a9180963357103097d172cc
sues200,sues200_satellite_to_uav_250m,3,visual,80,7,0,0.4,0.4666666666666667,null,null,0,0.7188490476459265,a0024554fabfdcd03efe8d46da3c80414baa16d26cf6a40d05e521ce55eeaddc,033b6eaea71b3084ca043902f6ba03b6487bf1762a9180963357103097d172cc
sues200,sues200_satellite_to_uav_250m,3,visual,80,8,0,0.4666666666666667,0.5333333333333333,null,null,0,0.7188490476459265,a0024554fabfdcd03efe8d46da3c80414baa16d26cf6a40d05e521ce55eeaddc,033b6eaea71b3084ca043902f6ba03b6487bf1762a9180963357103097d172cc
sues200,sues200_satellite_to_uav_250m,3,visual,80,9,0,0.5333333333333333,0.6,null,null,0,0.7188490476459265,a0024554fabfdcd03efe8d46da3c80414baa16d26cf6a40d05e521ce55eeaddc,033b6eaea71b3084ca043902f6ba03b6487bf1762a9180963357103097d172cc
sues200,sues200_satellite_to_uav_250m,3,visual,80,10,0,0.6,0.6666666666666666,null,null,0,0.7188490476459265,a0024554fabfdcd03efe8d46da3c80414baa16d26cf6a40d05e521ce55eeaddc,033b6eaea71b3084ca043902f6ba03b6487bf1762a9180963357103097d172cc
sues200,sues200_satellite_to_uav_250m,3,visual,80,11,0,0.6666666666666666,0.7333333333333333,null,null,0,0.7188490476459265,a0024554fabfdcd03efe8d46da3c80414baa16d26cf6a40d05e521ce55eeaddc,033b6eaea71b3084ca043902f6ba03b6487bf1762a9180963357103097d172cc
sues200,sues200_satellite_to_uav_250m,3,visual,80,12,0,0.7333333333333333,0.8,null,null,0,0.7188490476459265,a0024554fabfdcd03efe8d46da3c80414baa16d26cf6a40d05e521ce55eeaddc,033b6eaea71b3084ca043902f6ba03b6487bf1762a9180963357103097d172cc
sues200,sues200_satellite_to_uav_250m,3,visual,80,13,0,0.8,0.8666666666666667,null,null,0,0.7188490476459265,a0024554fabfdcd03efe8d46da3c80414baa16d26cf6a40d05e521ce55eeaddc,033b6eaea71b3084ca043902f6ba03b6487bf1762a9180963357103097d172cc
sues200,sues200_satellite_to_uav_250m,3,visual,80,14,0,0.8666666666666667,0.9333333333333333,null,null,0,0.7188490476459265,a0024554fabfdcd03efe8d46da3c80414baa16d26cf6a40d05e521ce55eeaddc,033b6eaea71b3084ca043902f6ba03b6487bf1762a9180963357103097d172cc
sues200,sues200_satellite_to_uav_250m,3,visual,80,15,0,0.9333333333333333,1,null,null,0,0.7188490476459265,a0024554fabfdcd03efe8d46da3c80414baa16d26cf6a40d05e521ce55eeaddc,033b6eaea71b3084ca043902f6ba03b6487bf1762a9180963357103097d172cc
sues200,sues200_satellite_to_uav_250m,3,full,80,1,80,0,0.06666666666666667,0.525,0.005430728197097778,0.5195692718029022,0.5195692718029022,a0024554fabfdcd03efe8d46da3c80414baa16d26cf6a40d05e521ce55eeaddc,033b6eaea71b3084ca043902f6ba03b6487bf1762a9180963357103097d172cc
sues200,sues200_satellite_to_uav_250m,3,full,80,2,0,0.06666666666666667,0.13333333333333333,null,null,0,0.5195692718029022,a0024554fabfdcd03efe8d46da3c80414baa16d26cf6a40d05e521ce55eeaddc,033b6eaea71b3084ca043902f6ba03b6487bf1762a9180963357103097d172cc
sues200,sues200_satellite_to_uav_250m,3,full,80,3,0,0.13333333333333333,0.2,null,null,0,0.5195692718029022,a0024554fabfdcd03efe8d46da3c80414baa16d26cf6a40d05e521ce55eeaddc,033b6eaea71b3084ca043902f6ba03b6487bf1762a9180963357103097d172cc
sues200,sues200_satellite_to_uav_250m,3,full,80,4,0,0.2,0.26666666666666666,null,null,0,0.5195692718029022,a0024554fabfdcd03efe8d46da3c80414baa16d26cf6a40d05e521ce55eeaddc,033b6eaea71b3084ca043902f6ba03b6487bf1762a9180963357103097d172cc
sues200,sues200_satellite_to_uav_250m,3,full,80,5,0,0.26666666666666666,0.3333333333333333,null,null,0,0.5195692718029022,a0024554fabfdcd03efe8d46da3c80414baa16d26cf6a40d05e521ce55eeaddc,033b6eaea71b3084ca043902f6ba03b6487bf1762a9180963357103097d172cc
sues200,sues200_satellite_to_uav_250m,3,full,80,6,0,0.3333333333333333,0.4,null,null,0,0.5195692718029022,a0024554fabfdcd03efe8d46da3c80414baa16d26cf6a40d05e521ce55eeaddc,033b6eaea71b3084ca043902f6ba03b6487bf1762a9180963357103097d172cc
sues200,sues200_satellite_to_uav_250m,3,full,80,7,0,0.4,0.4666666666666667,null,null,0,0.5195692718029022,a0024554fabfdcd03efe8d46da3c80414baa16d26cf6a40d05e521ce55eeaddc,033b6eaea71b3084ca043902f6ba03b6487bf1762a9180963357103097d172cc
sues200,sues200_satellite_to_uav_250m,3,full,80,8,0,0.4666666666666667,0.5333333333333333,null,null,0,0.5195692718029022,a0024554fabfdcd03efe8d46da3c80414baa16d26cf6a40d05e521ce55eeaddc,033b6eaea71b3084ca043902f6ba03b6487bf1762a9180963357103097d172cc
sues200,sues200_satellite_to_uav_250m,3,full,80,9,0,0.5333333333333333,0.6,null,null,0,0.5195692718029022,a0024554fabfdcd03efe8d46da3c80414baa16d26cf6a40d05e521ce55eeaddc,033b6eaea71b3084ca043902f6ba03b6487bf1762a9180963357103097d172cc
sues200,sues200_satellite_to_uav_250m,3,full,80,10,0,0.6,0.6666666666666666,null,null,0,0.5195692718029022,a0024554fabfdcd03efe8d46da3c80414baa16d26cf6a40d05e521ce55eeaddc,033b6eaea71b3084ca043902f6ba03b6487bf1762a9180963357103097d172cc
sues200,sues200_satellite_to_uav_250m,3,full,80,11,0,0.6666666666666666,0.7333333333333333,null,null,0,0.5195692718029022,a0024554fabfdcd03efe8d46da3c80414baa16d26cf6a40d05e521ce55eeaddc,033b6eaea71b3084ca043902f6ba03b6487bf1762a9180963357103097d172cc
sues200,sues200_satellite_to_uav_250m,3,full,80,12,0,0.7333333333333333,0.8,null,null,0,0.5195692718029022,a0024554fabfdcd03efe8d46da3c80414baa16d26cf6a40d05e521ce55eeaddc,033b6eaea71b3084ca043902f6ba03b6487bf1762a9180963357103097d172cc
sues200,sues200_satellite_to_uav_250m,3,full,80,13,0,0.8,0.8666666666666667,null,null,0,0.5195692718029022,a0024554fabfdcd03efe8d46da3c80414baa16d26cf6a40d05e521ce55eeaddc,033b6eaea71b3084ca043902f6ba03b6487bf1762a9180963357103097d172cc
sues200,sues200_satellite_to_uav_250m,3,full,80,14,0,0.8666666666666667,0.9333333333333333,null,null,0,0.5195692718029022,a0024554fabfdcd03efe8d46da3c80414baa16d26cf6a40d05e521ce55eeaddc,033b6eaea71b3084ca043902f6ba03b6487bf1762a9180963357103097d172cc
sues200,sues200_satellite_to_uav_250m,3,full,80,15,0,0.9333333333333333,1,null,null,0,0.5195692718029022,a0024554fabfdcd03efe8d46da3c80414baa16d26cf6a40d05e521ce55eeaddc,033b6eaea71b3084ca043902f6ba03b6487bf1762a9180963357103097d172cc
sues200,sues200_uav_300m_to_satellite,1,visual,4000,1,3332,0,0.06666666666666667,0.4330732292917167,0.025526048702781513,0.339486801430583,0.46072292418032884,9ed2f51f15e95d86a8b1b19b92bdfafbe954e6ca69c281ff55a8fd5cdcac0fd0,033b6eaea71b3084ca043902f6ba03b6487bf1762a9180963357103097d172cc
sues200,sues200_uav_300m_to_satellite,1,visual,4000,2,654,0.06666666666666667,0.13333333333333333,0.8149847094801224,0.08704942075210974,0.11901741970703007,0.46072292418032884,9ed2f51f15e95d86a8b1b19b92bdfafbe954e6ca69c281ff55a8fd5cdcac0fd0,033b6eaea71b3084ca043902f6ba03b6487bf1762a9180963357103097d172cc
sues200,sues200_uav_300m_to_satellite,1,visual,4000,3,14,0.13333333333333333,0.2,0.7857142857142857,0.15179913065263204,0.0022187030427157878,0.46072292418032884,9ed2f51f15e95d86a8b1b19b92bdfafbe954e6ca69c281ff55a8fd5cdcac0fd0,033b6eaea71b3084ca043902f6ba03b6487bf1762a9180963357103097d172cc
sues200,sues200_uav_300m_to_satellite,1,visual,4000,4,0,0.2,0.26666666666666666,null,null,0,0.46072292418032884,9ed2f51f15e95d86a8b1b19b92bdfafbe954e6ca69c281ff55a8fd5cdcac0fd0,033b6eaea71b3084ca043902f6ba03b6487bf1762a9180963357103097d172cc
sues200,sues200_uav_300m_to_satellite,1,visual,4000,5,0,0.26666666666666666,0.3333333333333333,null,null,0,0.46072292418032884,9ed2f51f15e95d86a8b1b19b92bdfafbe954e6ca69c281ff55a8fd5cdcac0fd0,033b6eaea71b3084ca043902f6ba03b6487bf1762a9180963357103097d172cc
sues200,sues200_uav_300m_to_satellite,1,visual,4000,6,0,0.3333333333333333,0.4,null,null,0,0.46072292418032884,9ed2f51f15e95d86a8b1b19b92bdfafbe954e6ca69c281ff55a8fd5cdcac0fd0,033b6eaea71b3084ca043902f6ba03b6487bf1762a9180963357103097d172cc
sues200,sues200_uav_300m_to_satellite,1,visual,4000,7,0,0.4,0.4666666666666667,null,null,0,0.46072292418032884,9ed2f51f15e95d86a8b1b19b92bdfafbe954e6ca69c281ff55a8fd5cdcac0fd0,033b6eaea71b3084ca043902f6ba03b6487bf1762a9180963357103097d172cc
sues200,sues200_uav_300m_to_satellite,1,visual,4000,8,0,0.4666666666666667,0.5333333333333333,null,null,0,0.46072292418032884,9ed2f51f15e95d86a8b1b19b92bdfafbe954e6ca69c281ff55a8fd5cdcac0fd0,033b6eaea71b3084ca043902f6ba03b6487bf1762a9180963357103097d172cc
sues200,sues200_uav_300m_to_satellite,1,visual,4000,9,0,0.5333333333333333,0.6,null,null,0,0.46072292418032884,9ed2f51f15e95d86a8b1b19b92bdfafbe954e6ca69c281ff55a8fd5cdcac0fd0,033b6eaea71b3084ca043902f6ba03b6487bf1762a9180963357103097d172cc
sues200,sues200_uav_300m_to_satellite,1,visual,4000,10,0,0.6,0.6666666666666666,null,null,0,0.46072292418032884,9ed2f51f15e95d86a8b1b19b92bdfafbe954e6ca69c281ff55a8fd5cdcac0fd0,033b6eaea71b3084ca043902f6ba03b6487bf1762a9180963357103097d172cc
sues200,sues200_uav_300m_to_satellite,1,visual,4000,11,0,0.6666666666666666,0.7333333333333333,null,null,0,0.46072292418032884,9ed2f51f15e95d86a8b1b19b92bdfafbe954e6ca69c281ff55a8fd5cdcac0fd0,033b6eaea71b3084ca043902f6ba03b6487bf1762a9180963357103097d172cc
sues200,sues200_uav_300m_to_satellite,1,visual,4000,12,0,0.7333333333333333,0.8,null,null,0,0.46072292418032884,9ed2f51f15e95d86a8b1b19b92bdfafbe954e6ca69c281ff55a8fd5cdcac0fd0,033b6eaea71b3084ca043902f6ba03b6487bf1762a9180963357103097d172cc
sues200,sues200_uav_300m_to_satellite,1,visual,4000,13,0,0.8,0.8666666666666667,null,null,0,0.46072292418032884,9ed2f51f15e95d86a8b1b19b92bdfafbe954e6ca69c281ff55a8fd5cdcac0fd0,033b6eaea71b3084ca043902f6ba03b6487bf1762a9180963357103097d172cc
sues200,sues200_uav_300m_to_satellite,1,visual,4000,14,0,0.8666666666666667,0.9333333333333333,null,null,0,0.46072292418032884,9ed2f51f15e95d86a8b1b19b92bdfafbe954e6ca69c281ff55a8fd5cdcac0fd0,033b6eaea71b3084ca043902f6ba03b6487bf1762a9180963357103097d172cc
sues200,sues200_uav_300m_to_satellite,1,visual,4000,15,0,0.9333333333333333,1,null,null,0,0.46072292418032884,9ed2f51f15e95d86a8b1b19b92bdfafbe954e6ca69c281ff55a8fd5cdcac0fd0,033b6eaea71b3084ca043902f6ba03b6487bf1762a9180963357103097d172cc
sues200,sues200_uav_300m_to_satellite,1,full,4000,1,3488,0,0.06666666666666667,0.36009174311926606,0.024046098283671456,0.2930318022966385,0.3560400386117399,9ed2f51f15e95d86a8b1b19b92bdfafbe954e6ca69c281ff55a8fd5cdcac0fd0,033b6eaea71b3084ca043902f6ba03b6487bf1762a9180963357103097d172cc
sues200,sues200_uav_300m_to_satellite,1,full,4000,2,502,0.06666666666666667,0.13333333333333333,0.5856573705179283,0.08463258714789888,0.06287861031293869,0.3560400386117399,9ed2f51f15e95d86a8b1b19b92bdfafbe954e6ca69c281ff55a8fd5cdcac0fd0,033b6eaea71b3084ca043902f6ba03b6487bf1762a9180963357103097d172cc
sues200,sues200_uav_300m_to_satellite,1,full,4000,3,10,0.13333333333333333,0.2,0.1,0.15185040086507798,0.00012962600216269495,0.3560400386117399,9ed2f51f15e95d86a8b1b19b92bdfafbe954e6ca69c281ff55a8fd5cdcac0fd0,033b6eaea71b3084ca043902f6ba03b6487bf1762a9180963357103097d172cc
sues200,sues200_uav_300m_to_satellite,1,full,4000,4,0,0.2,0.26666666666666666,null,null,0,0.3560400386117399,9ed2f51f15e95d86a8b1b19b92bdfafbe954e6ca69c281ff55a8fd5cdcac0fd0,033b6eaea71b3084ca043902f6ba03b6487bf1762a9180963357103097d172cc
sues200,sues200_uav_300m_to_satellite,1,full,4000,5,0,0.26666666666666666,0.3333333333333333,null,null,0,0.3560400386117399,9ed2f51f15e95d86a8b1b19b92bdfafbe954e6ca69c281ff55a8fd5cdcac0fd0,033b6eaea71b3084ca043902f6ba03b6487bf1762a9180963357103097d172cc
sues200,sues200_uav_300m_to_satellite,1,full,4000,6,0,0.3333333333333333,0.4,null,null,0,0.3560400386117399,9ed2f51f15e95d86a8b1b19b92bdfafbe954e6ca69c281ff55a8fd5cdcac0fd0,033b6eaea71b3084ca043902f6ba03b6487bf1762a9180963357103097d172cc
sues200,sues200_uav_300m_to_satellite,1,full,4000,7,0,0.4,0.4666666666666667,null,null,0,0.3560400386117399,9ed2f51f15e95d86a8b1b19b92bdfafbe954e6ca69c281ff55a8fd5cdcac0fd0,033b6eaea71b3084ca043902f6ba03b6487bf1762a9180963357103097d172cc
sues200,sues200_uav_300m_to_satellite,1,full,4000,8,0,0.4666666666666667,0.5333333333333333,null,null,0,0.3560400386117399,9ed2f51f15e95d86a8b1b19b92bdfafbe954e6ca69c281ff55a8fd5cdcac0fd0,033b6eaea71b3084ca043902f6ba03b6487bf1762a9180963357103097d172cc
sues200,sues200_uav_300m_to_satellite,1,full,4000,9,0,0.5333333333333333,0.6,null,null,0,0.3560400386117399,9ed2f51f15e95d86a8b1b19b92bdfafbe954e6ca69c281ff55a8fd5cdcac0fd0,033b6eaea71b3084ca043902f6ba03b6487bf1762a9180963357103097d172cc
sues200,sues200_uav_300m_to_satellite,1,full,4000,10,0,0.6,0.6666666666666666,null,null,0,0.3560400386117399,9ed2f51f15e95d86a8b1b19b92bdfafbe954e6ca69c281ff55a8fd5cdcac0fd0,033b6eaea71b3084ca043902f6ba03b6487bf1762a9180963357103097d172cc
sues200,sues200_uav_300m_to_satellite,1,full,4000,11,0,0.6666666666666666,0.7333333333333333,null,null,0,0.3560400386117399,9ed2f51f15e95d86a8b1b19b92bdfafbe954e6ca69c281ff55a8fd5cdcac0fd0,033b6eaea71b3084ca043902f6ba03b6487bf1762a9180963357103097d172cc
sues200,sues200_uav_300m_to_satellite,1,full,4000,12,0,0.7333333333333333,0.8,null,null,0,0.3560400386117399,9ed2f51f15e95d86a8b1b19b92bdfafbe954e6ca69c281ff55a8fd5cdcac0fd0,033b6eaea71b3084ca043902f6ba03b6487bf1762a9180963357103097d172cc
sues200,sues200_uav_300m_to_satellite,1,full,4000,13,0,0.8,0.8666666666666667,null,null,0,0.3560400386117399,9ed2f51f15e95d86a8b1b19b92bdfafbe954e6ca69c281ff55a8fd5cdcac0fd0,033b6eaea71b3084ca043902f6ba03b6487bf1762a9180963357103097d172cc
sues200,sues200_uav_300m_to_satellite,1,full,4000,14,0,0.8666666666666667,0.9333333333333333,null,null,0,0.3560400386117399,9ed2f51f15e95d86a8b1b19b92bdfafbe954e6ca69c281ff55a8fd5cdcac0fd0,033b6eaea71b3084ca043902f6ba03b6487bf1762a9180963357103097d172cc
sues200,sues200_uav_300m_to_satellite,1,full,4000,15,0,0.9333333333333333,1,null,null,0,0.3560400386117399,9ed2f51f15e95d86a8b1b19b92bdfafbe954e6ca69c281ff55a8fd5cdcac0fd0,033b6eaea71b3084ca043902f6ba03b6487bf1762a9180963357103097d172cc
sues200,sues200_uav_300m_to_satellite,2,visual,4000,1,3320,0,0.06666666666666667,0.4352409638554217,0.026628397019153618,0.33914843047410254,0.4567344088554383,9ed2f51f15e95d86a8b1b19b92bdfafbe954e6ca69c281ff55a8fd5cdcac0fd0,033b6eaea71b3084ca043902f6ba03b6487bf1762a9180963357103097d172cc
sues200,sues200_uav_300m_to_satellite,2,visual,4000,2,655,0.06666666666666667,0.13333333333333333,0.7847328244274809,0.08713784090435232,0.11423117855191232,0.4567344088554383,9ed2f51f15e95d86a8b1b19b92bdfafbe954e6ca69c281ff55a8fd5cdcac0fd0,033b6eaea71b3084ca043902f6ba03b6487bf1762a9180963357103097d172cc
sues200,sues200_uav_300m_to_satellite,2,visual,4000,3,25,0.13333333333333333,0.2,0.68,0.1432320272922516,0.003354799829423428,0.4567344088554383,9ed2f51f15e95d86a8b1b19b92bdfafbe954e6ca69c281ff55a8fd5cdcac0fd0,033b6eaea71b3084ca043902f6ba03b6487bf1762a9180963357103097d172cc
sues200,sues200_uav_300m_to_satellite,2,visual,4000,4,0,0.2,0.26666666666666666,null,null,0,0.4567344088554383,9ed2f51f15e95d86a8b1b19b92bdfafbe954e6ca69c281ff55a8fd5cdcac0fd0,033b6eaea71b3084ca043902f6ba03b6487bf1762a9180963357103097d172cc
sues200,sues200_uav_300m_to_satellite,2,visual,4000,5,0,0.26666666666666666,0.3333333333333333,null,null,0,0.4567344088554383,9ed2f51f15e95d86a8b1b19b92bdfafbe954e6ca69c281ff55a8fd5cdcac0fd0,033b6eaea71b3084ca043902f6ba03b6487bf1762a9180963357103097d172cc
sues200,sues200_uav_300m_to_satellite,2,visual,4000,6,0,0.3333333333333333,0.4,null,null,0,0.4567344088554383,9ed2f51f15e95d86a8b1b19b92bdfafbe954e6ca69c281ff55a8fd5cdcac0fd0,033b6eaea71b3084ca043902f6ba03b6487bf1762a9180963357103097d172cc
sues200,sues200_uav_300m_to_satellite,2,visual,4000,7,0,0.4,0.4666666666666667,null,null,0,0.4567344088554383,9ed2f51f15e95d86a8b1b19b92bdfafbe954e6ca69c281ff55a8fd5cdcac0fd0,033b6eaea71b3084ca043902f6ba03b6487bf1762a9180963357103097d172cc
sues200,sues200_uav_300m_to_satellite,2,visual,4000,8,0,0.4666666666666667,0.5333333333333333,null,null,0,0.4567344088554383,9ed2f51f15e95d86a8b1b19b92bdfafbe954e6ca69c281ff55a8fd5cdcac0fd0,033b6eaea71b3084ca043902f6ba03b6487bf1762a9180963357103097d172cc
sues200,sues200_uav_300m_to_satellite,2,visual,4000,9,0,0.5333333333333333,0.6,null,null,0,0.4567344088554383,9ed2f51f15e95d86a8b1b19b92bdfafbe954e6ca69c281ff55a8fd5cdcac0fd0,033b6eaea71b3084ca043902f6ba03b6487bf1762a9180963357103097d172cc
sues200,sues200_uav_300m_to_satellite,2,visual,4000,10,0,0.6,0.6666666666666666,null,null,0,0.4567344088554383,9ed2f51f15e95d86a8b1b19b92bdfafbe954e6ca69c281ff55a8fd5cdcac0fd0,033b6eaea71b3084ca043902f6ba03b6487bf1762a9180963357103097d172cc
sues200,sues200_uav_300m_to_satellite,2,visual,4000,11,0,0.6666666666666666,0.7333333333333333,null,null,0,0.4567344088554383,9ed2f51f15e95d86a8b1b19b92bdfafbe954e6ca69c281ff55a8fd5cdcac0fd0,033b6eaea71b3084ca043902f6ba03b6487bf1762a9180963357103097d172cc
sues200,sues200_uav_300m_to_satellite,2,visual,4000,12,0,0.7333333333333333,0.8,null,null,0,0.4567344088554383,9ed2f51f15e95d86a8b1b19b92bdfafbe954e6ca69c281ff55a8fd5cdcac0fd0,033b6eaea71b3084ca043902f6ba03b6487bf1762a9180963357103097d172cc
sues200,sues200_uav_300m_to_satellite,2,visual,4000,13,0,0.8,0.8666666666666667,null,null,0,0.4567344088554383,9ed2f51f15e95d86a8b1b19b92bdfafbe954e6ca69c281ff55a8fd5cdcac0fd0,033b6eaea71b3084ca043902f6ba03b6487bf1762a9180963357103097d172cc
sues200,sues200_uav_300m_to_satellite,2,visual,4000,14,0,0.8666666666666667,0.9333333333333333,null,null,0,0.4567344088554383,9ed2f51f15e95d86a8b1b19b92bdfafbe954e6ca69c281ff55a8fd5cdcac0fd0,033b6eaea71b3084ca043902f6ba03b6487bf1762a9180963357103097d172cc
sues200,sues200_uav_300m_to_satellite,2,visual,4000,15,0,0.9333333333333333,1,null,null,0,0.4567344088554383,9ed2f51f15e95d86a8b1b19b92bdfafbe954e6ca69c281ff55a8fd5cdcac0fd0,033b6eaea71b3084ca043902f6ba03b6487bf1762a9180963357103097d172cc
sues200,sues200_uav_300m_to_satellite,2,full,4000,1,3354,0,0.06666666666666667,0.35688729874776387,0.025826475692420896,0.27759450013190506,0.3538763246871531,9ed2f51f15e95d86a8b1b19b92bdfafbe954e6ca69c281ff55a8fd5cdcac0fd0,033b6eaea71b3084ca043902f6ba03b6487bf1762a9180963357103097d172cc
sues200,sues200_uav_300m_to_satellite,2,full,4000,2,615,0.06666666666666667,0.13333333333333333,0.5707317073170731,0.08889419765976386,0.0740825171098113,0.3538763246871531,9ed2f51f15e95d86a8b1b19b92bdfafbe954e6ca69c281ff55a8fd5cdcac0fd0,033b6eaea71b3084ca043902f6ba03b6487bf1762a9180963357103097d172cc
sues200,sues200_uav_300m_to_satellite,2,full,4000,3,30,0.13333333333333333,0.2,0.43333333333333335,0.14697818607091903,0.0021476636044681073,0.3538763246871531,9ed2f51f15e95d86a8b1b19b92bdfafbe954e6ca69c281ff55a8fd5cdcac0fd0,033b6eaea71b3084ca043902f6ba03b6487bf1762a9180963357103097d172cc
sues200,sues200_uav_300m_to_satellite,2,full,4000,4,1,0.2,0.26666666666666666,0,0.20657536387443542,0.00005164384096860886,0.3538763246871531,9ed2f51f15e95d86a8b1b19b92bdfafbe954e6ca69c281ff55a8fd5cdcac0fd0,033b6eaea71b3084ca043902f6ba03b6487bf1762a9180963357103097d172cc
sues200,sues200_uav_300m_to_satellite,2,full,4000,5,0,0.26666666666666666,0.3333333333333333,null,null,0,0.3538763246871531,9ed2f51f15e95d86a8b1b19b92bdfafbe954e6ca69c281ff55a8fd5cdcac0fd0,033b6eaea71b3084ca043902f6ba03b6487bf1762a9180963357103097d172cc
sues200,sues200_uav_300m_to_satellite,2,full,4000,6,0,0.3333333333333333,0.4,null,null,0,0.3538763246871531,9ed2f51f15e95d86a8b1b19b92bdfafbe954e6ca69c281ff55a8fd5cdcac0fd0,033b6eaea71b3084ca043902f6ba03b6487bf1762a9180963357103097d172cc
sues200,sues200_uav_300m_to_satellite,2,full,4000,7,0,0.4,0.4666666666666667,null,null,0,0.3538763246871531,9ed2f51f15e95d86a8b1b19b92bdfafbe954e6ca69c281ff55a8fd5cdcac0fd0,033b6eaea71b3084ca043902f6ba03b6487bf1762a9180963357103097d172cc
sues200,sues200_uav_300m_to_satellite,2,full,4000,8,0,0.4666666666666667,0.5333333333333333,null,null,0,0.3538763246871531,9ed2f51f15e95d86a8b1b19b92bdfafbe954e6ca69c281ff55a8fd5cdcac0fd0,033b6eaea71b3084ca043902f6ba03b6487bf1762a9180963357103097d172cc
sues200,sues200_uav_300m_to_satellite,2,full,4000,9,0,0.5333333333333333,0.6,null,null,0,0.3538763246871531,9ed2f51f15e95d86a8b1b19b92bdfafbe954e6ca69c281ff55a8fd5cdcac0fd0,033b6eaea71b3084ca043902f6ba03b6487bf1762a9180963357103097d172cc
sues200,sues200_uav_300m_to_satellite,2,full,4000,10,0,0.6,0.6666666666666666,null,null,0,0.3538763246871531,9ed2f51f15e95d86a8b1b19b92bdfafbe954e6ca69c281ff55a8fd5cdcac0fd0,033b6eaea71b3084ca043902f6ba03b6487bf1762a9180963357103097d172cc
sues200,sues200_uav_300m_to_satellite,2,full,4000,11,0,0.6666666666666666,0.7333333333333333,null,null,0,0.3538763246871531,9ed2f51f15e95d86a8b1b19b92bdfafbe954e6ca69c281ff55a8fd5cdcac0fd0,033b6eaea71b3084ca043902f6ba03b6487bf1762a9180963357103097d172cc
sues200,sues200_uav_300m_to_satellite,2,full,4000,12,0,0.7333333333333333,0.8,null,null,0,0.3538763246871531,9ed2f51f15e95d86a8b1b19b92bdfafbe954e6ca69c281ff55a8fd5cdcac0fd0,033b6eaea71b3084ca043902f6ba03b6487bf1762a9180963357103097d172cc
sues200,sues200_uav_300m_to_satellite,2,full,4000,13,0,0.8,0.8666666666666667,null,null,0,0.3538763246871531,9ed2f51f15e95d86a8b1b19b92bdfafbe954e6ca69c281ff55a8fd5cdcac0fd0,033b6eaea71b3084ca043902f6ba03b6487bf1762a9180963357103097d172cc
sues200,sues200_uav_300m_to_satellite,2,full,4000,14,0,0.8666666666666667,0.9333333333333333,null,null,0,0.3538763246871531,9ed2f51f15e95d86a8b1b19b92bdfafbe954e6ca69c281ff55a8fd5cdcac0fd0,033b6eaea71b3084ca043902f6ba03b6487bf1762a9180963357103097d172cc
sues200,sues200_uav_300m_to_satellite,2,full,4000,15,0,0.9333333333333333,1,null,null,0,0.3538763246871531,9ed2f51f15e95d86a8b1b19b92bdfafbe954e6ca69c281ff55a8fd5cdcac0fd0,033b6eaea71b3084ca043902f6ba03b6487bf1762a9180963357103097d172cc
sues200,sues200_uav_300m_to_satellite,3,visual,4000,1,3207,0,0.06666666666666667,0.42687870283754287,0.025163877696161296,0.32207486105710265,0.46212687440589073,9ed2f51f15e95d86a8b1b19b92bdfafbe954e6ca69c281ff55a8fd5cdcac0fd0,033b6eaea71b3084ca043902f6ba03b6487bf1762a9180963357103097d172cc
sues200,sues200_uav_300m_to_satellite,3,visual,4000,2,772,0.06666666666666667,0.13333333333333333,0.7927461139896373,0.09042075050541157,0.13554879515245558,0.46212687440589073,9ed2f51f15e95d86a8b1b19b92bdfafbe954e6ca69c281ff55a8fd5cdcac0fd0,033b6eaea71b3084ca043902f6ba03b6487bf1762a9180963357103097d172cc
sues200,sues200_uav_300m_to_satellite,3,visual,4000,3,21,0.13333333333333333,0.2,1,0.14224415307953245,0.004503218196332455,0.46212687440589073,9ed2f51f15e95d86a8b1b19b92bdfafbe954e6ca69c281ff55a8fd5cdcac0fd0,033b6eaea71b3084ca043902f6ba03b6487bf1762a9180963357103097d172cc
sues200,sues200_uav_300m_to_satellite,3,visual,4000,4,0,0.2,0.26666666666666666,null,null,0,0.46212687440589073,9ed2f51f15e95d86a8b1b19b92bdfafbe954e6ca69c281ff55a8fd5cdcac0fd0,033b6eaea71b3084ca043902f6ba03b6487bf1762a9180963357103097d172cc
sues200,sues200_uav_300m_to_satellite,3,visual,4000,5,0,0.26666666666666666,0.3333333333333333,null,null,0,0.46212687440589073,9ed2f51f15e95d86a8b1b19b92bdfafbe954e6ca69c281ff55a8fd5cdcac0fd0,033b6eaea71b3084ca043902f6ba03b6487bf1762a9180963357103097d172cc
sues200,sues200_uav_300m_to_satellite,3,visual,4000,6,0,0.3333333333333333,0.4,null,null,0,0.46212687440589073,9ed2f51f15e95d86a8b1b19b92bdfafbe954e6ca69c281ff55a8fd5cdcac0fd0,033b6eaea71b3084ca043902f6ba03b6487bf1762a9180963357103097d172cc
sues200,sues200_uav_300m_to_satellite,3,visual,4000,7,0,0.4,0.4666666666666667,null,null,0,0.46212687440589073,9ed2f51f15e95d86a8b1b19b92bdfafbe954e6ca69c281ff55a8fd5cdcac0fd0,033b6eaea71b3084ca043902f6ba03b6487bf1762a9180963357103097d172cc
sues200,sues200_uav_300m_to_satellite,3,visual,4000,8,0,0.4666666666666667,0.5333333333333333,null,null,0,0.46212687440589073,9ed2f51f15e95d86a8b1b19b92bdfafbe954e6ca69c281ff55a8fd5cdcac0fd0,033b6eaea71b3084ca043902f6ba03b6487bf1762a9180963357103097d172cc
sues200,sues200_uav_300m_to_satellite,3,visual,4000,9,0,0.5333333333333333,0.6,null,null,0,0.46212687440589073,9ed2f51f15e95d86a8b1b19b92bdfafbe954e6ca69c281ff55a8fd5cdcac0fd0,033b6eaea71b3084ca043902f6ba03b6487bf1762a9180963357103097d172cc
sues200,sues200_uav_300m_to_satellite,3,visual,4000,10,0,0.6,0.6666666666666666,null,null,0,0.46212687440589073,9ed2f51f15e95d86a8b1b19b92bdfafbe954e6ca69c281ff55a8fd5cdcac0fd0,033b6eaea71b3084ca043902f6ba03b6487bf1762a9180963357103097d172cc
sues200,sues200_uav_300m_to_satellite,3,visual,4000,11,0,0.6666666666666666,0.7333333333333333,null,null,0,0.46212687440589073,9ed2f51f15e95d86a8b1b19b92bdfafbe954e6ca69c281ff55a8fd5cdcac0fd0,033b6eaea71b3084ca043902f6ba03b6487bf1762a9180963357103097d172cc
sues200,sues200_uav_300m_to_satellite,3,visual,4000,12,0,0.7333333333333333,0.8,null,null,0,0.46212687440589073,9ed2f51f15e95d86a8b1b19b92bdfafbe954e6ca69c281ff55a8fd5cdcac0fd0,033b6eaea71b3084ca043902f6ba03b6487bf1762a9180963357103097d172cc
sues200,sues200_uav_300m_to_satellite,3,visual,4000,13,0,0.8,0.8666666666666667,null,null,0,0.46212687440589073,9ed2f51f15e95d86a8b1b19b92bdfafbe954e6ca69c281ff55a8fd5cdcac0fd0,033b6eaea71b3084ca043902f6ba03b6487bf1762a9180963357103097d172cc
sues200,sues200_uav_300m_to_satellite,3,visual,4000,14,0,0.8666666666666667,0.9333333333333333,null,null,0,0.46212687440589073,9ed2f51f15e95d86a8b1b19b92bdfafbe954e6ca69c281ff55a8fd5cdcac0fd0,033b6eaea71b3084ca043902f6ba03b6487bf1762a9180963357103097d172cc
sues200,sues200_uav_300m_to_satellite,3,visual,4000,15,0,0.9333333333333333,1,null,null,0,0.46212687440589073,9ed2f51f15e95d86a8b1b19b92bdfafbe954e6ca69c281ff55a8fd5cdcac0fd0,033b6eaea71b3084ca043902f6ba03b6487bf1762a9180963357103097d172cc
sues200,sues200_uav_300m_to_satellite,3,full,4000,1,3229,0,0.06666666666666667,0.30783524310932175,0.024309313668300952,0.22887630654126404,0.3370201065987348,9ed2f51f15e95d86a8b1b19b92bdfafbe954e6ca69c281ff55a8fd5cdcac0fd0,033b6eaea71b3084ca043902f6ba03b6487bf1762a9180963357103097d172cc
sues200,sues200_uav_300m_to_satellite,3,full,4000,2,720,0.06666666666666667,0.13333333333333333,0.6791666666666667,0.09177073587973912,0.10573126754164695,0.3370201065987348,9ed2f51f15e95d86a8b1b19b92bdfafbe954e6ca69c281ff55a8fd5cdcac0fd0,033b6eaea71b3084ca043902f6ba03b6487bf1762a9180963357103097d172cc
sues200,sues200_uav_300m_to_satellite,3,full,4000,3,50,0.13333333333333333,0.2,0.34,0.15119459390640258,0.002360067576169968,0.3370201065987348,9ed2f51f15e95d86a8b1b19b92bdfafbe954e6ca69c281ff55a8fd5cdcac0fd0,033b6eaea71b3084ca043902f6ba03b6487bf1762a9180963357103097d172cc
sues200,sues200_uav_300m_to_satellite,3,full,4000,4,1,0.2,0.26666666666666666,0,0.20985975861549377,0.000052464939653873446,0.3370201065987348,9ed2f51f15e95d86a8b1b19b92bdfafbe954e6ca69c281ff55a8fd5cdcac0fd0,033b6eaea71b3084ca043902f6ba03b6487bf1762a9180963357103097d172cc
sues200,sues200_uav_300m_to_satellite,3,full,4000,5,0,0.26666666666666666,0.3333333333333333,null,null,0,0.3370201065987348,9ed2f51f15e95d86a8b1b19b92bdfafbe954e6ca69c281ff55a8fd5cdcac0fd0,033b6eaea71b3084ca043902f6ba03b6487bf1762a9180963357103097d172cc
sues200,sues200_uav_300m_to_satellite,3,full,4000,6,0,0.3333333333333333,0.4,null,null,0,0.3370201065987348,9ed2f51f15e95d86a8b1b19b92bdfafbe954e6ca69c281ff55a8fd5cdcac0fd0,033b6eaea71b3084ca043902f6ba03b6487bf1762a9180963357103097d172cc
sues200,sues200_uav_300m_to_satellite,3,full,4000,7,0,0.4,0.4666666666666667,null,null,0,0.3370201065987348,9ed2f51f15e95d86a8b1b19b92bdfafbe954e6ca69c281ff55a8fd5cdcac0fd0,033b6eaea71b3084ca043902f6ba03b6487bf1762a9180963357103097d172cc
sues200,sues200_uav_300m_to_satellite,3,full,4000,8,0,0.4666666666666667,0.5333333333333333,null,null,0,0.3370201065987348,9ed2f51f15e95d86a8b1b19b92bdfafbe954e6ca69c281ff55a8fd5cdcac0fd0,033b6eaea71b3084ca043902f6ba03b6487bf1762a9180963357103097d172cc
sues200,sues200_uav_300m_to_satellite,3,full,4000,9,0,0.5333333333333333,0.6,null,null,0,0.3370201065987348,9ed2f51f15e95d86a8b1b19b92bdfafbe954e6ca69c281ff55a8fd5cdcac0fd0,033b6eaea71b3084ca043902f6ba03b6487bf1762a9180963357103097d172cc
sues200,sues200_uav_300m_to_satellite,3,full,4000,10,0,0.6,0.6666666666666666,null,null,0,0.3370201065987348,9ed2f51f15e95d86a8b1b19b92bdfafbe954e6ca69c281ff55a8fd5cdcac0fd0,033b6eaea71b3084ca043902f6ba03b6487bf1762a9180963357103097d172cc
sues200,sues200_uav_300m_to_satellite,3,full,4000,11,0,0.6666666666666666,0.7333333333333333,null,null,0,0.3370201065987348,9ed2f51f15e95d86a8b1b19b92bdfafbe954e6ca69c281ff55a8fd5cdcac0fd0,033b6eaea71b3084ca043902f6ba03b6487bf1762a9180963357103097d172cc
sues200,sues200_uav_300m_to_satellite,3,full,4000,12,0,0.7333333333333333,0.8,null,null,0,0.3370201065987348,9ed2f51f15e95d86a8b1b19b92bdfafbe954e6ca69c281ff55a8fd5cdcac0fd0,033b6eaea71b3084ca043902f6ba03b6487bf1762a9180963357103097d172cc
sues200,sues200_uav_300m_to_satellite,3,full,4000,13,0,0.8,0.8666666666666667,null,null,0,0.3370201065987348,9ed2f51f15e95d86a8b1b19b92bdfafbe954e6ca69c281ff55a8fd5cdcac0fd0,033b6eaea71b3084ca043902f6ba03b6487bf1762a9180963357103097d172cc
sues200,sues200_uav_300m_to_satellite,3,full,4000,14,0,0.8666666666666667,0.9333333333333333,null,null,0,0.3370201065987348,9ed2f51f15e95d86a8b1b19b92bdfafbe954e6ca69c281ff55a8fd5cdcac0fd0,033b6eaea71b3084ca043902f6ba03b6487bf1762a9180963357103097d172cc
sues200,sues200_uav_300m_to_satellite,3,full,4000,15,0,0.9333333333333333,1,null,null,0,0.3370201065987348,9ed2f51f15e95d86a8b1b19b92bdfafbe954e6ca69c281ff55a8fd5cdcac0fd0,033b6eaea71b3084ca043902f6ba03b6487bf1762a9180963357103097d172cc
sues200,sues200_satellite_to_uav_300m,1,visual,80,1,80,0,0.06666666666666667,0.7,0.006040604412555694,0.6939593955874442,0.6939593955874442,a0024554fabfdcd03efe8d46da3c80414baa16d26cf6a40d05e521ce55eeaddc,033b6eaea71b3084ca043902f6ba03b6487bf1762a9180963357103097d172cc
sues200,sues200_satellite_to_uav_300m,1,visual,80,2,0,0.06666666666666667,0.13333333333333333,null,null,0,0.6939593955874442,a0024554fabfdcd03efe8d46da3c80414baa16d26cf6a40d05e521ce55eeaddc,033b6eaea71b3084ca043902f6ba03b6487bf1762a9180963357103097d172cc
sues200,sues200_satellite_to_uav_300m,1,visual,80,3,0,0.13333333333333333,0.2,null,null,0,0.6939593955874442,a0024554fabfdcd03efe8d46da3c80414baa16d26cf6a40d05e521ce55eeaddc,033b6eaea71b3084ca043902f6ba03b6487bf1762a9180963357103097d172cc
sues200,sues200_satellite_to_uav_300m,1,visual,80,4,0,0.2,0.26666666666666666,null,null,0,0.6939593955874442,a0024554fabfdcd03efe8d46da3c80414baa16d26cf6a40d05e521ce55eeaddc,033b6eaea71b3084ca043902f6ba03b6487bf1762a9180963357103097d172cc
sues200,sues200_satellite_to_uav_300m,1,visual,80,5,0,0.26666666666666666,0.3333333333333333,null,null,0,0.6939593955874442,a0024554fabfdcd03efe8d46da3c80414baa16d26cf6a40d05e521ce55eeaddc,033b6eaea71b3084ca043902f6ba03b6487bf1762a9180963357103097d172cc
sues200,sues200_satellite_to_uav_300m,1,visual,80,6,0,0.3333333333333333,0.4,null,null,0,0.6939593955874442,a0024554fabfdcd03efe8d46da3c80414baa16d26cf6a40d05e521ce55eeaddc,033b6eaea71b3084ca043902f6ba03b6487bf1762a9180963357103097d172cc
sues200,sues200_satellite_to_uav_300m,1,visual,80,7,0,0.4,0.4666666666666667,null,null,0,0.6939593955874442,a0024554fabfdcd03efe8d46da3c80414baa16d26cf6a40d05e521ce55eeaddc,033b6eaea71b3084ca043902f6ba03b6487bf1762a9180963357103097d172cc
sues200,sues200_satellite_to_uav_300m,1,visual,80,8,0,0.4666666666666667,0.5333333333333333,null,null,0,0.6939593955874442,a0024554fabfdcd03efe8d46da3c80414baa16d26cf6a40d05e521ce55eeaddc,033b6eaea71b3084ca043902f6ba03b6487bf1762a9180963357103097d172cc
sues200,sues200_satellite_to_uav_300m,1,visual,80,9,0,0.5333333333333333,0.6,null,null,0,0.6939593955874442,a0024554fabfdcd03efe8d46da3c80414baa16d26cf6a40d05e521ce55eeaddc,033b6eaea71b3084ca043902f6ba03b6487bf1762a9180963357103097d172cc
sues200,sues200_satellite_to_uav_300m,1,visual,80,10,0,0.6,0.6666666666666666,null,null,0,0.6939593955874442,a0024554fabfdcd03efe8d46da3c80414baa16d26cf6a40d05e521ce55eeaddc,033b6eaea71b3084ca043902f6ba03b6487bf1762a9180963357103097d172cc
sues200,sues200_satellite_to_uav_300m,1,visual,80,11,0,0.6666666666666666,0.7333333333333333,null,null,0,0.6939593955874442,a0024554fabfdcd03efe8d46da3c80414baa16d26cf6a40d05e521ce55eeaddc,033b6eaea71b3084ca043902f6ba03b6487bf1762a9180963357103097d172cc
sues200,sues200_satellite_to_uav_300m,1,visual,80,12,0,0.7333333333333333,0.8,null,null,0,0.6939593955874442,a0024554fabfdcd03efe8d46da3c80414baa16d26cf6a40d05e521ce55eeaddc,033b6eaea71b3084ca043902f6ba03b6487bf1762a9180963357103097d172cc
sues200,sues200_satellite_to_uav_300m,1,visual,80,13,0,0.8,0.8666666666666667,null,null,0,0.6939593955874442,a0024554fabfdcd03efe8d46da3c80414baa16d26cf6a40d05e521ce55eeaddc,033b6eaea71b3084ca043902f6ba03b6487bf1762a9180963357103097d172cc
sues200,sues200_satellite_to_uav_300m,1,visual,80,14,0,0.8666666666666667,0.9333333333333333,null,null,0,0.6939593955874442,a0024554fabfdcd03efe8d46da3c80414baa16d26cf6a40d05e521ce55eeaddc,033b6eaea71b3084ca043902f6ba03b6487bf1762a9180963357103097d172cc
sues200,sues200_satellite_to_uav_300m,1,visual,80,15,0,0.9333333333333333,1,null,null,0,0.6939593955874442,a0024554fabfdcd03efe8d46da3c80414baa16d26cf6a40d05e521ce55eeaddc,033b6eaea71b3084ca043902f6ba03b6487bf1762a9180963357103097d172cc
sues200,sues200_satellite_to_uav_300m,1,full,80,1,80,0,0.06666666666666667,0.6,0.0058855172246694565,0.5941144827753305,0.5941144827753305,a0024554fabfdcd03efe8d46da3c80414baa16d26cf6a40d05e521ce55eeaddc,033b6eaea71b3084ca043902f6ba03b6487bf1762a9180963357103097d172cc
sues200,sues200_satellite_to_uav_300m,1,full,80,2,0,0.06666666666666667,0.13333333333333333,null,null,0,0.5941144827753305,a0024554fabfdcd03efe8d46da3c80414baa16d26cf6a40d05e521ce55eeaddc,033b6eaea71b3084ca043902f6ba03b6487bf1762a9180963357103097d172cc
sues200,sues200_satellite_to_uav_300m,1,full,80,3,0,0.13333333333333333,0.2,null,null,0,0.5941144827753305,a0024554fabfdcd03efe8d46da3c80414baa16d26cf6a40d05e521ce55eeaddc,033b6eaea71b3084ca043902f6ba03b6487bf1762a9180963357103097d172cc
sues200,sues200_satellite_to_uav_300m,1,full,80,4,0,0.2,0.26666666666666666,null,null,0,0.5941144827753305,a0024554fabfdcd03efe8d46da3c80414baa16d26cf6a40d05e521ce55eeaddc,033b6eaea71b3084ca043902f6ba03b6487bf1762a9180963357103097d172cc
sues200,sues200_satellite_to_uav_300m,1,full,80,5,0,0.26666666666666666,0.3333333333333333,null,null,0,0.5941144827753305,a0024554fabfdcd03efe8d46da3c80414baa16d26cf6a40d05e521ce55eeaddc,033b6eaea71b3084ca043902f6ba03b6487bf1762a9180963357103097d172cc
sues200,sues200_satellite_to_uav_300m,1,full,80,6,0,0.3333333333333333,0.4,null,null,0,0.5941144827753305,a0024554fabfdcd03efe8d46da3c80414baa16d26cf6a40d05e521ce55eeaddc,033b6eaea71b3084ca043902f6ba03b6487bf1762a9180963357103097d172cc
sues200,sues200_satellite_to_uav_300m,1,full,80,7,0,0.4,0.4666666666666667,null,null,0,0.5941144827753305,a0024554fabfdcd03efe8d46da3c80414baa16d26cf6a40d05e521ce55eeaddc,033b6eaea71b3084ca043902f6ba03b6487bf1762a9180963357103097d172cc
sues200,sues200_satellite_to_uav_300m,1,full,80,8,0,0.4666666666666667,0.5333333333333333,null,null,0,0.5941144827753305,a0024554fabfdcd03efe8d46da3c80414baa16d26cf6a40d05e521ce55eeaddc,033b6eaea71b3084ca043902f6ba03b6487bf1762a9180963357103097d172cc
sues200,sues200_satellite_to_uav_300m,1,full,80,9,0,0.5333333333333333,0.6,null,null,0,0.5941144827753305,a0024554fabfdcd03efe8d46da3c80414baa16d26cf6a40d05e521ce55eeaddc,033b6eaea71b3084ca043902f6ba03b6487bf1762a9180963357103097d172cc
sues200,sues200_satellite_to_uav_300m,1,full,80,10,0,0.6,0.6666666666666666,null,null,0,0.5941144827753305,a0024554fabfdcd03efe8d46da3c80414baa16d26cf6a40d05e521ce55eeaddc,033b6eaea71b3084ca043902f6ba03b6487bf1762a9180963357103097d172cc
sues200,sues200_satellite_to_uav_300m,1,full,80,11,0,0.6666666666666666,0.7333333333333333,null,null,0,0.5941144827753305,a0024554fabfdcd03efe8d46da3c80414baa16d26cf6a40d05e521ce55eeaddc,033b6eaea71b3084ca043902f6ba03b6487bf1762a9180963357103097d172cc
sues200,sues200_satellite_to_uav_300m,1,full,80,12,0,0.7333333333333333,0.8,null,null,0,0.5941144827753305,a0024554fabfdcd03efe8d46da3c80414baa16d26cf6a40d05e521ce55eeaddc,033b6eaea71b3084ca043902f6ba03b6487bf1762a9180963357103097d172cc
sues200,sues200_satellite_to_uav_300m,1,full,80,13,0,0.8,0.8666666666666667,null,null,0,0.5941144827753305,a0024554fabfdcd03efe8d46da3c80414baa16d26cf6a40d05e521ce55eeaddc,033b6eaea71b3084ca043902f6ba03b6487bf1762a9180963357103097d172cc
sues200,sues200_satellite_to_uav_300m,1,full,80,14,0,0.8666666666666667,0.9333333333333333,null,null,0,0.5941144827753305,a0024554fabfdcd03efe8d46da3c80414baa16d26cf6a40d05e521ce55eeaddc,033b6eaea71b3084ca043902f6ba03b6487bf1762a9180963357103097d172cc
sues200,sues200_satellite_to_uav_300m,1,full,80,15,0,0.9333333333333333,1,null,null,0,0.5941144827753305,a0024554fabfdcd03efe8d46da3c80414baa16d26cf6a40d05e521ce55eeaddc,033b6eaea71b3084ca043902f6ba03b6487bf1762a9180963357103097d172cc
sues200,sues200_satellite_to_uav_300m,2,visual,80,1,80,0,0.06666666666666667,0.7375,0.005863212421536446,0.7316367875784636,0.7316367875784636,a0024554fabfdcd03efe8d46da3c80414baa16d26cf6a40d05e521ce55eeaddc,033b6eaea71b3084ca043902f6ba03b6487bf1762a9180963357103097d172cc
sues200,sues200_satellite_to_uav_300m,2,visual,80,2,0,0.06666666666666667,0.13333333333333333,null,null,0,0.7316367875784636,a0024554fabfdcd03efe8d46da3c80414baa16d26cf6a40d05e521ce55eeaddc,033b6eaea71b3084ca043902f6ba03b6487bf1762a9180963357103097d172cc
sues200,sues200_satellite_to_uav_300m,2,visual,80,3,0,0.13333333333333333,0.2,null,null,0,0.7316367875784636,a0024554fabfdcd03efe8d46da3c80414baa16d26cf6a40d05e521ce55eeaddc,033b6eaea71b3084ca043902f6ba03b6487bf1762a9180963357103097d172cc
sues200,sues200_satellite_to_uav_300m,2,visual,80,4,0,0.2,0.26666666666666666,null,null,0,0.7316367875784636,a0024554fabfdcd03efe8d46da3c80414baa16d26cf6a40d05e521ce55eeaddc,033b6eaea71b3084ca043902f6ba03b6487bf1762a9180963357103097d172cc
sues200,sues200_satellite_to_uav_300m,2,visual,80,5,0,0.26666666666666666,0.3333333333333333,null,null,0,0.7316367875784636,a0024554fabfdcd03efe8d46da3c80414baa16d26cf6a40d05e521ce55eeaddc,033b6eaea71b3084ca043902f6ba03b6487bf1762a9180963357103097d172cc
sues200,sues200_satellite_to_uav_300m,2,visual,80,6,0,0.3333333333333333,0.4,null,null,0,0.7316367875784636,a0024554fabfdcd03efe8d46da3c80414baa16d26cf6a40d05e521ce55eeaddc,033b6eaea71b3084ca043902f6ba03b6487bf1762a9180963357103097d172cc
sues200,sues200_satellite_to_uav_300m,2,visual,80,7,0,0.4,0.4666666666666667,null,null,0,0.7316367875784636,a0024554fabfdcd03efe8d46da3c80414baa16d26cf6a40d05e521ce55eeaddc,033b6eaea71b3084ca043902f6ba03b6487bf1762a9180963357103097d172cc
sues200,sues200_satellite_to_uav_300m,2,visual,80,8,0,0.4666666666666667,0.5333333333333333,null,null,0,0.7316367875784636,a0024554fabfdcd03efe8d46da3c80414baa16d26cf6a40d05e521ce55eeaddc,033b6eaea71b3084ca043902f6ba03b6487bf1762a9180963357103097d172cc
sues200,sues200_satellite_to_uav_300m,2,visual,80,9,0,0.5333333333333333,0.6,null,null,0,0.7316367875784636,a0024554fabfdcd03efe8d46da3c80414baa16d26cf6a40d05e521ce55eeaddc,033b6eaea71b3084ca043902f6ba03b6487bf1762a9180963357103097d172cc
sues200,sues200_satellite_to_uav_300m,2,visual,80,10,0,0.6,0.6666666666666666,null,null,0,0.7316367875784636,a0024554fabfdcd03efe8d46da3c80414baa16d26cf6a40d05e521ce55eeaddc,033b6eaea71b3084ca043902f6ba03b6487bf1762a9180963357103097d172cc
sues200,sues200_satellite_to_uav_300m,2,visual,80,11,0,0.6666666666666666,0.7333333333333333,null,null,0,0.7316367875784636,a0024554fabfdcd03efe8d46da3c80414baa16d26cf6a40d05e521ce55eeaddc,033b6eaea71b3084ca043902f6ba03b6487bf1762a9180963357103097d172cc
sues200,sues200_satellite_to_uav_300m,2,visual,80,12,0,0.7333333333333333,0.8,null,null,0,0.7316367875784636,a0024554fabfdcd03efe8d46da3c80414baa16d26cf6a40d05e521ce55eeaddc,033b6eaea71b3084ca043902f6ba03b6487bf1762a9180963357103097d172cc
sues200,sues200_satellite_to_uav_300m,2,visual,80,13,0,0.8,0.8666666666666667,null,null,0,0.7316367875784636,a0024554fabfdcd03efe8d46da3c80414baa16d26cf6a40d05e521ce55eeaddc,033b6eaea71b3084ca043902f6ba03b6487bf1762a9180963357103097d172cc
sues200,sues200_satellite_to_uav_300m,2,visual,80,14,0,0.8666666666666667,0.9333333333333333,null,null,0,0.7316367875784636,a0024554fabfdcd03efe8d46da3c80414baa16d26cf6a40d05e521ce55eeaddc,033b6eaea71b3084ca043902f6ba03b6487bf1762a9180963357103097d172cc
sues200,sues200_satellite_to_uav_300m,2,visual,80,15,0,0.9333333333333333,1,null,null,0,0.7316367875784636,a0024554fabfdcd03efe8d46da3c80414baa16d26cf6a40d05e521ce55eeaddc,033b6eaea71b3084ca043902f6ba03b6487bf1762a9180963357103097d172cc
sues200,sues200_satellite_to_uav_300m,2,full,80,1,80,0,0.06666666666666667,0.575,0.004979433119297027,0.5700205668807029,0.5700205668807029,a0024554fabfdcd03efe8d46da3c80414baa16d26cf6a40d05e521ce55eeaddc,033b6eaea71b3084ca043902f6ba03b6487bf1762a9180963357103097d172cc
sues200,sues200_satellite_to_uav_300m,2,full,80,2,0,0.06666666666666667,0.13333333333333333,null,null,0,0.5700205668807029,a0024554fabfdcd03efe8d46da3c80414baa16d26cf6a40d05e521ce55eeaddc,033b6eaea71b3084ca043902f6ba03b6487bf1762a9180963357103097d172cc
sues200,sues200_satellite_to_uav_300m,2,full,80,3,0,0.13333333333333333,0.2,null,null,0,0.5700205668807029,a0024554fabfdcd03efe8d46da3c80414baa16d26cf6a40d05e521ce55eeaddc,033b6eaea71b3084ca043902f6ba03b6487bf1762a9180963357103097d172cc
sues200,sues200_satellite_to_uav_300m,2,full,80,4,0,0.2,0.26666666666666666,null,null,0,0.5700205668807029,a0024554fabfdcd03efe8d46da3c80414baa16d26cf6a40d05e521ce55eeaddc,033b6eaea71b3084ca043902f6ba03b6487bf1762a9180963357103097d172cc
sues200,sues200_satellite_to_uav_300m,2,full,80,5,0,0.26666666666666666,0.3333333333333333,null,null,0,0.5700205668807029,a0024554fabfdcd03efe8d46da3c80414baa16d26cf6a40d05e521ce55eeaddc,033b6eaea71b3084ca043902f6ba03b6487bf1762a9180963357103097d172cc
sues200,sues200_satellite_to_uav_300m,2,full,80,6,0,0.3333333333333333,0.4,null,null,0,0.5700205668807029,a0024554fabfdcd03efe8d46da3c80414baa16d26cf6a40d05e521ce55eeaddc,033b6eaea71b3084ca043902f6ba03b6487bf1762a9180963357103097d172cc
sues200,sues200_satellite_to_uav_300m,2,full,80,7,0,0.4,0.4666666666666667,null,null,0,0.5700205668807029,a0024554fabfdcd03efe8d46da3c80414baa16d26cf6a40d05e521ce55eeaddc,033b6eaea71b3084ca043902f6ba03b6487bf1762a9180963357103097d172cc
sues200,sues200_satellite_to_uav_300m,2,full,80,8,0,0.4666666666666667,0.5333333333333333,null,null,0,0.5700205668807029,a0024554fabfdcd03efe8d46da3c80414baa16d26cf6a40d05e521ce55eeaddc,033b6eaea71b3084ca043902f6ba03b6487bf1762a9180963357103097d172cc
sues200,sues200_satellite_to_uav_300m,2,full,80,9,0,0.5333333333333333,0.6,null,null,0,0.5700205668807029,a0024554fabfdcd03efe8d46da3c80414baa16d26cf6a40d05e521ce55eeaddc,033b6eaea71b3084ca043902f6ba03b6487bf1762a9180963357103097d172cc
sues200,sues200_satellite_to_uav_300m,2,full,80,10,0,0.6,0.6666666666666666,null,null,0,0.5700205668807029,a0024554fabfdcd03efe8d46da3c80414baa16d26cf6a40d05e521ce55eeaddc,033b6eaea71b3084ca043902f6ba03b6487bf1762a9180963357103097d172cc
sues200,sues200_satellite_to_uav_300m,2,full,80,11,0,0.6666666666666666,0.7333333333333333,null,null,0,0.5700205668807029,a0024554fabfdcd03efe8d46da3c80414baa16d26cf6a40d05e521ce55eeaddc,033b6eaea71b3084ca043902f6ba03b6487bf1762a9180963357103097d172cc
sues200,sues200_satellite_to_uav_300m,2,full,80,12,0,0.7333333333333333,0.8,null,null,0,0.5700205668807029,a0024554fabfdcd03efe8d46da3c80414baa16d26cf6a40d05e521ce55eeaddc,033b6eaea71b3084ca043902f6ba03b6487bf1762a9180963357103097d172cc
sues200,sues200_satellite_to_uav_300m,2,full,80,13,0,0.8,0.8666666666666667,null,null,0,0.5700205668807029,a0024554fabfdcd03efe8d46da3c80414baa16d26cf6a40d05e521ce55eeaddc,033b6eaea71b3084ca043902f6ba03b6487bf1762a9180963357103097d172cc
sues200,sues200_satellite_to_uav_300m,2,full,80,14,0,0.8666666666666667,0.9333333333333333,null,null,0,0.5700205668807029,a0024554fabfdcd03efe8d46da3c80414baa16d26cf6a40d05e521ce55eeaddc,033b6eaea71b3084ca043902f6ba03b6487bf1762a9180963357103097d172cc
sues200,sues200_satellite_to_uav_300m,2,full,80,15,0,0.9333333333333333,1,null,null,0,0.5700205668807029,a0024554fabfdcd03efe8d46da3c80414baa16d26cf6a40d05e521ce55eeaddc,033b6eaea71b3084ca043902f6ba03b6487bf1762a9180963357103097d172cc
sues200,sues200_satellite_to_uav_300m,3,visual,80,1,80,0,0.06666666666666667,0.775,0.006108301505446434,0.7688916984945536,0.7688916984945536,a0024554fabfdcd03efe8d46da3c80414baa16d26cf6a40d05e521ce55eeaddc,033b6eaea71b3084ca043902f6ba03b6487bf1762a9180963357103097d172cc
sues200,sues200_satellite_to_uav_300m,3,visual,80,2,0,0.06666666666666667,0.13333333333333333,null,null,0,0.7688916984945536,a0024554fabfdcd03efe8d46da3c80414baa16d26cf6a40d05e521ce55eeaddc,033b6eaea71b3084ca043902f6ba03b6487bf1762a9180963357103097d172cc
sues200,sues200_satellite_to_uav_300m,3,visual,80,3,0,0.13333333333333333,0.2,null,null,0,0.7688916984945536,a0024554fabfdcd03efe8d46da3c80414baa16d26cf6a40d05e521ce55eeaddc,033b6eaea71b3084ca043902f6ba03b6487bf1762a9180963357103097d172cc
sues200,sues200_satellite_to_uav_300m,3,visual,80,4,0,0.2,0.26666666666666666,null,null,0,0.7688916984945536,a0024554fabfdcd03efe8d46da3c80414baa16d26cf6a40d05e521ce55eeaddc,033b6eaea71b3084ca043902f6ba03b6487bf1762a9180963357103097d172cc
sues200,sues200_satellite_to_uav_300m,3,visual,80,5,0,0.26666666666666666,0.3333333333333333,null,null,0,0.7688916984945536,a0024554fabfdcd03efe8d46da3c80414baa16d26cf6a40d05e521ce55eeaddc,033b6eaea71b3084ca043902f6ba03b6487bf1762a9180963357103097d172cc
sues200,sues200_satellite_to_uav_300m,3,visual,80,6,0,0.3333333333333333,0.4,null,null,0,0.7688916984945536,a0024554fabfdcd03efe8d46da3c80414baa16d26cf6a40d05e521ce55eeaddc,033b6eaea71b3084ca043902f6ba03b6487bf1762a9180963357103097d172cc
sues200,sues200_satellite_to_uav_300m,3,visual,80,7,0,0.4,0.4666666666666667,null,null,0,0.7688916984945536,a0024554fabfdcd03efe8d46da3c80414baa16d26cf6a40d05e521ce55eeaddc,033b6eaea71b3084ca043902f6ba03b6487bf1762a9180963357103097d172cc
sues200,sues200_satellite_to_uav_300m,3,visual,80,8,0,0.4666666666666667,0.5333333333333333,null,null,0,0.7688916984945536,a0024554fabfdcd03efe8d46da3c80414baa16d26cf6a40d05e521ce55eeaddc,033b6eaea71b3084ca043902f6ba03b6487bf1762a9180963357103097d172cc
sues200,sues200_satellite_to_uav_300m,3,visual,80,9,0,0.5333333333333333,0.6,null,null,0,0.7688916984945536,a0024554fabfdcd03efe8d46da3c80414baa16d26cf6a40d05e521ce55eeaddc,033b6eaea71b3084ca043902f6ba03b6487bf1762a9180963357103097d172cc
sues200,sues200_satellite_to_uav_300m,3,visual,80,10,0,0.6,0.6666666666666666,null,null,0,0.7688916984945536,a0024554fabfdcd03efe8d46da3c80414baa16d26cf6a40d05e521ce55eeaddc,033b6eaea71b3084ca043902f6ba03b6487bf1762a9180963357103097d172cc
sues200,sues200_satellite_to_uav_300m,3,visual,80,11,0,0.6666666666666666,0.7333333333333333,null,null,0,0.7688916984945536,a0024554fabfdcd03efe8d46da3c80414baa16d26cf6a40d05e521ce55eeaddc,033b6eaea71b3084ca043902f6ba03b6487bf1762a9180963357103097d172cc
sues200,sues200_satellite_to_uav_300m,3,visual,80,12,0,0.7333333333333333,0.8,null,null,0,0.7688916984945536,a0024554fabfdcd03efe8d46da3c80414baa16d26cf6a40d05e521ce55eeaddc,033b6eaea71b3084ca043902f6ba03b6487bf1762a9180963357103097d172cc
sues200,sues200_satellite_to_uav_300m,3,visual,80,13,0,0.8,0.8666666666666667,null,null,0,0.7688916984945536,a0024554fabfdcd03efe8d46da3c80414baa16d26cf6a40d05e521ce55eeaddc,033b6eaea71b3084ca043902f6ba03b6487bf1762a9180963357103097d172cc
sues200,sues200_satellite_to_uav_300m,3,visual,80,14,0,0.8666666666666667,0.9333333333333333,null,null,0,0.7688916984945536,a0024554fabfdcd03efe8d46da3c80414baa16d26cf6a40d05e521ce55eeaddc,033b6eaea71b3084ca043902f6ba03b6487bf1762a9180963357103097d172cc
sues200,sues200_satellite_to_uav_300m,3,visual,80,15,0,0.9333333333333333,1,null,null,0,0.7688916984945536,a0024554fabfdcd03efe8d46da3c80414baa16d26cf6a40d05e521ce55eeaddc,033b6eaea71b3084ca043902f6ba03b6487bf1762a9180963357103097d172cc
sues200,sues200_satellite_to_uav_300m,3,full,80,1,80,0,0.06666666666666667,0.575,0.005339517816901207,0.5696604821830987,0.5696604821830987,a0024554fabfdcd03efe8d46da3c80414baa16d26cf6a40d05e521ce55eeaddc,033b6eaea71b3084ca043902f6ba03b6487bf1762a9180963357103097d172cc
sues200,sues200_satellite_to_uav_300m,3,full,80,2,0,0.06666666666666667,0.13333333333333333,null,null,0,0.5696604821830987,a0024554fabfdcd03efe8d46da3c80414baa16d26cf6a40d05e521ce55eeaddc,033b6eaea71b3084ca043902f6ba03b6487bf1762a9180963357103097d172cc
sues200,sues200_satellite_to_uav_300m,3,full,80,3,0,0.13333333333333333,0.2,null,null,0,0.5696604821830987,a0024554fabfdcd03efe8d46da3c80414baa16d26cf6a40d05e521ce55eeaddc,033b6eaea71b3084ca043902f6ba03b6487bf1762a9180963357103097d172cc
sues200,sues200_satellite_to_uav_300m,3,full,80,4,0,0.2,0.26666666666666666,null,null,0,0.5696604821830987,a0024554fabfdcd03efe8d46da3c80414baa16d26cf6a40d05e521ce55eeaddc,033b6eaea71b3084ca043902f6ba03b6487bf1762a9180963357103097d172cc
sues200,sues200_satellite_to_uav_300m,3,full,80,5,0,0.26666666666666666,0.3333333333333333,null,null,0,0.5696604821830987,a0024554fabfdcd03efe8d46da3c80414baa16d26cf6a40d05e521ce55eeaddc,033b6eaea71b3084ca043902f6ba03b6487bf1762a9180963357103097d172cc
sues200,sues200_satellite_to_uav_300m,3,full,80,6,0,0.3333333333333333,0.4,null,null,0,0.5696604821830987,a0024554fabfdcd03efe8d46da3c80414baa16d26cf6a40d05e521ce55eeaddc,033b6eaea71b3084ca043902f6ba03b6487bf1762a9180963357103097d172cc
sues200,sues200_satellite_to_uav_300m,3,full,80,7,0,0.4,0.4666666666666667,null,null,0,0.5696604821830987,a0024554fabfdcd03efe8d46da3c80414baa16d26cf6a40d05e521ce55eeaddc,033b6eaea71b3084ca043902f6ba03b6487bf1762a9180963357103097d172cc
sues200,sues200_satellite_to_uav_300m,3,full,80,8,0,0.4666666666666667,0.5333333333333333,null,null,0,0.5696604821830987,a0024554fabfdcd03efe8d46da3c80414baa16d26cf6a40d05e521ce55eeaddc,033b6eaea71b3084ca043902f6ba03b6487bf1762a9180963357103097d172cc
sues200,sues200_satellite_to_uav_300m,3,full,80,9,0,0.5333333333333333,0.6,null,null,0,0.5696604821830987,a0024554fabfdcd03efe8d46da3c80414baa16d26cf6a40d05e521ce55eeaddc,033b6eaea71b3084ca043902f6ba03b6487bf1762a9180963357103097d172cc
sues200,sues200_satellite_to_uav_300m,3,full,80,10,0,0.6,0.6666666666666666,null,null,0,0.5696604821830987,a0024554fabfdcd03efe8d46da3c80414baa16d26cf6a40d05e521ce55eeaddc,033b6eaea71b3084ca043902f6ba03b6487bf1762a9180963357103097d172cc
sues200,sues200_satellite_to_uav_300m,3,full,80,11,0,0.6666666666666666,0.7333333333333333,null,null,0,0.5696604821830987,a0024554fabfdcd03efe8d46da3c80414baa16d26cf6a40d05e521ce55eeaddc,033b6eaea71b3084ca043902f6ba03b6487bf1762a9180963357103097d172cc
sues200,sues200_satellite_to_uav_300m,3,full,80,12,0,0.7333333333333333,0.8,null,null,0,0.5696604821830987,a0024554fabfdcd03efe8d46da3c80414baa16d26cf6a40d05e521ce55eeaddc,033b6eaea71b3084ca043902f6ba03b6487bf1762a9180963357103097d172cc
sues200,sues200_satellite_to_uav_300m,3,full,80,13,0,0.8,0.8666666666666667,null,null,0,0.5696604821830987,a0024554fabfdcd03efe8d46da3c80414baa16d26cf6a40d05e521ce55eeaddc,033b6eaea71b3084ca043902f6ba03b6487bf1762a9180963357103097d172cc
sues200,sues200_satellite_to_uav_300m,3,full,80,14,0,0.8666666666666667,0.9333333333333333,null,null,0,0.5696604821830987,a0024554fabfdcd03efe8d46da3c80414baa16d26cf6a40d05e521ce55eeaddc,033b6eaea71b3084ca043902f6ba03b6487bf1762a9180963357103097d172cc
sues200,sues200_satellite_to_uav_300m,3,full,80,15,0,0.9333333333333333,1,null,null,0,0.5696604821830987,a0024554fabfdcd03efe8d46da3c80414baa16d26cf6a40d05e521ce55eeaddc,033b6eaea71b3084ca043902f6ba03b6487bf1762a9180963357103097d172cc
