corruption,severity_index,parameter,value,units,task,metric,clean,corrupted,absolute_drop_fraction,percentage_point_drop,relative_drop_fraction,relative_drop_percent
gaussian_noise,1,standard_deviation,0.02,"fraction of the [0,1] RGB intensity range",sues200_uav_150m_to_satellite,r_at_1,0.34075,0.3375,0.003249999999999975,0.3249999999999975,0.00953778429933962,0.9537784299339619
gaussian_noise,1,standard_deviation,0.02,"fraction of the [0,1] RGB intensity range",sues200_uav_150m_to_satellite,r_at_5,0.7235,0.7205,0.0030000000000000027,0.30000000000000027,0.004146510020732554,0.41465100207325534
gaussian_noise,1,standard_deviation,0.02,"fraction of the [0,1] RGB intensity range",sues200_uav_150m_to_satellite,r_at_10,0.855,0.85625,-0.0012499999999999734,-0.12499999999999734,-0.0014619883040935362,-0.1461988304093536
gaussian_noise,1,standard_deviation,0.02,"fraction of the [0,1] RGB intensity range",sues200_uav_150m_to_satellite,r_at_20,0.94175,0.943,-0.0012499999999999734,-0.12499999999999734,-0.0013273161667108823,-0.13273161667108824
gaussian_noise,1,standard_deviation,0.02,"fraction of the [0,1] RGB intensity range",sues200_uav_150m_to_satellite,official_trapezoid_mAP,0.4256778061389923,0.4230140447616577,0.0026637613773345947,0.2663761377334595,0.006257693821286101,0.6257693821286101
gaussian_noise,1,standard_deviation,0.02,"fraction of the [0,1] RGB intensity range",sues200_uav_150m_to_satellite,MRR,0.5106055736541748,0.5085280537605286,0.0020775198936462402,0.20775198936462402,0.004068737203118179,0.40687372031181784
gaussian_noise,1,standard_deviation,0.02,"fraction of the [0,1] RGB intensity range",sues200_satellite_to_uav_150m,r_at_1,0.5375,0.5375,0.0,0.0,0.0,0.0
gaussian_noise,1,standard_deviation,0.02,"fraction of the [0,1] RGB intensity range",sues200_satellite_to_uav_150m,r_at_5,0.6875,0.7,-0.012499999999999956,-1.2499999999999956,-0.01818181818181812,-1.8181818181818117
gaussian_noise,1,standard_deviation,0.02,"fraction of the [0,1] RGB intensity range",sues200_satellite_to_uav_150m,r_at_10,0.775,0.7375,0.03749999999999998,3.749999999999998,0.04838709677419352,4.838709677419351
gaussian_noise,1,standard_deviation,0.02,"fraction of the [0,1] RGB intensity range",sues200_satellite_to_uav_150m,r_at_20,0.7875,0.775,0.012499999999999956,1.2499999999999956,0.015873015873015817,1.5873015873015817
gaussian_noise,1,standard_deviation,0.02,"fraction of the [0,1] RGB intensity range",sues200_satellite_to_uav_150m,official_trapezoid_mAP,0.39359670877456665,0.3801904618740082,0.013406246900558472,1.3406246900558472,0.034060871449605866,3.4060871449605865
gaussian_noise,1,standard_deviation,0.02,"fraction of the [0,1] RGB intensity range",sues200_satellite_to_uav_150m,MRR,0.603905200958252,0.6109561324119568,-0.007050931453704834,-0.7050931453704834,-0.011675560075516333,-1.1675560075516331
gaussian_noise,1,standard_deviation,0.02,"fraction of the [0,1] RGB intensity range",sues200_uav_200m_to_satellite,r_at_1,0.4145,0.41375,0.0007499999999999729,0.07499999999999729,0.001809408926417305,0.1809408926417305
gaussian_noise,1,standard_deviation,0.02,"fraction of the [0,1] RGB intensity range",sues200_uav_200m_to_satellite,r_at_5,0.817,0.82,-0.0030000000000000027,-0.30000000000000027,-0.0036719706242350097,-0.367197062423501
gaussian_noise,1,standard_deviation,0.02,"fraction of the [0,1] RGB intensity range",sues200_uav_200m_to_satellite,r_at_10,0.91175,0.9145,-0.00275000000000003,-0.275000000000003,-0.0030161776802851994,-0.3016177680285199
gaussian_noise,1,standard_deviation,0.02,"fraction of the [0,1] RGB intensity range",sues200_uav_200m_to_satellite,r_at_20,0.96625,0.96475,0.0015000000000000568,0.15000000000000568,0.0015523932729625425,0.15523932729625425
gaussian_noise,1,standard_deviation,0.02,"fraction of the [0,1] RGB intensity range",sues200_uav_200m_to_satellite,official_trapezoid_mAP,0.501873791217804,0.5009559988975525,0.0009177923202514648,0.09177923202514648,0.0018287313191319048,0.1828731319131905
gaussian_noise,1,standard_deviation,0.02,"fraction of the [0,1] RGB intensity range",sues200_uav_200m_to_satellite,MRR,0.5892475843429565,0.5881620645523071,0.001085519790649414,0.1085519790649414,0.0018422133912688473,0.18422133912688474
gaussian_noise,1,standard_deviation,0.02,"fraction of the [0,1] RGB intensity range",sues200_satellite_to_uav_200m,r_at_1,0.6125,0.5875,0.025000000000000022,2.500000000000002,0.040816326530612276,4.081632653061228
gaussian_noise,1,standard_deviation,0.02,"fraction of the [0,1] RGB intensity range",sues200_satellite_to_uav_200m,r_at_5,0.7375,0.7375,0.0,0.0,0.0,0.0
gaussian_noise,1,standard_deviation,0.02,"fraction of the [0,1] RGB intensity range",sues200_satellite_to_uav_200m,r_at_10,0.775,0.7875,-0.012499999999999956,-1.2499999999999956,-0.016129032258064457,-1.6129032258064457
gaussian_noise,1,standard_deviation,0.02,"fraction of the [0,1] RGB intensity range",sues200_satellite_to_uav_200m,r_at_20,0.85,0.825,0.025000000000000022,2.500000000000002,0.02941176470588238,2.941176470588238
gaussian_noise,1,standard_deviation,0.02,"fraction of the [0,1] RGB intensity range",sues200_satellite_to_uav_200m,official_trapezoid_mAP,0.48770156502723694,0.47199374437332153,0.015707820653915405,1.5707820653915405,0.03220785369642634,3.220785369642634
gaussian_noise,1,standard_deviation,0.02,"fraction of the [0,1] RGB intensity range",sues200_satellite_to_uav_200m,MRR,0.6723024249076843,0.6558494567871094,0.01645296812057495,1.6452968120574951,0.024472569949207237,2.447256994920724
gaussian_noise,1,standard_deviation,0.02,"fraction of the [0,1] RGB intensity range",sues200_uav_250m_to_satellite,r_at_1,0.481,0.4765,0.004500000000000004,0.4500000000000004,0.009355509355509365,0.9355509355509364
gaussian_noise,1,standard_deviation,0.02,"fraction of the [0,1] RGB intensity range",sues200_uav_250m_to_satellite,r_at_5,0.849,0.85325,-0.004249999999999976,-0.4249999999999976,-0.005005889281507628,-0.5005889281507628
gaussian_noise,1,standard_deviation,0.02,"fraction of the [0,1] RGB intensity range",sues200_uav_250m_to_satellite,r_at_10,0.9265,0.926,0.0004999999999999449,0.04999999999999449,0.0005396654074473232,0.05396654074473232
gaussian_noise,1,standard_deviation,0.02,"fraction of the [0,1] RGB intensity range",sues200_uav_250m_to_satellite,r_at_20,0.968,0.9695,-0.0015000000000000568,-0.15000000000000568,-0.001549586776859563,-0.15495867768595628
gaussian_noise,1,standard_deviation,0.02,"fraction of the [0,1] RGB intensity range",sues200_uav_250m_to_satellite,official_trapezoid_mAP,0.5596025586128235,0.5565274953842163,0.0030750632286071777,0.3075063228607178,0.005495084290232392,0.5495084290232392
gaussian_noise,1,standard_deviation,0.02,"fraction of the [0,1] RGB intensity range",sues200_uav_250m_to_satellite,MRR,0.6382049322128296,0.6365549564361572,0.0016499757766723633,0.16499757766723633,0.0025853384914332296,0.25853384914332295
gaussian_noise,1,standard_deviation,0.02,"fraction of the [0,1] RGB intensity range",sues200_satellite_to_uav_250m,r_at_1,0.6875,0.675,0.012499999999999956,1.2499999999999956,0.01818181818181812,1.8181818181818117
gaussian_noise,1,standard_deviation,0.02,"fraction of the [0,1] RGB intensity range",sues200_satellite_to_uav_250m,r_at_5,0.7625,0.7625,0.0,0.0,0.0,0.0
gaussian_noise,1,standard_deviation,0.02,"fraction of the [0,1] RGB intensity range",sues200_satellite_to_uav_250m,r_at_10,0.825,0.8,0.02499999999999991,2.499999999999991,0.030303030303030196,3.0303030303030196
gaussian_noise,1,standard_deviation,0.02,"fraction of the [0,1] RGB intensity range",sues200_satellite_to_uav_250m,r_at_20,0.8875,0.85,0.03749999999999998,3.749999999999998,0.04225352112676054,4.225352112676054
gaussian_noise,1,standard_deviation,0.02,"fraction of the [0,1] RGB intensity range",sues200_satellite_to_uav_250m,official_trapezoid_mAP,0.5284179449081421,0.5142399668693542,0.014177978038787842,1.4177978038787842,0.026830992731052085,2.6830992731052086
gaussian_noise,1,standard_deviation,0.02,"fraction of the [0,1] RGB intensity range",sues200_satellite_to_uav_250m,MRR,0.7299930453300476,0.720222532749176,0.009770512580871582,0.9770512580871582,0.013384391321774984,1.3384391321774984
gaussian_noise,1,standard_deviation,0.02,"fraction of the [0,1] RGB intensity range",sues200_uav_300m_to_satellite,r_at_1,0.49675,0.49525,0.0015000000000000013,0.15000000000000013,0.0030196275792652265,0.30196275792652266
gaussian_noise,1,standard_deviation,0.02,"fraction of the [0,1] RGB intensity range",sues200_uav_300m_to_satellite,r_at_5,0.86475,0.86325,0.0015000000000000568,0.15000000000000568,0.0017346053772767352,0.17346053772767353
gaussian_noise,1,standard_deviation,0.02,"fraction of the [0,1] RGB intensity range",sues200_uav_300m_to_satellite,r_at_10,0.93225,0.93375,-0.0014999999999999458,-0.14999999999999458,-0.0016090104585679225,-0.16090104585679224
gaussian_noise,1,standard_deviation,0.02,"fraction of the [0,1] RGB intensity range",sues200_uav_300m_to_satellite,r_at_20,0.966,0.96775,-0.0017500000000000293,-0.17500000000000293,-0.001811594202898581,-0.18115942028985813
gaussian_noise,1,standard_deviation,0.02,"fraction of the [0,1] RGB intensity range",sues200_uav_300m_to_satellite,official_trapezoid_mAP,0.576092541217804,0.5749325156211853,0.0011600255966186523,0.11600255966186523,0.0020136098172117804,0.20136098172117806
gaussian_noise,1,standard_deviation,0.02,"fraction of the [0,1] RGB intensity range",sues200_uav_300m_to_satellite,MRR,0.6554350852966309,0.6546149849891663,0.0008201003074645996,0.08201003074645996,0.0012512304053626394,0.12512304053626394
gaussian_noise,1,standard_deviation,0.02,"fraction of the [0,1] RGB intensity range",sues200_satellite_to_uav_300m,r_at_1,0.7,0.6875,0.012499999999999956,1.2499999999999956,0.017857142857142794,1.7857142857142796
gaussian_noise,1,standard_deviation,0.02,"fraction of the [0,1] RGB intensity range",sues200_satellite_to_uav_300m,r_at_5,0.8125,0.7875,0.025000000000000022,2.500000000000002,0.030769230769230795,3.0769230769230798
gaussian_noise,1,standard_deviation,0.02,"fraction of the [0,1] RGB intensity range",sues200_satellite_to_uav_300m,r_at_10,0.85,0.825,0.025000000000000022,2.500000000000002,0.02941176470588238,2.941176470588238
gaussian_noise,1,standard_deviation,0.02,"fraction of the [0,1] RGB intensity range",sues200_satellite_to_uav_300m,r_at_20,0.8875,0.875,0.012499999999999956,1.2499999999999956,0.014084507042253471,1.4084507042253471
gaussian_noise,1,standard_deviation,0.02,"fraction of the [0,1] RGB intensity range",sues200_satellite_to_uav_300m,official_trapezoid_mAP,0.5484455823898315,0.5358183979988098,0.012627184391021729,1.2627184391021729,0.023023586653755573,2.3023586653755572
gaussian_noise,1,standard_deviation,0.02,"fraction of the [0,1] RGB intensity range",sues200_satellite_to_uav_300m,MRR,0.7563574910163879,0.7398402094841003,0.016517281532287598,1.6517281532287598,0.021837929455939927,2.183792945593993
gaussian_noise,2,standard_deviation,0.04,"fraction of the [0,1] RGB intensity range",sues200_uav_150m_to_satellite,r_at_1,0.34075,0.32425,0.016500000000000015,1.6500000000000015,0.04842259721203233,4.842259721203233
gaussian_noise,2,standard_deviation,0.04,"fraction of the [0,1] RGB intensity range",sues200_uav_150m_to_satellite,r_at_5,0.7235,0.709,0.014500000000000068,1.4500000000000068,0.02004146510020742,2.004146510020742
gaussian_noise,2,standard_deviation,0.04,"fraction of the [0,1] RGB intensity range",sues200_uav_150m_to_satellite,r_at_10,0.855,0.85,0.0050000000000000044,0.5000000000000004,0.005847953216374275,0.5847953216374274
gaussian_noise,2,standard_deviation,0.04,"fraction of the [0,1] RGB intensity range",sues200_uav_150m_to_satellite,r_at_20,0.94175,0.93625,0.005499999999999949,0.5499999999999949,0.005840191133527952,0.5840191133527953
gaussian_noise,2,standard_deviation,0.04,"fraction of the [0,1] RGB intensity range",sues200_uav_150m_to_satellite,official_trapezoid_mAP,0.4256778061389923,0.41128265857696533,0.014395147562026978,1.4395147562026978,0.03381700279982808,3.381700279982808
gaussian_noise,2,standard_deviation,0.04,"fraction of the [0,1] RGB intensity range",sues200_uav_150m_to_satellite,MRR,0.5106055736541748,0.4983152449131012,0.012290328741073608,1.2290328741073608,0.02407010298206744,2.407010298206744
gaussian_noise,2,standard_deviation,0.04,"fraction of the [0,1] RGB intensity range",sues200_satellite_to_uav_150m,r_at_1,0.5375,0.4375,0.09999999999999998,9.999999999999998,0.18604651162790695,18.604651162790695
gaussian_noise,2,standard_deviation,0.04,"fraction of the [0,1] RGB intensity range",sues200_satellite_to_uav_150m,r_at_5,0.6875,0.5375,0.15000000000000002,15.000000000000002,0.21818181818181823,21.81818181818182
gaussian_noise,2,standard_deviation,0.04,"fraction of the [0,1] RGB intensity range",sues200_satellite_to_uav_150m,r_at_10,0.775,0.6,0.17500000000000004,17.500000000000004,0.22580645161290328,22.580645161290327
gaussian_noise,2,standard_deviation,0.04,"fraction of the [0,1] RGB intensity range",sues200_satellite_to_uav_150m,r_at_20,0.7875,0.7,0.08750000000000002,8.750000000000002,0.11111111111111115,11.111111111111114
gaussian_noise,2,standard_deviation,0.04,"fraction of the [0,1] RGB intensity range",sues200_satellite_to_uav_150m,official_trapezoid_mAP,0.39359670877456665,0.30894339084625244,0.08465331792831421,8.465331792831421,0.21507628504281923,21.507628504281925
gaussian_noise,2,standard_deviation,0.04,"fraction of the [0,1] RGB intensity range",sues200_satellite_to_uav_150m,MRR,0.603905200958252,0.4964366555213928,0.10746854543685913,10.746854543685913,0.17795598591688308,17.795598591688307
gaussian_noise,2,standard_deviation,0.04,"fraction of the [0,1] RGB intensity range",sues200_uav_200m_to_satellite,r_at_1,0.4145,0.40225,0.012249999999999983,1.2249999999999983,0.029553679131483677,2.9553679131483674
gaussian_noise,2,standard_deviation,0.04,"fraction of the [0,1] RGB intensity range",sues200_uav_200m_to_satellite,r_at_5,0.817,0.79675,0.02024999999999999,2.024999999999999,0.02478580171358628,2.478580171358628
gaussian_noise,2,standard_deviation,0.04,"fraction of the [0,1] RGB intensity range",sues200_uav_200m_to_satellite,r_at_10,0.91175,0.9035,0.00824999999999998,0.824999999999998,0.009048533040855476,0.9048533040855475
gaussian_noise,2,standard_deviation,0.04,"fraction of the [0,1] RGB intensity range",sues200_uav_200m_to_satellite,r_at_20,0.96625,0.961,0.005250000000000088,0.5250000000000088,0.0054333764553687845,0.5433376455368784
gaussian_noise,2,standard_deviation,0.04,"fraction of the [0,1] RGB intensity range",sues200_uav_200m_to_satellite,official_trapezoid_mAP,0.501873791217804,0.4879583716392517,0.013915419578552246,1.3915419578552246,0.027726930200491804,2.7726930200491804
gaussian_noise,2,standard_deviation,0.04,"fraction of the [0,1] RGB intensity range",sues200_uav_200m_to_satellite,MRR,0.5892475843429565,0.5736667513847351,0.015580832958221436,1.5580832958221436,0.026441912317035497,2.64419123170355
gaussian_noise,2,standard_deviation,0.04,"fraction of the [0,1] RGB intensity range",sues200_satellite_to_uav_200m,r_at_1,0.6125,0.475,0.13750000000000007,13.750000000000007,0.22448979591836743,22.448979591836746
gaussian_noise,2,standard_deviation,0.04,"fraction of the [0,1] RGB intensity range",sues200_satellite_to_uav_200m,r_at_5,0.7375,0.65,0.08750000000000002,8.750000000000002,0.11864406779661019,11.864406779661019
gaussian_noise,2,standard_deviation,0.04,"fraction of the [0,1] RGB intensity range",sues200_satellite_to_uav_200m,r_at_10,0.775,0.6875,0.08750000000000002,8.750000000000002,0.11290322580645164,11.290322580645164
gaussian_noise,2,standard_deviation,0.04,"fraction of the [0,1] RGB intensity range",sues200_satellite_to_uav_200m,r_at_20,0.85,0.7625,0.08750000000000002,8.750000000000002,0.10294117647058826,10.294117647058826
gaussian_noise,2,standard_deviation,0.04,"fraction of the [0,1] RGB intensity range",sues200_satellite_to_uav_200m,official_trapezoid_mAP,0.48770156502723694,0.37721195816993713,0.1104896068572998,11.04896068572998,0.22655167582070243,22.65516758207024
gaussian_noise,2,standard_deviation,0.04,"fraction of the [0,1] RGB intensity range",sues200_satellite_to_uav_200m,MRR,0.6723024249076843,0.5612584352493286,0.11104398965835571,11.104398965835571,0.16516969974279577,16.516969974279576
gaussian_noise,2,standard_deviation,0.04,"fraction of the [0,1] RGB intensity range",sues200_uav_250m_to_satellite,r_at_1,0.481,0.461,0.019999999999999962,1.9999999999999962,0.041580041580041506,4.15800415800415
gaussian_noise,2,standard_deviation,0.04,"fraction of the [0,1] RGB intensity range",sues200_uav_250m_to_satellite,r_at_5,0.849,0.83175,0.017249999999999988,1.7249999999999988,0.020318021201413412,2.031802120141341
gaussian_noise,2,standard_deviation,0.04,"fraction of the [0,1] RGB intensity range",sues200_uav_250m_to_satellite,r_at_10,0.9265,0.915,0.011499999999999955,1.1499999999999955,0.012412304371289751,1.241230437128975
gaussian_noise,2,standard_deviation,0.04,"fraction of the [0,1] RGB intensity range",sues200_uav_250m_to_satellite,r_at_20,0.968,0.967,0.0010000000000000009,0.10000000000000009,0.0010330578512396703,0.10330578512396704
gaussian_noise,2,standard_deviation,0.04,"fraction of the [0,1] RGB intensity range",sues200_uav_250m_to_satellite,official_trapezoid_mAP,0.5596025586128235,0.5405510067939758,0.019051551818847656,1.9051551818847656,0.034044790406380185,3.404479040638018
gaussian_noise,2,standard_deviation,0.04,"fraction of the [0,1] RGB intensity range",sues200_uav_250m_to_satellite,MRR,0.6382049322128296,0.6201019287109375,0.01810300350189209,1.810300350189209,0.028365502345969133,2.8365502345969134
gaussian_noise,2,standard_deviation,0.04,"fraction of the [0,1] RGB intensity range",sues200_satellite_to_uav_250m,r_at_1,0.6875,0.5875,0.09999999999999998,9.999999999999998,0.14545454545454542,14.545454545454543
gaussian_noise,2,standard_deviation,0.04,"fraction of the [0,1] RGB intensity range",sues200_satellite_to_uav_250m,r_at_5,0.7625,0.65,0.11249999999999993,11.249999999999993,0.1475409836065573,14.75409836065573
gaussian_noise,2,standard_deviation,0.04,"fraction of the [0,1] RGB intensity range",sues200_satellite_to_uav_250m,r_at_10,0.825,0.6875,0.13749999999999996,13.749999999999996,0.16666666666666663,16.666666666666664
gaussian_noise,2,standard_deviation,0.04,"fraction of the [0,1] RGB intensity range",sues200_satellite_to_uav_250m,r_at_20,0.8875,0.75,0.13749999999999996,13.749999999999996,0.1549295774647887,15.49295774647887
gaussian_noise,2,standard_deviation,0.04,"fraction of the [0,1] RGB intensity range",sues200_satellite_to_uav_250m,official_trapezoid_mAP,0.5284179449081421,0.4076804518699646,0.12073749303817749,12.073749303817749,0.22848863139794764,22.848863139794766
gaussian_noise,2,standard_deviation,0.04,"fraction of the [0,1] RGB intensity range",sues200_satellite_to_uav_250m,MRR,0.7299930453300476,0.6246634721755981,0.10532957315444946,10.532957315444946,0.14428846114119814,14.428846114119814
gaussian_noise,2,standard_deviation,0.04,"fraction of the [0,1] RGB intensity range",sues200_uav_300m_to_satellite,r_at_1,0.49675,0.479,0.017750000000000044,1.7750000000000044,0.035732259687971904,3.5732259687971903
gaussian_noise,2,standard_deviation,0.04,"fraction of the [0,1] RGB intensity range",sues200_uav_300m_to_satellite,r_at_5,0.86475,0.84525,0.019500000000000073,1.9500000000000073,0.022549869904596787,2.254986990459679
gaussian_noise,2,standard_deviation,0.04,"fraction of the [0,1] RGB intensity range",sues200_uav_300m_to_satellite,r_at_10,0.93225,0.92425,0.008000000000000007,0.8000000000000007,0.00858138911236257,0.8581389112362571
gaussian_noise,2,standard_deviation,0.04,"fraction of the [0,1] RGB intensity range",sues200_uav_300m_to_satellite,r_at_20,0.966,0.9695,-0.0035000000000000586,-0.35000000000000586,-0.003623188405797162,-0.36231884057971625
gaussian_noise,2,standard_deviation,0.04,"fraction of the [0,1] RGB intensity range",sues200_uav_300m_to_satellite,official_trapezoid_mAP,0.576092541217804,0.5582211017608643,0.017871439456939697,1.7871439456939697,0.031021820590076035,3.1021820590076032
gaussian_noise,2,standard_deviation,0.04,"fraction of the [0,1] RGB intensity range",sues200_uav_300m_to_satellite,MRR,0.6554350852966309,0.6374421715736389,0.017992913722991943,1.7992913722991943,0.027451862322641567,2.7451862322641567
gaussian_noise,2,standard_deviation,0.04,"fraction of the [0,1] RGB intensity range",sues200_satellite_to_uav_300m,r_at_1,0.7,0.55,0.1499999999999999,14.999999999999991,0.21428571428571416,21.428571428571416
gaussian_noise,2,standard_deviation,0.04,"fraction of the [0,1] RGB intensity range",sues200_satellite_to_uav_300m,r_at_5,0.8125,0.675,0.13749999999999996,13.749999999999996,0.16923076923076918,16.92307692307692
gaussian_noise,2,standard_deviation,0.04,"fraction of the [0,1] RGB intensity range",sues200_satellite_to_uav_300m,r_at_10,0.85,0.6875,0.16249999999999998,16.249999999999996,0.19117647058823528,19.117647058823525
gaussian_noise,2,standard_deviation,0.04,"fraction of the [0,1] RGB intensity range",sues200_satellite_to_uav_300m,r_at_20,0.8875,0.725,0.16249999999999998,16.249999999999996,0.18309859154929575,18.309859154929573
gaussian_noise,2,standard_deviation,0.04,"fraction of the [0,1] RGB intensity range",sues200_satellite_to_uav_300m,official_trapezoid_mAP,0.5484455823898315,0.4397638440132141,0.10868173837661743,10.868173837661743,0.1981632122972725,19.816321229727247
gaussian_noise,2,standard_deviation,0.04,"fraction of the [0,1] RGB intensity range",sues200_satellite_to_uav_300m,MRR,0.7563574910163879,0.6120105981826782,0.14434689283370972,14.434689283370972,0.19084479832378914,19.084479832378914
gaussian_noise,3,standard_deviation,0.08,"fraction of the [0,1] RGB intensity range",sues200_uav_150m_to_satellite,r_at_1,0.34075,0.247,0.09375,9.375,0.2751283932501834,27.51283932501834
gaussian_noise,3,standard_deviation,0.08,"fraction of the [0,1] RGB intensity range",sues200_uav_150m_to_satellite,r_at_5,0.7235,0.63175,0.09175,9.175,0.1268140981340705,12.681409813407049
gaussian_noise,3,standard_deviation,0.08,"fraction of the [0,1] RGB intensity range",sues200_uav_150m_to_satellite,r_at_10,0.855,0.78375,0.07125000000000004,7.1250000000000036,0.08333333333333337,8.333333333333337
gaussian_noise,3,standard_deviation,0.08,"fraction of the [0,1] RGB intensity range",sues200_uav_150m_to_satellite,r_at_20,0.94175,0.8905,0.05125000000000002,5.125000000000002,0.05441996283514735,5.441996283514735
gaussian_noise,3,standard_deviation,0.08,"fraction of the [0,1] RGB intensity range",sues200_uav_150m_to_satellite,official_trapezoid_mAP,0.4256778061389923,0.3347657322883606,0.09091207385063171,9.091207385063171,0.2135701522126035,21.35701522126035
gaussian_noise,3,standard_deviation,0.08,"fraction of the [0,1] RGB intensity range",sues200_uav_150m_to_satellite,MRR,0.5106055736541748,0.42253145575523376,0.08807411789894104,8.807411789894104,0.17248953486471785,17.248953486471784
gaussian_noise,3,standard_deviation,0.08,"fraction of the [0,1] RGB intensity range",sues200_satellite_to_uav_150m,r_at_1,0.5375,0.2,0.33749999999999997,33.75,0.627906976744186,62.79069767441861
gaussian_noise,3,standard_deviation,0.08,"fraction of the [0,1] RGB intensity range",sues200_satellite_to_uav_150m,r_at_5,0.6875,0.275,0.4125,41.25,0.6,60.0
gaussian_noise,3,standard_deviation,0.08,"fraction of the [0,1] RGB intensity range",sues200_satellite_to_uav_150m,r_at_10,0.775,0.35,0.42500000000000004,42.50000000000001,0.5483870967741936,54.83870967741936
gaussian_noise,3,standard_deviation,0.08,"fraction of the [0,1] RGB intensity range",sues200_satellite_to_uav_150m,r_at_20,0.7875,0.4125,0.375,37.5,0.4761904761904762,47.61904761904762
gaussian_noise,3,standard_deviation,0.08,"fraction of the [0,1] RGB intensity range",sues200_satellite_to_uav_150m,official_trapezoid_mAP,0.39359670877456665,0.15928006172180176,0.2343166470527649,23.43166470527649,0.5953216625776468,59.532166257764686
gaussian_noise,3,standard_deviation,0.08,"fraction of the [0,1] RGB intensity range",sues200_satellite_to_uav_150m,MRR,0.603905200958252,0.24363449215888977,0.3602707087993622,36.02707087993622,0.5965683160663287,59.65683160663286
gaussian_noise,3,standard_deviation,0.08,"fraction of the [0,1] RGB intensity range",sues200_uav_200m_to_satellite,r_at_1,0.4145,0.31275,0.10175000000000001,10.175,0.2454764776839566,24.54764776839566
gaussian_noise,3,standard_deviation,0.08,"fraction of the [0,1] RGB intensity range",sues200_uav_200m_to_satellite,r_at_5,0.817,0.69025,0.12674999999999992,12.674999999999992,0.15514075887392892,15.514075887392892
gaussian_noise,3,standard_deviation,0.08,"fraction of the [0,1] RGB intensity range",sues200_uav_200m_to_satellite,r_at_10,0.91175,0.82475,0.08699999999999997,8.699999999999996,0.09542089388538522,9.542089388538521
gaussian_noise,3,standard_deviation,0.08,"fraction of the [0,1] RGB intensity range",sues200_uav_200m_to_satellite,r_at_20,0.96625,0.9205,0.04575000000000007,4.575000000000006,0.04734799482535582,4.734799482535582
gaussian_noise,3,standard_deviation,0.08,"fraction of the [0,1] RGB intensity range",sues200_uav_200m_to_satellite,official_trapezoid_mAP,0.501873791217804,0.39822179079055786,0.1036520004272461,10.36520004272461,0.206530012606821,20.6530012606821
gaussian_noise,3,standard_deviation,0.08,"fraction of the [0,1] RGB intensity range",sues200_uav_200m_to_satellite,MRR,0.5892475843429565,0.48369359970092773,0.10555398464202881,10.55539846420288,0.1791335042293424,17.91335042293424
gaussian_noise,3,standard_deviation,0.08,"fraction of the [0,1] RGB intensity range",sues200_satellite_to_uav_200m,r_at_1,0.6125,0.225,0.38750000000000007,38.75000000000001,0.6326530612244898,63.26530612244898
gaussian_noise,3,standard_deviation,0.08,"fraction of the [0,1] RGB intensity range",sues200_satellite_to_uav_200m,r_at_5,0.7375,0.3625,0.37500000000000006,37.50000000000001,0.5084745762711865,50.84745762711865
gaussian_noise,3,standard_deviation,0.08,"fraction of the [0,1] RGB intensity range",sues200_satellite_to_uav_200m,r_at_10,0.775,0.3875,0.3875,38.75,0.5,50.0
gaussian_noise,3,standard_deviation,0.08,"fraction of the [0,1] RGB intensity range",sues200_satellite_to_uav_200m,r_at_20,0.85,0.475,0.375,37.5,0.4411764705882353,44.11764705882353
gaussian_noise,3,standard_deviation,0.08,"fraction of the [0,1] RGB intensity range",sues200_satellite_to_uav_200m,official_trapezoid_mAP,0.48770156502723694,0.185639888048172,0.30206167697906494,30.206167697906494,0.6193576126051503,61.93576126051503
gaussian_noise,3,standard_deviation,0.08,"fraction of the [0,1] RGB intensity range",sues200_satellite_to_uav_200m,MRR,0.6723024249076843,0.28753799200057983,0.3847644329071045,38.47644329071045,0.5723085603327067,57.230856033270676
gaussian_noise,3,standard_deviation,0.08,"fraction of the [0,1] RGB intensity range",sues200_uav_250m_to_satellite,r_at_1,0.481,0.36625,0.11474999999999996,11.474999999999996,0.2385654885654885,23.856548856548848
gaussian_noise,3,standard_deviation,0.08,"fraction of the [0,1] RGB intensity range",sues200_uav_250m_to_satellite,r_at_5,0.849,0.725,0.124,12.4,0.14605418138987045,14.605418138987044
gaussian_noise,3,standard_deviation,0.08,"fraction of the [0,1] RGB intensity range",sues200_uav_250m_to_satellite,r_at_10,0.9265,0.84375,0.08274999999999999,8.274999999999999,0.08931462493254182,8.93146249325418
gaussian_noise,3,standard_deviation,0.08,"fraction of the [0,1] RGB intensity range",sues200_uav_250m_to_satellite,r_at_20,0.968,0.93425,0.03374999999999995,3.3749999999999947,0.03486570247933879,3.4865702479338787
gaussian_noise,3,standard_deviation,0.08,"fraction of the [0,1] RGB intensity range",sues200_uav_250m_to_satellite,official_trapezoid_mAP,0.5596025586128235,0.44754758477211,0.1120549738407135,11.20549738407135,0.2002402814570436,20.024028145704357
gaussian_noise,3,standard_deviation,0.08,"fraction of the [0,1] RGB intensity range",sues200_uav_250m_to_satellite,MRR,0.6382049322128296,0.5288451910018921,0.1093597412109375,10.93597412109375,0.17135521161166464,17.135521161166462
gaussian_noise,3,standard_deviation,0.08,"fraction of the [0,1] RGB intensity range",sues200_satellite_to_uav_250m,r_at_1,0.6875,0.2375,0.45,45.0,0.6545454545454545,65.45454545454545
gaussian_noise,3,standard_deviation,0.08,"fraction of the [0,1] RGB intensity range",sues200_satellite_to_uav_250m,r_at_5,0.7625,0.3125,0.44999999999999996,44.99999999999999,0.5901639344262295,59.01639344262294
gaussian_noise,3,standard_deviation,0.08,"fraction of the [0,1] RGB intensity range",sues200_satellite_to_uav_250m,r_at_10,0.825,0.3875,0.43749999999999994,43.74999999999999,0.5303030303030303,53.030303030303024
gaussian_noise,3,standard_deviation,0.08,"fraction of the [0,1] RGB intensity range",sues200_satellite_to_uav_250m,r_at_20,0.8875,0.4625,0.42499999999999993,42.49999999999999,0.4788732394366197,47.88732394366197
gaussian_noise,3,standard_deviation,0.08,"fraction of the [0,1] RGB intensity range",sues200_satellite_to_uav_250m,official_trapezoid_mAP,0.5284179449081421,0.19291815161705017,0.3354997932910919,33.54997932910919,0.6349137014062113,63.49137014062113
gaussian_noise,3,standard_deviation,0.08,"fraction of the [0,1] RGB intensity range",sues200_satellite_to_uav_250m,MRR,0.7299930453300476,0.28440743684768677,0.44558560848236084,44.558560848236084,0.6103970597156864,61.03970597156864
gaussian_noise,3,standard_deviation,0.08,"fraction of the [0,1] RGB intensity range",sues200_uav_300m_to_satellite,r_at_1,0.49675,0.37975,0.11700000000000005,11.700000000000005,0.23553095118268755,23.553095118268754
gaussian_noise,3,standard_deviation,0.08,"fraction of the [0,1] RGB intensity range",sues200_uav_300m_to_satellite,r_at_5,0.86475,0.73275,0.132,13.200000000000001,0.15264527320034693,15.264527320034693
gaussian_noise,3,standard_deviation,0.08,"fraction of the [0,1] RGB intensity range",sues200_uav_300m_to_satellite,r_at_10,0.93225,0.86125,0.07100000000000006,7.100000000000007,0.07615982837221782,7.615982837221782
gaussian_noise,3,standard_deviation,0.08,"fraction of the [0,1] RGB intensity range",sues200_uav_300m_to_satellite,r_at_20,0.966,0.94075,0.025249999999999995,2.5249999999999995,0.026138716356107657,2.6138716356107654
gaussian_noise,3,standard_deviation,0.08,"fraction of the [0,1] RGB intensity range",sues200_uav_300m_to_satellite,official_trapezoid_mAP,0.576092541217804,0.4606170058250427,0.11547553539276123,11.547553539276123,0.2004461560093403,20.04461560093403
gaussian_noise,3,standard_deviation,0.08,"fraction of the [0,1] RGB intensity range",sues200_uav_300m_to_satellite,MRR,0.6554350852966309,0.541483998298645,0.11395108699798584,11.395108699798584,0.17385564116759922,17.385564116759923
gaussian_noise,3,standard_deviation,0.08,"fraction of the [0,1] RGB intensity range",sues200_satellite_to_uav_300m,r_at_1,0.7,0.3,0.39999999999999997,40.0,0.5714285714285714,57.142857142857146
gaussian_noise,3,standard_deviation,0.08,"fraction of the [0,1] RGB intensity range",sues200_satellite_to_uav_300m,r_at_5,0.8125,0.425,0.3875,38.75,0.47692307692307695,47.69230769230769
gaussian_noise,3,standard_deviation,0.08,"fraction of the [0,1] RGB intensity range",sues200_satellite_to_uav_300m,r_at_10,0.85,0.4625,0.38749999999999996,38.74999999999999,0.4558823529411764,45.58823529411764
gaussian_noise,3,standard_deviation,0.08,"fraction of the [0,1] RGB intensity range",sues200_satellite_to_uav_300m,r_at_20,0.8875,0.5125,0.375,37.5,0.4225352112676057,42.25352112676057
gaussian_noise,3,standard_deviation,0.08,"fraction of the [0,1] RGB intensity range",sues200_satellite_to_uav_300m,official_trapezoid_mAP,0.5484455823898315,0.22964175045490265,0.3188038319349289,31.88038319349289,0.5812861698069531,58.128616980695305
gaussian_noise,3,standard_deviation,0.08,"fraction of the [0,1] RGB intensity range",sues200_satellite_to_uav_300m,MRR,0.7563574910163879,0.3596237599849701,0.39673373103141785,39.673373103141785,0.524532031140843,52.453203114084296
gaussian_noise,4,standard_deviation,0.12,"fraction of the [0,1] RGB intensity range",sues200_uav_150m_to_satellite,r_at_1,0.34075,0.168,0.17275,17.275,0.5069699192956713,50.696991929567126
gaussian_noise,4,standard_deviation,0.12,"fraction of the [0,1] RGB intensity range",sues200_uav_150m_to_satellite,r_at_5,0.7235,0.48325,0.24025000000000002,24.025000000000002,0.3320663441603317,33.206634416033175
gaussian_noise,4,standard_deviation,0.12,"fraction of the [0,1] RGB intensity range",sues200_uav_150m_to_satellite,r_at_10,0.855,0.63325,0.22175,22.175,0.25935672514619884,25.935672514619885
gaussian_noise,4,standard_deviation,0.12,"fraction of the [0,1] RGB intensity range",sues200_uav_150m_to_satellite,r_at_20,0.94175,0.78425,0.15749999999999997,15.749999999999996,0.1672418370055747,16.724183700557468
gaussian_noise,4,standard_deviation,0.12,"fraction of the [0,1] RGB intensity range",sues200_uav_150m_to_satellite,official_trapezoid_mAP,0.4256778061389923,0.24419718980789185,0.18148061633110046,18.148061633110046,0.42633328238833157,42.63332823883316
gaussian_noise,4,standard_deviation,0.12,"fraction of the [0,1] RGB intensity range",sues200_uav_150m_to_satellite,MRR,0.5106055736541748,0.3203943371772766,0.1902112364768982,19.02112364768982,0.3725208777406047,37.25208777406047
gaussian_noise,4,standard_deviation,0.12,"fraction of the [0,1] RGB intensity range",sues200_satellite_to_uav_150m,r_at_1,0.5375,0.1,0.4375,43.75,0.813953488372093,81.39534883720931
gaussian_noise,4,standard_deviation,0.12,"fraction of the [0,1] RGB intensity range",sues200_satellite_to_uav_150m,r_at_5,0.6875,0.1125,0.575,57.49999999999999,0.8363636363636363,83.63636363636363
gaussian_noise,4,standard_deviation,0.12,"fraction of the [0,1] RGB intensity range",sues200_satellite_to_uav_150m,r_at_10,0.775,0.1375,0.6375,63.74999999999999,0.8225806451612903,82.25806451612902
gaussian_noise,4,standard_deviation,0.12,"fraction of the [0,1] RGB intensity range",sues200_satellite_to_uav_150m,r_at_20,0.7875,0.175,0.6125,61.25000000000001,0.7777777777777779,77.77777777777779
gaussian_noise,4,standard_deviation,0.12,"fraction of the [0,1] RGB intensity range",sues200_satellite_to_uav_150m,official_trapezoid_mAP,0.39359670877456665,0.0791754350066185,0.31442127376794815,31.442127376794815,0.7988412168050765,79.88412168050765
gaussian_noise,4,standard_deviation,0.12,"fraction of the [0,1] RGB intensity range",sues200_satellite_to_uav_150m,MRR,0.603905200958252,0.11490444839000702,0.48900075256824493,48.90007525682449,0.8097309839231698,80.97309839231698
gaussian_noise,4,standard_deviation,0.12,"fraction of the [0,1] RGB intensity range",sues200_uav_200m_to_satellite,r_at_1,0.4145,0.206,0.2085,20.849999999999998,0.503015681544029,50.301568154402894
gaussian_noise,4,standard_deviation,0.12,"fraction of the [0,1] RGB intensity range",sues200_uav_200m_to_satellite,r_at_5,0.817,0.5265,0.2905,29.049999999999997,0.35556915544675644,35.55691554467564
gaussian_noise,4,standard_deviation,0.12,"fraction of the [0,1] RGB intensity range",sues200_uav_200m_to_satellite,r_at_10,0.91175,0.6785,0.23324999999999996,23.324999999999996,0.255826706882369,25.582670688236902
gaussian_noise,4,standard_deviation,0.12,"fraction of the [0,1] RGB intensity range",sues200_uav_200m_to_satellite,r_at_20,0.96625,0.81575,0.15050000000000008,15.050000000000008,0.15575679172056928,15.575679172056928
gaussian_noise,4,standard_deviation,0.12,"fraction of the [0,1] RGB intensity range",sues200_uav_200m_to_satellite,official_trapezoid_mAP,0.501873791217804,0.2827807664871216,0.21909302473068237,21.909302473068237,0.4365500421909859,43.65500421909859
gaussian_noise,4,standard_deviation,0.12,"fraction of the [0,1] RGB intensity range",sues200_uav_200m_to_satellite,MRR,0.5892475843429565,0.3595615327358246,0.22968605160713196,22.968605160713196,0.38979549125049795,38.97954912504979
gaussian_noise,4,standard_deviation,0.12,"fraction of the [0,1] RGB intensity range",sues200_satellite_to_uav_200m,r_at_1,0.6125,0.1125,0.5,50.0,0.8163265306122448,81.63265306122449
gaussian_noise,4,standard_deviation,0.12,"fraction of the [0,1] RGB intensity range",sues200_satellite_to_uav_200m,r_at_5,0.7375,0.1625,0.5750000000000001,57.50000000000001,0.7796610169491526,77.96610169491525
gaussian_noise,4,standard_deviation,0.12,"fraction of the [0,1] RGB intensity range",sues200_satellite_to_uav_200m,r_at_10,0.775,0.1625,0.6125,61.25000000000001,0.7903225806451614,79.03225806451614
gaussian_noise,4,standard_deviation,0.12,"fraction of the [0,1] RGB intensity range",sues200_satellite_to_uav_200m,r_at_20,0.85,0.2125,0.6375,63.74999999999999,0.75,75.0
gaussian_noise,4,standard_deviation,0.12,"fraction of the [0,1] RGB intensity range",sues200_satellite_to_uav_200m,official_trapezoid_mAP,0.48770156502723694,0.09040578454732895,0.397295780479908,39.7295780479908,0.8146288816147638,81.46288816147637
gaussian_noise,4,standard_deviation,0.12,"fraction of the [0,1] RGB intensity range",sues200_satellite_to_uav_200m,MRR,0.6723024249076843,0.13889279961585999,0.5334096252918243,53.340962529182434,0.7934072606759797,79.34072606759797
gaussian_noise,4,standard_deviation,0.12,"fraction of the [0,1] RGB intensity range",sues200_uav_250m_to_satellite,r_at_1,0.481,0.2195,0.26149999999999995,26.149999999999995,0.5436590436590436,54.365904365904356
gaussian_noise,4,standard_deviation,0.12,"fraction of the [0,1] RGB intensity range",sues200_uav_250m_to_satellite,r_at_5,0.849,0.53675,0.31225,31.225,0.3677856301531214,36.77856301531214
gaussian_noise,4,standard_deviation,0.12,"fraction of the [0,1] RGB intensity range",sues200_uav_250m_to_satellite,r_at_10,0.9265,0.70375,0.22275,22.275,0.24042093901780898,24.042093901780895
gaussian_noise,4,standard_deviation,0.12,"fraction of the [0,1] RGB intensity range",sues200_uav_250m_to_satellite,r_at_20,0.968,0.836,0.132,13.200000000000001,0.13636363636363638,13.636363636363638
gaussian_noise,4,standard_deviation,0.12,"fraction of the [0,1] RGB intensity range",sues200_uav_250m_to_satellite,official_trapezoid_mAP,0.5596025586128235,0.2960670292377472,0.2635355293750763,26.35355293750763,0.47093338891863545,47.093338891863546
gaussian_noise,4,standard_deviation,0.12,"fraction of the [0,1] RGB intensity range",sues200_uav_250m_to_satellite,MRR,0.6382049322128296,0.37263402342796326,0.26557090878486633,26.557090878486633,0.41612168032619234,41.61216803261924
gaussian_noise,4,standard_deviation,0.12,"fraction of the [0,1] RGB intensity range",sues200_satellite_to_uav_250m,r_at_1,0.6875,0.0625,0.625,62.5,0.9090909090909091,90.9090909090909
gaussian_noise,4,standard_deviation,0.12,"fraction of the [0,1] RGB intensity range",sues200_satellite_to_uav_250m,r_at_5,0.7625,0.1125,0.6499999999999999,64.99999999999999,0.8524590163934426,85.24590163934425
gaussian_noise,4,standard_deviation,0.12,"fraction of the [0,1] RGB intensity range",sues200_satellite_to_uav_250m,r_at_10,0.825,0.1625,0.6625,66.25,0.8030303030303031,80.30303030303031
gaussian_noise,4,standard_deviation,0.12,"fraction of the [0,1] RGB intensity range",sues200_satellite_to_uav_250m,r_at_20,0.8875,0.2,0.6875,68.75,0.7746478873239437,77.46478873239437
gaussian_noise,4,standard_deviation,0.12,"fraction of the [0,1] RGB intensity range",sues200_satellite_to_uav_250m,official_trapezoid_mAP,0.5284179449081421,0.07926302403211594,0.44915492087602615,44.915492087602615,0.8499993711494891,84.9999371149489
gaussian_noise,4,standard_deviation,0.12,"fraction of the [0,1] RGB intensity range",sues200_satellite_to_uav_250m,MRR,0.7299930453300476,0.09447669982910156,0.635516345500946,63.551634550094604,0.8705786302575166,87.05786302575166
gaussian_noise,4,standard_deviation,0.12,"fraction of the [0,1] RGB intensity range",sues200_uav_300m_to_satellite,r_at_1,0.49675,0.22125,0.2755,27.55,0.5546049320583795,55.46049320583794
gaussian_noise,4,standard_deviation,0.12,"fraction of the [0,1] RGB intensity range",sues200_uav_300m_to_satellite,r_at_5,0.86475,0.55675,0.30800000000000005,30.800000000000004,0.35617230413414286,35.61723041341428
gaussian_noise,4,standard_deviation,0.12,"fraction of the [0,1] RGB intensity range",sues200_uav_300m_to_satellite,r_at_10,0.93225,0.7095,0.22275,22.275,0.23893805309734514,23.89380530973451
gaussian_noise,4,standard_deviation,0.12,"fraction of the [0,1] RGB intensity range",sues200_uav_300m_to_satellite,r_at_20,0.966,0.84,0.126,12.6,0.13043478260869565,13.043478260869565
gaussian_noise,4,standard_deviation,0.12,"fraction of the [0,1] RGB intensity range",sues200_uav_300m_to_satellite,official_trapezoid_mAP,0.576092541217804,0.30050545930862427,0.2755870819091797,27.55870819091797,0.47837293870636693,47.83729387063669
gaussian_noise,4,standard_deviation,0.12,"fraction of the [0,1] RGB intensity range",sues200_uav_300m_to_satellite,MRR,0.6554350852966309,0.3797609210014343,0.27567416429519653,27.567416429519653,0.42059720402430767,42.05972040243076
gaussian_noise,4,standard_deviation,0.12,"fraction of the [0,1] RGB intensity range",sues200_satellite_to_uav_300m,r_at_1,0.7,0.075,0.625,62.5,0.8928571428571429,89.28571428571429
gaussian_noise,4,standard_deviation,0.12,"fraction of the [0,1] RGB intensity range",sues200_satellite_to_uav_300m,r_at_5,0.8125,0.1375,0.675,67.5,0.8307692307692308,83.07692307692308
gaussian_noise,4,standard_deviation,0.12,"fraction of the [0,1] RGB intensity range",sues200_satellite_to_uav_300m,r_at_10,0.85,0.15,0.7,70.0,0.8235294117647058,82.3529411764706
gaussian_noise,4,standard_deviation,0.12,"fraction of the [0,1] RGB intensity range",sues200_satellite_to_uav_300m,r_at_20,0.8875,0.2375,0.6499999999999999,64.99999999999999,0.732394366197183,73.23943661971829
gaussian_noise,4,standard_deviation,0.12,"fraction of the [0,1] RGB intensity range",sues200_satellite_to_uav_300m,official_trapezoid_mAP,0.5484455823898315,0.0931418165564537,0.45530376583337784,45.530376583337784,0.8301712703189409,83.01712703189409
gaussian_noise,4,standard_deviation,0.12,"fraction of the [0,1] RGB intensity range",sues200_satellite_to_uav_300m,MRR,0.7563574910163879,0.11254672706127167,0.6438107639551163,64.38107639551163,0.8511990316774253,85.11990316774252
gaussian_noise,5,standard_deviation,0.18,"fraction of the [0,1] RGB intensity range",sues200_uav_150m_to_satellite,r_at_1,0.34075,0.07725,0.2635,26.35,0.7732942039618489,77.32942039618489
gaussian_noise,5,standard_deviation,0.18,"fraction of the [0,1] RGB intensity range",sues200_uav_150m_to_satellite,r_at_5,0.7235,0.298,0.42550000000000004,42.550000000000004,0.5881133379405667,58.81133379405667
gaussian_noise,5,standard_deviation,0.18,"fraction of the [0,1] RGB intensity range",sues200_uav_150m_to_satellite,r_at_10,0.855,0.43375,0.42124999999999996,42.12499999999999,0.4926900584795321,49.26900584795321
gaussian_noise,5,standard_deviation,0.18,"fraction of the [0,1] RGB intensity range",sues200_uav_150m_to_satellite,r_at_20,0.94175,0.60125,0.3405,34.050000000000004,0.36156092381205207,36.156092381205205
gaussian_noise,5,standard_deviation,0.18,"fraction of the [0,1] RGB intensity range",sues200_uav_150m_to_satellite,official_trapezoid_mAP,0.4256778061389923,0.13491293787956238,0.29076486825942993,29.076486825942993,0.6830632559793107,68.30632559793108
gaussian_noise,5,standard_deviation,0.18,"fraction of the [0,1] RGB intensity range",sues200_uav_150m_to_satellite,MRR,0.5106055736541748,0.19257590174674988,0.3180296719074249,31.802967190742493,0.6228480226555879,62.28480226555879
gaussian_noise,5,standard_deviation,0.18,"fraction of the [0,1] RGB intensity range",sues200_satellite_to_uav_150m,r_at_1,0.5375,0.0375,0.5,50.0,0.9302325581395349,93.0232558139535
gaussian_noise,5,standard_deviation,0.18,"fraction of the [0,1] RGB intensity range",sues200_satellite_to_uav_150m,r_at_5,0.6875,0.0375,0.65,65.0,0.9454545454545454,94.54545454545455
gaussian_noise,5,standard_deviation,0.18,"fraction of the [0,1] RGB intensity range",sues200_satellite_to_uav_150m,r_at_10,0.775,0.05,0.725,72.5,0.9354838709677419,93.54838709677419
gaussian_noise,5,standard_deviation,0.18,"fraction of the [0,1] RGB intensity range",sues200_satellite_to_uav_150m,r_at_20,0.7875,0.1,0.6875,68.75,0.873015873015873,87.3015873015873
gaussian_noise,5,standard_deviation,0.18,"fraction of the [0,1] RGB intensity range",sues200_satellite_to_uav_150m,official_trapezoid_mAP,0.39359670877456665,0.034175366163253784,0.35942134261131287,35.94213426113129,0.9131716160187006,91.31716160187005
gaussian_noise,5,standard_deviation,0.18,"fraction of the [0,1] RGB intensity range",sues200_satellite_to_uav_150m,MRR,0.603905200958252,0.04514528438448906,0.5587599165737629,55.87599165737629,0.9252444186391269,92.52444186391268
gaussian_noise,5,standard_deviation,0.18,"fraction of the [0,1] RGB intensity range",sues200_uav_200m_to_satellite,r_at_1,0.4145,0.0925,0.32199999999999995,32.199999999999996,0.7768395657418575,77.68395657418576
gaussian_noise,5,standard_deviation,0.18,"fraction of the [0,1] RGB intensity range",sues200_uav_200m_to_satellite,r_at_5,0.817,0.315,0.502,50.2,0.6144430844553244,61.44430844553244
gaussian_noise,5,standard_deviation,0.18,"fraction of the [0,1] RGB intensity range",sues200_uav_200m_to_satellite,r_at_10,0.91175,0.4515,0.46024999999999994,46.02499999999999,0.5047984644913627,50.47984644913627
gaussian_noise,5,standard_deviation,0.18,"fraction of the [0,1] RGB intensity range",sues200_uav_200m_to_satellite,r_at_20,0.96625,0.624,0.34225000000000005,34.22500000000001,0.35420439844760676,35.42043984476068
gaussian_noise,5,standard_deviation,0.18,"fraction of the [0,1] RGB intensity range",sues200_uav_200m_to_satellite,official_trapezoid_mAP,0.501873791217804,0.1516319215297699,0.35024186968803406,35.024186968803406,0.6978684199431239,69.78684199431238
gaussian_noise,5,standard_deviation,0.18,"fraction of the [0,1] RGB intensity range",sues200_uav_200m_to_satellite,MRR,0.5892475843429565,0.2107638418674469,0.37848374247550964,37.848374247550964,0.6423170031278784,64.23170031278785
gaussian_noise,5,standard_deviation,0.18,"fraction of the [0,1] RGB intensity range",sues200_satellite_to_uav_200m,r_at_1,0.6125,0.0375,0.5750000000000001,57.50000000000001,0.9387755102040817,93.87755102040816
gaussian_noise,5,standard_deviation,0.18,"fraction of the [0,1] RGB intensity range",sues200_satellite_to_uav_200m,r_at_5,0.7375,0.05,0.6875,68.75,0.9322033898305084,93.22033898305084
gaussian_noise,5,standard_deviation,0.18,"fraction of the [0,1] RGB intensity range",sues200_satellite_to_uav_200m,r_at_10,0.775,0.05,0.725,72.5,0.9354838709677419,93.54838709677419
gaussian_noise,5,standard_deviation,0.18,"fraction of the [0,1] RGB intensity range",sues200_satellite_to_uav_200m,r_at_20,0.85,0.075,0.775,77.5,0.911764705882353,91.17647058823529
gaussian_noise,5,standard_deviation,0.18,"fraction of the [0,1] RGB intensity range",sues200_satellite_to_uav_200m,official_trapezoid_mAP,0.48770156502723694,0.03665802255272865,0.4510435424745083,45.10435424745083,0.9248351344726946,92.48351344726946
gaussian_noise,5,standard_deviation,0.18,"fraction of the [0,1] RGB intensity range",sues200_satellite_to_uav_200m,MRR,0.6723024249076843,0.04991057515144348,0.6223918497562408,62.239184975624084,0.925761720763841,92.5761720763841
gaussian_noise,5,standard_deviation,0.18,"fraction of the [0,1] RGB intensity range",sues200_uav_250m_to_satellite,r_at_1,0.481,0.09925,0.38175,38.175,0.7936590436590436,79.36590436590436
gaussian_noise,5,standard_deviation,0.18,"fraction of the [0,1] RGB intensity range",sues200_uav_250m_to_satellite,r_at_5,0.849,0.30725,0.54175,54.175,0.6381036513545347,63.81036513545347
gaussian_noise,5,standard_deviation,0.18,"fraction of the [0,1] RGB intensity range",sues200_uav_250m_to_satellite,r_at_10,0.9265,0.44725,0.47925,47.925000000000004,0.5172692930383163,51.72692930383163
gaussian_noise,5,standard_deviation,0.18,"fraction of the [0,1] RGB intensity range",sues200_uav_250m_to_satellite,r_at_20,0.968,0.63425,0.33375,33.375,0.3447830578512397,34.478305785123965
gaussian_noise,5,standard_deviation,0.18,"fraction of the [0,1] RGB intensity range",sues200_uav_250m_to_satellite,official_trapezoid_mAP,0.5596025586128235,0.15725407004356384,0.40234848856925964,40.234848856925964,0.7189897229323349,71.89897229323348
gaussian_noise,5,standard_deviation,0.18,"fraction of the [0,1] RGB intensity range",sues200_uav_250m_to_satellite,MRR,0.6382049322128296,0.2152581363916397,0.4229467958211899,42.29467958211899,0.6627131419287511,66.27131419287511
gaussian_noise,5,standard_deviation,0.18,"fraction of the [0,1] RGB intensity range",sues200_satellite_to_uav_250m,r_at_1,0.6875,0.0125,0.675,67.5,0.9818181818181819,98.18181818181819
gaussian_noise,5,standard_deviation,0.18,"fraction of the [0,1] RGB intensity range",sues200_satellite_to_uav_250m,r_at_5,0.7625,0.0125,0.75,75.0,0.9836065573770493,98.36065573770492
gaussian_noise,5,standard_deviation,0.18,"fraction of the [0,1] RGB intensity range",sues200_satellite_to_uav_250m,r_at_10,0.825,0.05,0.7749999999999999,77.49999999999999,0.9393939393939393,93.93939393939392
gaussian_noise,5,standard_deviation,0.18,"fraction of the [0,1] RGB intensity range",sues200_satellite_to_uav_250m,r_at_20,0.8875,0.0625,0.825,82.5,0.9295774647887324,92.95774647887325
gaussian_noise,5,standard_deviation,0.18,"fraction of the [0,1] RGB intensity range",sues200_satellite_to_uav_250m,official_trapezoid_mAP,0.5284179449081421,0.033683158457279205,0.4947347864508629,49.47347864508629,0.9362565961624666,93.62565961624665
gaussian_noise,5,standard_deviation,0.18,"fraction of the [0,1] RGB intensity range",sues200_satellite_to_uav_250m,MRR,0.7299930453300476,0.022857237607240677,0.7071358077228069,70.7135807722807,0.968688417302789,96.8688417302789
gaussian_noise,5,standard_deviation,0.18,"fraction of the [0,1] RGB intensity range",sues200_uav_300m_to_satellite,r_at_1,0.49675,0.091,0.40575000000000006,40.575,0.8168092601912431,81.68092601912431
gaussian_noise,5,standard_deviation,0.18,"fraction of the [0,1] RGB intensity range",sues200_uav_300m_to_satellite,r_at_5,0.86475,0.31325,0.5515000000000001,55.15000000000001,0.6377565770453889,63.7756577045389
gaussian_noise,5,standard_deviation,0.18,"fraction of the [0,1] RGB intensity range",sues200_uav_300m_to_satellite,r_at_10,0.93225,0.457,0.47525,47.525,0.5097881469562885,50.97881469562885
gaussian_noise,5,standard_deviation,0.18,"fraction of the [0,1] RGB intensity range",sues200_uav_300m_to_satellite,r_at_20,0.966,0.63775,0.32824999999999993,32.824999999999996,0.3398033126293995,33.980331262939956
gaussian_noise,5,standard_deviation,0.18,"fraction of the [0,1] RGB intensity range",sues200_uav_300m_to_satellite,official_trapezoid_mAP,0.576092541217804,0.1495022028684616,0.42659033834934235,42.659033834934235,0.7404892579368787,74.04892579368787
gaussian_noise,5,standard_deviation,0.18,"fraction of the [0,1] RGB intensity range",sues200_uav_300m_to_satellite,MRR,0.6554350852966309,0.2080044001340866,0.44743068516254425,44.743068516254425,0.6826468329202275,68.26468329202275
gaussian_noise,5,standard_deviation,0.18,"fraction of the [0,1] RGB intensity range",sues200_satellite_to_uav_300m,r_at_1,0.7,0.0125,0.6875,68.75,0.9821428571428572,98.21428571428572
gaussian_noise,5,standard_deviation,0.18,"fraction of the [0,1] RGB intensity range",sues200_satellite_to_uav_300m,r_at_5,0.8125,0.025,0.7875,78.75,0.9692307692307692,96.92307692307692
gaussian_noise,5,standard_deviation,0.18,"fraction of the [0,1] RGB intensity range",sues200_satellite_to_uav_300m,r_at_10,0.85,0.025,0.825,82.5,0.9705882352941176,97.05882352941177
gaussian_noise,5,standard_deviation,0.18,"fraction of the [0,1] RGB intensity range",sues200_satellite_to_uav_300m,r_at_20,0.8875,0.05,0.8374999999999999,83.74999999999999,0.9436619718309859,94.36619718309858
gaussian_noise,5,standard_deviation,0.18,"fraction of the [0,1] RGB intensity range",sues200_satellite_to_uav_300m,official_trapezoid_mAP,0.5484455823898315,0.04524051398038864,0.5032050684094429,50.32050684094429,0.9175113895835303,91.75113895835302
gaussian_noise,5,standard_deviation,0.18,"fraction of the [0,1] RGB intensity range",sues200_satellite_to_uav_300m,MRR,0.7563574910163879,0.022384122014045715,0.7339733690023422,73.39733690023422,0.9704053674619312,97.04053674619311
gaussian_blur,1,radius,0.5,pixels in the decoded source image,sues200_uav_150m_to_satellite,r_at_1,0.34075,0.34475,-0.0040000000000000036,-0.40000000000000036,-0.01173881144534117,-1.173881144534117
gaussian_blur,1,radius,0.5,pixels in the decoded source image,sues200_uav_150m_to_satellite,r_at_5,0.7235,0.72125,0.0022500000000000853,0.22500000000000853,0.00310988251554953,0.310988251554953
gaussian_blur,1,radius,0.5,pixels in the decoded source image,sues200_uav_150m_to_satellite,r_at_10,0.855,0.85175,0.003249999999999975,0.3249999999999975,0.0038011695906432458,0.3801169590643246
gaussian_blur,1,radius,0.5,pixels in the decoded source image,sues200_uav_150m_to_satellite,r_at_20,0.94175,0.9465,-0.004750000000000032,-0.4750000000000032,-0.005043801433501494,-0.5043801433501495
gaussian_blur,1,radius,0.5,pixels in the decoded source image,sues200_uav_150m_to_satellite,official_trapezoid_mAP,0.4256778061389923,0.42987385392189026,-0.004196047782897949,-0.4196047782897949,-0.00985733275821257,-0.9857332758212571
gaussian_blur,1,radius,0.5,pixels in the decoded source image,sues200_uav_150m_to_satellite,MRR,0.5106055736541748,0.514997661113739,-0.004392087459564209,-0.4392087459564209,-0.008601722515741478,-0.8601722515741478
gaussian_blur,1,radius,0.5,pixels in the decoded source image,sues200_satellite_to_uav_150m,r_at_1,0.5375,0.5125,0.025000000000000022,2.500000000000002,0.046511627906976785,4.651162790697679
gaussian_blur,1,radius,0.5,pixels in the decoded source image,sues200_satellite_to_uav_150m,r_at_5,0.6875,0.6875,0.0,0.0,0.0,0.0
gaussian_blur,1,radius,0.5,pixels in the decoded source image,sues200_satellite_to_uav_150m,r_at_10,0.775,0.7625,0.012500000000000067,1.2500000000000067,0.016129032258064602,1.6129032258064602
gaussian_blur,1,radius,0.5,pixels in the decoded source image,sues200_satellite_to_uav_150m,r_at_20,0.7875,0.7875,0.0,0.0,0.0,0.0
gaussian_blur,1,radius,0.5,pixels in the decoded source image,sues200_satellite_to_uav_150m,official_trapezoid_mAP,0.39359670877456665,0.389986127614975,0.003610581159591675,0.3610581159591675,0.009173301196630795,0.9173301196630795
gaussian_blur,1,radius,0.5,pixels in the decoded source image,sues200_satellite_to_uav_150m,MRR,0.603905200958252,0.5931634902954102,0.010741710662841797,1.0741710662841797,0.01778708089580499,1.778708089580499
gaussian_blur,1,radius,0.5,pixels in the decoded source image,sues200_uav_200m_to_satellite,r_at_1,0.4145,0.41775,-0.0032500000000000306,-0.32500000000000306,-0.007840772014475346,-0.7840772014475346
gaussian_blur,1,radius,0.5,pixels in the decoded source image,sues200_uav_200m_to_satellite,r_at_5,0.817,0.81925,-0.0022500000000000853,-0.22500000000000853,-0.0027539779681763593,-0.27539779681763593
gaussian_blur,1,radius,0.5,pixels in the decoded source image,sues200_uav_200m_to_satellite,r_at_10,0.91175,0.91225,-0.000500000000000056,-0.050000000000005596,-0.0005483959418700916,-0.05483959418700916
gaussian_blur,1,radius,0.5,pixels in the decoded source image,sues200_uav_200m_to_satellite,r_at_20,0.96625,0.964,0.0022500000000000853,0.22500000000000853,0.002328589909443814,0.2328589909443814
gaussian_blur,1,radius,0.5,pixels in the decoded source image,sues200_uav_200m_to_satellite,official_trapezoid_mAP,0.501873791217804,0.5051550269126892,-0.003281235694885254,-0.3281235694885254,-0.006537969808949952,-0.6537969808949953
gaussian_blur,1,radius,0.5,pixels in the decoded source image,sues200_uav_200m_to_satellite,MRR,0.5892475843429565,0.5925600528717041,-0.0033124685287475586,-0.33124685287475586,-0.005621522458070224,-0.5621522458070224
gaussian_blur,1,radius,0.5,pixels in the decoded source image,sues200_satellite_to_uav_200m,r_at_1,0.6125,0.6125,0.0,0.0,0.0,0.0
gaussian_blur,1,radius,0.5,pixels in the decoded source image,sues200_satellite_to_uav_200m,r_at_5,0.7375,0.725,0.012500000000000067,1.2500000000000067,0.01694915254237297,1.6949152542372972
gaussian_blur,1,radius,0.5,pixels in the decoded source image,sues200_satellite_to_uav_200m,r_at_10,0.775,0.775,0.0,0.0,0.0,0.0
gaussian_blur,1,radius,0.5,pixels in the decoded source image,sues200_satellite_to_uav_200m,r_at_20,0.85,0.85,0.0,0.0,0.0,0.0
gaussian_blur,1,radius,0.5,pixels in the decoded source image,sues200_satellite_to_uav_200m,official_trapezoid_mAP,0.48770156502723694,0.484447181224823,0.0032543838024139404,0.32543838024139404,0.0066729000597572224,0.6672900059757223
gaussian_blur,1,radius,0.5,pixels in the decoded source image,sues200_satellite_to_uav_200m,MRR,0.6723024249076843,0.6708496809005737,0.0014527440071105957,0.14527440071105957,0.0021608489770211315,0.21608489770211314
gaussian_blur,1,radius,0.5,pixels in the decoded source image,sues200_uav_250m_to_satellite,r_at_1,0.481,0.48625,-0.005250000000000032,-0.5250000000000032,-0.010914760914760983,-1.0914760914760984
gaussian_blur,1,radius,0.5,pixels in the decoded source image,sues200_uav_250m_to_satellite,r_at_5,0.849,0.8535,-0.0045000000000000595,-0.45000000000000595,-0.00530035335689053,-0.5300353356890529
gaussian_blur,1,radius,0.5,pixels in the decoded source image,sues200_uav_250m_to_satellite,r_at_10,0.9265,0.9275,-0.0010000000000000009,-0.10000000000000009,-0.0010793308148947661,-0.10793308148947663
gaussian_blur,1,radius,0.5,pixels in the decoded source image,sues200_uav_250m_to_satellite,r_at_20,0.968,0.96775,0.00024999999999997247,0.024999999999997247,0.0002582644628098889,0.02582644628098889
gaussian_blur,1,radius,0.5,pixels in the decoded source image,sues200_uav_250m_to_satellite,official_trapezoid_mAP,0.5596025586128235,0.5650236010551453,-0.005421042442321777,-0.5421042442321777,-0.009687308177717742,-0.9687308177717743
gaussian_blur,1,radius,0.5,pixels in the decoded source image,sues200_uav_250m_to_satellite,MRR,0.6382049322128296,0.6437972187995911,-0.005592286586761475,-0.5592286586761475,-0.00876252486387327,-0.8762524863873271
gaussian_blur,1,radius,0.5,pixels in the decoded source image,sues200_satellite_to_uav_250m,r_at_1,0.6875,0.6625,0.025000000000000022,2.500000000000002,0.0363636363636364,3.63636363636364
gaussian_blur,1,radius,0.5,pixels in the decoded source image,sues200_satellite_to_uav_250m,r_at_5,0.7625,0.7625,0.0,0.0,0.0,0.0
gaussian_blur,1,radius,0.5,pixels in the decoded source image,sues200_satellite_to_uav_250m,r_at_10,0.825,0.825,0.0,0.0,0.0,0.0
gaussian_blur,1,radius,0.5,pixels in the decoded source image,sues200_satellite_to_uav_250m,r_at_20,0.8875,0.875,0.012499999999999956,1.2499999999999956,0.014084507042253471,1.4084507042253471
gaussian_blur,1,radius,0.5,pixels in the decoded source image,sues200_satellite_to_uav_250m,official_trapezoid_mAP,0.5284179449081421,0.524537205696106,0.003880739212036133,0.3880739212036133,0.007344071580897473,0.7344071580897473
gaussian_blur,1,radius,0.5,pixels in the decoded source image,sues200_satellite_to_uav_250m,MRR,0.7299930453300476,0.7082551717758179,0.021737873554229736,2.1737873554229736,0.029778192673604875,2.9778192673604877
gaussian_blur,1,radius,0.5,pixels in the decoded source image,sues200_uav_300m_to_satellite,r_at_1,0.49675,0.504,-0.007249999999999979,-0.7249999999999979,-0.014594866633115206,-1.4594866633115204
gaussian_blur,1,radius,0.5,pixels in the decoded source image,sues200_uav_300m_to_satellite,r_at_5,0.86475,0.865,-0.00024999999999997247,-0.024999999999997247,-0.0002891008962127464,-0.028910089621274643
gaussian_blur,1,radius,0.5,pixels in the decoded source image,sues200_uav_300m_to_satellite,r_at_10,0.93225,0.92925,0.0030000000000000027,0.30000000000000027,0.0032180209171359642,0.3218020917135964
gaussian_blur,1,radius,0.5,pixels in the decoded source image,sues200_uav_300m_to_satellite,r_at_20,0.966,0.96675,-0.0007500000000000284,-0.07500000000000284,-0.0007763975155279797,-0.07763975155279798
gaussian_blur,1,radius,0.5,pixels in the decoded source image,sues200_uav_300m_to_satellite,official_trapezoid_mAP,0.576092541217804,0.5823530554771423,-0.006260514259338379,-0.6260514259338379,-0.010867202422208518,-1.0867202422208517
gaussian_blur,1,radius,0.5,pixels in the decoded source image,sues200_uav_300m_to_satellite,MRR,0.6554350852966309,0.6607059836387634,-0.005270898342132568,-0.5270898342132568,-0.008041831236036308,-0.8041831236036309
gaussian_blur,1,radius,0.5,pixels in the decoded source image,sues200_satellite_to_uav_300m,r_at_1,0.7,0.7,0.0,0.0,0.0,0.0
gaussian_blur,1,radius,0.5,pixels in the decoded source image,sues200_satellite_to_uav_300m,r_at_5,0.8125,0.7875,0.025000000000000022,2.500000000000002,0.030769230769230795,3.0769230769230798
gaussian_blur,1,radius,0.5,pixels in the decoded source image,sues200_satellite_to_uav_300m,r_at_10,0.85,0.8375,0.012499999999999956,1.2499999999999956,0.014705882352941124,1.4705882352941124
gaussian_blur,1,radius,0.5,pixels in the decoded source image,sues200_satellite_to_uav_300m,r_at_20,0.8875,0.8875,0.0,0.0,0.0,0.0
gaussian_blur,1,radius,0.5,pixels in the decoded source image,sues200_satellite_to_uav_300m,official_trapezoid_mAP,0.5484455823898315,0.5427151918411255,0.005730390548706055,0.5730390548706055,0.010448421379813267,1.0448421379813266
gaussian_blur,1,radius,0.5,pixels in the decoded source image,sues200_satellite_to_uav_300m,MRR,0.7563574910163879,0.7447311282157898,0.011626362800598145,1.1626362800598145,0.015371518017194117,1.5371518017194117
gaussian_blur,2,radius,1.0,pixels in the decoded source image,sues200_uav_150m_to_satellite,r_at_1,0.34075,0.345,-0.004249999999999976,-0.4249999999999976,-0.012472487160674912,-1.2472487160674912
gaussian_blur,2,radius,1.0,pixels in the decoded source image,sues200_uav_150m_to_satellite,r_at_5,0.7235,0.71625,0.007249999999999979,0.7249999999999979,0.010020732550103632,1.0020732550103633
gaussian_blur,2,radius,1.0,pixels in the decoded source image,sues200_uav_150m_to_satellite,r_at_10,0.855,0.8395,0.015499999999999958,1.5499999999999958,0.018128654970760185,1.8128654970760185
gaussian_blur,2,radius,1.0,pixels in the decoded source image,sues200_uav_150m_to_satellite,r_at_20,0.94175,0.93625,0.005499999999999949,0.5499999999999949,0.005840191133527952,0.5840191133527953
gaussian_blur,2,radius,1.0,pixels in the decoded source image,sues200_uav_150m_to_satellite,official_trapezoid_mAP,0.4256778061389923,0.4280325770378113,-0.0023547708988189697,-0.23547708988189697,-0.00553181506026201,-0.553181506026201
gaussian_blur,2,radius,1.0,pixels in the decoded source image,sues200_uav_150m_to_satellite,MRR,0.5106055736541748,0.5110651254653931,-0.0004595518112182617,-0.04595518112182617,-0.000900013307589762,-0.0900013307589762
gaussian_blur,2,radius,1.0,pixels in the decoded source image,sues200_satellite_to_uav_150m,r_at_1,0.5375,0.475,0.0625,6.25,0.11627906976744186,11.627906976744187
gaussian_blur,2,radius,1.0,pixels in the decoded source image,sues200_satellite_to_uav_150m,r_at_5,0.6875,0.6,0.08750000000000002,8.750000000000002,0.12727272727272732,12.72727272727273
gaussian_blur,2,radius,1.0,pixels in the decoded source image,sues200_satellite_to_uav_150m,r_at_10,0.775,0.6375,0.13750000000000007,13.750000000000007,0.17741935483870977,17.741935483870975
gaussian_blur,2,radius,1.0,pixels in the decoded source image,sues200_satellite_to_uav_150m,r_at_20,0.7875,0.7125,0.07499999999999996,7.499999999999996,0.09523809523809519,9.523809523809518
gaussian_blur,2,radius,1.0,pixels in the decoded source image,sues200_satellite_to_uav_150m,official_trapezoid_mAP,0.39359670877456665,0.36001595854759216,0.03358075022697449,3.3580750226974487,0.08531766012862657,8.531766012862656
gaussian_blur,2,radius,1.0,pixels in the decoded source image,sues200_satellite_to_uav_150m,MRR,0.603905200958252,0.5343614220619202,0.06954377889633179,6.954377889633179,0.11515678087551254,11.515678087551255
gaussian_blur,2,radius,1.0,pixels in the decoded source image,sues200_uav_200m_to_satellite,r_at_1,0.4145,0.428,-0.013500000000000012,-1.3500000000000012,-0.03256936067551269,-3.2569360675512695
gaussian_blur,2,radius,1.0,pixels in the decoded source image,sues200_uav_200m_to_satellite,r_at_5,0.817,0.80225,0.01474999999999993,1.474999999999993,0.018053855569155362,1.8053855569155361
gaussian_blur,2,radius,1.0,pixels in the decoded source image,sues200_uav_200m_to_satellite,r_at_10,0.91175,0.89925,0.012499999999999956,1.2499999999999956,0.013709898546750705,1.3709898546750705
gaussian_blur,2,radius,1.0,pixels in the decoded source image,sues200_uav_200m_to_satellite,r_at_20,0.96625,0.9545,0.011750000000000038,1.1750000000000038,0.012160413971539495,1.2160413971539497
gaussian_blur,2,radius,1.0,pixels in the decoded source image,sues200_uav_200m_to_satellite,official_trapezoid_mAP,0.501873791217804,0.5107656121253967,-0.008891820907592773,-0.8891820907592773,-0.01771724497909453,-1.771724497909453
gaussian_blur,2,radius,1.0,pixels in the decoded source image,sues200_uav_200m_to_satellite,MRR,0.5892475843429565,0.5935312509536743,-0.0042836666107177734,-0.42836666107177734,-0.0072697228203222886,-0.7269722820322289
gaussian_blur,2,radius,1.0,pixels in the decoded source image,sues200_satellite_to_uav_200m,r_at_1,0.6125,0.575,0.03750000000000009,3.750000000000009,0.061224489795918505,6.122448979591851
gaussian_blur,2,radius,1.0,pixels in the decoded source image,sues200_satellite_to_uav_200m,r_at_5,0.7375,0.7,0.03750000000000009,3.750000000000009,0.05084745762711876,5.084745762711876
gaussian_blur,2,radius,1.0,pixels in the decoded source image,sues200_satellite_to_uav_200m,r_at_10,0.775,0.7375,0.03749999999999998,3.749999999999998,0.04838709677419352,4.838709677419351
gaussian_blur,2,radius,1.0,pixels in the decoded source image,sues200_satellite_to_uav_200m,r_at_20,0.85,0.825,0.025000000000000022,2.500000000000002,0.02941176470588238,2.941176470588238
gaussian_blur,2,radius,1.0,pixels in the decoded source image,sues200_satellite_to_uav_200m,official_trapezoid_mAP,0.48770156502723694,0.441405713558197,0.04629585146903992,4.629585146903992,0.09492660017700458,9.492660017700457
gaussian_blur,2,radius,1.0,pixels in the decoded source image,sues200_satellite_to_uav_200m,MRR,0.6723024249076843,0.6447340250015259,0.027568399906158447,2.7568399906158447,0.04100595042468267,4.100595042468267
gaussian_blur,2,radius,1.0,pixels in the decoded source image,sues200_uav_250m_to_satellite,r_at_1,0.481,0.47475,0.006249999999999978,0.6249999999999978,0.012993762993762948,1.2993762993762947
gaussian_blur,2,radius,1.0,pixels in the decoded source image,sues200_uav_250m_to_satellite,r_at_5,0.849,0.836,0.013000000000000012,1.3000000000000012,0.015312131919905785,1.5312131919905785
gaussian_blur,2,radius,1.0,pixels in the decoded source image,sues200_uav_250m_to_satellite,r_at_10,0.9265,0.91575,0.010750000000000037,1.0750000000000037,0.011602806260118767,1.1602806260118768
gaussian_blur,2,radius,1.0,pixels in the decoded source image,sues200_uav_250m_to_satellite,r_at_20,0.968,0.9585,0.009499999999999953,0.9499999999999953,0.009814049586776811,0.9814049586776811
gaussian_blur,2,radius,1.0,pixels in the decoded source image,sues200_uav_250m_to_satellite,official_trapezoid_mAP,0.5596025586128235,0.5539619326591492,0.005640625953674316,0.5640625953674316,0.010079700077956468,1.0079700077956468
gaussian_blur,2,radius,1.0,pixels in the decoded source image,sues200_uav_250m_to_satellite,MRR,0.6382049322128296,0.6331738233566284,0.005031108856201172,0.5031108856201172,0.00788321838685413,0.7883218386854131
gaussian_blur,2,radius,1.0,pixels in the decoded source image,sues200_satellite_to_uav_250m,r_at_1,0.6875,0.7,-0.012499999999999956,-1.2499999999999956,-0.01818181818181812,-1.8181818181818117
gaussian_blur,2,radius,1.0,pixels in the decoded source image,sues200_satellite_to_uav_250m,r_at_5,0.7625,0.7625,0.0,0.0,0.0,0.0
gaussian_blur,2,radius,1.0,pixels in the decoded source image,sues200_satellite_to_uav_250m,r_at_10,0.825,0.85,-0.025000000000000022,-2.500000000000002,-0.03030303030303033,-3.030303030303033
gaussian_blur,2,radius,1.0,pixels in the decoded source image,sues200_satellite_to_uav_250m,r_at_20,0.8875,0.9125,-0.025000000000000022,-2.500000000000002,-0.028169014084507067,-2.8169014084507067
gaussian_blur,2,radius,1.0,pixels in the decoded source image,sues200_satellite_to_uav_250m,official_trapezoid_mAP,0.5284179449081421,0.47910839319229126,0.04930955171585083,4.930955171585083,0.09331543750737419,9.331543750737419
gaussian_blur,2,radius,1.0,pixels in the decoded source image,sues200_satellite_to_uav_250m,MRR,0.7299930453300476,0.7424858212471008,-0.012492775917053223,-1.2492775917053223,-0.017113554707093043,-1.7113554707093044
gaussian_blur,2,radius,1.0,pixels in the decoded source image,sues200_uav_300m_to_satellite,r_at_1,0.49675,0.5025,-0.005749999999999922,-0.5749999999999922,-0.011575239053849867,-1.1575239053849866
gaussian_blur,2,radius,1.0,pixels in the decoded source image,sues200_uav_300m_to_satellite,r_at_5,0.86475,0.85775,0.007000000000000006,0.7000000000000006,0.008094825093957798,0.8094825093957798
gaussian_blur,2,radius,1.0,pixels in the decoded source image,sues200_uav_300m_to_satellite,r_at_10,0.93225,0.9235,0.008750000000000036,0.8750000000000036,0.009385894341646592,0.9385894341646592
gaussian_blur,2,radius,1.0,pixels in the decoded source image,sues200_uav_300m_to_satellite,r_at_20,0.966,0.96,0.006000000000000005,0.6000000000000005,0.006211180124223608,0.6211180124223609
gaussian_blur,2,radius,1.0,pixels in the decoded source image,sues200_uav_300m_to_satellite,official_trapezoid_mAP,0.576092541217804,0.5790066123008728,-0.0029140710830688477,-0.29140710830688477,-0.0050583385039299125,-0.5058338503929912
gaussian_blur,2,radius,1.0,pixels in the decoded source image,sues200_uav_300m_to_satellite,MRR,0.6554350852966309,0.6555132865905762,-7.82012939453125e-05,-0.00782012939453125,-0.00011931203516503982,-0.011931203516503983
gaussian_blur,2,radius,1.0,pixels in the decoded source image,sues200_satellite_to_uav_300m,r_at_1,0.7,0.6375,0.0625,6.25,0.08928571428571429,8.928571428571429
gaussian_blur,2,radius,1.0,pixels in the decoded source image,sues200_satellite_to_uav_300m,r_at_5,0.8125,0.725,0.08750000000000002,8.750000000000002,0.10769230769230773,10.769230769230772
gaussian_blur,2,radius,1.0,pixels in the decoded source image,sues200_satellite_to_uav_300m,r_at_10,0.85,0.8,0.04999999999999993,4.999999999999993,0.05882352941176463,5.882352941176462
gaussian_blur,2,radius,1.0,pixels in the decoded source image,sues200_satellite_to_uav_300m,r_at_20,0.8875,0.875,0.012499999999999956,1.2499999999999956,0.014084507042253471,1.4084507042253471
gaussian_blur,2,radius,1.0,pixels in the decoded source image,sues200_satellite_to_uav_300m,official_trapezoid_mAP,0.5484455823898315,0.49933919310569763,0.04910638928413391,4.910638928413391,0.08953739598038991,8.953739598038991
gaussian_blur,2,radius,1.0,pixels in the decoded source image,sues200_satellite_to_uav_300m,MRR,0.7563574910163879,0.6897311806678772,0.06662631034851074,6.662631034851074,0.08808838563756242,8.808838563756243
gaussian_blur,3,radius,2.0,pixels in the decoded source image,sues200_uav_150m_to_satellite,r_at_1,0.34075,0.2805,0.06024999999999997,6.024999999999997,0.17681584739545111,17.681584739545112
gaussian_blur,3,radius,2.0,pixels in the decoded source image,sues200_uav_150m_to_satellite,r_at_5,0.7235,0.64825,0.07525000000000004,7.525000000000004,0.10400829302004151,10.400829302004151
gaussian_blur,3,radius,2.0,pixels in the decoded source image,sues200_uav_150m_to_satellite,r_at_10,0.855,0.76025,0.09475,9.475,0.1108187134502924,11.08187134502924
gaussian_blur,3,radius,2.0,pixels in the decoded source image,sues200_uav_150m_to_satellite,r_at_20,0.94175,0.86975,0.07199999999999995,7.199999999999996,0.0764534112025484,7.64534112025484
gaussian_blur,3,radius,2.0,pixels in the decoded source image,sues200_uav_150m_to_satellite,official_trapezoid_mAP,0.4256778061389923,0.3627709448337555,0.06290686130523682,6.290686130523682,0.1477804583607924,14.77804583607924
gaussian_blur,3,radius,2.0,pixels in the decoded source image,sues200_uav_150m_to_satellite,MRR,0.5106055736541748,0.44504186511039734,0.06556370854377747,6.556370854377747,0.1284038246479909,12.84038246479909
gaussian_blur,3,radius,2.0,pixels in the decoded source image,sues200_satellite_to_uav_150m,r_at_1,0.5375,0.2875,0.25,25.0,0.46511627906976744,46.51162790697675
gaussian_blur,3,radius,2.0,pixels in the decoded source image,sues200_satellite_to_uav_150m,r_at_5,0.6875,0.375,0.3125,31.25,0.45454545454545453,45.45454545454545
gaussian_blur,3,radius,2.0,pixels in the decoded source image,sues200_satellite_to_uav_150m,r_at_10,0.775,0.4375,0.3375,33.75,0.43548387096774194,43.54838709677419
gaussian_blur,3,radius,2.0,pixels in the decoded source image,sues200_satellite_to_uav_150m,r_at_20,0.7875,0.475,0.3125,31.25,0.39682539682539686,39.682539682539684
gaussian_blur,3,radius,2.0,pixels in the decoded source image,sues200_satellite_to_uav_150m,official_trapezoid_mAP,0.39359670877456665,0.22379259765148163,0.16980411112308502,16.980411112308502,0.43141649139231164,43.14164913923116
gaussian_blur,3,radius,2.0,pixels in the decoded source image,sues200_satellite_to_uav_150m,MRR,0.603905200958252,0.3429718613624573,0.2609333395957947,26.093333959579468,0.4320766557097975,43.20766557097975
gaussian_blur,3,radius,2.0,pixels in the decoded source image,sues200_uav_200m_to_satellite,r_at_1,0.4145,0.32375,0.09075,9.075,0.21893848009650183,21.89384800965018
gaussian_blur,3,radius,2.0,pixels in the decoded source image,sues200_uav_200m_to_satellite,r_at_5,0.817,0.722,0.09499999999999997,9.499999999999996,0.11627906976744183,11.627906976744182
gaussian_blur,3,radius,2.0,pixels in the decoded source image,sues200_uav_200m_to_satellite,r_at_10,0.91175,0.82275,0.08899999999999997,8.899999999999997,0.09761447765286534,9.761447765286533
gaussian_blur,3,radius,2.0,pixels in the decoded source image,sues200_uav_200m_to_satellite,r_at_20,0.96625,0.912,0.05425000000000002,5.4250000000000025,0.05614489003880985,5.614489003880985
gaussian_blur,3,radius,2.0,pixels in the decoded source image,sues200_uav_200m_to_satellite,official_trapezoid_mAP,0.501873791217804,0.41121044754981995,0.09066334366798401,9.0663343667984,0.18064968773919854,18.064968773919855
gaussian_blur,3,radius,2.0,pixels in the decoded source image,sues200_uav_200m_to_satellite,MRR,0.5892475843429565,0.49867090582847595,0.09057667851448059,9.057667851448059,0.15371582492863092,15.371582492863093
gaussian_blur,3,radius,2.0,pixels in the decoded source image,sues200_satellite_to_uav_200m,r_at_1,0.6125,0.35,0.26250000000000007,26.250000000000007,0.42857142857142866,42.85714285714287
gaussian_blur,3,radius,2.0,pixels in the decoded source image,sues200_satellite_to_uav_200m,r_at_5,0.7375,0.45,0.28750000000000003,28.750000000000004,0.3898305084745763,38.983050847457626
gaussian_blur,3,radius,2.0,pixels in the decoded source image,sues200_satellite_to_uav_200m,r_at_10,0.775,0.525,0.25,25.0,0.3225806451612903,32.25806451612903
gaussian_blur,3,radius,2.0,pixels in the decoded source image,sues200_satellite_to_uav_200m,r_at_20,0.85,0.575,0.275,27.500000000000004,0.3235294117647059,32.352941176470594
gaussian_blur,3,radius,2.0,pixels in the decoded source image,sues200_satellite_to_uav_200m,official_trapezoid_mAP,0.48770156502723694,0.2641875147819519,0.22351405024528503,22.351405024528503,0.45830086731996095,45.8300867319961
gaussian_blur,3,radius,2.0,pixels in the decoded source image,sues200_satellite_to_uav_200m,MRR,0.6723024249076843,0.4125961661338806,0.2597062587738037,25.97062587738037,0.38629380045663925,38.62938004566393
gaussian_blur,3,radius,2.0,pixels in the decoded source image,sues200_uav_250m_to_satellite,r_at_1,0.481,0.34825,0.13274999999999998,13.274999999999999,0.27598752598752596,27.598752598752597
gaussian_blur,3,radius,2.0,pixels in the decoded source image,sues200_uav_250m_to_satellite,r_at_5,0.849,0.76475,0.08424999999999994,8.424999999999994,0.09923439340400464,9.923439340400463
gaussian_blur,3,radius,2.0,pixels in the decoded source image,sues200_uav_250m_to_satellite,r_at_10,0.9265,0.85075,0.07574999999999998,7.574999999999998,0.08175930922827845,8.175930922827845
gaussian_blur,3,radius,2.0,pixels in the decoded source image,sues200_uav_250m_to_satellite,r_at_20,0.968,0.91625,0.05174999999999996,5.174999999999996,0.05346074380165285,5.346074380165286
gaussian_blur,3,radius,2.0,pixels in the decoded source image,sues200_uav_250m_to_satellite,official_trapezoid_mAP,0.5596025586128235,0.438910573720932,0.12069198489189148,12.069198489189148,0.21567446937889284,21.567446937889283
gaussian_blur,3,radius,2.0,pixels in the decoded source image,sues200_uav_250m_to_satellite,MRR,0.6382049322128296,0.5295711755752563,0.10863375663757324,10.863375663757324,0.17021767014697073,17.021767014697073
gaussian_blur,3,radius,2.0,pixels in the decoded source image,sues200_satellite_to_uav_250m,r_at_1,0.6875,0.3375,0.35,35.0,0.509090909090909,50.90909090909091
gaussian_blur,3,radius,2.0,pixels in the decoded source image,sues200_satellite_to_uav_250m,r_at_5,0.7625,0.425,0.33749999999999997,33.75,0.4426229508196721,44.26229508196722
gaussian_blur,3,radius,2.0,pixels in the decoded source image,sues200_satellite_to_uav_250m,r_at_10,0.825,0.55,0.2749999999999999,27.499999999999993,0.33333333333333326,33.33333333333333
gaussian_blur,3,radius,2.0,pixels in the decoded source image,sues200_satellite_to_uav_250m,r_at_20,0.8875,0.65,0.23749999999999993,23.749999999999993,0.2676056338028168,26.760563380281685
gaussian_blur,3,radius,2.0,pixels in the decoded source image,sues200_satellite_to_uav_250m,official_trapezoid_mAP,0.5284179449081421,0.27956634759902954,0.24885159730911255,24.885159730911255,0.47093706734802854,47.09370673480286
gaussian_blur,3,radius,2.0,pixels in the decoded source image,sues200_satellite_to_uav_250m,MRR,0.7299930453300476,0.4045781195163727,0.3254149258136749,32.54149258136749,0.44577811788131066,44.577811788131065
gaussian_blur,3,radius,2.0,pixels in the decoded source image,sues200_uav_300m_to_satellite,r_at_1,0.49675,0.37775,0.11900000000000005,11.900000000000006,0.23955712128837453,23.955712128837455
gaussian_blur,3,radius,2.0,pixels in the decoded source image,sues200_uav_300m_to_satellite,r_at_5,0.86475,0.77475,0.08999999999999997,8.999999999999996,0.10407632263660013,10.407632263660012
gaussian_blur,3,radius,2.0,pixels in the decoded source image,sues200_uav_300m_to_satellite,r_at_10,0.93225,0.87025,0.062000000000000055,6.2000000000000055,0.06650576562080993,6.6505765620809925
gaussian_blur,3,radius,2.0,pixels in the decoded source image,sues200_uav_300m_to_satellite,r_at_20,0.966,0.925,0.040999999999999925,4.0999999999999925,0.04244306418219454,4.2443064182194545
gaussian_blur,3,radius,2.0,pixels in the decoded source image,sues200_uav_300m_to_satellite,official_trapezoid_mAP,0.576092541217804,0.4638892114162445,0.11220332980155945,11.220332980155945,0.19476615608383413,19.476615608383412
gaussian_blur,3,radius,2.0,pixels in the decoded source image,sues200_uav_300m_to_satellite,MRR,0.6554350852966309,0.5500284433364868,0.10540664196014404,10.540664196014404,0.16081934630099953,16.08193463009995
gaussian_blur,3,radius,2.0,pixels in the decoded source image,sues200_satellite_to_uav_300m,r_at_1,0.7,0.3875,0.31249999999999994,31.249999999999993,0.4464285714285714,44.64285714285714
gaussian_blur,3,radius,2.0,pixels in the decoded source image,sues200_satellite_to_uav_300m,r_at_5,0.8125,0.55,0.26249999999999996,26.249999999999996,0.32307692307692304,32.30769230769231
gaussian_blur,3,radius,2.0,pixels in the decoded source image,sues200_satellite_to_uav_300m,r_at_10,0.85,0.6125,0.23749999999999993,23.749999999999993,0.2794117647058823,27.94117647058823
gaussian_blur,3,radius,2.0,pixels in the decoded source image,sues200_satellite_to_uav_300m,r_at_20,0.8875,0.6625,0.22499999999999998,22.499999999999996,0.2535211267605634,25.352112676056336
gaussian_blur,3,radius,2.0,pixels in the decoded source image,sues200_satellite_to_uav_300m,official_trapezoid_mAP,0.5484455823898315,0.30248379707336426,0.24596178531646729,24.59617853164673,0.44847072018466777,44.847072018466775
gaussian_blur,3,radius,2.0,pixels in the decoded source image,sues200_satellite_to_uav_300m,MRR,0.7563574910163879,0.46441182494163513,0.2919456660747528,29.19456660747528,0.38598899269502607,38.59889926950261
gaussian_blur,4,radius,3.0,pixels in the decoded source image,sues200_uav_150m_to_satellite,r_at_1,0.34075,0.179,0.16175,16.175,0.47468818782098315,47.46881878209832
gaussian_blur,4,radius,3.0,pixels in the decoded source image,sues200_uav_150m_to_satellite,r_at_5,0.7235,0.50825,0.21525000000000005,21.525000000000006,0.2975120939875605,29.751209398756053
gaussian_blur,4,radius,3.0,pixels in the decoded source image,sues200_uav_150m_to_satellite,r_at_10,0.855,0.64,0.21499999999999997,21.499999999999996,0.25146198830409355,25.146198830409354
gaussian_blur,4,radius,3.0,pixels in the decoded source image,sues200_uav_150m_to_satellite,r_at_20,0.94175,0.79475,0.14700000000000002,14.700000000000003,0.1560923812052031,15.609238120520311
gaussian_blur,4,radius,3.0,pixels in the decoded source image,sues200_uav_150m_to_satellite,official_trapezoid_mAP,0.4256778061389923,0.256994366645813,0.16868343949317932,16.868343949317932,0.3962702237713112,39.62702237713112
gaussian_blur,4,radius,3.0,pixels in the decoded source image,sues200_uav_150m_to_satellite,MRR,0.5106055736541748,0.33498871326446533,0.17561686038970947,17.561686038970947,0.34393839286339645,34.39383928633964
gaussian_blur,4,radius,3.0,pixels in the decoded source image,sues200_satellite_to_uav_150m,r_at_1,0.5375,0.15,0.38749999999999996,38.74999999999999,0.7209302325581395,72.09302325581395
gaussian_blur,4,radius,3.0,pixels in the decoded source image,sues200_satellite_to_uav_150m,r_at_5,0.6875,0.2,0.4875,48.75,0.7090909090909091,70.9090909090909
gaussian_blur,4,radius,3.0,pixels in the decoded source image,sues200_satellite_to_uav_150m,r_at_10,0.775,0.275,0.5,50.0,0.6451612903225806,64.51612903225806
gaussian_blur,4,radius,3.0,pixels in the decoded source image,sues200_satellite_to_uav_150m,r_at_20,0.7875,0.325,0.46249999999999997,46.25,0.5873015873015873,58.730158730158735
gaussian_blur,4,radius,3.0,pixels in the decoded source image,sues200_satellite_to_uav_150m,official_trapezoid_mAP,0.39359670877456665,0.13038113713264465,0.263215571641922,26.3215571641922,0.6687443410322805,66.87443410322805
gaussian_blur,4,radius,3.0,pixels in the decoded source image,sues200_satellite_to_uav_150m,MRR,0.603905200958252,0.19106951355934143,0.4128356873989105,41.28356873989105,0.6836100877154888,68.36100877154888
gaussian_blur,4,radius,3.0,pixels in the decoded source image,sues200_uav_200m_to_satellite,r_at_1,0.4145,0.197,0.21749999999999997,21.749999999999996,0.5247285886610373,52.472858866103735
gaussian_blur,4,radius,3.0,pixels in the decoded source image,sues200_uav_200m_to_satellite,r_at_5,0.817,0.5605,0.25649999999999995,25.649999999999995,0.31395348837209297,31.395348837209298
gaussian_blur,4,radius,3.0,pixels in the decoded source image,sues200_uav_200m_to_satellite,r_at_10,0.91175,0.70225,0.2094999999999999,20.949999999999992,0.22977789964354256,22.97778996435426
gaussian_blur,4,radius,3.0,pixels in the decoded source image,sues200_uav_200m_to_satellite,r_at_20,0.96625,0.828,0.1382500000000001,13.82500000000001,0.143078913324709,14.307891332470902
gaussian_blur,4,radius,3.0,pixels in the decoded source image,sues200_uav_200m_to_satellite,official_trapezoid_mAP,0.501873791217804,0.28014594316482544,0.22172784805297852,22.17278480529785,0.4418000141329411,44.18000141329411
gaussian_blur,4,radius,3.0,pixels in the decoded source image,sues200_uav_200m_to_satellite,MRR,0.5892475843429565,0.36329185962677,0.22595572471618652,22.595572471618652,0.38346482992906894,38.34648299290689
gaussian_blur,4,radius,3.0,pixels in the decoded source image,sues200_satellite_to_uav_200m,r_at_1,0.6125,0.1625,0.45000000000000007,45.00000000000001,0.7346938775510204,73.46938775510205
gaussian_blur,4,radius,3.0,pixels in the decoded source image,sues200_satellite_to_uav_200m,r_at_5,0.7375,0.2125,0.525,52.5,0.711864406779661,71.1864406779661
gaussian_blur,4,radius,3.0,pixels in the decoded source image,sues200_satellite_to_uav_200m,r_at_10,0.775,0.2375,0.5375000000000001,53.75000000000001,0.6935483870967742,69.35483870967742
gaussian_blur,4,radius,3.0,pixels in the decoded source image,sues200_satellite_to_uav_200m,r_at_20,0.85,0.325,0.5249999999999999,52.49999999999999,0.6176470588235293,61.764705882352935
gaussian_blur,4,radius,3.0,pixels in the decoded source image,sues200_satellite_to_uav_200m,official_trapezoid_mAP,0.48770156502723694,0.1475904881954193,0.3401110768318176,34.01110768318176,0.6973754058238941,69.73754058238941
gaussian_blur,4,radius,3.0,pixels in the decoded source image,sues200_satellite_to_uav_200m,MRR,0.6723024249076843,0.20035147666931152,0.4719509482383728,47.19509482383728,0.7019920362524018,70.19920362524019
gaussian_blur,4,radius,3.0,pixels in the decoded source image,sues200_uav_250m_to_satellite,r_at_1,0.481,0.224,0.257,25.7,0.5343035343035344,53.43035343035343
gaussian_blur,4,radius,3.0,pixels in the decoded source image,sues200_uav_250m_to_satellite,r_at_5,0.849,0.60375,0.24524999999999997,24.525,0.28886925795053,28.886925795053003
gaussian_blur,4,radius,3.0,pixels in the decoded source image,sues200_uav_250m_to_satellite,r_at_10,0.9265,0.73775,0.18874999999999997,18.874999999999996,0.2037236913113869,20.37236913113869
gaussian_blur,4,radius,3.0,pixels in the decoded source image,sues200_uav_250m_to_satellite,r_at_20,0.968,0.85525,0.11275000000000002,11.275000000000002,0.11647727272727275,11.647727272727275
gaussian_blur,4,radius,3.0,pixels in the decoded source image,sues200_uav_250m_to_satellite,official_trapezoid_mAP,0.5596025586128235,0.30914509296417236,0.2504574656486511,25.045746564865112,0.4475631174194417,44.75631174194417
gaussian_blur,4,radius,3.0,pixels in the decoded source image,sues200_uav_250m_to_satellite,MRR,0.6382049322128296,0.39429014921188354,0.24391478300094604,24.391478300094604,0.38218880909495223,38.21888090949522
gaussian_blur,4,radius,3.0,pixels in the decoded source image,sues200_satellite_to_uav_250m,r_at_1,0.6875,0.1,0.5875,58.75,0.8545454545454546,85.45454545454545
gaussian_blur,4,radius,3.0,pixels in the decoded source image,sues200_satellite_to_uav_250m,r_at_5,0.7625,0.25,0.5125,51.24999999999999,0.6721311475409836,67.21311475409836
gaussian_blur,4,radius,3.0,pixels in the decoded source image,sues200_satellite_to_uav_250m,r_at_10,0.825,0.2625,0.5625,56.25,0.6818181818181819,68.18181818181819
gaussian_blur,4,radius,3.0,pixels in the decoded source image,sues200_satellite_to_uav_250m,r_at_20,0.8875,0.375,0.5125,51.24999999999999,0.5774647887323944,57.74647887323943
gaussian_blur,4,radius,3.0,pixels in the decoded source image,sues200_satellite_to_uav_250m,official_trapezoid_mAP,0.5284179449081421,0.15019725263118744,0.37822069227695465,37.822069227695465,0.7157604996603644,71.57604996603644
gaussian_blur,4,radius,3.0,pixels in the decoded source image,sues200_satellite_to_uav_250m,MRR,0.7299930453300476,0.16621950268745422,0.5637735426425934,56.37735426425934,0.7722998818265422,77.22998818265421
gaussian_blur,4,radius,3.0,pixels in the decoded source image,sues200_uav_300m_to_satellite,r_at_1,0.49675,0.23425,0.2625,26.25,0.5284348263714141,52.84348263714141
gaussian_blur,4,radius,3.0,pixels in the decoded source image,sues200_uav_300m_to_satellite,r_at_5,0.86475,0.62125,0.24350000000000005,24.350000000000005,0.2815842729112461,28.158427291124607
gaussian_blur,4,radius,3.0,pixels in the decoded source image,sues200_uav_300m_to_satellite,r_at_10,0.93225,0.73975,0.1925,19.25,0.20648967551622419,20.64896755162242
gaussian_blur,4,radius,3.0,pixels in the decoded source image,sues200_uav_300m_to_satellite,r_at_20,0.966,0.84775,0.11824999999999997,11.824999999999996,0.12241200828157346,12.241200828157346
gaussian_blur,4,radius,3.0,pixels in the decoded source image,sues200_uav_300m_to_satellite,official_trapezoid_mAP,0.576092541217804,0.32028138637542725,0.2558111548423767,25.58111548423767,0.4440452471431355,44.404524714313546
gaussian_blur,4,radius,3.0,pixels in the decoded source image,sues200_uav_300m_to_satellite,MRR,0.6554350852966309,0.4063127040863037,0.24912238121032715,24.912238121032715,0.3800870395846777,38.00870395846777
gaussian_blur,4,radius,3.0,pixels in the decoded source image,sues200_satellite_to_uav_300m,r_at_1,0.7,0.175,0.5249999999999999,52.49999999999999,0.7499999999999999,75.0
gaussian_blur,4,radius,3.0,pixels in the decoded source image,sues200_satellite_to_uav_300m,r_at_5,0.8125,0.275,0.5375,53.75,0.6615384615384615,66.15384615384616
gaussian_blur,4,radius,3.0,pixels in the decoded source image,sues200_satellite_to_uav_300m,r_at_10,0.85,0.325,0.5249999999999999,52.49999999999999,0.6176470588235293,61.764705882352935
gaussian_blur,4,radius,3.0,pixels in the decoded source image,sues200_satellite_to_uav_300m,r_at_20,0.8875,0.4,0.48749999999999993,48.74999999999999,0.5492957746478873,54.92957746478873
gaussian_blur,4,radius,3.0,pixels in the decoded source image,sues200_satellite_to_uav_300m,official_trapezoid_mAP,0.5484455823898315,0.16414496302604675,0.3843006193637848,38.43006193637848,0.7007087516125281,70.07087516125281
gaussian_blur,4,radius,3.0,pixels in the decoded source image,sues200_satellite_to_uav_300m,MRR,0.7563574910163879,0.22383299469947815,0.5325244963169098,53.25244963169098,0.7040645496897334,70.40645496897335
gaussian_blur,5,radius,4.0,pixels in the decoded source image,sues200_uav_150m_to_satellite,r_at_1,0.34075,0.119,0.22175,22.175,0.6507703595011005,65.07703595011006
gaussian_blur,5,radius,4.0,pixels in the decoded source image,sues200_uav_150m_to_satellite,r_at_5,0.7235,0.36925,0.35425,35.425000000000004,0.4896337249481686,48.963372494816866
gaussian_blur,5,radius,4.0,pixels in the decoded source image,sues200_uav_150m_to_satellite,r_at_10,0.855,0.503,0.352,35.199999999999996,0.4116959064327485,41.16959064327485
gaussian_blur,5,radius,4.0,pixels in the decoded source image,sues200_uav_150m_to_satellite,r_at_20,0.94175,0.6435,0.29825,29.825000000000003,0.3166976373772233,31.66976373772233
gaussian_blur,5,radius,4.0,pixels in the decoded source image,sues200_uav_150m_to_satellite,official_trapezoid_mAP,0.4256778061389923,0.18127483129501343,0.24440297484397888,24.440297484397888,0.5741501467055025,57.41501467055025
gaussian_blur,5,radius,4.0,pixels in the decoded source image,sues200_uav_150m_to_satellite,MRR,0.5106055736541748,0.243549644947052,0.2670559287071228,26.70559287071228,0.5230180446247843,52.30180446247844
gaussian_blur,5,radius,4.0,pixels in the decoded source image,sues200_satellite_to_uav_150m,r_at_1,0.5375,0.0625,0.475,47.5,0.8837209302325582,88.37209302325581
gaussian_blur,5,radius,4.0,pixels in the decoded source image,sues200_satellite_to_uav_150m,r_at_5,0.6875,0.1,0.5875,58.75,0.8545454545454546,85.45454545454545
gaussian_blur,5,radius,4.0,pixels in the decoded source image,sues200_satellite_to_uav_150m,r_at_10,0.775,0.125,0.65,65.0,0.8387096774193549,83.87096774193549
gaussian_blur,5,radius,4.0,pixels in the decoded source image,sues200_satellite_to_uav_150m,r_at_20,0.7875,0.1625,0.625,62.5,0.7936507936507937,79.36507936507937
gaussian_blur,5,radius,4.0,pixels in the decoded source image,sues200_satellite_to_uav_150m,official_trapezoid_mAP,0.39359670877456665,0.09287215769290924,0.3007245510816574,30.07245510816574,0.7640423417612926,76.40423417612926
gaussian_blur,5,radius,4.0,pixels in the decoded source image,sues200_satellite_to_uav_150m,MRR,0.603905200958252,0.09374931454658508,0.5101558864116669,51.01558864116669,0.8447615380728175,84.47615380728175
gaussian_blur,5,radius,4.0,pixels in the decoded source image,sues200_uav_200m_to_satellite,r_at_1,0.4145,0.13025,0.28425,28.425,0.6857659831121834,68.57659831121833
gaussian_blur,5,radius,4.0,pixels in the decoded source image,sues200_uav_200m_to_satellite,r_at_5,0.817,0.38575,0.43124999999999997,43.125,0.5278457772337821,52.78457772337821
gaussian_blur,5,radius,4.0,pixels in the decoded source image,sues200_uav_200m_to_satellite,r_at_10,0.91175,0.5275,0.38425,38.425,0.4214422813271182,42.14422813271182
gaussian_blur,5,radius,4.0,pixels in the decoded source image,sues200_uav_200m_to_satellite,r_at_20,0.96625,0.687,0.27925,27.925,0.2890038809831824,28.90038809831824
gaussian_blur,5,radius,4.0,pixels in the decoded source image,sues200_uav_200m_to_satellite,official_trapezoid_mAP,0.501873791217804,0.19312509894371033,0.30874869227409363,30.874869227409363,0.6151919021810454,61.519190218104534
gaussian_blur,5,radius,4.0,pixels in the decoded source image,sues200_uav_200m_to_satellite,MRR,0.5892475843429565,0.25600019097328186,0.3332473933696747,33.32473933696747,0.5655473220840843,56.55473220840843
gaussian_blur,5,radius,4.0,pixels in the decoded source image,sues200_satellite_to_uav_200m,r_at_1,0.6125,0.075,0.5375000000000001,53.75000000000001,0.8775510204081634,87.75510204081633
gaussian_blur,5,radius,4.0,pixels in the decoded source image,sues200_satellite_to_uav_200m,r_at_5,0.7375,0.1375,0.6000000000000001,60.00000000000001,0.8135593220338984,81.35593220338984
gaussian_blur,5,radius,4.0,pixels in the decoded source image,sues200_satellite_to_uav_200m,r_at_10,0.775,0.15,0.625,62.5,0.8064516129032258,80.64516129032258
gaussian_blur,5,radius,4.0,pixels in the decoded source image,sues200_satellite_to_uav_200m,r_at_20,0.85,0.175,0.675,67.5,0.7941176470588236,79.41176470588235
gaussian_blur,5,radius,4.0,pixels in the decoded source image,sues200_satellite_to_uav_200m,official_trapezoid_mAP,0.48770156502723694,0.10084690898656845,0.3868546560406685,38.68546560406685,0.7932200422999741,79.32200422999742
gaussian_blur,5,radius,4.0,pixels in the decoded source image,sues200_satellite_to_uav_200m,MRR,0.6723024249076843,0.11193867772817612,0.5603637471795082,56.03637471795082,0.8334995181022191,83.34995181022191
gaussian_blur,5,radius,4.0,pixels in the decoded source image,sues200_uav_250m_to_satellite,r_at_1,0.481,0.141,0.33999999999999997,34.0,0.7068607068607068,70.68607068607069
gaussian_blur,5,radius,4.0,pixels in the decoded source image,sues200_uav_250m_to_satellite,r_at_5,0.849,0.407,0.442,44.2,0.5206124852767963,52.06124852767963
gaussian_blur,5,radius,4.0,pixels in the decoded source image,sues200_uav_250m_to_satellite,r_at_10,0.9265,0.55675,0.36975,36.975,0.3990825688073395,39.908256880733944
gaussian_blur,5,radius,4.0,pixels in the decoded source image,sues200_uav_250m_to_satellite,r_at_20,0.968,0.708,0.26,26.0,0.26859504132231404,26.859504132231407
gaussian_blur,5,radius,4.0,pixels in the decoded source image,sues200_uav_250m_to_satellite,official_trapezoid_mAP,0.5596025586128235,0.20629549026489258,0.3533070683479309,35.33070683479309,0.6313535613985214,63.135356139852135
gaussian_blur,5,radius,4.0,pixels in the decoded source image,sues200_uav_250m_to_satellite,MRR,0.6382049322128296,0.2715909779071808,0.3666139543056488,36.66139543056488,0.5744455045724871,57.44455045724871
gaussian_blur,5,radius,4.0,pixels in the decoded source image,sues200_satellite_to_uav_250m,r_at_1,0.6875,0.0625,0.625,62.5,0.9090909090909091,90.9090909090909
gaussian_blur,5,radius,4.0,pixels in the decoded source image,sues200_satellite_to_uav_250m,r_at_5,0.7625,0.1,0.6625,66.25,0.8688524590163935,86.88524590163935
gaussian_blur,5,radius,4.0,pixels in the decoded source image,sues200_satellite_to_uav_250m,r_at_10,0.825,0.1125,0.7124999999999999,71.24999999999999,0.8636363636363635,86.36363636363635
gaussian_blur,5,radius,4.0,pixels in the decoded source image,sues200_satellite_to_uav_250m,r_at_20,0.8875,0.1375,0.75,75.0,0.8450704225352114,84.50704225352113
gaussian_blur,5,radius,4.0,pixels in the decoded source image,sues200_satellite_to_uav_250m,official_trapezoid_mAP,0.5284179449081421,0.10303816944360733,0.42537977546453476,42.537977546453476,0.8050063014769132,80.50063014769133
gaussian_blur,5,radius,4.0,pixels in the decoded source image,sues200_satellite_to_uav_250m,MRR,0.7299930453300476,0.08905597776174545,0.6409370675683022,64.09370675683022,0.8780043476695301,87.800434766953
gaussian_blur,5,radius,4.0,pixels in the decoded source image,sues200_uav_300m_to_satellite,r_at_1,0.49675,0.135,0.36175,36.175000000000004,0.7282335178661299,72.82335178661299
gaussian_blur,5,radius,4.0,pixels in the decoded source image,sues200_uav_300m_to_satellite,r_at_5,0.86475,0.41825,0.4465,44.65,0.516334200636022,51.633420063602195
gaussian_blur,5,radius,4.0,pixels in the decoded source image,sues200_uav_300m_to_satellite,r_at_10,0.93225,0.57525,0.357,35.699999999999996,0.3829444891391794,38.29444891391793
gaussian_blur,5,radius,4.0,pixels in the decoded source image,sues200_uav_300m_to_satellite,r_at_20,0.966,0.70575,0.26025,26.025,0.2694099378881987,26.940993788819874
gaussian_blur,5,radius,4.0,pixels in the decoded source image,sues200_uav_300m_to_satellite,official_trapezoid_mAP,0.576092541217804,0.20378351211547852,0.37230902910232544,37.230902910232544,0.6462660119072192,64.62660119072191
gaussian_blur,5,radius,4.0,pixels in the decoded source image,sues200_uav_300m_to_satellite,MRR,0.6554350852966309,0.2725670039653778,0.38286808133125305,38.286808133125305,0.5841434032448508,58.41434032448508
gaussian_blur,5,radius,4.0,pixels in the decoded source image,sues200_satellite_to_uav_300m,r_at_1,0.7,0.1,0.6,60.0,0.8571428571428572,85.71428571428572
gaussian_blur,5,radius,4.0,pixels in the decoded source image,sues200_satellite_to_uav_300m,r_at_5,0.8125,0.1125,0.7,70.0,0.8615384615384615,86.15384615384616
gaussian_blur,5,radius,4.0,pixels in the decoded source image,sues200_satellite_to_uav_300m,r_at_10,0.85,0.15,0.7,70.0,0.8235294117647058,82.3529411764706
gaussian_blur,5,radius,4.0,pixels in the decoded source image,sues200_satellite_to_uav_300m,r_at_20,0.8875,0.1875,0.7,70.0,0.7887323943661971,78.87323943661973
gaussian_blur,5,radius,4.0,pixels in the decoded source image,sues200_satellite_to_uav_300m,official_trapezoid_mAP,0.5484455823898315,0.10954628139734268,0.43889930099248886,43.889930099248886,0.8002604361949662,80.02604361949662
gaussian_blur,5,radius,4.0,pixels in the decoded source image,sues200_satellite_to_uav_300m,MRR,0.7563574910163879,0.12052719295024872,0.6358302980661392,63.58302980661392,0.8406478492223497,84.06478492223498
brightness,1,factor,0.8,multiplicative Pillow brightness factor,sues200_uav_150m_to_satellite,r_at_1,0.34075,0.35925,-0.018500000000000016,-1.8500000000000016,-0.05429200293470291,-5.429200293470291
brightness,1,factor,0.8,multiplicative Pillow brightness factor,sues200_uav_150m_to_satellite,r_at_5,0.7235,0.735,-0.011499999999999955,-1.1499999999999955,-0.015894955079474714,-1.5894955079474713
brightness,1,factor,0.8,multiplicative Pillow brightness factor,sues200_uav_150m_to_satellite,r_at_10,0.855,0.8575,-0.0025000000000000577,-0.2500000000000058,-0.002923976608187202,-0.2923976608187202
brightness,1,factor,0.8,multiplicative Pillow brightness factor,sues200_uav_150m_to_satellite,r_at_20,0.94175,0.94125,0.0004999999999999449,0.04999999999999449,0.0005309264666843057,0.053092646668430575
brightness,1,factor,0.8,multiplicative Pillow brightness factor,sues200_uav_150m_to_satellite,official_trapezoid_mAP,0.4256778061389923,0.44233331084251404,-0.01665550470352173,-1.6655504703521729,-0.0391270215719994,-3.9127021571999396
brightness,1,factor,0.8,multiplicative Pillow brightness factor,sues200_uav_150m_to_satellite,MRR,0.5106055736541748,0.5254166722297668,-0.014811098575592041,-1.481109857559204,-0.029006926950670867,-2.9006926950670864
brightness,1,factor,0.8,multiplicative Pillow brightness factor,sues200_satellite_to_uav_150m,r_at_1,0.5375,0.5,0.03749999999999998,3.749999999999998,0.06976744186046507,6.976744186046508
brightness,1,factor,0.8,multiplicative Pillow brightness factor,sues200_satellite_to_uav_150m,r_at_5,0.6875,0.625,0.0625,6.25,0.09090909090909091,9.090909090909092
brightness,1,factor,0.8,multiplicative Pillow brightness factor,sues200_satellite_to_uav_150m,r_at_10,0.775,0.7,0.07500000000000007,7.500000000000007,0.09677419354838718,9.677419354838719
brightness,1,factor,0.8,multiplicative Pillow brightness factor,sues200_satellite_to_uav_150m,r_at_20,0.7875,0.7625,0.025000000000000022,2.500000000000002,0.03174603174603177,3.1746031746031775
brightness,1,factor,0.8,multiplicative Pillow brightness factor,sues200_satellite_to_uav_150m,official_trapezoid_mAP,0.39359670877456665,0.37875884771347046,0.014837861061096191,1.4837861061096191,0.03769813296277995,3.769813296277995
brightness,1,factor,0.8,multiplicative Pillow brightness factor,sues200_satellite_to_uav_150m,MRR,0.603905200958252,0.566423237323761,0.03748196363449097,3.7481963634490967,0.062065972564925964,6.206597256492596
brightness,1,factor,0.8,multiplicative Pillow brightness factor,sues200_uav_200m_to_satellite,r_at_1,0.4145,0.429,-0.014500000000000013,-1.4500000000000013,-0.03498190591073586,-3.4981905910735858
brightness,1,factor,0.8,multiplicative Pillow brightness factor,sues200_uav_200m_to_satellite,r_at_5,0.817,0.834,-0.017000000000000015,-1.7000000000000015,-0.020807833537331722,-2.080783353733172
brightness,1,factor,0.8,multiplicative Pillow brightness factor,sues200_uav_200m_to_satellite,r_at_10,0.91175,0.91775,-0.006000000000000005,-0.6000000000000005,-0.006580751302440368,-0.6580751302440369
brightness,1,factor,0.8,multiplicative Pillow brightness factor,sues200_uav_200m_to_satellite,r_at_20,0.96625,0.967,-0.0007499999999999174,-0.07499999999999174,-0.0007761966364811563,-0.07761966364811564
brightness,1,factor,0.8,multiplicative Pillow brightness factor,sues200_uav_200m_to_satellite,official_trapezoid_mAP,0.501873791217804,0.5161129236221313,-0.014239132404327393,-1.4239132404327393,-0.02837193862978167,-2.837193862978167
brightness,1,factor,0.8,multiplicative Pillow brightness factor,sues200_uav_200m_to_satellite,MRR,0.5892475843429565,0.603225827217102,-0.013978242874145508,-1.3978242874145508,-0.023722189527059356,-2.3722189527059356
brightness,1,factor,0.8,multiplicative Pillow brightness factor,sues200_satellite_to_uav_200m,r_at_1,0.6125,0.625,-0.012499999999999956,-1.2499999999999956,-0.020408163265306048,-2.0408163265306047
brightness,1,factor,0.8,multiplicative Pillow brightness factor,sues200_satellite_to_uav_200m,r_at_5,0.7375,0.725,0.012500000000000067,1.2500000000000067,0.01694915254237297,1.6949152542372972
brightness,1,factor,0.8,multiplicative Pillow brightness factor,sues200_satellite_to_uav_200m,r_at_10,0.775,0.7875,-0.012499999999999956,-1.2499999999999956,-0.016129032258064457,-1.6129032258064457
brightness,1,factor,0.8,multiplicative Pillow brightness factor,sues200_satellite_to_uav_200m,r_at_20,0.85,0.8125,0.03749999999999998,3.749999999999998,0.044117647058823505,4.411764705882351
brightness,1,factor,0.8,multiplicative Pillow brightness factor,sues200_satellite_to_uav_200m,official_trapezoid_mAP,0.48770156502723694,0.47136634588241577,0.016335219144821167,1.6335219144821167,0.033494293059955396,3.3494293059955393
brightness,1,factor,0.8,multiplicative Pillow brightness factor,sues200_satellite_to_uav_200m,MRR,0.6723024249076843,0.6748795509338379,-0.0025771260261535645,-0.25771260261535645,-0.0038332838476782777,-0.38332838476782777
brightness,1,factor,0.8,multiplicative Pillow brightness factor,sues200_uav_250m_to_satellite,r_at_1,0.481,0.49525,-0.01425000000000004,-1.425000000000004,-0.02962577962577971,-2.962577962577971
brightness,1,factor,0.8,multiplicative Pillow brightness factor,sues200_uav_250m_to_satellite,r_at_5,0.849,0.861,-0.01200000000000001,-1.200000000000001,-0.014134275618374572,-1.4134275618374572
brightness,1,factor,0.8,multiplicative Pillow brightness factor,sues200_uav_250m_to_satellite,r_at_10,0.9265,0.9345,-0.008000000000000007,-0.8000000000000007,-0.008634646519158129,-0.863464651915813
brightness,1,factor,0.8,multiplicative Pillow brightness factor,sues200_uav_250m_to_satellite,r_at_20,0.968,0.97275,-0.004750000000000032,-0.4750000000000032,-0.004907024793388463,-0.4907024793388463
brightness,1,factor,0.8,multiplicative Pillow brightness factor,sues200_uav_250m_to_satellite,official_trapezoid_mAP,0.5596025586128235,0.5740112066268921,-0.014408648014068604,-1.4408648014068604,-0.02574800238545304,-2.574800238545304
brightness,1,factor,0.8,multiplicative Pillow brightness factor,sues200_uav_250m_to_satellite,MRR,0.6382049322128296,0.6527724862098694,-0.014567553997039795,-1.4567553997039795,-0.022825824843644087,-2.2825824843644087
brightness,1,factor,0.8,multiplicative Pillow brightness factor,sues200_satellite_to_uav_250m,r_at_1,0.6875,0.675,0.012499999999999956,1.2499999999999956,0.01818181818181812,1.8181818181818117
brightness,1,factor,0.8,multiplicative Pillow brightness factor,sues200_satellite_to_uav_250m,r_at_5,0.7625,0.7625,0.0,0.0,0.0,0.0
brightness,1,factor,0.8,multiplicative Pillow brightness factor,sues200_satellite_to_uav_250m,r_at_10,0.825,0.8,0.02499999999999991,2.499999999999991,0.030303030303030196,3.0303030303030196
brightness,1,factor,0.8,multiplicative Pillow brightness factor,sues200_satellite_to_uav_250m,r_at_20,0.8875,0.8625,0.02499999999999991,2.499999999999991,0.028169014084506942,2.8169014084506943
brightness,1,factor,0.8,multiplicative Pillow brightness factor,sues200_satellite_to_uav_250m,official_trapezoid_mAP,0.5284179449081421,0.5059818029403687,0.022436141967773438,2.2436141967773438,0.042459084109404424,4.245908410940443
brightness,1,factor,0.8,multiplicative Pillow brightness factor,sues200_satellite_to_uav_250m,MRR,0.7299930453300476,0.7198067903518677,0.010186254978179932,1.0186254978179932,0.01395390688081758,1.3953906880817581
brightness,1,factor,0.8,multiplicative Pillow brightness factor,sues200_uav_300m_to_satellite,r_at_1,0.49675,0.515,-0.01824999999999999,-1.8249999999999988,-0.03673880221439353,-3.673880221439353
brightness,1,factor,0.8,multiplicative Pillow brightness factor,sues200_uav_300m_to_satellite,r_at_5,0.86475,0.87275,-0.008000000000000007,-0.8000000000000007,-0.009251228678808912,-0.9251228678808913
brightness,1,factor,0.8,multiplicative Pillow brightness factor,sues200_uav_300m_to_satellite,r_at_10,0.93225,0.93875,-0.00649999999999995,-0.649999999999995,-0.006972378653794529,-0.697237865379453
brightness,1,factor,0.8,multiplicative Pillow brightness factor,sues200_uav_300m_to_satellite,r_at_20,0.966,0.9695,-0.0035000000000000586,-0.35000000000000586,-0.003623188405797162,-0.36231884057971625
brightness,1,factor,0.8,multiplicative Pillow brightness factor,sues200_uav_300m_to_satellite,official_trapezoid_mAP,0.576092541217804,0.5933048725128174,-0.017212331295013428,-1.7212331295013428,-0.029877719400130096,-2.9877719400130096
brightness,1,factor,0.8,multiplicative Pillow brightness factor,sues200_uav_300m_to_satellite,MRR,0.6554350852966309,0.6716097593307495,-0.016174674034118652,-1.6174674034118652,-0.0246777665660032,-2.46777665660032
brightness,1,factor,0.8,multiplicative Pillow brightness factor,sues200_satellite_to_uav_300m,r_at_1,0.7,0.7,0.0,0.0,0.0,0.0
brightness,1,factor,0.8,multiplicative Pillow brightness factor,sues200_satellite_to_uav_300m,r_at_5,0.8125,0.8125,0.0,0.0,0.0,0.0
brightness,1,factor,0.8,multiplicative Pillow brightness factor,sues200_satellite_to_uav_300m,r_at_10,0.85,0.8375,0.012499999999999956,1.2499999999999956,0.014705882352941124,1.4705882352941124
brightness,1,factor,0.8,multiplicative Pillow brightness factor,sues200_satellite_to_uav_300m,r_at_20,0.8875,0.85,0.03749999999999998,3.749999999999998,0.04225352112676054,4.225352112676054
brightness,1,factor,0.8,multiplicative Pillow brightness factor,sues200_satellite_to_uav_300m,official_trapezoid_mAP,0.5484455823898315,0.5310918092727661,0.01735377311706543,1.735377311706543,0.031641741084770886,3.1641741084770887
brightness,1,factor,0.8,multiplicative Pillow brightness factor,sues200_satellite_to_uav_300m,MRR,0.7563574910163879,0.7526995539665222,0.0036579370498657227,0.36579370498657227,0.004836254143460934,0.48362541434609346
brightness,2,factor,0.65,multiplicative Pillow brightness factor,sues200_uav_150m_to_satellite,r_at_1,0.34075,0.36425,-0.02350000000000002,-2.3500000000000023,-0.06896551724137938,-6.896551724137938
brightness,2,factor,0.65,multiplicative Pillow brightness factor,sues200_uav_150m_to_satellite,r_at_5,0.7235,0.74825,-0.02474999999999994,-2.474999999999994,-0.034208707671043455,-3.4208707671043452
brightness,2,factor,0.65,multiplicative Pillow brightness factor,sues200_uav_150m_to_satellite,r_at_10,0.855,0.86,-0.0050000000000000044,-0.5000000000000004,-0.005847953216374275,-0.5847953216374274
brightness,2,factor,0.65,multiplicative Pillow brightness factor,sues200_uav_150m_to_satellite,r_at_20,0.94175,0.939,0.00275000000000003,0.275000000000003,0.002920095566764035,0.29200955667640355
brightness,2,factor,0.65,multiplicative Pillow brightness factor,sues200_uav_150m_to_satellite,official_trapezoid_mAP,0.4256778061389923,0.44870033860206604,-0.02302253246307373,-2.302253246307373,-0.05408440875011561,-5.408440875011561
brightness,2,factor,0.65,multiplicative Pillow brightness factor,sues200_uav_150m_to_satellite,MRR,0.5106055736541748,0.5331507325172424,-0.022545158863067627,-2.2545158863067627,-0.04415376569770292,-4.4153765697702925
brightness,2,factor,0.65,multiplicative Pillow brightness factor,sues200_satellite_to_uav_150m,r_at_1,0.5375,0.475,0.0625,6.25,0.11627906976744186,11.627906976744187
brightness,2,factor,0.65,multiplicative Pillow brightness factor,sues200_satellite_to_uav_150m,r_at_5,0.6875,0.5875,0.09999999999999998,9.999999999999998,0.14545454545454542,14.545454545454543
brightness,2,factor,0.65,multiplicative Pillow brightness factor,sues200_satellite_to_uav_150m,r_at_10,0.775,0.65,0.125,12.5,0.16129032258064516,16.129032258064516
brightness,2,factor,0.65,multiplicative Pillow brightness factor,sues200_satellite_to_uav_150m,r_at_20,0.7875,0.6875,0.09999999999999998,9.999999999999998,0.12698412698412695,12.698412698412696
brightness,2,factor,0.65,multiplicative Pillow brightness factor,sues200_satellite_to_uav_150m,official_trapezoid_mAP,0.39359670877456665,0.34492263197898865,0.048674076795578,4.8674076795578,0.12366484706419682,12.366484706419683
brightness,2,factor,0.65,multiplicative Pillow brightness factor,sues200_satellite_to_uav_150m,MRR,0.603905200958252,0.5308769345283508,0.07302826642990112,7.302826642990112,0.12092670557236943,12.092670557236943
brightness,2,factor,0.65,multiplicative Pillow brightness factor,sues200_uav_200m_to_satellite,r_at_1,0.4145,0.43275,-0.018250000000000044,-1.8250000000000044,-0.044028950542822784,-4.402895054282278
brightness,2,factor,0.65,multiplicative Pillow brightness factor,sues200_uav_200m_to_satellite,r_at_5,0.817,0.8465,-0.02950000000000008,-2.950000000000008,-0.036107711138310995,-3.6107711138310994
brightness,2,factor,0.65,multiplicative Pillow brightness factor,sues200_uav_200m_to_satellite,r_at_10,0.91175,0.922,-0.010250000000000092,-1.0250000000000092,-0.01124211680833572,-1.124211680833572
brightness,2,factor,0.65,multiplicative Pillow brightness factor,sues200_uav_200m_to_satellite,r_at_20,0.96625,0.96475,0.0015000000000000568,0.15000000000000568,0.0015523932729625425,0.15523932729625425
brightness,2,factor,0.65,multiplicative Pillow brightness factor,sues200_uav_200m_to_satellite,official_trapezoid_mAP,0.501873791217804,0.5206023454666138,-0.018728554248809814,-1.8728554248809814,-0.037317258993271415,-3.731725899327141
brightness,2,factor,0.65,multiplicative Pillow brightness factor,sues200_uav_200m_to_satellite,MRR,0.5892475843429565,0.608454704284668,-0.019207119941711426,-1.9207119941711426,-0.032596009643600696,-3.2596009643600694
brightness,2,factor,0.65,multiplicative Pillow brightness factor,sues200_satellite_to_uav_200m,r_at_1,0.6125,0.55,0.0625,6.25,0.1020408163265306,10.204081632653061
brightness,2,factor,0.65,multiplicative Pillow brightness factor,sues200_satellite_to_uav_200m,r_at_5,0.7375,0.675,0.0625,6.25,0.0847457627118644,8.47457627118644
brightness,2,factor,0.65,multiplicative Pillow brightness factor,sues200_satellite_to_uav_200m,r_at_10,0.775,0.6875,0.08750000000000002,8.750000000000002,0.11290322580645164,11.290322580645164
brightness,2,factor,0.65,multiplicative Pillow brightness factor,sues200_satellite_to_uav_200m,r_at_20,0.85,0.75,0.09999999999999998,9.999999999999998,0.11764705882352938,11.76470588235294
brightness,2,factor,0.65,multiplicative Pillow brightness factor,sues200_satellite_to_uav_200m,official_trapezoid_mAP,0.48770156502723694,0.42681455612182617,0.06088700890541077,6.088700890541077,0.12484480934977188,12.484480934977187
brightness,2,factor,0.65,multiplicative Pillow brightness factor,sues200_satellite_to_uav_200m,MRR,0.6723024249076843,0.6063703298568726,0.06593209505081177,6.593209505081177,0.09806910195194533,9.806910195194533
brightness,2,factor,0.65,multiplicative Pillow brightness factor,sues200_uav_250m_to_satellite,r_at_1,0.481,0.50125,-0.02024999999999999,-2.024999999999999,-0.04209979209979208,-4.209979209979208
brightness,2,factor,0.65,multiplicative Pillow brightness factor,sues200_uav_250m_to_satellite,r_at_5,0.849,0.866,-0.017000000000000015,-1.7000000000000015,-0.02002355712603064,-2.002355712603064
brightness,2,factor,0.65,multiplicative Pillow brightness factor,sues200_uav_250m_to_satellite,r_at_10,0.9265,0.93325,-0.006750000000000034,-0.6750000000000034,-0.007285483000539702,-0.7285483000539702
brightness,2,factor,0.65,multiplicative Pillow brightness factor,sues200_uav_250m_to_satellite,r_at_20,0.968,0.97325,-0.005249999999999977,-0.5249999999999977,-0.005423553719008241,-0.5423553719008241
brightness,2,factor,0.65,multiplicative Pillow brightness factor,sues200_uav_250m_to_satellite,official_trapezoid_mAP,0.5596025586128235,0.5794767737388611,-0.019874215126037598,-1.9874215126037598,-0.03551487537030388,-3.551487537030388
brightness,2,factor,0.65,multiplicative Pillow brightness factor,sues200_uav_250m_to_satellite,MRR,0.6382049322128296,0.6577034592628479,-0.01949852705001831,-1.949852705001831,-0.030552140959505952,-3.0552140959505953
brightness,2,factor,0.65,multiplicative Pillow brightness factor,sues200_satellite_to_uav_250m,r_at_1,0.6875,0.65,0.03749999999999998,3.749999999999998,0.054545454545454515,5.4545454545454515
brightness,2,factor,0.65,multiplicative Pillow brightness factor,sues200_satellite_to_uav_250m,r_at_5,0.7625,0.725,0.03749999999999998,3.749999999999998,0.04918032786885243,4.918032786885243
brightness,2,factor,0.65,multiplicative Pillow brightness factor,sues200_satellite_to_uav_250m,r_at_10,0.825,0.775,0.04999999999999993,4.999999999999993,0.06060606060606053,6.060606060606053
brightness,2,factor,0.65,multiplicative Pillow brightness factor,sues200_satellite_to_uav_250m,r_at_20,0.8875,0.8125,0.07499999999999996,7.499999999999996,0.08450704225352108,8.450704225352109
brightness,2,factor,0.65,multiplicative Pillow brightness factor,sues200_satellite_to_uav_250m,official_trapezoid_mAP,0.5284179449081421,0.4583438038825989,0.07007414102554321,7.007414102554321,0.13261120614994368,13.261120614994368
brightness,2,factor,0.65,multiplicative Pillow brightness factor,sues200_satellite_to_uav_250m,MRR,0.7299930453300476,0.6938421130180359,0.03615093231201172,3.615093231201172,0.049522296881153165,4.952229688115317
brightness,2,factor,0.65,multiplicative Pillow brightness factor,sues200_uav_300m_to_satellite,r_at_1,0.49675,0.52725,-0.03049999999999997,-3.049999999999997,-0.06139909411172616,-6.139909411172616
brightness,2,factor,0.65,multiplicative Pillow brightness factor,sues200_uav_300m_to_satellite,r_at_5,0.86475,0.88025,-0.015499999999999958,-1.5499999999999958,-0.017924255565192202,-1.7924255565192204
brightness,2,factor,0.65,multiplicative Pillow brightness factor,sues200_uav_300m_to_satellite,r_at_10,0.93225,0.9395,-0.007249999999999979,-0.7249999999999979,-0.0077768838830785504,-0.777688388307855
brightness,2,factor,0.65,multiplicative Pillow brightness factor,sues200_uav_300m_to_satellite,r_at_20,0.966,0.971,-0.0050000000000000044,-0.5000000000000004,-0.005175983436853007,-0.5175983436853007
brightness,2,factor,0.65,multiplicative Pillow brightness factor,sues200_uav_300m_to_satellite,official_trapezoid_mAP,0.576092541217804,0.6042496562004089,-0.02815711498260498,-2.815711498260498,-0.04887602766576974,-4.887602766576974
brightness,2,factor,0.65,multiplicative Pillow brightness factor,sues200_uav_300m_to_satellite,MRR,0.6554350852966309,0.6812492609024048,-0.025814175605773926,-2.5814175605773926,-0.03938479368111822,-3.9384793681118215
brightness,2,factor,0.65,multiplicative Pillow brightness factor,sues200_satellite_to_uav_300m,r_at_1,0.7,0.675,0.02499999999999991,2.499999999999991,0.03571428571428559,3.571428571428559
brightness,2,factor,0.65,multiplicative Pillow brightness factor,sues200_satellite_to_uav_300m,r_at_5,0.8125,0.75,0.0625,6.25,0.07692307692307693,7.6923076923076925
brightness,2,factor,0.65,multiplicative Pillow brightness factor,sues200_satellite_to_uav_300m,r_at_10,0.85,0.775,0.07499999999999996,7.499999999999996,0.08823529411764701,8.823529411764701
brightness,2,factor,0.65,multiplicative Pillow brightness factor,sues200_satellite_to_uav_300m,r_at_20,0.8875,0.825,0.0625,6.25,0.07042253521126761,7.042253521126761
brightness,2,factor,0.65,multiplicative Pillow brightness factor,sues200_satellite_to_uav_300m,official_trapezoid_mAP,0.5484455823898315,0.4890127182006836,0.05943286418914795,5.943286418914795,0.1083660186124053,10.83660186124053
brightness,2,factor,0.65,multiplicative Pillow brightness factor,sues200_satellite_to_uav_300m,MRR,0.7563574910163879,0.721768856048584,0.034588634967803955,3.4588634967803955,0.045730537977913044,4.573053797791305
brightness,3,factor,0.5,multiplicative Pillow brightness factor,sues200_uav_150m_to_satellite,r_at_1,0.34075,0.36925,-0.028500000000000025,-2.8500000000000023,-0.08363903154805584,-8.363903154805582
brightness,3,factor,0.5,multiplicative Pillow brightness factor,sues200_uav_150m_to_satellite,r_at_5,0.7235,0.75075,-0.027249999999999996,-2.7249999999999996,-0.03766413268832065,-3.7664132688320655
brightness,3,factor,0.5,multiplicative Pillow brightness factor,sues200_uav_150m_to_satellite,r_at_10,0.855,0.86,-0.0050000000000000044,-0.5000000000000004,-0.005847953216374275,-0.5847953216374274
brightness,3,factor,0.5,multiplicative Pillow brightness factor,sues200_uav_150m_to_satellite,r_at_20,0.94175,0.94,0.0017500000000000293,0.17500000000000293,0.001858242633395306,0.1858242633395306
brightness,3,factor,0.5,multiplicative Pillow brightness factor,sues200_uav_150m_to_satellite,official_trapezoid_mAP,0.4256778061389923,0.45358574390411377,-0.02790793776512146,-2.790793776512146,-0.06556117646408129,-6.556117646408129
brightness,3,factor,0.5,multiplicative Pillow brightness factor,sues200_uav_150m_to_satellite,MRR,0.5106055736541748,0.5379214882850647,-0.027315914630889893,-2.7315914630889893,-0.053497094509568625,-5.349709450956863
brightness,3,factor,0.5,multiplicative Pillow brightness factor,sues200_satellite_to_uav_150m,r_at_1,0.5375,0.3875,0.14999999999999997,14.999999999999996,0.2790697674418604,27.906976744186043
brightness,3,factor,0.5,multiplicative Pillow brightness factor,sues200_satellite_to_uav_150m,r_at_5,0.6875,0.5125,0.17500000000000004,17.500000000000004,0.25454545454545463,25.45454545454546
brightness,3,factor,0.5,multiplicative Pillow brightness factor,sues200_satellite_to_uav_150m,r_at_10,0.775,0.5875,0.1875,18.75,0.24193548387096772,24.193548387096772
brightness,3,factor,0.5,multiplicative Pillow brightness factor,sues200_satellite_to_uav_150m,r_at_20,0.7875,0.6,0.1875,18.75,0.2380952380952381,23.80952380952381
brightness,3,factor,0.5,multiplicative Pillow brightness factor,sues200_satellite_to_uav_150m,official_trapezoid_mAP,0.39359670877456665,0.28603795170783997,0.10755875706672668,10.755875706672668,0.27327148492070136,27.327148492070137
brightness,3,factor,0.5,multiplicative Pillow brightness factor,sues200_satellite_to_uav_150m,MRR,0.603905200958252,0.4518590569496155,0.15204614400863647,15.204614400863647,0.2517715425655813,25.177154256558133
brightness,3,factor,0.5,multiplicative Pillow brightness factor,sues200_uav_200m_to_satellite,r_at_1,0.4145,0.44975,-0.035250000000000004,-3.5250000000000004,-0.08504221954161642,-8.504221954161642
brightness,3,factor,0.5,multiplicative Pillow brightness factor,sues200_uav_200m_to_satellite,r_at_5,0.817,0.84,-0.02300000000000002,-2.300000000000002,-0.02815177478580174,-2.815177478580174
brightness,3,factor,0.5,multiplicative Pillow brightness factor,sues200_uav_200m_to_satellite,r_at_10,0.91175,0.92175,-0.010000000000000009,-1.0000000000000009,-0.010967918837400614,-1.0967918837400614
brightness,3,factor,0.5,multiplicative Pillow brightness factor,sues200_uav_200m_to_satellite,r_at_20,0.96625,0.9585,0.007750000000000035,0.7750000000000035,0.008020698576972869,0.8020698576972869
brightness,3,factor,0.5,multiplicative Pillow brightness factor,sues200_uav_200m_to_satellite,official_trapezoid_mAP,0.501873791217804,0.5337292551994324,-0.03185546398162842,-3.185546398162842,-0.06347305744803027,-6.347305744803027
brightness,3,factor,0.5,multiplicative Pillow brightness factor,sues200_uav_200m_to_satellite,MRR,0.5892475843429565,0.6177085041999817,-0.028460919857025146,-2.8460919857025146,-0.04830044384273656,-4.830044384273656
brightness,3,factor,0.5,multiplicative Pillow brightness factor,sues200_satellite_to_uav_200m,r_at_1,0.6125,0.4375,0.17500000000000004,17.500000000000004,0.28571428571428575,28.571428571428577
brightness,3,factor,0.5,multiplicative Pillow brightness factor,sues200_satellite_to_uav_200m,r_at_5,0.7375,0.5625,0.17500000000000004,17.500000000000004,0.23728813559322037,23.728813559322038
brightness,3,factor,0.5,multiplicative Pillow brightness factor,sues200_satellite_to_uav_200m,r_at_10,0.775,0.6125,0.16249999999999998,16.249999999999996,0.20967741935483866,20.967741935483865
brightness,3,factor,0.5,multiplicative Pillow brightness factor,sues200_satellite_to_uav_200m,r_at_20,0.85,0.6625,0.1875,18.75,0.22058823529411764,22.058823529411764
brightness,3,factor,0.5,multiplicative Pillow brightness factor,sues200_satellite_to_uav_200m,official_trapezoid_mAP,0.48770156502723694,0.34644967317581177,0.14125189185142517,14.125189185142517,0.28962771904071416,28.962771904071417
brightness,3,factor,0.5,multiplicative Pillow brightness factor,sues200_satellite_to_uav_200m,MRR,0.6723024249076843,0.501446545124054,0.17085587978363037,17.085587978363037,0.2541354507342303,25.41354507342303
brightness,3,factor,0.5,multiplicative Pillow brightness factor,sues200_uav_250m_to_satellite,r_at_1,0.481,0.50175,-0.020750000000000046,-2.0750000000000046,-0.04313929313929324,-4.313929313929323
brightness,3,factor,0.5,multiplicative Pillow brightness factor,sues200_uav_250m_to_satellite,r_at_5,0.849,0.85975,-0.010750000000000037,-1.0750000000000037,-0.012661955241460587,-1.2661955241460585
brightness,3,factor,0.5,multiplicative Pillow brightness factor,sues200_uav_250m_to_satellite,r_at_10,0.9265,0.9255,0.0010000000000000009,0.10000000000000009,0.0010793308148947661,0.10793308148947663
brightness,3,factor,0.5,multiplicative Pillow brightness factor,sues200_uav_250m_to_satellite,r_at_20,0.968,0.96825,-0.0002500000000000835,-0.02500000000000835,-0.0002582644628100036,-0.02582644628100036
brightness,3,factor,0.5,multiplicative Pillow brightness factor,sues200_uav_250m_to_satellite,official_trapezoid_mAP,0.5596025586128235,0.5799744129180908,-0.020371854305267334,-2.0371854305267334,-0.036404147893401906,-3.6404147893401904
brightness,3,factor,0.5,multiplicative Pillow brightness factor,sues200_uav_250m_to_satellite,MRR,0.6382049322128296,0.6581988334655762,-0.019993901252746582,-1.9993901252746582,-0.03132834022987303,-3.1328340229873035
brightness,3,factor,0.5,multiplicative Pillow brightness factor,sues200_satellite_to_uav_250m,r_at_1,0.6875,0.4375,0.25,25.0,0.36363636363636365,36.36363636363637
brightness,3,factor,0.5,multiplicative Pillow brightness factor,sues200_satellite_to_uav_250m,r_at_5,0.7625,0.5875,0.17499999999999993,17.499999999999993,0.2295081967213114,22.95081967213114
brightness,3,factor,0.5,multiplicative Pillow brightness factor,sues200_satellite_to_uav_250m,r_at_10,0.825,0.6625,0.16249999999999998,16.249999999999996,0.19696969696969696,19.696969696969695
brightness,3,factor,0.5,multiplicative Pillow brightness factor,sues200_satellite_to_uav_250m,r_at_20,0.8875,0.725,0.16249999999999998,16.249999999999996,0.18309859154929575,18.309859154929573
brightness,3,factor,0.5,multiplicative Pillow brightness factor,sues200_satellite_to_uav_250m,official_trapezoid_mAP,0.5284179449081421,0.37394946813583374,0.15446847677230835,15.446847677230835,0.29232254176977374,29.23225417697737
brightness,3,factor,0.5,multiplicative Pillow brightness factor,sues200_satellite_to_uav_250m,MRR,0.7299930453300476,0.5217286348342896,0.20826441049575806,20.826441049575806,0.28529643101133473,28.52964310113347
brightness,3,factor,0.5,multiplicative Pillow brightness factor,sues200_uav_300m_to_satellite,r_at_1,0.49675,0.53,-0.03325,-3.325,-0.0669350780070458,-6.693507800704579
brightness,3,factor,0.5,multiplicative Pillow brightness factor,sues200_uav_300m_to_satellite,r_at_5,0.86475,0.884,-0.01924999999999999,-1.924999999999999,-0.022260769008383915,-2.2260769008383914
brightness,3,factor,0.5,multiplicative Pillow brightness factor,sues200_uav_300m_to_satellite,r_at_10,0.93225,0.9325,-0.00024999999999997247,-0.024999999999997247,-0.00026816840976130057,-0.026816840976130057
brightness,3,factor,0.5,multiplicative Pillow brightness factor,sues200_uav_300m_to_satellite,r_at_20,0.966,0.972,-0.006000000000000005,-0.6000000000000005,-0.006211180124223608,-0.6211180124223609
brightness,3,factor,0.5,multiplicative Pillow brightness factor,sues200_uav_300m_to_satellite,official_trapezoid_mAP,0.576092541217804,0.6058571338653564,-0.02976459264755249,-2.976459264755249,-0.051666339204171984,-5.1666339204171985
brightness,3,factor,0.5,multiplicative Pillow brightness factor,sues200_uav_300m_to_satellite,MRR,0.6554350852966309,0.6817142963409424,-0.026279211044311523,-2.6279211044311523,-0.040094300158524956,-4.009430015852495
brightness,3,factor,0.5,multiplicative Pillow brightness factor,sues200_satellite_to_uav_300m,r_at_1,0.7,0.475,0.22499999999999998,22.499999999999996,0.3214285714285714,32.14285714285714
brightness,3,factor,0.5,multiplicative Pillow brightness factor,sues200_satellite_to_uav_300m,r_at_5,0.8125,0.6375,0.17500000000000004,17.500000000000004,0.21538461538461545,21.538461538461544
brightness,3,factor,0.5,multiplicative Pillow brightness factor,sues200_satellite_to_uav_300m,r_at_10,0.85,0.675,0.17499999999999993,17.499999999999993,0.2058823529411764,20.588235294117638
brightness,3,factor,0.5,multiplicative Pillow brightness factor,sues200_satellite_to_uav_300m,r_at_20,0.8875,0.75,0.13749999999999996,13.749999999999996,0.1549295774647887,15.49295774647887
brightness,3,factor,0.5,multiplicative Pillow brightness factor,sues200_satellite_to_uav_300m,official_trapezoid_mAP,0.5484455823898315,0.3986228108406067,0.14982277154922485,14.982277154922485,0.27317709606918084,27.317709606918086
brightness,3,factor,0.5,multiplicative Pillow brightness factor,sues200_satellite_to_uav_300m,MRR,0.7563574910163879,0.5477410554885864,0.2086164355278015,20.86164355278015,0.27581723987087664,27.581723987087667
brightness,4,factor,0.35,multiplicative Pillow brightness factor,sues200_uav_150m_to_satellite,r_at_1,0.34075,0.337,0.0037499999999999756,0.37499999999999756,0.011005135730007266,1.1005135730007265
brightness,4,factor,0.35,multiplicative Pillow brightness factor,sues200_uav_150m_to_satellite,r_at_5,0.7235,0.70975,0.01375000000000004,1.375000000000004,0.019004837595024242,1.9004837595024242
brightness,4,factor,0.35,multiplicative Pillow brightness factor,sues200_uav_150m_to_satellite,r_at_10,0.855,0.836,0.019000000000000017,1.9000000000000017,0.022222222222222244,2.222222222222224
brightness,4,factor,0.35,multiplicative Pillow brightness factor,sues200_uav_150m_to_satellite,r_at_20,0.94175,0.92475,0.017000000000000015,1.7000000000000015,0.0180514998672684,1.80514998672684
brightness,4,factor,0.35,multiplicative Pillow brightness factor,sues200_uav_150m_to_satellite,official_trapezoid_mAP,0.4256778061389923,0.42083027958869934,0.004847526550292969,0.4847526550292969,0.011387783155202023,1.1387783155202023
brightness,4,factor,0.35,multiplicative Pillow brightness factor,sues200_uav_150m_to_satellite,MRR,0.5106055736541748,0.5046605467796326,0.005945026874542236,0.5945026874542236,0.011643090442582419,1.164309044258242
brightness,4,factor,0.35,multiplicative Pillow brightness factor,sues200_satellite_to_uav_150m,r_at_1,0.5375,0.2375,0.3,30.0,0.5581395348837209,55.81395348837209
brightness,4,factor,0.35,multiplicative Pillow brightness factor,sues200_satellite_to_uav_150m,r_at_5,0.6875,0.3375,0.35,35.0,0.509090909090909,50.90909090909091
brightness,4,factor,0.35,multiplicative Pillow brightness factor,sues200_satellite_to_uav_150m,r_at_10,0.775,0.4,0.375,37.5,0.48387096774193544,48.387096774193544
brightness,4,factor,0.35,multiplicative Pillow brightness factor,sues200_satellite_to_uav_150m,r_at_20,0.7875,0.5,0.2875,28.749999999999996,0.36507936507936506,36.507936507936506
brightness,4,factor,0.35,multiplicative Pillow brightness factor,sues200_satellite_to_uav_150m,official_trapezoid_mAP,0.39359670877456665,0.1874377727508545,0.20615893602371216,20.615893602371216,0.5237821644026758,52.37821644026757
brightness,4,factor,0.35,multiplicative Pillow brightness factor,sues200_satellite_to_uav_150m,MRR,0.603905200958252,0.29967641830444336,0.3042287826538086,30.42287826538086,0.5037691051030375,50.376910510303745
brightness,4,factor,0.35,multiplicative Pillow brightness factor,sues200_uav_200m_to_satellite,r_at_1,0.4145,0.41275,0.0017499999999999738,0.17499999999999738,0.0042219541616404675,0.42219541616404677
brightness,4,factor,0.35,multiplicative Pillow brightness factor,sues200_uav_200m_to_satellite,r_at_5,0.817,0.8,0.016999999999999904,1.6999999999999904,0.020807833537331587,2.0807833537331586
brightness,4,factor,0.35,multiplicative Pillow brightness factor,sues200_uav_200m_to_satellite,r_at_10,0.91175,0.89675,0.014999999999999902,1.4999999999999902,0.0164518782561008,1.6451878256100798
brightness,4,factor,0.35,multiplicative Pillow brightness factor,sues200_uav_200m_to_satellite,r_at_20,0.96625,0.952,0.014250000000000096,1.4250000000000096,0.014747736093143695,1.4747736093143695
brightness,4,factor,0.35,multiplicative Pillow brightness factor,sues200_uav_200m_to_satellite,official_trapezoid_mAP,0.501873791217804,0.4968281388282776,0.005045652389526367,0.5045652389526367,0.010053627979422913,1.0053627979422912
brightness,4,factor,0.35,multiplicative Pillow brightness factor,sues200_uav_200m_to_satellite,MRR,0.5892475843429565,0.5809062719345093,0.008341312408447266,0.8341312408447266,0.014155870350742783,1.4155870350742783
brightness,4,factor,0.35,multiplicative Pillow brightness factor,sues200_satellite_to_uav_200m,r_at_1,0.6125,0.3125,0.30000000000000004,30.000000000000004,0.489795918367347,48.9795918367347
brightness,4,factor,0.35,multiplicative Pillow brightness factor,sues200_satellite_to_uav_200m,r_at_5,0.7375,0.4125,0.32500000000000007,32.50000000000001,0.44067796610169496,44.0677966101695
brightness,4,factor,0.35,multiplicative Pillow brightness factor,sues200_satellite_to_uav_200m,r_at_10,0.775,0.45,0.325,32.5,0.41935483870967744,41.935483870967744
brightness,4,factor,0.35,multiplicative Pillow brightness factor,sues200_satellite_to_uav_200m,r_at_20,0.85,0.475,0.375,37.5,0.4411764705882353,44.11764705882353
brightness,4,factor,0.35,multiplicative Pillow brightness factor,sues200_satellite_to_uav_200m,official_trapezoid_mAP,0.48770156502723694,0.2285163402557373,0.25918522477149963,25.918522477149963,0.5314422658394069,53.144226583940686
brightness,4,factor,0.35,multiplicative Pillow brightness factor,sues200_satellite_to_uav_200m,MRR,0.6723024249076843,0.3667837977409363,0.30551862716674805,30.551862716674805,0.4544363010570721,45.44363010570721
brightness,4,factor,0.35,multiplicative Pillow brightness factor,sues200_uav_250m_to_satellite,r_at_1,0.481,0.46075,0.02024999999999999,2.024999999999999,0.04209979209979208,4.209979209979208
brightness,4,factor,0.35,multiplicative Pillow brightness factor,sues200_uav_250m_to_satellite,r_at_5,0.849,0.82225,0.02674999999999994,2.674999999999994,0.031507656065959885,3.1507656065959884
brightness,4,factor,0.35,multiplicative Pillow brightness factor,sues200_uav_250m_to_satellite,r_at_10,0.9265,0.91025,0.016249999999999987,1.6249999999999987,0.01753912574203992,1.753912574203992
brightness,4,factor,0.35,multiplicative Pillow brightness factor,sues200_uav_250m_to_satellite,r_at_20,0.968,0.96,0.008000000000000007,0.8000000000000007,0.008264462809917363,0.8264462809917363
brightness,4,factor,0.35,multiplicative Pillow brightness factor,sues200_uav_250m_to_satellite,official_trapezoid_mAP,0.5596025586128235,0.541115403175354,0.018487155437469482,1.8487155437469482,0.03303622392881218,3.3036223928812185
brightness,4,factor,0.35,multiplicative Pillow brightness factor,sues200_uav_250m_to_satellite,MRR,0.6382049322128296,0.6214808225631714,0.016724109649658203,1.6724109649658203,0.0262049207167221,2.6204920716722104
brightness,4,factor,0.35,multiplicative Pillow brightness factor,sues200_satellite_to_uav_250m,r_at_1,0.6875,0.3125,0.375,37.5,0.5454545454545454,54.54545454545455
brightness,4,factor,0.35,multiplicative Pillow brightness factor,sues200_satellite_to_uav_250m,r_at_5,0.7625,0.375,0.38749999999999996,38.74999999999999,0.5081967213114754,50.819672131147534
brightness,4,factor,0.35,multiplicative Pillow brightness factor,sues200_satellite_to_uav_250m,r_at_10,0.825,0.4375,0.38749999999999996,38.74999999999999,0.46969696969696967,46.96969696969696
brightness,4,factor,0.35,multiplicative Pillow brightness factor,sues200_satellite_to_uav_250m,r_at_20,0.8875,0.4625,0.42499999999999993,42.49999999999999,0.4788732394366197,47.88732394366197
brightness,4,factor,0.35,multiplicative Pillow brightness factor,sues200_satellite_to_uav_250m,official_trapezoid_mAP,0.5284179449081421,0.2521821856498718,0.27623575925827026,27.623575925827026,0.5227599893608645,52.27599893608645
brightness,4,factor,0.35,multiplicative Pillow brightness factor,sues200_satellite_to_uav_250m,MRR,0.7299930453300476,0.35166770219802856,0.37832534313201904,37.832534313201904,0.518258832124858,51.825883212485806
brightness,4,factor,0.35,multiplicative Pillow brightness factor,sues200_uav_300m_to_satellite,r_at_1,0.49675,0.4755,0.021250000000000047,2.1250000000000044,0.042778057372924096,4.277805737292409
brightness,4,factor,0.35,multiplicative Pillow brightness factor,sues200_uav_300m_to_satellite,r_at_5,0.86475,0.84975,0.015000000000000013,1.5000000000000013,0.017346053772766712,1.734605377276671
brightness,4,factor,0.35,multiplicative Pillow brightness factor,sues200_uav_300m_to_satellite,r_at_10,0.93225,0.921,0.011249999999999982,1.1249999999999982,0.012067578439259836,1.2067578439259836
brightness,4,factor,0.35,multiplicative Pillow brightness factor,sues200_uav_300m_to_satellite,r_at_20,0.966,0.964,0.0020000000000000018,0.20000000000000018,0.0020703933747412027,0.20703933747412026
brightness,4,factor,0.35,multiplicative Pillow brightness factor,sues200_uav_300m_to_satellite,official_trapezoid_mAP,0.576092541217804,0.5560441017150879,0.020048439502716064,2.0048439502716064,0.03480072743232468,3.480072743232468
brightness,4,factor,0.35,multiplicative Pillow brightness factor,sues200_uav_300m_to_satellite,MRR,0.6554350852966309,0.6365882754325867,0.01884680986404419,1.884680986404419,0.028754655170030563,2.875465517003056
brightness,4,factor,0.35,multiplicative Pillow brightness factor,sues200_satellite_to_uav_300m,r_at_1,0.7,0.325,0.37499999999999994,37.49999999999999,0.5357142857142857,53.57142857142856
brightness,4,factor,0.35,multiplicative Pillow brightness factor,sues200_satellite_to_uav_300m,r_at_5,0.8125,0.425,0.3875,38.75,0.47692307692307695,47.69230769230769
brightness,4,factor,0.35,multiplicative Pillow brightness factor,sues200_satellite_to_uav_300m,r_at_10,0.85,0.4625,0.38749999999999996,38.74999999999999,0.4558823529411764,45.58823529411764
brightness,4,factor,0.35,multiplicative Pillow brightness factor,sues200_satellite_to_uav_300m,r_at_20,0.8875,0.475,0.4125,41.25,0.4647887323943662,46.47887323943662
brightness,4,factor,0.35,multiplicative Pillow brightness factor,sues200_satellite_to_uav_300m,official_trapezoid_mAP,0.5484455823898315,0.27124229073524475,0.2772032916545868,27.72032916545868,0.5054344506645192,50.543445066451916
brightness,4,factor,0.35,multiplicative Pillow brightness factor,sues200_satellite_to_uav_300m,MRR,0.7563574910163879,0.3774145543575287,0.37894293665885925,37.894293665885925,0.5010103570860895,50.10103570860895
brightness,5,factor,0.2,multiplicative Pillow brightness factor,sues200_uav_150m_to_satellite,r_at_1,0.34075,0.17125,0.16949999999999998,16.95,0.4974321349963316,49.74321349963316
brightness,5,factor,0.2,multiplicative Pillow brightness factor,sues200_uav_150m_to_satellite,r_at_5,0.7235,0.40675,0.31675000000000003,31.675000000000004,0.43780234968901177,43.780234968901176
brightness,5,factor,0.2,multiplicative Pillow brightness factor,sues200_uav_150m_to_satellite,r_at_10,0.855,0.54025,0.31475,31.474999999999998,0.3681286549707602,36.812865497076025
brightness,5,factor,0.2,multiplicative Pillow brightness factor,sues200_uav_150m_to_satellite,r_at_20,0.94175,0.71375,0.22799999999999998,22.799999999999997,0.24210246880807007,24.210246880807006
brightness,5,factor,0.2,multiplicative Pillow brightness factor,sues200_uav_150m_to_satellite,official_trapezoid_mAP,0.4256778061389923,0.2330533117055893,0.19262449443340302,19.2624494433403,0.45251242055712737,45.25124205571274
brightness,5,factor,0.2,multiplicative Pillow brightness factor,sues200_uav_150m_to_satellite,MRR,0.5106055736541748,0.29485663771629333,0.21574893593788147,21.574893593788147,0.42253541102942377,42.25354110294238
brightness,5,factor,0.2,multiplicative Pillow brightness factor,sues200_satellite_to_uav_150m,r_at_1,0.5375,0.0375,0.5,50.0,0.9302325581395349,93.0232558139535
brightness,5,factor,0.2,multiplicative Pillow brightness factor,sues200_satellite_to_uav_150m,r_at_5,0.6875,0.1,0.5875,58.75,0.8545454545454546,85.45454545454545
brightness,5,factor,0.2,multiplicative Pillow brightness factor,sues200_satellite_to_uav_150m,r_at_10,0.775,0.1375,0.6375,63.74999999999999,0.8225806451612903,82.25806451612902
brightness,5,factor,0.2,multiplicative Pillow brightness factor,sues200_satellite_to_uav_150m,r_at_20,0.7875,0.1625,0.625,62.5,0.7936507936507937,79.36507936507937
brightness,5,factor,0.2,multiplicative Pillow brightness factor,sues200_satellite_to_uav_150m,official_trapezoid_mAP,0.39359670877456665,0.059836674481630325,0.3337600342929363,33.37600342929363,0.847974657440792,84.7974657440792
brightness,5,factor,0.2,multiplicative Pillow brightness factor,sues200_satellite_to_uav_150m,MRR,0.603905200958252,0.07315979152917862,0.5307454094290733,53.07454094290733,0.8788555034580069,87.88555034580068
brightness,5,factor,0.2,multiplicative Pillow brightness factor,sues200_uav_200m_to_satellite,r_at_1,0.4145,0.1965,0.21799999999999997,21.799999999999997,0.525934861278649,52.59348612786489
brightness,5,factor,0.2,multiplicative Pillow brightness factor,sues200_uav_200m_to_satellite,r_at_5,0.817,0.46225,0.35474999999999995,35.474999999999994,0.43421052631578944,43.421052631578945
brightness,5,factor,0.2,multiplicative Pillow brightness factor,sues200_uav_200m_to_satellite,r_at_10,0.91175,0.61625,0.2955,29.549999999999997,0.3241020016451878,32.410200164518784
brightness,5,factor,0.2,multiplicative Pillow brightness factor,sues200_uav_200m_to_satellite,r_at_20,0.96625,0.76925,0.19700000000000006,19.700000000000006,0.20388098318240627,20.388098318240626
brightness,5,factor,0.2,multiplicative Pillow brightness factor,sues200_uav_200m_to_satellite,official_trapezoid_mAP,0.501873791217804,0.26355019211769104,0.23832359910011292,23.83235991001129,0.47486759275039503,47.4867592750395
brightness,5,factor,0.2,multiplicative Pillow brightness factor,sues200_uav_200m_to_satellite,MRR,0.5892475843429565,0.33060041069984436,0.2586471736431122,25.86471736431122,0.4389448179605488,43.894481796054876
brightness,5,factor,0.2,multiplicative Pillow brightness factor,sues200_satellite_to_uav_200m,r_at_1,0.6125,0.1125,0.5,50.0,0.8163265306122448,81.63265306122449
brightness,5,factor,0.2,multiplicative Pillow brightness factor,sues200_satellite_to_uav_200m,r_at_5,0.7375,0.1625,0.5750000000000001,57.50000000000001,0.7796610169491526,77.96610169491525
brightness,5,factor,0.2,multiplicative Pillow brightness factor,sues200_satellite_to_uav_200m,r_at_10,0.775,0.175,0.6000000000000001,60.00000000000001,0.7741935483870969,77.41935483870968
brightness,5,factor,0.2,multiplicative Pillow brightness factor,sues200_satellite_to_uav_200m,r_at_20,0.85,0.2125,0.6375,63.74999999999999,0.75,75.0
brightness,5,factor,0.2,multiplicative Pillow brightness factor,sues200_satellite_to_uav_200m,official_trapezoid_mAP,0.48770156502723694,0.08182264864444733,0.4058789163827896,40.58789163827896,0.8322280375707268,83.22280375707268
brightness,5,factor,0.2,multiplicative Pillow brightness factor,sues200_satellite_to_uav_200m,MRR,0.6723024249076843,0.14067907631397247,0.5316233485937119,53.162334859371185,0.7907503065554322,79.07503065554323
brightness,5,factor,0.2,multiplicative Pillow brightness factor,sues200_uav_250m_to_satellite,r_at_1,0.481,0.21075,0.27025,27.025,0.5618503118503119,56.185031185031185
brightness,5,factor,0.2,multiplicative Pillow brightness factor,sues200_uav_250m_to_satellite,r_at_5,0.849,0.49225,0.35674999999999996,35.675,0.42020023557126024,42.02002355712603
brightness,5,factor,0.2,multiplicative Pillow brightness factor,sues200_uav_250m_to_satellite,r_at_10,0.9265,0.62425,0.30225,30.225,0.32622773880194283,32.62277388019428
brightness,5,factor,0.2,multiplicative Pillow brightness factor,sues200_uav_250m_to_satellite,r_at_20,0.968,0.79075,0.17725000000000002,17.725,0.18310950413223143,18.310950413223143
brightness,5,factor,0.2,multiplicative Pillow brightness factor,sues200_uav_250m_to_satellite,official_trapezoid_mAP,0.5596025586128235,0.28055018186569214,0.27905237674713135,27.905237674713135,0.4986617242045197,49.86617242045197
brightness,5,factor,0.2,multiplicative Pillow brightness factor,sues200_uav_250m_to_satellite,MRR,0.6382049322128296,0.35035037994384766,0.28785455226898193,28.785455226898193,0.451037805788984,45.1037805788984
brightness,5,factor,0.2,multiplicative Pillow brightness factor,sues200_satellite_to_uav_250m,r_at_1,0.6875,0.1375,0.55,55.00000000000001,0.8,80.00000000000001
brightness,5,factor,0.2,multiplicative Pillow brightness factor,sues200_satellite_to_uav_250m,r_at_5,0.7625,0.175,0.5874999999999999,58.74999999999999,0.7704918032786885,77.04918032786885
brightness,5,factor,0.2,multiplicative Pillow brightness factor,sues200_satellite_to_uav_250m,r_at_10,0.825,0.1875,0.6375,63.74999999999999,0.7727272727272727,77.27272727272727
brightness,5,factor,0.2,multiplicative Pillow brightness factor,sues200_satellite_to_uav_250m,r_at_20,0.8875,0.1875,0.7,70.0,0.7887323943661971,78.87323943661973
brightness,5,factor,0.2,multiplicative Pillow brightness factor,sues200_satellite_to_uav_250m,official_trapezoid_mAP,0.5284179449081421,0.09023512154817581,0.4381828233599663,43.81828233599663,0.8292353194707233,82.92353194707233
brightness,5,factor,0.2,multiplicative Pillow brightness factor,sues200_satellite_to_uav_250m,MRR,0.7299930453300476,0.1572318971157074,0.5727611482143402,57.27611482143402,0.7846117875758405,78.46117875758405
brightness,5,factor,0.2,multiplicative Pillow brightness factor,sues200_uav_300m_to_satellite,r_at_1,0.49675,0.2275,0.26925,26.924999999999997,0.5420231504781077,54.202315047810764
brightness,5,factor,0.2,multiplicative Pillow brightness factor,sues200_uav_300m_to_satellite,r_at_5,0.86475,0.4935,0.37125,37.125,0.4293148308759757,42.93148308759757
brightness,5,factor,0.2,multiplicative Pillow brightness factor,sues200_uav_300m_to_satellite,r_at_10,0.93225,0.643,0.28925,28.925,0.31027085009385896,31.027085009385896
brightness,5,factor,0.2,multiplicative Pillow brightness factor,sues200_uav_300m_to_satellite,r_at_20,0.966,0.798,0.16799999999999993,16.799999999999994,0.1739130434782608,17.391304347826082
brightness,5,factor,0.2,multiplicative Pillow brightness factor,sues200_uav_300m_to_satellite,official_trapezoid_mAP,0.576092541217804,0.2940452992916107,0.28204724192619324,28.204724192619324,0.48958669266915456,48.95866926691546
brightness,5,factor,0.2,multiplicative Pillow brightness factor,sues200_uav_300m_to_satellite,MRR,0.6554350852966309,0.3605905771255493,0.29484450817108154,29.484450817108154,0.44984547636421307,44.98454763642131
brightness,5,factor,0.2,multiplicative Pillow brightness factor,sues200_satellite_to_uav_300m,r_at_1,0.7,0.125,0.575,57.49999999999999,0.8214285714285714,82.14285714285714
brightness,5,factor,0.2,multiplicative Pillow brightness factor,sues200_satellite_to_uav_300m,r_at_5,0.8125,0.15,0.6625,66.25,0.8153846153846154,81.53846153846153
brightness,5,factor,0.2,multiplicative Pillow brightness factor,sues200_satellite_to_uav_300m,r_at_10,0.85,0.175,0.675,67.5,0.7941176470588236,79.41176470588235
brightness,5,factor,0.2,multiplicative Pillow brightness factor,sues200_satellite_to_uav_300m,r_at_20,0.8875,0.1875,0.7,70.0,0.7887323943661971,78.87323943661973
brightness,5,factor,0.2,multiplicative Pillow brightness factor,sues200_satellite_to_uav_300m,official_trapezoid_mAP,0.5484455823898315,0.09971895068883896,0.4487266317009926,44.87266317009926,0.81817895176707,81.817895176707
brightness,5,factor,0.2,multiplicative Pillow brightness factor,sues200_satellite_to_uav_300m,MRR,0.7563574910163879,0.1416214406490326,0.6147360503673553,61.473605036735535,0.8127585932166512,81.27585932166512
contrast,1,factor,0.8,multiplicative Pillow contrast factor,sues200_uav_150m_to_satellite,r_at_1,0.34075,0.3275,0.013249999999999984,1.3249999999999984,0.038884812912692544,3.888481291269254
contrast,1,factor,0.8,multiplicative Pillow contrast factor,sues200_uav_150m_to_satellite,r_at_5,0.7235,0.70625,0.017249999999999988,1.7249999999999988,0.023842432619212144,2.3842432619212146
contrast,1,factor,0.8,multiplicative Pillow contrast factor,sues200_uav_150m_to_satellite,r_at_10,0.855,0.838,0.017000000000000015,1.7000000000000015,0.019883040935672534,1.9883040935672534
contrast,1,factor,0.8,multiplicative Pillow contrast factor,sues200_uav_150m_to_satellite,r_at_20,0.94175,0.93625,0.005499999999999949,0.5499999999999949,0.005840191133527952,0.5840191133527953
contrast,1,factor,0.8,multiplicative Pillow contrast factor,sues200_uav_150m_to_satellite,official_trapezoid_mAP,0.4256778061389923,0.4114841818809509,0.014193624258041382,1.4193624258041382,0.03334358534399813,3.3343585343998132
contrast,1,factor,0.8,multiplicative Pillow contrast factor,sues200_uav_150m_to_satellite,MRR,0.5106055736541748,0.495468407869339,0.015137165784835815,1.5137165784835815,0.029645516159382903,2.9645516159382903
contrast,1,factor,0.8,multiplicative Pillow contrast factor,sues200_satellite_to_uav_150m,r_at_1,0.5375,0.5375,0.0,0.0,0.0,0.0
contrast,1,factor,0.8,multiplicative Pillow contrast factor,sues200_satellite_to_uav_150m,r_at_5,0.6875,0.6625,0.025000000000000022,2.500000000000002,0.0363636363636364,3.63636363636364
contrast,1,factor,0.8,multiplicative Pillow contrast factor,sues200_satellite_to_uav_150m,r_at_10,0.775,0.7625,0.012500000000000067,1.2500000000000067,0.016129032258064602,1.6129032258064602
contrast,1,factor,0.8,multiplicative Pillow contrast factor,sues200_satellite_to_uav_150m,r_at_20,0.7875,0.8,-0.012500000000000067,-1.2500000000000067,-0.01587301587301596,-1.5873015873015959
contrast,1,factor,0.8,multiplicative Pillow contrast factor,sues200_satellite_to_uav_150m,official_trapezoid_mAP,0.39359670877456665,0.40445488691329956,-0.01085817813873291,-1.085817813873291,-0.027587065381057225,-2.7587065381057223
contrast,1,factor,0.8,multiplicative Pillow contrast factor,sues200_satellite_to_uav_150m,MRR,0.603905200958252,0.5993896722793579,0.004515528678894043,0.4515528678894043,0.007477214423272043,0.7477214423272043
contrast,1,factor,0.8,multiplicative Pillow contrast factor,sues200_uav_200m_to_satellite,r_at_1,0.4145,0.39825,0.016249999999999987,1.6249999999999987,0.03920386007237633,3.920386007237633
contrast,1,factor,0.8,multiplicative Pillow contrast factor,sues200_uav_200m_to_satellite,r_at_5,0.817,0.80075,0.016249999999999987,1.6249999999999987,0.019889840881272935,1.9889840881272935
contrast,1,factor,0.8,multiplicative Pillow contrast factor,sues200_uav_200m_to_satellite,r_at_10,0.91175,0.9035,0.00824999999999998,0.824999999999998,0.009048533040855476,0.9048533040855475
contrast,1,factor,0.8,multiplicative Pillow contrast factor,sues200_uav_200m_to_satellite,r_at_20,0.96625,0.9595,0.006750000000000034,0.6750000000000034,0.0069857697283312115,0.6985769728331211
contrast,1,factor,0.8,multiplicative Pillow contrast factor,sues200_uav_200m_to_satellite,official_trapezoid_mAP,0.501873791217804,0.48422524333000183,0.017648547887802124,1.7648547887802124,0.03516531087422929,3.5165310874229294
contrast,1,factor,0.8,multiplicative Pillow contrast factor,sues200_uav_200m_to_satellite,MRR,0.5892475843429565,0.5702004432678223,0.019047141075134277,1.9047141075134277,0.03232451278756261,3.2324512787562614
contrast,1,factor,0.8,multiplicative Pillow contrast factor,sues200_satellite_to_uav_200m,r_at_1,0.6125,0.625,-0.012499999999999956,-1.2499999999999956,-0.020408163265306048,-2.0408163265306047
contrast,1,factor,0.8,multiplicative Pillow contrast factor,sues200_satellite_to_uav_200m,r_at_5,0.7375,0.7625,-0.02499999999999991,-2.499999999999991,-0.03389830508474564,-3.389830508474564
contrast,1,factor,0.8,multiplicative Pillow contrast factor,sues200_satellite_to_uav_200m,r_at_10,0.775,0.8125,-0.03749999999999998,-3.749999999999998,-0.04838709677419352,-4.838709677419351
contrast,1,factor,0.8,multiplicative Pillow contrast factor,sues200_satellite_to_uav_200m,r_at_20,0.85,0.8625,-0.012500000000000067,-1.2500000000000067,-0.014705882352941256,-1.4705882352941255
contrast,1,factor,0.8,multiplicative Pillow contrast factor,sues200_satellite_to_uav_200m,official_trapezoid_mAP,0.48770156502723694,0.49555379152297974,-0.007852226495742798,-0.7852226495742798,-0.016100474262993745,-1.6100474262993743
contrast,1,factor,0.8,multiplicative Pillow contrast factor,sues200_satellite_to_uav_200m,MRR,0.6723024249076843,0.6823281049728394,-0.01002568006515503,-1.002568006515503,-0.01491245560587065,-1.4912455605870651
contrast,1,factor,0.8,multiplicative Pillow contrast factor,sues200_uav_250m_to_satellite,r_at_1,0.481,0.4655,0.015499999999999958,1.5499999999999958,0.032224532224532136,3.222453222453214
contrast,1,factor,0.8,multiplicative Pillow contrast factor,sues200_uav_250m_to_satellite,r_at_5,0.849,0.8365,0.012499999999999956,1.2499999999999956,0.014723203769140113,1.4723203769140114
contrast,1,factor,0.8,multiplicative Pillow contrast factor,sues200_uav_250m_to_satellite,r_at_10,0.9265,0.92,0.00649999999999995,0.649999999999995,0.007015650296815921,0.7015650296815921
contrast,1,factor,0.8,multiplicative Pillow contrast factor,sues200_uav_250m_to_satellite,r_at_20,0.968,0.96275,0.005249999999999977,0.5249999999999977,0.005423553719008241,0.5423553719008241
contrast,1,factor,0.8,multiplicative Pillow contrast factor,sues200_uav_250m_to_satellite,official_trapezoid_mAP,0.5596025586128235,0.5437861680984497,0.01581639051437378,1.581639051437378,0.028263613650338554,2.8263613650338555
contrast,1,factor,0.8,multiplicative Pillow contrast factor,sues200_uav_250m_to_satellite,MRR,0.6382049322128296,0.6220723986625671,0.01613253355026245,1.6132533550262451,0.025277983193151738,2.527798319315174
contrast,1,factor,0.8,multiplicative Pillow contrast factor,sues200_satellite_to_uav_250m,r_at_1,0.6875,0.6875,0.0,0.0,0.0,0.0
contrast,1,factor,0.8,multiplicative Pillow contrast factor,sues200_satellite_to_uav_250m,r_at_5,0.7625,0.825,-0.0625,-6.25,-0.0819672131147541,-8.196721311475411
contrast,1,factor,0.8,multiplicative Pillow contrast factor,sues200_satellite_to_uav_250m,r_at_10,0.825,0.875,-0.050000000000000044,-5.000000000000004,-0.06060606060606066,-6.060606060606066
contrast,1,factor,0.8,multiplicative Pillow contrast factor,sues200_satellite_to_uav_250m,r_at_20,0.8875,0.9125,-0.025000000000000022,-2.500000000000002,-0.028169014084507067,-2.8169014084507067
contrast,1,factor,0.8,multiplicative Pillow contrast factor,sues200_satellite_to_uav_250m,official_trapezoid_mAP,0.5284179449081421,0.5330632925033569,-0.004645347595214844,-0.4645347595214844,-0.008791048146599888,-0.8791048146599887
contrast,1,factor,0.8,multiplicative Pillow contrast factor,sues200_satellite_to_uav_250m,MRR,0.7299930453300476,0.7404822111129761,-0.010489165782928467,-1.0489165782928467,-0.01436885714190066,-1.436885714190066
contrast,1,factor,0.8,multiplicative Pillow contrast factor,sues200_uav_300m_to_satellite,r_at_1,0.49675,0.48425,0.012500000000000011,1.250000000000001,0.025163563160543554,2.5163563160543556
contrast,1,factor,0.8,multiplicative Pillow contrast factor,sues200_uav_300m_to_satellite,r_at_5,0.86475,0.85075,0.014000000000000012,1.4000000000000012,0.016189650187915596,1.6189650187915596
contrast,1,factor,0.8,multiplicative Pillow contrast factor,sues200_uav_300m_to_satellite,r_at_10,0.93225,0.92625,0.006000000000000005,0.6000000000000005,0.0064360418342719284,0.6436041834271928
contrast,1,factor,0.8,multiplicative Pillow contrast factor,sues200_uav_300m_to_satellite,r_at_20,0.966,0.9615,0.0044999999999999485,0.44999999999999485,0.004658385093167649,0.46583850931676485
contrast,1,factor,0.8,multiplicative Pillow contrast factor,sues200_uav_300m_to_satellite,official_trapezoid_mAP,0.576092541217804,0.5641500353813171,0.011942505836486816,1.1942505836486816,0.020730186527396298,2.0730186527396297
contrast,1,factor,0.8,multiplicative Pillow contrast factor,sues200_uav_300m_to_satellite,MRR,0.6554350852966309,0.6440500617027283,0.011385023593902588,1.1385023593902588,0.017370177229298088,1.737017722929809
contrast,1,factor,0.8,multiplicative Pillow contrast factor,sues200_satellite_to_uav_300m,r_at_1,0.7,0.7625,-0.0625,-6.25,-0.08928571428571429,-8.928571428571429
contrast,1,factor,0.8,multiplicative Pillow contrast factor,sues200_satellite_to_uav_300m,r_at_5,0.8125,0.85,-0.03749999999999998,-3.749999999999998,-0.04615384615384613,-4.615384615384612
contrast,1,factor,0.8,multiplicative Pillow contrast factor,sues200_satellite_to_uav_300m,r_at_10,0.85,0.8875,-0.03749999999999998,-3.749999999999998,-0.044117647058823505,-4.411764705882351
contrast,1,factor,0.8,multiplicative Pillow contrast factor,sues200_satellite_to_uav_300m,r_at_20,0.8875,0.9125,-0.025000000000000022,-2.500000000000002,-0.028169014084507067,-2.8169014084507067
contrast,1,factor,0.8,multiplicative Pillow contrast factor,sues200_satellite_to_uav_300m,official_trapezoid_mAP,0.5484455823898315,0.5593353509902954,-0.010889768600463867,-1.0889768600463867,-0.01985569571553863,-1.985569571553863
contrast,1,factor,0.8,multiplicative Pillow contrast factor,sues200_satellite_to_uav_300m,MRR,0.7563574910163879,0.8088945150375366,-0.05253702402114868,-5.253702402114868,-0.0694605720775632,-6.946057207756321
contrast,2,factor,0.65,multiplicative Pillow contrast factor,sues200_uav_150m_to_satellite,r_at_1,0.34075,0.302,0.03875000000000001,3.875000000000001,0.1137197358767425,11.371973587674251
contrast,2,factor,0.65,multiplicative Pillow contrast factor,sues200_uav_150m_to_satellite,r_at_5,0.7235,0.68575,0.03775000000000006,3.775000000000006,0.05217691776088467,5.217691776088467
contrast,2,factor,0.65,multiplicative Pillow contrast factor,sues200_uav_150m_to_satellite,r_at_10,0.855,0.82075,0.03425,3.4250000000000003,0.040058479532163745,4.005847953216374
contrast,2,factor,0.65,multiplicative Pillow contrast factor,sues200_uav_150m_to_satellite,r_at_20,0.94175,0.919,0.022749999999999937,2.2749999999999937,0.024157154234138504,2.4157154234138507
contrast,2,factor,0.65,multiplicative Pillow contrast factor,sues200_uav_150m_to_satellite,official_trapezoid_mAP,0.4256778061389923,0.3875635266304016,0.0381142795085907,3.81142795085907,0.0895378592891583,8.95378592891583
contrast,2,factor,0.65,multiplicative Pillow contrast factor,sues200_uav_150m_to_satellite,MRR,0.5106055736541748,0.4731270968914032,0.037478476762771606,3.7478476762771606,0.073400054164225,7.3400054164225
contrast,2,factor,0.65,multiplicative Pillow contrast factor,sues200_satellite_to_uav_150m,r_at_1,0.5375,0.525,0.012499999999999956,1.2499999999999956,0.023255813953488292,2.325581395348829
contrast,2,factor,0.65,multiplicative Pillow contrast factor,sues200_satellite_to_uav_150m,r_at_5,0.6875,0.675,0.012499999999999956,1.2499999999999956,0.01818181818181812,1.8181818181818117
contrast,2,factor,0.65,multiplicative Pillow contrast factor,sues200_satellite_to_uav_150m,r_at_10,0.775,0.75,0.025000000000000022,2.500000000000002,0.03225806451612906,3.225806451612906
contrast,2,factor,0.65,multiplicative Pillow contrast factor,sues200_satellite_to_uav_150m,r_at_20,0.7875,0.775,0.012499999999999956,1.2499999999999956,0.015873015873015817,1.5873015873015817
contrast,2,factor,0.65,multiplicative Pillow contrast factor,sues200_satellite_to_uav_150m,official_trapezoid_mAP,0.39359670877456665,0.39793235063552856,-0.004335641860961914,-0.4335641860961914,-0.011015442366021313,-1.1015442366021313
contrast,2,factor,0.65,multiplicative Pillow contrast factor,sues200_satellite_to_uav_150m,MRR,0.603905200958252,0.5964242219924927,0.007480978965759277,0.7480978965759277,0.012387671034938543,1.2387671034938543
contrast,2,factor,0.65,multiplicative Pillow contrast factor,sues200_uav_200m_to_satellite,r_at_1,0.4145,0.3735,0.04099999999999998,4.099999999999998,0.09891435464414954,9.891435464414952
contrast,2,factor,0.65,multiplicative Pillow contrast factor,sues200_uav_200m_to_satellite,r_at_5,0.817,0.77325,0.043749999999999956,4.374999999999996,0.053549571603427125,5.354957160342712
contrast,2,factor,0.65,multiplicative Pillow contrast factor,sues200_uav_200m_to_satellite,r_at_10,0.91175,0.891,0.020749999999999935,2.0749999999999935,0.02275843158760618,2.275843158760618
contrast,2,factor,0.65,multiplicative Pillow contrast factor,sues200_uav_200m_to_satellite,r_at_20,0.96625,0.949,0.0172500000000001,1.7250000000000099,0.017852522639068665,1.7852522639068664
contrast,2,factor,0.65,multiplicative Pillow contrast factor,sues200_uav_200m_to_satellite,official_trapezoid_mAP,0.501873791217804,0.45965659618377686,0.0422171950340271,4.22171950340271,0.08411914663163914,8.411914663163914
contrast,2,factor,0.65,multiplicative Pillow contrast factor,sues200_uav_200m_to_satellite,MRR,0.5892475843429565,0.5458131432533264,0.04343444108963013,4.343444108963013,0.07371169987580334,7.371169987580334
contrast,2,factor,0.65,multiplicative Pillow contrast factor,sues200_satellite_to_uav_200m,r_at_1,0.6125,0.6625,-0.04999999999999993,-4.999999999999993,-0.08163265306122437,-8.163265306122437
contrast,2,factor,0.65,multiplicative Pillow contrast factor,sues200_satellite_to_uav_200m,r_at_5,0.7375,0.775,-0.03749999999999998,-3.749999999999998,-0.05084745762711861,-5.0847457627118615
contrast,2,factor,0.65,multiplicative Pillow contrast factor,sues200_satellite_to_uav_200m,r_at_10,0.775,0.8125,-0.03749999999999998,-3.749999999999998,-0.04838709677419352,-4.838709677419351
contrast,2,factor,0.65,multiplicative Pillow contrast factor,sues200_satellite_to_uav_200m,r_at_20,0.85,0.85,0.0,0.0,0.0,0.0
contrast,2,factor,0.65,multiplicative Pillow contrast factor,sues200_satellite_to_uav_200m,official_trapezoid_mAP,0.48770156502723694,0.4897770881652832,-0.0020755231380462646,-0.20755231380462646,-0.004255723759939855,-0.4255723759939855
contrast,2,factor,0.65,multiplicative Pillow contrast factor,sues200_satellite_to_uav_200m,MRR,0.6723024249076843,0.7150739431381226,-0.04277151823043823,-4.277151823043823,-0.06361946148909296,-6.361946148909296
contrast,2,factor,0.65,multiplicative Pillow contrast factor,sues200_uav_250m_to_satellite,r_at_1,0.481,0.4395,0.04149999999999998,4.149999999999999,0.08627858627858624,8.627858627858625
contrast,2,factor,0.65,multiplicative Pillow contrast factor,sues200_uav_250m_to_satellite,r_at_5,0.849,0.803,0.04599999999999993,4.5999999999999925,0.05418138987043573,5.418138987043572
contrast,2,factor,0.65,multiplicative Pillow contrast factor,sues200_uav_250m_to_satellite,r_at_10,0.9265,0.9085,0.018000000000000016,1.8000000000000016,0.01942795466810579,1.9427954668105791
contrast,2,factor,0.65,multiplicative Pillow contrast factor,sues200_uav_250m_to_satellite,r_at_20,0.968,0.95575,0.012249999999999983,1.2249999999999983,0.012654958677685933,1.2654958677685932
contrast,2,factor,0.65,multiplicative Pillow contrast factor,sues200_uav_250m_to_satellite,official_trapezoid_mAP,0.5596025586128235,0.5178249478340149,0.041777610778808594,4.177761077880859,0.07465586090665749,7.465586090665749
contrast,2,factor,0.65,multiplicative Pillow contrast factor,sues200_uav_250m_to_satellite,MRR,0.6382049322128296,0.5961499214172363,0.04205501079559326,4.205501079559326,0.06589577841364706,6.589577841364706
contrast,2,factor,0.65,multiplicative Pillow contrast factor,sues200_satellite_to_uav_250m,r_at_1,0.6875,0.6875,0.0,0.0,0.0,0.0
contrast,2,factor,0.65,multiplicative Pillow contrast factor,sues200_satellite_to_uav_250m,r_at_5,0.7625,0.8,-0.03750000000000009,-3.750000000000009,-0.049180327868852576,-4.918032786885258
contrast,2,factor,0.65,multiplicative Pillow contrast factor,sues200_satellite_to_uav_250m,r_at_10,0.825,0.875,-0.050000000000000044,-5.000000000000004,-0.06060606060606066,-6.060606060606066
contrast,2,factor,0.65,multiplicative Pillow contrast factor,sues200_satellite_to_uav_250m,r_at_20,0.8875,0.9125,-0.025000000000000022,-2.500000000000002,-0.028169014084507067,-2.8169014084507067
contrast,2,factor,0.65,multiplicative Pillow contrast factor,sues200_satellite_to_uav_250m,official_trapezoid_mAP,0.5284179449081421,0.5274803042411804,0.0009376406669616699,0.09376406669616699,0.0017744300245607014,0.17744300245607014
contrast,2,factor,0.65,multiplicative Pillow contrast factor,sues200_satellite_to_uav_250m,MRR,0.7299930453300476,0.7501760721206665,-0.020183026790618896,-2.0183026790618896,-0.02764824530827367,-2.764824530827367
contrast,2,factor,0.65,multiplicative Pillow contrast factor,sues200_uav_300m_to_satellite,r_at_1,0.49675,0.4645,0.03225,3.225,0.06492199295420231,6.492199295420232
contrast,2,factor,0.65,multiplicative Pillow contrast factor,sues200_uav_300m_to_satellite,r_at_5,0.86475,0.83375,0.031000000000000028,3.1000000000000028,0.035848511130384536,3.5848511130384537
contrast,2,factor,0.65,multiplicative Pillow contrast factor,sues200_uav_300m_to_satellite,r_at_10,0.93225,0.915,0.017249999999999988,1.7249999999999988,0.018503620273531765,1.8503620273531765
contrast,2,factor,0.65,multiplicative Pillow contrast factor,sues200_uav_300m_to_satellite,r_at_20,0.966,0.95825,0.007749999999999924,0.7749999999999924,0.008022774327122074,0.8022774327122074
contrast,2,factor,0.65,multiplicative Pillow contrast factor,sues200_uav_300m_to_satellite,official_trapezoid_mAP,0.576092541217804,0.5444194078445435,0.0316731333732605,3.16731333732605,0.05497924570643903,5.497924570643903
contrast,2,factor,0.65,multiplicative Pillow contrast factor,sues200_uav_300m_to_satellite,MRR,0.6554350852966309,0.6243389248847961,0.031096160411834717,3.1096160411834717,0.047443539580676396,4.74435395806764
contrast,2,factor,0.65,multiplicative Pillow contrast factor,sues200_satellite_to_uav_300m,r_at_1,0.7,0.7625,-0.0625,-6.25,-0.08928571428571429,-8.928571428571429
contrast,2,factor,0.65,multiplicative Pillow contrast factor,sues200_satellite_to_uav_300m,r_at_5,0.8125,0.8375,-0.025000000000000022,-2.500000000000002,-0.030769230769230795,-3.0769230769230798
contrast,2,factor,0.65,multiplicative Pillow contrast factor,sues200_satellite_to_uav_300m,r_at_10,0.85,0.925,-0.07500000000000007,-7.500000000000007,-0.08823529411764713,-8.823529411764714
contrast,2,factor,0.65,multiplicative Pillow contrast factor,sues200_satellite_to_uav_300m,r_at_20,0.8875,0.9375,-0.050000000000000044,-5.000000000000004,-0.056338028169014134,-5.633802816901413
contrast,2,factor,0.65,multiplicative Pillow contrast factor,sues200_satellite_to_uav_300m,official_trapezoid_mAP,0.5484455823898315,0.5558009147644043,-0.007355332374572754,-0.7355332374572754,-0.013411234606945256,-1.3411234606945255
contrast,2,factor,0.65,multiplicative Pillow contrast factor,sues200_satellite_to_uav_300m,MRR,0.7563574910163879,0.8004841804504395,-0.044126689434051514,-4.412668943405151,-0.05834104898565145,-5.834104898565145
contrast,3,factor,0.5,multiplicative Pillow contrast factor,sues200_uav_150m_to_satellite,r_at_1,0.34075,0.2655,0.07524999999999998,7.524999999999999,0.22083639031548052,22.083639031548053
contrast,3,factor,0.5,multiplicative Pillow contrast factor,sues200_uav_150m_to_satellite,r_at_5,0.7235,0.64075,0.08274999999999999,8.274999999999999,0.11437456807187282,11.437456807187282
contrast,3,factor,0.5,multiplicative Pillow contrast factor,sues200_uav_150m_to_satellite,r_at_10,0.855,0.78975,0.06525000000000003,6.525000000000003,0.07631578947368425,7.631578947368425
contrast,3,factor,0.5,multiplicative Pillow contrast factor,sues200_uav_150m_to_satellite,r_at_20,0.94175,0.893,0.04874999999999996,4.8749999999999964,0.05176533050172547,5.176533050172547
contrast,3,factor,0.5,multiplicative Pillow contrast factor,sues200_uav_150m_to_satellite,official_trapezoid_mAP,0.4256778061389923,0.35080239176750183,0.07487541437149048,7.487541437149048,0.17589691849483494,17.589691849483494
contrast,3,factor,0.5,multiplicative Pillow contrast factor,sues200_uav_150m_to_satellite,MRR,0.5106055736541748,0.43610480427742004,0.07450076937675476,7.450076937675476,0.14590669044911947,14.590669044911948
contrast,3,factor,0.5,multiplicative Pillow contrast factor,sues200_satellite_to_uav_150m,r_at_1,0.5375,0.5125,0.025000000000000022,2.500000000000002,0.046511627906976785,4.651162790697679
contrast,3,factor,0.5,multiplicative Pillow contrast factor,sues200_satellite_to_uav_150m,r_at_5,0.6875,0.6375,0.050000000000000044,5.000000000000004,0.0727272727272728,7.27272727272728
contrast,3,factor,0.5,multiplicative Pillow contrast factor,sues200_satellite_to_uav_150m,r_at_10,0.775,0.6875,0.08750000000000002,8.750000000000002,0.11290322580645164,11.290322580645164
contrast,3,factor,0.5,multiplicative Pillow contrast factor,sues200_satellite_to_uav_150m,r_at_20,0.7875,0.75,0.03749999999999998,3.749999999999998,0.047619047619047596,4.761904761904759
contrast,3,factor,0.5,multiplicative Pillow contrast factor,sues200_satellite_to_uav_150m,official_trapezoid_mAP,0.39359670877456665,0.3747238218784332,0.018872886896133423,1.8872886896133423,0.04794980871382974,4.7949808713829745
contrast,3,factor,0.5,multiplicative Pillow contrast factor,sues200_satellite_to_uav_150m,MRR,0.603905200958252,0.5689095258712769,0.0349956750869751,3.4995675086975098,0.05794895462308554,5.7948954623085545
contrast,3,factor,0.5,multiplicative Pillow contrast factor,sues200_uav_200m_to_satellite,r_at_1,0.4145,0.3205,0.09399999999999997,9.399999999999997,0.22677925211097702,22.6779252110977
contrast,3,factor,0.5,multiplicative Pillow contrast factor,sues200_uav_200m_to_satellite,r_at_5,0.817,0.725,0.09199999999999997,9.199999999999998,0.11260709914320682,11.260709914320683
contrast,3,factor,0.5,multiplicative Pillow contrast factor,sues200_uav_200m_to_satellite,r_at_10,0.91175,0.85675,0.05499999999999994,5.499999999999994,0.06032355360570325,6.0323553605703255
contrast,3,factor,0.5,multiplicative Pillow contrast factor,sues200_uav_200m_to_satellite,r_at_20,0.96625,0.936,0.03025,3.025,0.031306597671410086,3.1306597671410086
contrast,3,factor,0.5,multiplicative Pillow contrast factor,sues200_uav_200m_to_satellite,official_trapezoid_mAP,0.501873791217804,0.41001462936401367,0.09185916185379028,9.185916185379028,0.1830323947199807,18.303239471998072
contrast,3,factor,0.5,multiplicative Pillow contrast factor,sues200_uav_200m_to_satellite,MRR,0.5892475843429565,0.49952924251556396,0.08971834182739258,8.971834182739258,0.1522591593267768,15.225915932677681
contrast,3,factor,0.5,multiplicative Pillow contrast factor,sues200_satellite_to_uav_200m,r_at_1,0.6125,0.6,0.012500000000000067,1.2500000000000067,0.02040816326530623,2.040816326530623
contrast,3,factor,0.5,multiplicative Pillow contrast factor,sues200_satellite_to_uav_200m,r_at_5,0.7375,0.7625,-0.02499999999999991,-2.499999999999991,-0.03389830508474564,-3.389830508474564
contrast,3,factor,0.5,multiplicative Pillow contrast factor,sues200_satellite_to_uav_200m,r_at_10,0.775,0.7875,-0.012499999999999956,-1.2499999999999956,-0.016129032258064457,-1.6129032258064457
contrast,3,factor,0.5,multiplicative Pillow contrast factor,sues200_satellite_to_uav_200m,r_at_20,0.85,0.8625,-0.012500000000000067,-1.2500000000000067,-0.014705882352941256,-1.4705882352941255
contrast,3,factor,0.5,multiplicative Pillow contrast factor,sues200_satellite_to_uav_200m,official_trapezoid_mAP,0.48770156502723694,0.45793285965919495,0.029768705368041992,2.976870536804199,0.06103877350973742,6.103877350973742
contrast,3,factor,0.5,multiplicative Pillow contrast factor,sues200_satellite_to_uav_200m,MRR,0.6723024249076843,0.6776152849197388,-0.005312860012054443,-0.5312860012054443,-0.007902485273326163,-0.7902485273326162
contrast,3,factor,0.5,multiplicative Pillow contrast factor,sues200_uav_250m_to_satellite,r_at_1,0.481,0.38475,0.09625,9.625,0.20010395010395013,20.010395010395012
contrast,3,factor,0.5,multiplicative Pillow contrast factor,sues200_uav_250m_to_satellite,r_at_5,0.849,0.75875,0.09024999999999994,9.024999999999995,0.10630153121319193,10.630153121319193
contrast,3,factor,0.5,multiplicative Pillow contrast factor,sues200_uav_250m_to_satellite,r_at_10,0.9265,0.87725,0.049250000000000016,4.925000000000002,0.05315704263356721,5.315704263356721
contrast,3,factor,0.5,multiplicative Pillow contrast factor,sues200_uav_250m_to_satellite,r_at_20,0.968,0.94625,0.021749999999999936,2.1749999999999936,0.022469008264462745,2.2469008264462746
contrast,3,factor,0.5,multiplicative Pillow contrast factor,sues200_uav_250m_to_satellite,official_trapezoid_mAP,0.5596025586128235,0.4661652445793152,0.0934373140335083,9.34373140335083,0.16697084849848853,16.697084849848853
contrast,3,factor,0.5,multiplicative Pillow contrast factor,sues200_uav_250m_to_satellite,MRR,0.6382049322128296,0.5475805401802063,0.09062439203262329,9.062439203262329,0.14199889010322114,14.199889010322115
contrast,3,factor,0.5,multiplicative Pillow contrast factor,sues200_satellite_to_uav_250m,r_at_1,0.6875,0.65,0.03749999999999998,3.749999999999998,0.054545454545454515,5.4545454545454515
contrast,3,factor,0.5,multiplicative Pillow contrast factor,sues200_satellite_to_uav_250m,r_at_5,0.7625,0.775,-0.012500000000000067,-1.2500000000000067,-0.016393442622950907,-1.639344262295091
contrast,3,factor,0.5,multiplicative Pillow contrast factor,sues200_satellite_to_uav_250m,r_at_10,0.825,0.8125,0.012499999999999956,1.2499999999999956,0.015151515151515098,1.5151515151515098
contrast,3,factor,0.5,multiplicative Pillow contrast factor,sues200_satellite_to_uav_250m,r_at_20,0.8875,0.8875,0.0,0.0,0.0,0.0
contrast,3,factor,0.5,multiplicative Pillow contrast factor,sues200_satellite_to_uav_250m,official_trapezoid_mAP,0.5284179449081421,0.49073299765586853,0.03768494725227356,3.768494725227356,0.07131655466171678,7.131655466171678
contrast,3,factor,0.5,multiplicative Pillow contrast factor,sues200_satellite_to_uav_250m,MRR,0.7299930453300476,0.70653235912323,0.023460686206817627,2.3460686206817627,0.03213823248988691,3.2138232489886915
contrast,3,factor,0.5,multiplicative Pillow contrast factor,sues200_uav_300m_to_satellite,r_at_1,0.49675,0.407,0.08975000000000005,8.975000000000005,0.18067438349270265,18.067438349270265
contrast,3,factor,0.5,multiplicative Pillow contrast factor,sues200_uav_300m_to_satellite,r_at_5,0.86475,0.79525,0.0695,6.950000000000001,0.08037004914715236,8.037004914715236
contrast,3,factor,0.5,multiplicative Pillow contrast factor,sues200_uav_300m_to_satellite,r_at_10,0.93225,0.89475,0.03749999999999998,3.749999999999998,0.04022526146419949,4.022526146419949
contrast,3,factor,0.5,multiplicative Pillow contrast factor,sues200_uav_300m_to_satellite,r_at_20,0.966,0.95075,0.015249999999999986,1.5249999999999986,0.015786749482401642,1.5786749482401643
contrast,3,factor,0.5,multiplicative Pillow contrast factor,sues200_uav_300m_to_satellite,official_trapezoid_mAP,0.576092541217804,0.4913739562034607,0.08471858501434326,8.471858501434326,0.1470572502731182,14.705725027311821
contrast,3,factor,0.5,multiplicative Pillow contrast factor,sues200_uav_300m_to_satellite,MRR,0.6554350852966309,0.5757479071617126,0.07968717813491821,7.968717813491821,0.12157905477222677,12.157905477222677
contrast,3,factor,0.5,multiplicative Pillow contrast factor,sues200_satellite_to_uav_300m,r_at_1,0.7,0.7,0.0,0.0,0.0,0.0
contrast,3,factor,0.5,multiplicative Pillow contrast factor,sues200_satellite_to_uav_300m,r_at_5,0.8125,0.8375,-0.025000000000000022,-2.500000000000002,-0.030769230769230795,-3.0769230769230798
contrast,3,factor,0.5,multiplicative Pillow contrast factor,sues200_satellite_to_uav_300m,r_at_10,0.85,0.8875,-0.03749999999999998,-3.749999999999998,-0.044117647058823505,-4.411764705882351
contrast,3,factor,0.5,multiplicative Pillow contrast factor,sues200_satellite_to_uav_300m,r_at_20,0.8875,0.9,-0.012500000000000067,-1.2500000000000067,-0.014084507042253596,-1.4084507042253598
contrast,3,factor,0.5,multiplicative Pillow contrast factor,sues200_satellite_to_uav_300m,official_trapezoid_mAP,0.5484455823898315,0.5133622288703918,0.0350833535194397,3.5083353519439697,0.06396870472830736,6.396870472830735
contrast,3,factor,0.5,multiplicative Pillow contrast factor,sues200_satellite_to_uav_300m,MRR,0.7563574910163879,0.7679737210273743,-0.011616230010986328,-1.1616230010986328,-0.015358121191311953,-1.5358121191311953
contrast,4,factor,0.35,multiplicative Pillow contrast factor,sues200_uav_150m_to_satellite,r_at_1,0.34075,0.19575,0.145,14.499999999999998,0.42553191489361697,42.553191489361694
contrast,4,factor,0.35,multiplicative Pillow contrast factor,sues200_uav_150m_to_satellite,r_at_5,0.7235,0.551,0.1725,17.25,0.2384243261921216,23.84243261921216
contrast,4,factor,0.35,multiplicative Pillow contrast factor,sues200_uav_150m_to_satellite,r_at_10,0.855,0.70925,0.14574999999999994,14.574999999999994,0.17046783625730988,17.04678362573099
contrast,4,factor,0.35,multiplicative Pillow contrast factor,sues200_uav_150m_to_satellite,r_at_20,0.94175,0.8345,0.10724999999999996,10.724999999999996,0.11388372710379609,11.388372710379608
contrast,4,factor,0.35,multiplicative Pillow contrast factor,sues200_uav_150m_to_satellite,official_trapezoid_mAP,0.4256778061389923,0.28001469373703003,0.14566311240196228,14.566311240196228,0.3421909958688341,34.21909958688341
contrast,4,factor,0.35,multiplicative Pillow contrast factor,sues200_uav_150m_to_satellite,MRR,0.5106055736541748,0.3642793595790863,0.1463262140750885,14.63262140750885,0.2865738676291712,28.657386762917117
contrast,4,factor,0.35,multiplicative Pillow contrast factor,sues200_satellite_to_uav_150m,r_at_1,0.5375,0.425,0.11249999999999999,11.249999999999998,0.20930232558139533,20.930232558139533
contrast,4,factor,0.35,multiplicative Pillow contrast factor,sues200_satellite_to_uav_150m,r_at_5,0.6875,0.5875,0.09999999999999998,9.999999999999998,0.14545454545454542,14.545454545454543
contrast,4,factor,0.35,multiplicative Pillow contrast factor,sues200_satellite_to_uav_150m,r_at_10,0.775,0.6375,0.13750000000000007,13.750000000000007,0.17741935483870977,17.741935483870975
contrast,4,factor,0.35,multiplicative Pillow contrast factor,sues200_satellite_to_uav_150m,r_at_20,0.7875,0.675,0.11249999999999993,11.249999999999993,0.14285714285714277,14.285714285714278
contrast,4,factor,0.35,multiplicative Pillow contrast factor,sues200_satellite_to_uav_150m,official_trapezoid_mAP,0.39359670877456665,0.3196045756340027,0.07399213314056396,7.3992133140563965,0.187989715084084,18.7989715084084
contrast,4,factor,0.35,multiplicative Pillow contrast factor,sues200_satellite_to_uav_150m,MRR,0.603905200958252,0.4879128336906433,0.11599236726760864,11.599236726760864,0.19207048901641635,19.207048901641635
contrast,4,factor,0.35,multiplicative Pillow contrast factor,sues200_uav_200m_to_satellite,r_at_1,0.4145,0.2465,0.16799999999999998,16.799999999999997,0.40530759951749096,40.53075995174909
contrast,4,factor,0.35,multiplicative Pillow contrast factor,sues200_uav_200m_to_satellite,r_at_5,0.817,0.63925,0.17774999999999996,17.774999999999995,0.2175642594859241,21.75642594859241
contrast,4,factor,0.35,multiplicative Pillow contrast factor,sues200_uav_200m_to_satellite,r_at_10,0.91175,0.7675,0.14425,14.424999999999999,0.1582122292295037,15.82122292295037
contrast,4,factor,0.35,multiplicative Pillow contrast factor,sues200_uav_200m_to_satellite,r_at_20,0.96625,0.89125,0.07500000000000007,7.500000000000007,0.07761966364812425,7.761966364812426
contrast,4,factor,0.35,multiplicative Pillow contrast factor,sues200_uav_200m_to_satellite,official_trapezoid_mAP,0.501873791217804,0.3350992500782013,0.16677454113960266,16.677454113960266,0.33230374659517853,33.23037465951785
contrast,4,factor,0.35,multiplicative Pillow contrast factor,sues200_uav_200m_to_satellite,MRR,0.5892475843429565,0.42369842529296875,0.1655491590499878,16.55491590499878,0.2809500852423251,28.09500852423251
contrast,4,factor,0.35,multiplicative Pillow contrast factor,sues200_satellite_to_uav_200m,r_at_1,0.6125,0.5,0.11250000000000004,11.250000000000004,0.18367346938775517,18.367346938775515
contrast,4,factor,0.35,multiplicative Pillow contrast factor,sues200_satellite_to_uav_200m,r_at_5,0.7375,0.675,0.0625,6.25,0.0847457627118644,8.47457627118644
contrast,4,factor,0.35,multiplicative Pillow contrast factor,sues200_satellite_to_uav_200m,r_at_10,0.775,0.75,0.025000000000000022,2.500000000000002,0.03225806451612906,3.225806451612906
contrast,4,factor,0.35,multiplicative Pillow contrast factor,sues200_satellite_to_uav_200m,r_at_20,0.85,0.8,0.04999999999999993,4.999999999999993,0.05882352941176463,5.882352941176462
contrast,4,factor,0.35,multiplicative Pillow contrast factor,sues200_satellite_to_uav_200m,official_trapezoid_mAP,0.48770156502723694,0.37891799211502075,0.10878357291221619,10.878357291221619,0.2230535653625407,22.30535653625407
contrast,4,factor,0.35,multiplicative Pillow contrast factor,sues200_satellite_to_uav_200m,MRR,0.6723024249076843,0.578493595123291,0.09380882978439331,9.380882978439331,0.13953367756672075,13.953367756672074
contrast,4,factor,0.35,multiplicative Pillow contrast factor,sues200_uav_250m_to_satellite,r_at_1,0.481,0.297,0.184,18.4,0.38253638253638256,38.25363825363825
contrast,4,factor,0.35,multiplicative Pillow contrast factor,sues200_uav_250m_to_satellite,r_at_5,0.849,0.65875,0.19025000000000003,19.025000000000002,0.22408716136631335,22.408716136631334
contrast,4,factor,0.35,multiplicative Pillow contrast factor,sues200_uav_250m_to_satellite,r_at_10,0.9265,0.78825,0.13824999999999998,13.825,0.14921748515920127,14.921748515920129
contrast,4,factor,0.35,multiplicative Pillow contrast factor,sues200_uav_250m_to_satellite,r_at_20,0.968,0.9,0.06799999999999995,6.799999999999995,0.07024793388429747,7.024793388429748
contrast,4,factor,0.35,multiplicative Pillow contrast factor,sues200_uav_250m_to_satellite,official_trapezoid_mAP,0.5596025586128235,0.3817371726036072,0.1778653860092163,17.78653860092163,0.31784233876649837,31.78423387664984
contrast,4,factor,0.35,multiplicative Pillow contrast factor,sues200_uav_250m_to_satellite,MRR,0.6382049322128296,0.46647435426712036,0.17173057794570923,17.173057794570923,0.2690837523775831,26.908375237758307
contrast,4,factor,0.35,multiplicative Pillow contrast factor,sues200_satellite_to_uav_250m,r_at_1,0.6875,0.5125,0.17500000000000004,17.500000000000004,0.25454545454545463,25.45454545454546
contrast,4,factor,0.35,multiplicative Pillow contrast factor,sues200_satellite_to_uav_250m,r_at_5,0.7625,0.6375,0.125,12.5,0.1639344262295082,16.393442622950822
contrast,4,factor,0.35,multiplicative Pillow contrast factor,sues200_satellite_to_uav_250m,r_at_10,0.825,0.7375,0.08749999999999991,8.749999999999991,0.10606060606060595,10.606060606060597
contrast,4,factor,0.35,multiplicative Pillow contrast factor,sues200_satellite_to_uav_250m,r_at_20,0.8875,0.825,0.0625,6.25,0.07042253521126761,7.042253521126761
contrast,4,factor,0.35,multiplicative Pillow contrast factor,sues200_satellite_to_uav_250m,official_trapezoid_mAP,0.5284179449081421,0.3984084725379944,0.1300094723701477,13.00094723701477,0.24603530902560092,24.60353090256009
contrast,4,factor,0.35,multiplicative Pillow contrast factor,sues200_satellite_to_uav_250m,MRR,0.7299930453300476,0.5818344354629517,0.14815860986709595,14.815860986709595,0.20295893339656385,20.295893339656384
contrast,4,factor,0.35,multiplicative Pillow contrast factor,sues200_uav_300m_to_satellite,r_at_1,0.49675,0.305,0.19175000000000003,19.175000000000004,0.38600905888273784,38.600905888273786
contrast,4,factor,0.35,multiplicative Pillow contrast factor,sues200_uav_300m_to_satellite,r_at_5,0.86475,0.693,0.17175000000000007,17.175000000000008,0.19861231569817875,19.861231569817875
contrast,4,factor,0.35,multiplicative Pillow contrast factor,sues200_uav_300m_to_satellite,r_at_10,0.93225,0.826,0.10625000000000007,10.625000000000007,0.11397157414856537,11.397157414856537
contrast,4,factor,0.35,multiplicative Pillow contrast factor,sues200_uav_300m_to_satellite,r_at_20,0.966,0.918,0.04799999999999993,4.799999999999994,0.049689440993788754,4.968944099378875
contrast,4,factor,0.35,multiplicative Pillow contrast factor,sues200_uav_300m_to_satellite,official_trapezoid_mAP,0.576092541217804,0.39374932646751404,0.18234321475028992,18.23432147502899,0.3165172289244259,31.65172289244259
contrast,4,factor,0.35,multiplicative Pillow contrast factor,sues200_uav_300m_to_satellite,MRR,0.6554350852966309,0.4824986457824707,0.17293643951416016,17.293643951416016,0.26384983561857106,26.384983561857105
contrast,4,factor,0.35,multiplicative Pillow contrast factor,sues200_satellite_to_uav_300m,r_at_1,0.7,0.6375,0.0625,6.25,0.08928571428571429,8.928571428571429
contrast,4,factor,0.35,multiplicative Pillow contrast factor,sues200_satellite_to_uav_300m,r_at_5,0.8125,0.7125,0.09999999999999998,9.999999999999998,0.12307692307692306,12.307692307692305
contrast,4,factor,0.35,multiplicative Pillow contrast factor,sues200_satellite_to_uav_300m,r_at_10,0.85,0.7625,0.08750000000000002,8.750000000000002,0.10294117647058826,10.294117647058826
contrast,4,factor,0.35,multiplicative Pillow contrast factor,sues200_satellite_to_uav_300m,r_at_20,0.8875,0.8125,0.07499999999999996,7.499999999999996,0.08450704225352108,8.450704225352109
contrast,4,factor,0.35,multiplicative Pillow contrast factor,sues200_satellite_to_uav_300m,official_trapezoid_mAP,0.5484455823898315,0.42432326078414917,0.12412232160568237,12.412232160568237,0.2263165673881881,22.63165673881881
contrast,4,factor,0.35,multiplicative Pillow contrast factor,sues200_satellite_to_uav_300m,MRR,0.7563574910163879,0.681014895439148,0.07534259557723999,7.534259557723999,0.09961241406625738,9.961241406625739
contrast,5,factor,0.2,multiplicative Pillow contrast factor,sues200_uav_150m_to_satellite,r_at_1,0.34075,0.0895,0.25125,25.124999999999996,0.7373440939104915,73.73440939104914
contrast,5,factor,0.2,multiplicative Pillow contrast factor,sues200_uav_150m_to_satellite,r_at_5,0.7235,0.34975,0.37375,37.375,0.5165860400829302,51.65860400829302
contrast,5,factor,0.2,multiplicative Pillow contrast factor,sues200_uav_150m_to_satellite,r_at_10,0.855,0.50725,0.34775,34.775,0.40672514619883043,40.67251461988304
contrast,5,factor,0.2,multiplicative Pillow contrast factor,sues200_uav_150m_to_satellite,r_at_20,0.94175,0.666,0.27574999999999994,27.574999999999996,0.2928059463764268,29.280594637642682
contrast,5,factor,0.2,multiplicative Pillow contrast factor,sues200_uav_150m_to_satellite,official_trapezoid_mAP,0.4256778061389923,0.15566541254520416,0.27001239359378815,27.001239359378815,0.6343116547298303,63.43116547298303
contrast,5,factor,0.2,multiplicative Pillow contrast factor,sues200_uav_150m_to_satellite,MRR,0.5106055736541748,0.221830815076828,0.2887747585773468,28.87747585773468,0.5655534790008568,56.555347900085685
contrast,5,factor,0.2,multiplicative Pillow contrast factor,sues200_satellite_to_uav_150m,r_at_1,0.5375,0.2625,0.27499999999999997,27.499999999999996,0.5116279069767441,51.16279069767442
contrast,5,factor,0.2,multiplicative Pillow contrast factor,sues200_satellite_to_uav_150m,r_at_5,0.6875,0.3875,0.3,30.0,0.43636363636363634,43.63636363636363
contrast,5,factor,0.2,multiplicative Pillow contrast factor,sues200_satellite_to_uav_150m,r_at_10,0.775,0.425,0.35000000000000003,35.0,0.4516129032258065,45.16129032258064
contrast,5,factor,0.2,multiplicative Pillow contrast factor,sues200_satellite_to_uav_150m,r_at_20,0.7875,0.475,0.3125,31.25,0.39682539682539686,39.682539682539684
contrast,5,factor,0.2,multiplicative Pillow contrast factor,sues200_satellite_to_uav_150m,official_trapezoid_mAP,0.39359670877456665,0.18930122256278992,0.20429548621177673,20.429548621177673,0.5190477502920061,51.904775029200614
contrast,5,factor,0.2,multiplicative Pillow contrast factor,sues200_satellite_to_uav_150m,MRR,0.603905200958252,0.3215879797935486,0.28231722116470337,28.231722116470337,0.4674859907096909,46.748599070969085
contrast,5,factor,0.2,multiplicative Pillow contrast factor,sues200_uav_200m_to_satellite,r_at_1,0.4145,0.12625,0.28825,28.825,0.695416164053076,69.54161640530761
contrast,5,factor,0.2,multiplicative Pillow contrast factor,sues200_uav_200m_to_satellite,r_at_5,0.817,0.417,0.39999999999999997,40.0,0.48959608323133413,48.959608323133416
contrast,5,factor,0.2,multiplicative Pillow contrast factor,sues200_uav_200m_to_satellite,r_at_10,0.91175,0.57075,0.34099999999999997,34.099999999999994,0.37400603235536056,37.40060323553605
contrast,5,factor,0.2,multiplicative Pillow contrast factor,sues200_uav_200m_to_satellite,r_at_20,0.96625,0.71175,0.25450000000000006,25.450000000000006,0.26338939197930145,26.33893919793015
contrast,5,factor,0.2,multiplicative Pillow contrast factor,sues200_uav_200m_to_satellite,official_trapezoid_mAP,0.501873791217804,0.1968168318271637,0.30505695939064026,30.505695939064026,0.6078360032517641,60.78360032517641
contrast,5,factor,0.2,multiplicative Pillow contrast factor,sues200_uav_200m_to_satellite,MRR,0.5892475843429565,0.2673836648464203,0.32186391949653625,32.186391949653625,0.5462286618543073,54.62286618543074
contrast,5,factor,0.2,multiplicative Pillow contrast factor,sues200_satellite_to_uav_200m,r_at_1,0.6125,0.275,0.3375,33.75,0.5510204081632653,55.10204081632653
contrast,5,factor,0.2,multiplicative Pillow contrast factor,sues200_satellite_to_uav_200m,r_at_5,0.7375,0.3875,0.35000000000000003,35.0,0.4745762711864407,47.45762711864406
contrast,5,factor,0.2,multiplicative Pillow contrast factor,sues200_satellite_to_uav_200m,r_at_10,0.775,0.475,0.30000000000000004,30.000000000000004,0.38709677419354843,38.70967741935484
contrast,5,factor,0.2,multiplicative Pillow contrast factor,sues200_satellite_to_uav_200m,r_at_20,0.85,0.525,0.32499999999999996,32.49999999999999,0.38235294117647056,38.23529411764705
contrast,5,factor,0.2,multiplicative Pillow contrast factor,sues200_satellite_to_uav_200m,official_trapezoid_mAP,0.48770156502723694,0.21758925914764404,0.2701123058795929,27.01123058795929,0.5538475273592935,55.384752735929354
contrast,5,factor,0.2,multiplicative Pillow contrast factor,sues200_satellite_to_uav_200m,MRR,0.6723024249076843,0.33758285641670227,0.33471956849098206,33.471956849098206,0.4978705357740504,49.78705357740504
contrast,5,factor,0.2,multiplicative Pillow contrast factor,sues200_uav_250m_to_satellite,r_at_1,0.481,0.15475,0.32625,32.625,0.6782744282744283,67.82744282744282
contrast,5,factor,0.2,multiplicative Pillow contrast factor,sues200_uav_250m_to_satellite,r_at_5,0.849,0.4415,0.4075,40.75,0.47997644287396934,47.99764428739694
contrast,5,factor,0.2,multiplicative Pillow contrast factor,sues200_uav_250m_to_satellite,r_at_10,0.9265,0.58075,0.34575,34.575,0.3731786292498651,37.317862924986514
contrast,5,factor,0.2,multiplicative Pillow contrast factor,sues200_uav_250m_to_satellite,r_at_20,0.968,0.7195,0.24849999999999994,24.849999999999994,0.2567148760330578,25.67148760330578
contrast,5,factor,0.2,multiplicative Pillow contrast factor,sues200_uav_250m_to_satellite,official_trapezoid_mAP,0.5596025586128235,0.22555333375930786,0.3340492248535156,33.40492248535156,0.5969401313703371,59.694013137033714
contrast,5,factor,0.2,multiplicative Pillow contrast factor,sues200_uav_250m_to_satellite,MRR,0.6382049322128296,0.2963566184043884,0.34184831380844116,34.184831380844116,0.5356403508558926,53.56403508558925
contrast,5,factor,0.2,multiplicative Pillow contrast factor,sues200_satellite_to_uav_250m,r_at_1,0.6875,0.325,0.3625,36.25,0.5272727272727272,52.72727272727273
contrast,5,factor,0.2,multiplicative Pillow contrast factor,sues200_satellite_to_uav_250m,r_at_5,0.7625,0.4375,0.32499999999999996,32.49999999999999,0.4262295081967213,42.62295081967213
contrast,5,factor,0.2,multiplicative Pillow contrast factor,sues200_satellite_to_uav_250m,r_at_10,0.825,0.4625,0.36249999999999993,36.24999999999999,0.43939393939393934,43.93939393939393
contrast,5,factor,0.2,multiplicative Pillow contrast factor,sues200_satellite_to_uav_250m,r_at_20,0.8875,0.55,0.3374999999999999,33.74999999999999,0.380281690140845,38.028169014084504
contrast,5,factor,0.2,multiplicative Pillow contrast factor,sues200_satellite_to_uav_250m,official_trapezoid_mAP,0.5284179449081421,0.22353067994117737,0.3048872649669647,30.488726496696472,0.5769812851831991,57.69812851831991
contrast,5,factor,0.2,multiplicative Pillow contrast factor,sues200_satellite_to_uav_250m,MRR,0.7299930453300476,0.36996880173683167,0.36002424359321594,36.002424359321594,0.49318859391385056,49.318859391385054
contrast,5,factor,0.2,multiplicative Pillow contrast factor,sues200_uav_300m_to_satellite,r_at_1,0.49675,0.15125,0.34550000000000003,34.550000000000004,0.6955208857574233,69.55208857574233
contrast,5,factor,0.2,multiplicative Pillow contrast factor,sues200_uav_300m_to_satellite,r_at_5,0.86475,0.428,0.43675,43.675000000000004,0.5050592656837236,50.50592656837237
contrast,5,factor,0.2,multiplicative Pillow contrast factor,sues200_uav_300m_to_satellite,r_at_10,0.93225,0.5905,0.34175,34.175,0.36658621614373826,36.65862161437382
contrast,5,factor,0.2,multiplicative Pillow contrast factor,sues200_uav_300m_to_satellite,r_at_20,0.966,0.74675,0.21924999999999994,21.924999999999994,0.2269668737060041,22.696687370600408
contrast,5,factor,0.2,multiplicative Pillow contrast factor,sues200_uav_300m_to_satellite,official_trapezoid_mAP,0.576092541217804,0.22138731181621552,0.35470522940158844,35.470522940158844,0.6157087690317529,61.57087690317529
contrast,5,factor,0.2,multiplicative Pillow contrast factor,sues200_uav_300m_to_satellite,MRR,0.6554350852966309,0.29152461886405945,0.3639104664325714,36.39104664325714,0.5552196923786528,55.52196923786528
contrast,5,factor,0.2,multiplicative Pillow contrast factor,sues200_satellite_to_uav_300m,r_at_1,0.7,0.3125,0.38749999999999996,38.74999999999999,0.5535714285714285,55.35714285714285
contrast,5,factor,0.2,multiplicative Pillow contrast factor,sues200_satellite_to_uav_300m,r_at_5,0.8125,0.45,0.3625,36.25,0.4461538461538461,44.61538461538461
contrast,5,factor,0.2,multiplicative Pillow contrast factor,sues200_satellite_to_uav_300m,r_at_10,0.85,0.475,0.375,37.5,0.4411764705882353,44.11764705882353
contrast,5,factor,0.2,multiplicative Pillow contrast factor,sues200_satellite_to_uav_300m,r_at_20,0.8875,0.5625,0.32499999999999996,32.49999999999999,0.3661971830985915,36.619718309859145
contrast,5,factor,0.2,multiplicative Pillow contrast factor,sues200_satellite_to_uav_300m,official_trapezoid_mAP,0.5484455823898315,0.23291578888893127,0.31552979350090027,31.552979350090027,0.5753165010938565,57.531650109385644
contrast,5,factor,0.2,multiplicative Pillow contrast factor,sues200_satellite_to_uav_300m,MRR,0.7563574910163879,0.3826102316379547,0.3737472593784332,37.37472593784332,0.4941410164077231,49.41410164077231
center_occlusion,1,area_fraction,0.05,fraction of decoded source-image area,sues200_uav_150m_to_satellite,r_at_1,0.34075,0.2675,0.07324999999999998,7.324999999999998,0.21496698459280994,21.496698459280992
center_occlusion,1,area_fraction,0.05,fraction of decoded source-image area,sues200_uav_150m_to_satellite,r_at_5,0.7235,0.612,0.11150000000000004,11.150000000000004,0.15411195577055983,15.411195577055983
center_occlusion,1,area_fraction,0.05,fraction of decoded source-image area,sues200_uav_150m_to_satellite,r_at_10,0.855,0.76275,0.09224999999999994,9.224999999999994,0.1078947368421052,10.78947368421052
center_occlusion,1,area_fraction,0.05,fraction of decoded source-image area,sues200_uav_150m_to_satellite,r_at_20,0.94175,0.8765,0.06525000000000003,6.525000000000003,0.06928590390230957,6.928590390230957
center_occlusion,1,area_fraction,0.05,fraction of decoded source-image area,sues200_uav_150m_to_satellite,official_trapezoid_mAP,0.4256778061389923,0.3473648130893707,0.07831299304962158,7.831299304962158,0.1839724597341371,18.39724597341371
center_occlusion,1,area_fraction,0.05,fraction of decoded source-image area,sues200_uav_150m_to_satellite,MRR,0.5106055736541748,0.4272296130657196,0.0833759605884552,8.33759605884552,0.1632883871434675,16.328838714346748
center_occlusion,1,area_fraction,0.05,fraction of decoded source-image area,sues200_satellite_to_uav_150m,r_at_1,0.5375,0.3125,0.22499999999999998,22.499999999999996,0.41860465116279066,41.860465116279066
center_occlusion,1,area_fraction,0.05,fraction of decoded source-image area,sues200_satellite_to_uav_150m,r_at_5,0.6875,0.4875,0.2,20.0,0.29090909090909095,29.09090909090909
center_occlusion,1,area_fraction,0.05,fraction of decoded source-image area,sues200_satellite_to_uav_150m,r_at_10,0.775,0.575,0.20000000000000007,20.000000000000007,0.25806451612903236,25.806451612903235
center_occlusion,1,area_fraction,0.05,fraction of decoded source-image area,sues200_satellite_to_uav_150m,r_at_20,0.7875,0.65,0.13749999999999996,13.749999999999996,0.17460317460317454,17.460317460317455
center_occlusion,1,area_fraction,0.05,fraction of decoded source-image area,sues200_satellite_to_uav_150m,official_trapezoid_mAP,0.39359670877456665,0.2483481466770172,0.14524856209754944,14.524856209754944,0.36902890410280553,36.902890410280555
center_occlusion,1,area_fraction,0.05,fraction of decoded source-image area,sues200_satellite_to_uav_150m,MRR,0.603905200958252,0.40240222215652466,0.2015029788017273,20.15029788017273,0.333666572968722,33.3666572968722
center_occlusion,1,area_fraction,0.05,fraction of decoded source-image area,sues200_uav_200m_to_satellite,r_at_1,0.4145,0.322,0.09249999999999997,9.249999999999996,0.22316043425814228,22.316043425814225
center_occlusion,1,area_fraction,0.05,fraction of decoded source-image area,sues200_uav_200m_to_satellite,r_at_5,0.817,0.702,0.11499999999999999,11.5,0.14075887392900857,14.075887392900858
center_occlusion,1,area_fraction,0.05,fraction of decoded source-image area,sues200_uav_200m_to_satellite,r_at_10,0.91175,0.8385,0.07324999999999993,7.324999999999992,0.08034000548395934,8.034000548395934
center_occlusion,1,area_fraction,0.05,fraction of decoded source-image area,sues200_uav_200m_to_satellite,r_at_20,0.96625,0.92775,0.03850000000000009,3.850000000000009,0.039844760672703844,3.9844760672703843
center_occlusion,1,area_fraction,0.05,fraction of decoded source-image area,sues200_uav_200m_to_satellite,official_trapezoid_mAP,0.501873791217804,0.4051201641559601,0.09675362706184387,9.675362706184387,0.19278477727850624,19.278477727850625
center_occlusion,1,area_fraction,0.05,fraction of decoded source-image area,sues200_uav_200m_to_satellite,MRR,0.5892475843429565,0.48824039101600647,0.10100719332695007,10.100719332695007,0.1714172378654359,17.141723786543587
center_occlusion,1,area_fraction,0.05,fraction of decoded source-image area,sues200_satellite_to_uav_200m,r_at_1,0.6125,0.475,0.13750000000000007,13.750000000000007,0.22448979591836743,22.448979591836746
center_occlusion,1,area_fraction,0.05,fraction of decoded source-image area,sues200_satellite_to_uav_200m,r_at_5,0.7375,0.5875,0.15000000000000002,15.000000000000002,0.2033898305084746,20.33898305084746
center_occlusion,1,area_fraction,0.05,fraction of decoded source-image area,sues200_satellite_to_uav_200m,r_at_10,0.775,0.6,0.17500000000000004,17.500000000000004,0.22580645161290328,22.580645161290327
center_occlusion,1,area_fraction,0.05,fraction of decoded source-image area,sues200_satellite_to_uav_200m,r_at_20,0.85,0.6625,0.1875,18.75,0.22058823529411764,22.058823529411764
center_occlusion,1,area_fraction,0.05,fraction of decoded source-image area,sues200_satellite_to_uav_200m,official_trapezoid_mAP,0.48770156502723694,0.3209531009197235,0.16674846410751343,16.674846410751343,0.3419067644332881,34.190676443328805
center_occlusion,1,area_fraction,0.05,fraction of decoded source-image area,sues200_satellite_to_uav_200m,MRR,0.6723024249076843,0.5244637727737427,0.14783865213394165,14.783865213394165,0.21989903153218848,21.989903153218847
center_occlusion,1,area_fraction,0.05,fraction of decoded source-image area,sues200_uav_250m_to_satellite,r_at_1,0.481,0.36125,0.11974999999999997,11.974999999999996,0.2489604989604989,24.896049896049888
center_occlusion,1,area_fraction,0.05,fraction of decoded source-image area,sues200_uav_250m_to_satellite,r_at_5,0.849,0.732,0.11699999999999999,11.7,0.13780918727915195,13.780918727915195
center_occlusion,1,area_fraction,0.05,fraction of decoded source-image area,sues200_uav_250m_to_satellite,r_at_10,0.9265,0.85775,0.06874999999999998,6.874999999999998,0.07420399352401509,7.4203993524015095
center_occlusion,1,area_fraction,0.05,fraction of decoded source-image area,sues200_uav_250m_to_satellite,r_at_20,0.968,0.93225,0.03574999999999995,3.574999999999995,0.03693181818181813,3.693181818181813
center_occlusion,1,area_fraction,0.05,fraction of decoded source-image area,sues200_uav_250m_to_satellite,official_trapezoid_mAP,0.5596025586128235,0.441779762506485,0.1178227961063385,11.78227961063385,0.21054727912324908,21.054727912324907
center_occlusion,1,area_fraction,0.05,fraction of decoded source-image area,sues200_uav_250m_to_satellite,MRR,0.6382049322128296,0.5223094820976257,0.11589545011520386,11.589545011520386,0.18159598001438645,18.159598001438646
center_occlusion,1,area_fraction,0.05,fraction of decoded source-image area,sues200_satellite_to_uav_250m,r_at_1,0.6875,0.55,0.13749999999999996,13.749999999999996,0.19999999999999993,19.999999999999996
center_occlusion,1,area_fraction,0.05,fraction of decoded source-image area,sues200_satellite_to_uav_250m,r_at_5,0.7625,0.625,0.13749999999999996,13.749999999999996,0.18032786885245897,18.032786885245898
center_occlusion,1,area_fraction,0.05,fraction of decoded source-image area,sues200_satellite_to_uav_250m,r_at_10,0.825,0.6625,0.16249999999999998,16.249999999999996,0.19696969696969696,19.696969696969695
center_occlusion,1,area_fraction,0.05,fraction of decoded source-image area,sues200_satellite_to_uav_250m,r_at_20,0.8875,0.7125,0.17499999999999993,17.499999999999993,0.19718309859154923,19.71830985915492
center_occlusion,1,area_fraction,0.05,fraction of decoded source-image area,sues200_satellite_to_uav_250m,official_trapezoid_mAP,0.5284179449081421,0.37353864312171936,0.15487930178642273,15.487930178642273,0.29310000403817904,29.310000403817906
center_occlusion,1,area_fraction,0.05,fraction of decoded source-image area,sues200_satellite_to_uav_250m,MRR,0.7299930453300476,0.5910004377365112,0.13899260759353638,13.899260759353638,0.19040264627547848,19.04026462754785
center_occlusion,1,area_fraction,0.05,fraction of decoded source-image area,sues200_uav_300m_to_satellite,r_at_1,0.49675,0.38025,0.11650000000000005,11.650000000000006,0.2345244086562658,23.45244086562658
center_occlusion,1,area_fraction,0.05,fraction of decoded source-image area,sues200_uav_300m_to_satellite,r_at_5,0.86475,0.74425,0.12050000000000005,12.050000000000004,0.13934663197455918,13.934663197455917
center_occlusion,1,area_fraction,0.05,fraction of decoded source-image area,sues200_uav_300m_to_satellite,r_at_10,0.93225,0.861,0.07125000000000004,7.1250000000000036,0.07642799678197912,7.642799678197912
center_occlusion,1,area_fraction,0.05,fraction of decoded source-image area,sues200_uav_300m_to_satellite,r_at_20,0.966,0.93125,0.03474999999999995,3.4749999999999948,0.03597308488612831,3.597308488612831
center_occlusion,1,area_fraction,0.05,fraction of decoded source-image area,sues200_uav_300m_to_satellite,official_trapezoid_mAP,0.576092541217804,0.45934930443763733,0.11674323678016663,11.674323678016663,0.2026466729344954,20.26466729344954
center_occlusion,1,area_fraction,0.05,fraction of decoded source-image area,sues200_uav_300m_to_satellite,MRR,0.6554350852966309,0.5384486317634583,0.11698645353317261,11.69864535331726,0.1784867123495959,17.84867123495959
center_occlusion,1,area_fraction,0.05,fraction of decoded source-image area,sues200_satellite_to_uav_300m,r_at_1,0.7,0.55,0.1499999999999999,14.999999999999991,0.21428571428571416,21.428571428571416
center_occlusion,1,area_fraction,0.05,fraction of decoded source-image area,sues200_satellite_to_uav_300m,r_at_5,0.8125,0.6,0.21250000000000002,21.250000000000004,0.26153846153846155,26.153846153846157
center_occlusion,1,area_fraction,0.05,fraction of decoded source-image area,sues200_satellite_to_uav_300m,r_at_10,0.85,0.675,0.17499999999999993,17.499999999999993,0.2058823529411764,20.588235294117638
center_occlusion,1,area_fraction,0.05,fraction of decoded source-image area,sues200_satellite_to_uav_300m,r_at_20,0.8875,0.7125,0.17499999999999993,17.499999999999993,0.19718309859154923,19.71830985915492
center_occlusion,1,area_fraction,0.05,fraction of decoded source-image area,sues200_satellite_to_uav_300m,official_trapezoid_mAP,0.5484455823898315,0.39207324385643005,0.1563723385334015,15.637233853340149,0.28511915047617803,28.511915047617805
center_occlusion,1,area_fraction,0.05,fraction of decoded source-image area,sues200_satellite_to_uav_300m,MRR,0.7563574910163879,0.5871837735176086,0.1691737174987793,16.91737174987793,0.22366899185654238,22.366899185654237
center_occlusion,2,area_fraction,0.1,fraction of decoded source-image area,sues200_uav_150m_to_satellite,r_at_1,0.34075,0.158,0.18275,18.275,0.5363169479090242,53.631694790902415
center_occlusion,2,area_fraction,0.1,fraction of decoded source-image area,sues200_uav_150m_to_satellite,r_at_5,0.7235,0.47925,0.24425000000000002,24.425,0.33759502418797516,33.75950241879751
center_occlusion,2,area_fraction,0.1,fraction of decoded source-image area,sues200_uav_150m_to_satellite,r_at_10,0.855,0.64325,0.21175,21.175,0.2476608187134503,24.76608187134503
center_occlusion,2,area_fraction,0.1,fraction of decoded source-image area,sues200_uav_150m_to_satellite,r_at_20,0.94175,0.78325,0.15849999999999997,15.849999999999998,0.16830368993894343,16.830368993894343
center_occlusion,2,area_fraction,0.1,fraction of decoded source-image area,sues200_uav_150m_to_satellite,official_trapezoid_mAP,0.4256778061389923,0.23497726023197174,0.19070054590702057,19.070054590702057,0.44799269108418827,44.79926910841883
center_occlusion,2,area_fraction,0.1,fraction of decoded source-image area,sues200_uav_150m_to_satellite,MRR,0.5106055736541748,0.311954528093338,0.1986510455608368,19.86510455608368,0.389049896457613,38.9049896457613
center_occlusion,2,area_fraction,0.1,fraction of decoded source-image area,sues200_satellite_to_uav_150m,r_at_1,0.5375,0.2375,0.3,30.0,0.5581395348837209,55.81395348837209
center_occlusion,2,area_fraction,0.1,fraction of decoded source-image area,sues200_satellite_to_uav_150m,r_at_5,0.6875,0.3375,0.35,35.0,0.509090909090909,50.90909090909091
center_occlusion,2,area_fraction,0.1,fraction of decoded source-image area,sues200_satellite_to_uav_150m,r_at_10,0.775,0.35,0.42500000000000004,42.50000000000001,0.5483870967741936,54.83870967741936
center_occlusion,2,area_fraction,0.1,fraction of decoded source-image area,sues200_satellite_to_uav_150m,r_at_20,0.7875,0.475,0.3125,31.25,0.39682539682539686,39.682539682539684
center_occlusion,2,area_fraction,0.1,fraction of decoded source-image area,sues200_satellite_to_uav_150m,official_trapezoid_mAP,0.39359670877456665,0.16496309638023376,0.22863361239433289,22.86336123943329,0.5808829375280251,58.08829375280251
center_occlusion,2,area_fraction,0.1,fraction of decoded source-image area,sues200_satellite_to_uav_150m,MRR,0.603905200958252,0.29540562629699707,0.3084995746612549,30.84995746612549,0.5108410627557777,51.08410627557776
center_occlusion,2,area_fraction,0.1,fraction of decoded source-image area,sues200_uav_200m_to_satellite,r_at_1,0.4145,0.20125,0.21324999999999997,21.324999999999996,0.5144752714113389,51.44752714113389
center_occlusion,2,area_fraction,0.1,fraction of decoded source-image area,sues200_uav_200m_to_satellite,r_at_5,0.817,0.5555,0.26149999999999995,26.149999999999995,0.3200734394124847,32.007343941248465
center_occlusion,2,area_fraction,0.1,fraction of decoded source-image area,sues200_uav_200m_to_satellite,r_at_10,0.91175,0.72525,0.1865,18.65,0.20455168631752127,20.455168631752123
center_occlusion,2,area_fraction,0.1,fraction of decoded source-image area,sues200_uav_200m_to_satellite,r_at_20,0.96625,0.84025,0.126,12.6,0.13040103492884864,13.040103492884864
center_occlusion,2,area_fraction,0.1,fraction of decoded source-image area,sues200_uav_200m_to_satellite,official_trapezoid_mAP,0.501873791217804,0.2819637358188629,0.21991005539894104,21.991005539894104,0.438178002611625,43.8178002611625
center_occlusion,2,area_fraction,0.1,fraction of decoded source-image area,sues200_uav_200m_to_satellite,MRR,0.5892475843429565,0.3626774847507477,0.22657009959220886,22.657009959220886,0.3845074729408471,38.45074729408471
center_occlusion,2,area_fraction,0.1,fraction of decoded source-image area,sues200_satellite_to_uav_200m,r_at_1,0.6125,0.3,0.31250000000000006,31.250000000000007,0.5102040816326531,51.020408163265316
center_occlusion,2,area_fraction,0.1,fraction of decoded source-image area,sues200_satellite_to_uav_200m,r_at_5,0.7375,0.4125,0.32500000000000007,32.50000000000001,0.44067796610169496,44.0677966101695
center_occlusion,2,area_fraction,0.1,fraction of decoded source-image area,sues200_satellite_to_uav_200m,r_at_10,0.775,0.5125,0.26250000000000007,26.250000000000007,0.3387096774193549,33.870967741935495
center_occlusion,2,area_fraction,0.1,fraction of decoded source-image area,sues200_satellite_to_uav_200m,r_at_20,0.85,0.5375,0.3125,31.25,0.36764705882352944,36.76470588235294
center_occlusion,2,area_fraction,0.1,fraction of decoded source-image area,sues200_satellite_to_uav_200m,official_trapezoid_mAP,0.48770156502723694,0.2101116180419922,0.27758994698524475,27.758994698524475,0.5691799389032964,56.91799389032964
center_occlusion,2,area_fraction,0.1,fraction of decoded source-image area,sues200_satellite_to_uav_200m,MRR,0.6723024249076843,0.3632470667362213,0.309055358171463,30.9055358171463,0.45969692614733654,45.96969261473365
center_occlusion,2,area_fraction,0.1,fraction of decoded source-image area,sues200_uav_250m_to_satellite,r_at_1,0.481,0.22225,0.25875,25.874999999999996,0.5379417879417879,53.79417879417879
center_occlusion,2,area_fraction,0.1,fraction of decoded source-image area,sues200_uav_250m_to_satellite,r_at_5,0.849,0.57025,0.27874999999999994,27.874999999999993,0.3283274440518256,32.83274440518256
center_occlusion,2,area_fraction,0.1,fraction of decoded source-image area,sues200_uav_250m_to_satellite,r_at_10,0.9265,0.72975,0.19674999999999998,19.674999999999997,0.21235833783054503,21.235833783054503
center_occlusion,2,area_fraction,0.1,fraction of decoded source-image area,sues200_uav_250m_to_satellite,r_at_20,0.968,0.84725,0.12075000000000002,12.075000000000003,0.1247417355371901,12.474173553719012
center_occlusion,2,area_fraction,0.1,fraction of decoded source-image area,sues200_uav_250m_to_satellite,official_trapezoid_mAP,0.5596025586128235,0.3013897240161896,0.2582128345966339,25.82128345966339,0.4614218262988422,46.142182629884225
center_occlusion,2,area_fraction,0.1,fraction of decoded source-image area,sues200_uav_250m_to_satellite,MRR,0.6382049322128296,0.3805294334888458,0.25767549872398376,25.767549872398376,0.403750403229497,40.3750403229497
center_occlusion,2,area_fraction,0.1,fraction of decoded source-image area,sues200_satellite_to_uav_250m,r_at_1,0.6875,0.3875,0.3,30.0,0.43636363636363634,43.63636363636363
center_occlusion,2,area_fraction,0.1,fraction of decoded source-image area,sues200_satellite_to_uav_250m,r_at_5,0.7625,0.4875,0.27499999999999997,27.499999999999996,0.360655737704918,36.0655737704918
center_occlusion,2,area_fraction,0.1,fraction of decoded source-image area,sues200_satellite_to_uav_250m,r_at_10,0.825,0.5375,0.2875,28.749999999999996,0.34848484848484845,34.848484848484844
center_occlusion,2,area_fraction,0.1,fraction of decoded source-image area,sues200_satellite_to_uav_250m,r_at_20,0.8875,0.575,0.3125,31.25,0.35211267605633806,35.21126760563381
center_occlusion,2,area_fraction,0.1,fraction of decoded source-image area,sues200_satellite_to_uav_250m,official_trapezoid_mAP,0.5284179449081421,0.2553989589214325,0.2730189859867096,27.30189859867096,0.5166724344196336,51.66724344196336
center_occlusion,2,area_fraction,0.1,fraction of decoded source-image area,sues200_satellite_to_uav_250m,MRR,0.7299930453300476,0.43660062551498413,0.2933924198150635,29.339241981506348,0.40191125339065886,40.191125339065884
center_occlusion,2,area_fraction,0.1,fraction of decoded source-image area,sues200_uav_300m_to_satellite,r_at_1,0.49675,0.22375,0.273,27.3,0.5495722194262708,54.95722194262707
center_occlusion,2,area_fraction,0.1,fraction of decoded source-image area,sues200_uav_300m_to_satellite,r_at_5,0.86475,0.56225,0.3025,30.25,0.3498120844174617,34.98120844174617
center_occlusion,2,area_fraction,0.1,fraction of decoded source-image area,sues200_uav_300m_to_satellite,r_at_10,0.93225,0.722,0.21025000000000005,21.025000000000006,0.22552963260927866,22.552963260927868
center_occlusion,2,area_fraction,0.1,fraction of decoded source-image area,sues200_uav_300m_to_satellite,r_at_20,0.966,0.8405,0.12549999999999994,12.549999999999994,0.1299171842650103,12.991718426501029
center_occlusion,2,area_fraction,0.1,fraction of decoded source-image area,sues200_uav_300m_to_satellite,official_trapezoid_mAP,0.576092541217804,0.30266696214675903,0.2734255790710449,27.342557907104492,0.4746209324166039,47.46209324166039
center_occlusion,2,area_fraction,0.1,fraction of decoded source-image area,sues200_uav_300m_to_satellite,MRR,0.6554350852966309,0.38158392906188965,0.2738511562347412,27.38511562347412,0.41781583314357384,41.781583314357384
center_occlusion,2,area_fraction,0.1,fraction of decoded source-image area,sues200_satellite_to_uav_300m,r_at_1,0.7,0.4125,0.2875,28.749999999999996,0.4107142857142857,41.07142857142857
center_occlusion,2,area_fraction,0.1,fraction of decoded source-image area,sues200_satellite_to_uav_300m,r_at_5,0.8125,0.5,0.3125,31.25,0.38461538461538464,38.46153846153846
center_occlusion,2,area_fraction,0.1,fraction of decoded source-image area,sues200_satellite_to_uav_300m,r_at_10,0.85,0.575,0.275,27.500000000000004,0.3235294117647059,32.352941176470594
center_occlusion,2,area_fraction,0.1,fraction of decoded source-image area,sues200_satellite_to_uav_300m,r_at_20,0.8875,0.625,0.26249999999999996,26.249999999999996,0.2957746478873239,29.577464788732392
center_occlusion,2,area_fraction,0.1,fraction of decoded source-image area,sues200_satellite_to_uav_300m,official_trapezoid_mAP,0.5484455823898315,0.2762604355812073,0.27218514680862427,27.218514680862427,0.4962846917693957,49.62846917693957
center_occlusion,2,area_fraction,0.1,fraction of decoded source-image area,sues200_satellite_to_uav_300m,MRR,0.7563574910163879,0.4649936556816101,0.29136383533477783,29.136383533477783,0.38521973907238644,38.521973907238646
center_occlusion,3,area_fraction,0.2,fraction of decoded source-image area,sues200_uav_150m_to_satellite,r_at_1,0.34075,0.056,0.28475,28.475,0.8356566397652238,83.56566397652239
center_occlusion,3,area_fraction,0.2,fraction of decoded source-image area,sues200_uav_150m_to_satellite,r_at_5,0.7235,0.23525,0.4882500000000001,48.82500000000001,0.6748445058742226,67.48445058742226
center_occlusion,3,area_fraction,0.2,fraction of decoded source-image area,sues200_uav_150m_to_satellite,r_at_10,0.855,0.39,0.46499999999999997,46.5,0.543859649122807,54.385964912280706
center_occlusion,3,area_fraction,0.2,fraction of decoded source-image area,sues200_uav_150m_to_satellite,r_at_20,0.94175,0.5655,0.37625,37.625,0.39952216617998404,39.95221661799841
center_occlusion,3,area_fraction,0.2,fraction of decoded source-image area,sues200_uav_150m_to_satellite,official_trapezoid_mAP,0.4256778061389923,0.10843463987112045,0.31724316626787186,31.724316626787186,0.7452659304588823,74.52659304588823
center_occlusion,3,area_fraction,0.2,fraction of decoded source-image area,sues200_uav_150m_to_satellite,MRR,0.5106055736541748,0.160869300365448,0.3497362732887268,34.97362732887268,0.6849440964496751,68.49440964496752
center_occlusion,3,area_fraction,0.2,fraction of decoded source-image area,sues200_satellite_to_uav_150m,r_at_1,0.5375,0.0625,0.475,47.5,0.8837209302325582,88.37209302325581
center_occlusion,3,area_fraction,0.2,fraction of decoded source-image area,sues200_satellite_to_uav_150m,r_at_5,0.6875,0.15,0.5375,53.75,0.7818181818181817,78.18181818181819
center_occlusion,3,area_fraction,0.2,fraction of decoded source-image area,sues200_satellite_to_uav_150m,r_at_10,0.775,0.175,0.6000000000000001,60.00000000000001,0.7741935483870969,77.41935483870968
center_occlusion,3,area_fraction,0.2,fraction of decoded source-image area,sues200_satellite_to_uav_150m,r_at_20,0.7875,0.275,0.5125,51.24999999999999,0.6507936507936507,65.07936507936508
center_occlusion,3,area_fraction,0.2,fraction of decoded source-image area,sues200_satellite_to_uav_150m,official_trapezoid_mAP,0.39359670877456665,0.08428828418254852,0.3093084245920181,30.930842459201813,0.7858511458467891,78.5851145846789
center_occlusion,3,area_fraction,0.2,fraction of decoded source-image area,sues200_satellite_to_uav_150m,MRR,0.603905200958252,0.1104779988527298,0.49342720210552216,49.342720210552216,0.8170606931726572,81.70606931726572
center_occlusion,3,area_fraction,0.2,fraction of decoded source-image area,sues200_uav_200m_to_satellite,r_at_1,0.4145,0.0615,0.353,35.3,0.8516284680337757,85.16284680337756
center_occlusion,3,area_fraction,0.2,fraction of decoded source-image area,sues200_uav_200m_to_satellite,r_at_5,0.817,0.24225,0.57475,57.475,0.7034883720930233,70.34883720930233
center_occlusion,3,area_fraction,0.2,fraction of decoded source-image area,sues200_uav_200m_to_satellite,r_at_10,0.91175,0.40875,0.5029999999999999,50.29999999999999,0.5516863175212503,55.16863175212502
center_occlusion,3,area_fraction,0.2,fraction of decoded source-image area,sues200_uav_200m_to_satellite,r_at_20,0.96625,0.59425,0.3720000000000001,37.20000000000001,0.3849935316946961,38.49935316946961
center_occlusion,3,area_fraction,0.2,fraction of decoded source-image area,sues200_uav_200m_to_satellite,official_trapezoid_mAP,0.501873791217804,0.11386091262102127,0.3880128785967827,38.80128785967827,0.7731283948007404,77.31283948007403
center_occlusion,3,area_fraction,0.2,fraction of decoded source-image area,sues200_uav_200m_to_satellite,MRR,0.5892475843429565,0.16622182726860046,0.4230257570743561,42.30257570743561,0.717908343308786,71.7908343308786
center_occlusion,3,area_fraction,0.2,fraction of decoded source-image area,sues200_satellite_to_uav_200m,r_at_1,0.6125,0.1375,0.47500000000000003,47.5,0.7755102040816326,77.55102040816325
center_occlusion,3,area_fraction,0.2,fraction of decoded source-image area,sues200_satellite_to_uav_200m,r_at_5,0.7375,0.175,0.5625,56.25,0.7627118644067796,76.27118644067797
center_occlusion,3,area_fraction,0.2,fraction of decoded source-image area,sues200_satellite_to_uav_200m,r_at_10,0.775,0.2375,0.5375000000000001,53.75000000000001,0.6935483870967742,69.35483870967742
center_occlusion,3,area_fraction,0.2,fraction of decoded source-image area,sues200_satellite_to_uav_200m,r_at_20,0.85,0.275,0.575,57.49999999999999,0.676470588235294,67.6470588235294
center_occlusion,3,area_fraction,0.2,fraction of decoded source-image area,sues200_satellite_to_uav_200m,official_trapezoid_mAP,0.48770156502723694,0.11343590915203094,0.374265655875206,37.4265655875206,0.7674071249992896,76.74071249992896
center_occlusion,3,area_fraction,0.2,fraction of decoded source-image area,sues200_satellite_to_uav_200m,MRR,0.6723024249076843,0.16564808785915375,0.5066543370485306,50.66543370485306,0.753610753550533,75.3610753550533
center_occlusion,3,area_fraction,0.2,fraction of decoded source-image area,sues200_uav_250m_to_satellite,r_at_1,0.481,0.05825,0.42274999999999996,42.275,0.8788981288981288,87.88981288981289
center_occlusion,3,area_fraction,0.2,fraction of decoded source-image area,sues200_uav_250m_to_satellite,r_at_5,0.849,0.24725,0.60175,60.175,0.7087750294464076,70.87750294464075
center_occlusion,3,area_fraction,0.2,fraction of decoded source-image area,sues200_uav_250m_to_satellite,r_at_10,0.9265,0.4115,0.515,51.5,0.5558553696708041,55.58553696708041
center_occlusion,3,area_fraction,0.2,fraction of decoded source-image area,sues200_uav_250m_to_satellite,r_at_20,0.968,0.582,0.386,38.6,0.3987603305785124,39.876033057851245
center_occlusion,3,area_fraction,0.2,fraction of decoded source-image area,sues200_uav_250m_to_satellite,official_trapezoid_mAP,0.5596025586128235,0.11192471534013748,0.447677843272686,44.7677843272686,0.7999924882088044,79.99924882088045
center_occlusion,3,area_fraction,0.2,fraction of decoded source-image area,sues200_uav_250m_to_satellite,MRR,0.6382049322128296,0.16559942066669464,0.47260551154613495,47.260551154613495,0.7405231261806196,74.05231261806196
center_occlusion,3,area_fraction,0.2,fraction of decoded source-image area,sues200_satellite_to_uav_250m,r_at_1,0.6875,0.1625,0.525,52.5,0.7636363636363637,76.36363636363636
center_occlusion,3,area_fraction,0.2,fraction of decoded source-image area,sues200_satellite_to_uav_250m,r_at_5,0.7625,0.2375,0.5249999999999999,52.49999999999999,0.6885245901639343,68.85245901639344
center_occlusion,3,area_fraction,0.2,fraction of decoded source-image area,sues200_satellite_to_uav_250m,r_at_10,0.825,0.25,0.575,57.49999999999999,0.6969696969696969,69.69696969696969
center_occlusion,3,area_fraction,0.2,fraction of decoded source-image area,sues200_satellite_to_uav_250m,r_at_20,0.8875,0.275,0.6124999999999999,61.24999999999999,0.6901408450704225,69.01408450704226
center_occlusion,3,area_fraction,0.2,fraction of decoded source-image area,sues200_satellite_to_uav_250m,official_trapezoid_mAP,0.5284179449081421,0.12942273914813995,0.39899520576000214,39.899520576000214,0.7550750492195373,75.50750492195372
center_occlusion,3,area_fraction,0.2,fraction of decoded source-image area,sues200_satellite_to_uav_250m,MRR,0.7299930453300476,0.19752225279808044,0.5324707925319672,53.247079253196716,0.7294189936990758,72.94189936990759
center_occlusion,3,area_fraction,0.2,fraction of decoded source-image area,sues200_uav_300m_to_satellite,r_at_1,0.49675,0.058,0.43875000000000003,43.875,0.883241066935078,88.3241066935078
center_occlusion,3,area_fraction,0.2,fraction of decoded source-image area,sues200_uav_300m_to_satellite,r_at_5,0.86475,0.24325,0.6215,62.150000000000006,0.7187048279849668,71.87048279849668
center_occlusion,3,area_fraction,0.2,fraction of decoded source-image area,sues200_uav_300m_to_satellite,r_at_10,0.93225,0.402,0.53025,53.025,0.5687851971037812,56.878519710378114
center_occlusion,3,area_fraction,0.2,fraction of decoded source-image area,sues200_uav_300m_to_satellite,r_at_20,0.966,0.5715,0.39449999999999996,39.449999999999996,0.40838509316770183,40.838509316770185
center_occlusion,3,area_fraction,0.2,fraction of decoded source-image area,sues200_uav_300m_to_satellite,official_trapezoid_mAP,0.576092541217804,0.10990466177463531,0.46618787944316864,46.618787944316864,0.8092239459613425,80.92239459613424
center_occlusion,3,area_fraction,0.2,fraction of decoded source-image area,sues200_uav_300m_to_satellite,MRR,0.6554350852966309,0.16180932521820068,0.4936257600784302,49.36257600784302,0.7531268483362155,75.31268483362155
center_occlusion,3,area_fraction,0.2,fraction of decoded source-image area,sues200_satellite_to_uav_300m,r_at_1,0.7,0.175,0.5249999999999999,52.49999999999999,0.7499999999999999,75.0
center_occlusion,3,area_fraction,0.2,fraction of decoded source-image area,sues200_satellite_to_uav_300m,r_at_5,0.8125,0.2375,0.575,57.49999999999999,0.7076923076923076,70.76923076923076
center_occlusion,3,area_fraction,0.2,fraction of decoded source-image area,sues200_satellite_to_uav_300m,r_at_10,0.85,0.25,0.6,60.0,0.7058823529411765,70.58823529411765
center_occlusion,3,area_fraction,0.2,fraction of decoded source-image area,sues200_satellite_to_uav_300m,r_at_20,0.8875,0.275,0.6124999999999999,61.24999999999999,0.6901408450704225,69.01408450704226
center_occlusion,3,area_fraction,0.2,fraction of decoded source-image area,sues200_satellite_to_uav_300m,official_trapezoid_mAP,0.5484455823898315,0.14172816276550293,0.4067174196243286,40.67174196243286,0.7415820870542386,74.15820870542386
center_occlusion,3,area_fraction,0.2,fraction of decoded source-image area,sues200_satellite_to_uav_300m,MRR,0.7563574910163879,0.20904774963855743,0.5473097413778305,54.73097413778305,0.7236125084744774,72.36125084744775
center_occlusion,4,area_fraction,0.3,fraction of decoded source-image area,sues200_uav_150m_to_satellite,r_at_1,0.34075,0.026,0.31475,31.474999999999998,0.9236977256052824,92.36977256052825
center_occlusion,4,area_fraction,0.3,fraction of decoded source-image area,sues200_uav_150m_to_satellite,r_at_5,0.7235,0.11525,0.6082500000000001,60.82500000000001,0.8407049067035246,84.07049067035247
center_occlusion,4,area_fraction,0.3,fraction of decoded source-image area,sues200_uav_150m_to_satellite,r_at_10,0.855,0.24225,0.61275,61.275,0.7166666666666667,71.66666666666667
center_occlusion,4,area_fraction,0.3,fraction of decoded source-image area,sues200_uav_150m_to_satellite,r_at_20,0.94175,0.3805,0.56125,56.125,0.5959649588531989,59.59649588531988
center_occlusion,4,area_fraction,0.3,fraction of decoded source-image area,sues200_uav_150m_to_satellite,official_trapezoid_mAP,0.4256778061389923,0.05994589999318123,0.3657319061458111,36.57319061458111,0.859175415939802,85.91754159398019
center_occlusion,4,area_fraction,0.3,fraction of decoded source-image area,sues200_uav_150m_to_satellite,MRR,0.5106055736541748,0.09389179944992065,0.41671377420425415,41.671377420425415,0.8161167752674943,81.61167752674942
center_occlusion,4,area_fraction,0.3,fraction of decoded source-image area,sues200_satellite_to_uav_150m,r_at_1,0.5375,0.0625,0.475,47.5,0.8837209302325582,88.37209302325581
center_occlusion,4,area_fraction,0.3,fraction of decoded source-image area,sues200_satellite_to_uav_150m,r_at_5,0.6875,0.0875,0.6,60.0,0.8727272727272727,87.27272727272727
center_occlusion,4,area_fraction,0.3,fraction of decoded source-image area,sues200_satellite_to_uav_150m,r_at_10,0.775,0.1125,0.6625,66.25,0.8548387096774193,85.48387096774194
center_occlusion,4,area_fraction,0.3,fraction of decoded source-image area,sues200_satellite_to_uav_150m,r_at_20,0.7875,0.1125,0.6749999999999999,67.5,0.8571428571428571,85.71428571428572
center_occlusion,4,area_fraction,0.3,fraction of decoded source-image area,sues200_satellite_to_uav_150m,official_trapezoid_mAP,0.39359670877456665,0.054904401302337646,0.338692307472229,33.8692307472229,0.8605059440835308,86.05059440835308
center_occlusion,4,area_fraction,0.3,fraction of decoded source-image area,sues200_satellite_to_uav_150m,MRR,0.603905200958252,0.08072198927402496,0.523183211684227,52.3183211684227,0.866333343137402,86.63333431374019
center_occlusion,4,area_fraction,0.3,fraction of decoded source-image area,sues200_uav_200m_to_satellite,r_at_1,0.4145,0.03175,0.38275,38.275,0.9234016887816646,92.34016887816647
center_occlusion,4,area_fraction,0.3,fraction of decoded source-image area,sues200_uav_200m_to_satellite,r_at_5,0.817,0.10475,0.7122499999999999,71.225,0.8717870257037944,87.17870257037943
center_occlusion,4,area_fraction,0.3,fraction of decoded source-image area,sues200_uav_200m_to_satellite,r_at_10,0.91175,0.23325,0.6784999999999999,67.85,0.7441732931176308,74.4173293117631
center_occlusion,4,area_fraction,0.3,fraction of decoded source-image area,sues200_uav_200m_to_satellite,r_at_20,0.96625,0.38,0.58625,58.62500000000001,0.6067270375161707,60.67270375161708
center_occlusion,4,area_fraction,0.3,fraction of decoded source-image area,sues200_uav_200m_to_satellite,official_trapezoid_mAP,0.501873791217804,0.0632832795381546,0.43859051167964935,43.859051167964935,0.8739059886259515,87.39059886259516
center_occlusion,4,area_fraction,0.3,fraction of decoded source-image area,sues200_uav_200m_to_satellite,MRR,0.5892475843429565,0.09481655806303024,0.4944310262799263,49.44310262799263,0.8390887623769286,83.90887623769287
center_occlusion,4,area_fraction,0.3,fraction of decoded source-image area,sues200_satellite_to_uav_200m,r_at_1,0.6125,0.0625,0.55,55.00000000000001,0.8979591836734694,89.79591836734694
center_occlusion,4,area_fraction,0.3,fraction of decoded source-image area,sues200_satellite_to_uav_200m,r_at_5,0.7375,0.1125,0.625,62.5,0.847457627118644,84.7457627118644
center_occlusion,4,area_fraction,0.3,fraction of decoded source-image area,sues200_satellite_to_uav_200m,r_at_10,0.775,0.125,0.65,65.0,0.8387096774193549,83.87096774193549
center_occlusion,4,area_fraction,0.3,fraction of decoded source-image area,sues200_satellite_to_uav_200m,r_at_20,0.85,0.125,0.725,72.5,0.8529411764705882,85.29411764705883
center_occlusion,4,area_fraction,0.3,fraction of decoded source-image area,sues200_satellite_to_uav_200m,official_trapezoid_mAP,0.48770156502723694,0.06629437208175659,0.42140719294548035,42.140719294548035,0.8640677479104374,86.40677479104373
center_occlusion,4,area_fraction,0.3,fraction of decoded source-image area,sues200_satellite_to_uav_200m,MRR,0.6723024249076843,0.08944059908390045,0.5828618258237839,58.28618258237839,0.8669637416581061,86.69637416581061
center_occlusion,4,area_fraction,0.3,fraction of decoded source-image area,sues200_uav_250m_to_satellite,r_at_1,0.481,0.02925,0.45175,45.175,0.9391891891891891,93.91891891891892
center_occlusion,4,area_fraction,0.3,fraction of decoded source-image area,sues200_uav_250m_to_satellite,r_at_5,0.849,0.1135,0.7354999999999999,73.55,0.8663133097762072,86.63133097762073
center_occlusion,4,area_fraction,0.3,fraction of decoded source-image area,sues200_uav_250m_to_satellite,r_at_10,0.9265,0.2345,0.692,69.19999999999999,0.7468969239071775,74.68969239071774
center_occlusion,4,area_fraction,0.3,fraction of decoded source-image area,sues200_uav_250m_to_satellite,r_at_20,0.968,0.36775,0.60025,60.02499999999999,0.6200929752066116,62.00929752066115
center_occlusion,4,area_fraction,0.3,fraction of decoded source-image area,sues200_uav_250m_to_satellite,official_trapezoid_mAP,0.5596025586128235,0.06163443997502327,0.4979681186378002,49.79681186378002,0.8898603320760248,88.98603320760247
center_occlusion,4,area_fraction,0.3,fraction of decoded source-image area,sues200_uav_250m_to_satellite,MRR,0.6382049322128296,0.09401889145374298,0.5441860407590866,54.41860407590866,0.8526822863500068,85.26822863500068
center_occlusion,4,area_fraction,0.3,fraction of decoded source-image area,sues200_satellite_to_uav_250m,r_at_1,0.6875,0.075,0.6125,61.25000000000001,0.890909090909091,89.09090909090911
center_occlusion,4,area_fraction,0.3,fraction of decoded source-image area,sues200_satellite_to_uav_250m,r_at_5,0.7625,0.0875,0.6749999999999999,67.5,0.8852459016393442,88.52459016393443
center_occlusion,4,area_fraction,0.3,fraction of decoded source-image area,sues200_satellite_to_uav_250m,r_at_10,0.825,0.125,0.7,70.0,0.8484848484848485,84.84848484848486
center_occlusion,4,area_fraction,0.3,fraction of decoded source-image area,sues200_satellite_to_uav_250m,r_at_20,0.8875,0.1625,0.725,72.5,0.8169014084507042,81.69014084507043
center_occlusion,4,area_fraction,0.3,fraction of decoded source-image area,sues200_satellite_to_uav_250m,official_trapezoid_mAP,0.5284179449081421,0.0702793151140213,0.4581386297941208,45.81386297941208,0.8670005139090453,86.70005139090453
center_occlusion,4,area_fraction,0.3,fraction of decoded source-image area,sues200_satellite_to_uav_250m,MRR,0.7299930453300476,0.09221507608890533,0.6377779692411423,63.77779692411423,0.8736767744859643,87.36767744859642
center_occlusion,4,area_fraction,0.3,fraction of decoded source-image area,sues200_uav_300m_to_satellite,r_at_1,0.49675,0.0305,0.46625000000000005,46.62500000000001,0.9386009058882738,93.86009058882739
center_occlusion,4,area_fraction,0.3,fraction of decoded source-image area,sues200_uav_300m_to_satellite,r_at_5,0.86475,0.10825,0.7565000000000001,75.65,0.8748193119398671,87.48193119398671
center_occlusion,4,area_fraction,0.3,fraction of decoded source-image area,sues200_uav_300m_to_satellite,r_at_10,0.93225,0.22825,0.704,70.39999999999999,0.7551622418879056,75.51622418879055
center_occlusion,4,area_fraction,0.3,fraction of decoded source-image area,sues200_uav_300m_to_satellite,r_at_20,0.966,0.37625,0.58975,58.975,0.6105072463768116,61.050724637681164
center_occlusion,4,area_fraction,0.3,fraction of decoded source-image area,sues200_uav_300m_to_satellite,official_trapezoid_mAP,0.576092541217804,0.061849817633628845,0.5142427235841751,51.42427235841751,0.8926390931865142,89.26390931865143
center_occlusion,4,area_fraction,0.3,fraction of decoded source-image area,sues200_uav_300m_to_satellite,MRR,0.6554350852966309,0.09319963306188583,0.562235452234745,56.2235452234745,0.8578049372811551,85.78049372811552
center_occlusion,4,area_fraction,0.3,fraction of decoded source-image area,sues200_satellite_to_uav_300m,r_at_1,0.7,0.075,0.625,62.5,0.8928571428571429,89.28571428571429
center_occlusion,4,area_fraction,0.3,fraction of decoded source-image area,sues200_satellite_to_uav_300m,r_at_5,0.8125,0.075,0.7375,73.75,0.9076923076923078,90.76923076923077
center_occlusion,4,area_fraction,0.3,fraction of decoded source-image area,sues200_satellite_to_uav_300m,r_at_10,0.85,0.125,0.725,72.5,0.8529411764705882,85.29411764705883
center_occlusion,4,area_fraction,0.3,fraction of decoded source-image area,sues200_satellite_to_uav_300m,r_at_20,0.8875,0.1375,0.75,75.0,0.8450704225352114,84.50704225352113
center_occlusion,4,area_fraction,0.3,fraction of decoded source-image area,sues200_satellite_to_uav_300m,official_trapezoid_mAP,0.5484455823898315,0.0762995108962059,0.47214607149362564,47.214607149362564,0.8608804349125513,86.08804349125512
center_occlusion,4,area_fraction,0.3,fraction of decoded source-image area,sues200_satellite_to_uav_300m,MRR,0.7563574910163879,0.08984716236591339,0.6665103286504745,66.65103286504745,0.8812107192259345,88.12107192259346
center_occlusion,5,area_fraction,0.4,fraction of decoded source-image area,sues200_uav_150m_to_satellite,r_at_1,0.34075,0.014,0.32675,32.675,0.9589141599413059,95.89141599413058
center_occlusion,5,area_fraction,0.4,fraction of decoded source-image area,sues200_uav_150m_to_satellite,r_at_5,0.7235,0.04575,0.6777500000000001,67.775,0.9367657221838287,93.67657221838286
center_occlusion,5,area_fraction,0.4,fraction of decoded source-image area,sues200_uav_150m_to_satellite,r_at_10,0.855,0.11825,0.73675,73.675,0.8616959064327486,86.16959064327486
center_occlusion,5,area_fraction,0.4,fraction of decoded source-image area,sues200_uav_150m_to_satellite,r_at_20,0.94175,0.20925,0.7324999999999999,73.25,0.7778072736925935,77.78072736925935
center_occlusion,5,area_fraction,0.4,fraction of decoded source-image area,sues200_uav_150m_to_satellite,official_trapezoid_mAP,0.4256778061389923,0.03372916579246521,0.3919486403465271,39.19486403465271,0.9207636261368722,92.07636261368722
center_occlusion,5,area_fraction,0.4,fraction of decoded source-image area,sues200_uav_150m_to_satellite,MRR,0.5106055736541748,0.05345833674073219,0.4571472369134426,45.71472369134426,0.8953040477835859,89.53040477835859
center_occlusion,5,area_fraction,0.4,fraction of decoded source-image area,sues200_satellite_to_uav_150m,r_at_1,0.5375,0.05,0.4875,48.75,0.9069767441860466,90.69767441860465
center_occlusion,5,area_fraction,0.4,fraction of decoded source-image area,sues200_satellite_to_uav_150m,r_at_5,0.6875,0.0625,0.625,62.5,0.9090909090909091,90.9090909090909
center_occlusion,5,area_fraction,0.4,fraction of decoded source-image area,sues200_satellite_to_uav_150m,r_at_10,0.775,0.075,0.7000000000000001,70.0,0.903225806451613,90.32258064516128
center_occlusion,5,area_fraction,0.4,fraction of decoded source-image area,sues200_satellite_to_uav_150m,r_at_20,0.7875,0.1,0.6875,68.75,0.873015873015873,87.3015873015873
center_occlusion,5,area_fraction,0.4,fraction of decoded source-image area,sues200_satellite_to_uav_150m,official_trapezoid_mAP,0.39359670877456665,0.04075048118829727,0.3528462275862694,35.28462275862694,0.8964664076710123,89.64664076710123
center_occlusion,5,area_fraction,0.4,fraction of decoded source-image area,sues200_satellite_to_uav_150m,MRR,0.603905200958252,0.05912494659423828,0.5447802543640137,54.47802543640137,0.9020956492833292,90.20956492833291
center_occlusion,5,area_fraction,0.4,fraction of decoded source-image area,sues200_uav_200m_to_satellite,r_at_1,0.4145,0.01475,0.39975,39.975,0.9644149577804584,96.44149577804585
center_occlusion,5,area_fraction,0.4,fraction of decoded source-image area,sues200_uav_200m_to_satellite,r_at_5,0.817,0.05375,0.76325,76.325,0.9342105263157895,93.42105263157896
center_occlusion,5,area_fraction,0.4,fraction of decoded source-image area,sues200_uav_200m_to_satellite,r_at_10,0.91175,0.1235,0.7882499999999999,78.82499999999999,0.8645462023581025,86.45462023581025
center_occlusion,5,area_fraction,0.4,fraction of decoded source-image area,sues200_uav_200m_to_satellite,r_at_20,0.96625,0.20675,0.7595000000000001,75.95,0.7860284605433376,78.60284605433377
center_occlusion,5,area_fraction,0.4,fraction of decoded source-image area,sues200_uav_200m_to_satellite,official_trapezoid_mAP,0.501873791217804,0.03485649824142456,0.4670172929763794,46.70172929763794,0.9305472832983672,93.05472832983672
center_occlusion,5,area_fraction,0.4,fraction of decoded source-image area,sues200_uav_200m_to_satellite,MRR,0.5892475843429565,0.054962992668151855,0.5342845916748047,53.42845916748047,0.9067234314936757,90.67234314936758
center_occlusion,5,area_fraction,0.4,fraction of decoded source-image area,sues200_satellite_to_uav_200m,r_at_1,0.6125,0.025,0.5875,58.75,0.9591836734693877,95.91836734693877
center_occlusion,5,area_fraction,0.4,fraction of decoded source-image area,sues200_satellite_to_uav_200m,r_at_5,0.7375,0.05,0.6875,68.75,0.9322033898305084,93.22033898305084
center_occlusion,5,area_fraction,0.4,fraction of decoded source-image area,sues200_satellite_to_uav_200m,r_at_10,0.775,0.05,0.725,72.5,0.9354838709677419,93.54838709677419
center_occlusion,5,area_fraction,0.4,fraction of decoded source-image area,sues200_satellite_to_uav_200m,r_at_20,0.85,0.0875,0.7625,76.25,0.8970588235294117,89.70588235294117
center_occlusion,5,area_fraction,0.4,fraction of decoded source-image area,sues200_satellite_to_uav_200m,official_trapezoid_mAP,0.48770156502723694,0.04622948542237282,0.4414720796048641,44.14720796048641,0.9052094790391108,90.52094790391106
center_occlusion,5,area_fraction,0.4,fraction of decoded source-image area,sues200_satellite_to_uav_200m,MRR,0.6723024249076843,0.0432497076690197,0.6290527172386646,62.90527172386646,0.9356692671829074,93.56692671829074
center_occlusion,5,area_fraction,0.4,fraction of decoded source-image area,sues200_uav_250m_to_satellite,r_at_1,0.481,0.01425,0.46675,46.675,0.9703742203742204,97.03742203742203
center_occlusion,5,area_fraction,0.4,fraction of decoded source-image area,sues200_uav_250m_to_satellite,r_at_5,0.849,0.04825,0.80075,80.075,0.9431684334511189,94.3168433451119
center_occlusion,5,area_fraction,0.4,fraction of decoded source-image area,sues200_uav_250m_to_satellite,r_at_10,0.9265,0.12,0.8065,80.65,0.8704803022126282,87.04803022126282
center_occlusion,5,area_fraction,0.4,fraction of decoded source-image area,sues200_uav_250m_to_satellite,r_at_20,0.968,0.21,0.758,75.8,0.7830578512396694,78.30578512396694
center_occlusion,5,area_fraction,0.4,fraction of decoded source-image area,sues200_uav_250m_to_satellite,official_trapezoid_mAP,0.5596025586128235,0.03423788398504257,0.5253646746277809,52.53646746277809,0.9388174992088787,93.88174992088787
center_occlusion,5,area_fraction,0.4,fraction of decoded source-image area,sues200_uav_250m_to_satellite,MRR,0.6382049322128296,0.05422576516866684,0.5839791670441628,58.397916704416275,0.915033929649131,91.5033929649131
center_occlusion,5,area_fraction,0.4,fraction of decoded source-image area,sues200_satellite_to_uav_250m,r_at_1,0.6875,0.0375,0.65,65.0,0.9454545454545454,94.54545454545455
center_occlusion,5,area_fraction,0.4,fraction of decoded source-image area,sues200_satellite_to_uav_250m,r_at_5,0.7625,0.05,0.7124999999999999,71.24999999999999,0.9344262295081966,93.44262295081965
center_occlusion,5,area_fraction,0.4,fraction of decoded source-image area,sues200_satellite_to_uav_250m,r_at_10,0.825,0.0625,0.7625,76.25,0.9242424242424242,92.42424242424244
center_occlusion,5,area_fraction,0.4,fraction of decoded source-image area,sues200_satellite_to_uav_250m,r_at_20,0.8875,0.0625,0.825,82.5,0.9295774647887324,92.95774647887325
center_occlusion,5,area_fraction,0.4,fraction of decoded source-image area,sues200_satellite_to_uav_250m,official_trapezoid_mAP,0.5284179449081421,0.0468333475291729,0.4815845973789692,48.15845973789692,0.9113706338316837,91.13706338316837
center_occlusion,5,area_fraction,0.4,fraction of decoded source-image area,sues200_satellite_to_uav_250m,MRR,0.7299930453300476,0.04557386040687561,0.684419184923172,68.4419184923172,0.937569459464822,93.75694594648219
center_occlusion,5,area_fraction,0.4,fraction of decoded source-image area,sues200_uav_300m_to_satellite,r_at_1,0.49675,0.0155,0.48125,48.125,0.968797181680926,96.8797181680926
center_occlusion,5,area_fraction,0.4,fraction of decoded source-image area,sues200_uav_300m_to_satellite,r_at_5,0.86475,0.04375,0.8210000000000001,82.10000000000001,0.9494073431627639,94.94073431627639
center_occlusion,5,area_fraction,0.4,fraction of decoded source-image area,sues200_uav_300m_to_satellite,r_at_10,0.93225,0.12025,0.812,81.2,0.8710109949048003,87.10109949048002
center_occlusion,5,area_fraction,0.4,fraction of decoded source-image area,sues200_uav_300m_to_satellite,r_at_20,0.966,0.20725,0.75875,75.875,0.7854554865424431,78.54554865424431
center_occlusion,5,area_fraction,0.4,fraction of decoded source-image area,sues200_uav_300m_to_satellite,official_trapezoid_mAP,0.576092541217804,0.03455182537436485,0.5415407158434391,54.15407158434391,0.9400238279403416,94.00238279403416
center_occlusion,5,area_fraction,0.4,fraction of decoded source-image area,sues200_uav_300m_to_satellite,MRR,0.6554350852966309,0.053603652864694595,0.6018314324319363,60.183143243193626,0.9182166867975413,91.82166867975413
center_occlusion,5,area_fraction,0.4,fraction of decoded source-image area,sues200_satellite_to_uav_300m,r_at_1,0.7,0.0375,0.6625,66.25,0.9464285714285715,94.64285714285715
center_occlusion,5,area_fraction,0.4,fraction of decoded source-image area,sues200_satellite_to_uav_300m,r_at_5,0.8125,0.0625,0.75,75.0,0.9230769230769231,92.3076923076923
center_occlusion,5,area_fraction,0.4,fraction of decoded source-image area,sues200_satellite_to_uav_300m,r_at_10,0.85,0.0625,0.7875,78.75,0.9264705882352942,92.64705882352942
center_occlusion,5,area_fraction,0.4,fraction of decoded source-image area,sues200_satellite_to_uav_300m,r_at_20,0.8875,0.0875,0.7999999999999999,80.0,0.9014084507042254,90.14084507042254
center_occlusion,5,area_fraction,0.4,fraction of decoded source-image area,sues200_satellite_to_uav_300m,official_trapezoid_mAP,0.5484455823898315,0.049731262028217316,0.4987143203616142,49.87143203616142,0.909323251704362,90.9323251704362
center_occlusion,5,area_fraction,0.4,fraction of decoded source-image area,sues200_satellite_to_uav_300m,MRR,0.7563574910163879,0.048962078988552094,0.7073954120278358,70.73954120278358,0.9352659561515585,93.52659561515584
rotation,1,magnitude,2.0,degrees,sues200_uav_150m_to_satellite,r_at_1,0.34075,0.33375,0.007000000000000006,0.7000000000000006,0.02054292002934705,2.0542920029347047
rotation,1,magnitude,2.0,degrees,sues200_uav_150m_to_satellite,r_at_5,0.7235,0.721,0.0025000000000000577,0.2500000000000058,0.0034554250172772047,0.3455425017277205
rotation,1,magnitude,2.0,degrees,sues200_uav_150m_to_satellite,r_at_10,0.855,0.85775,-0.00275000000000003,-0.275000000000003,-0.0032163742690058832,-0.32163742690058833
rotation,1,magnitude,2.0,degrees,sues200_uav_150m_to_satellite,r_at_20,0.94175,0.9435,-0.0017500000000000293,-0.17500000000000293,-0.001858242633395306,-0.1858242633395306
rotation,1,magnitude,2.0,degrees,sues200_uav_150m_to_satellite,official_trapezoid_mAP,0.4256778061389923,0.41941148042678833,0.0062663257122039795,0.626632571220398,0.014720818473110386,1.4720818473110386
rotation,1,magnitude,2.0,degrees,sues200_uav_150m_to_satellite,MRR,0.5106055736541748,0.5050729513168335,0.005532622337341309,0.5532622337341309,0.010835413130622164,1.0835413130622165
rotation,1,magnitude,2.0,degrees,sues200_satellite_to_uav_150m,r_at_1,0.5375,0.4625,0.07499999999999996,7.499999999999996,0.13953488372093015,13.953488372093016
rotation,1,magnitude,2.0,degrees,sues200_satellite_to_uav_150m,r_at_5,0.6875,0.6625,0.025000000000000022,2.500000000000002,0.0363636363636364,3.63636363636364
rotation,1,magnitude,2.0,degrees,sues200_satellite_to_uav_150m,r_at_10,0.775,0.775,0.0,0.0,0.0,0.0
rotation,1,magnitude,2.0,degrees,sues200_satellite_to_uav_150m,r_at_20,0.7875,0.775,0.012499999999999956,1.2499999999999956,0.015873015873015817,1.5873015873015817
rotation,1,magnitude,2.0,degrees,sues200_satellite_to_uav_150m,official_trapezoid_mAP,0.39359670877456665,0.3752065896987915,0.018390119075775146,1.8390119075775146,0.04672325419852056,4.672325419852056
rotation,1,magnitude,2.0,degrees,sues200_satellite_to_uav_150m,MRR,0.603905200958252,0.560671329498291,0.04323387145996094,4.323387145996094,0.07159049365920216,7.1590493659202155
rotation,1,magnitude,2.0,degrees,sues200_uav_200m_to_satellite,r_at_1,0.4145,0.41125,0.003249999999999975,0.3249999999999975,0.007840772014475212,0.7840772014475211
rotation,1,magnitude,2.0,degrees,sues200_uav_200m_to_satellite,r_at_5,0.817,0.812,0.004999999999999893,0.49999999999998934,0.006119951040391547,0.6119951040391547
rotation,1,magnitude,2.0,degrees,sues200_uav_200m_to_satellite,r_at_10,0.91175,0.912,-0.0002500000000000835,-0.02500000000000835,-0.0002741979709351067,-0.027419797093510667
rotation,1,magnitude,2.0,degrees,sues200_uav_200m_to_satellite,r_at_20,0.96625,0.964,0.0022500000000000853,0.22500000000000853,0.002328589909443814,0.2328589909443814
rotation,1,magnitude,2.0,degrees,sues200_uav_200m_to_satellite,official_trapezoid_mAP,0.501873791217804,0.49794310331344604,0.00393068790435791,0.393068790435791,0.00783202465069961,0.783202465069961
rotation,1,magnitude,2.0,degrees,sues200_uav_200m_to_satellite,MRR,0.5892475843429565,0.5846362113952637,0.004611372947692871,0.4611372947692871,0.007825866529151418,0.7825866529151418
rotation,1,magnitude,2.0,degrees,sues200_satellite_to_uav_200m,r_at_1,0.6125,0.6,0.012500000000000067,1.2500000000000067,0.02040816326530623,2.040816326530623
rotation,1,magnitude,2.0,degrees,sues200_satellite_to_uav_200m,r_at_5,0.7375,0.7125,0.025000000000000022,2.500000000000002,0.03389830508474579,3.3898305084745792
rotation,1,magnitude,2.0,degrees,sues200_satellite_to_uav_200m,r_at_10,0.775,0.7875,-0.012499999999999956,-1.2499999999999956,-0.016129032258064457,-1.6129032258064457
rotation,1,magnitude,2.0,degrees,sues200_satellite_to_uav_200m,r_at_20,0.85,0.8625,-0.012500000000000067,-1.2500000000000067,-0.014705882352941256,-1.4705882352941255
rotation,1,magnitude,2.0,degrees,sues200_satellite_to_uav_200m,official_trapezoid_mAP,0.48770156502723694,0.4781618118286133,0.009539753198623657,0.9539753198623657,0.019560636837593265,1.9560636837593264
rotation,1,magnitude,2.0,degrees,sues200_satellite_to_uav_200m,MRR,0.6723024249076843,0.65400230884552,0.018300116062164307,1.8300116062164307,0.027220065530296347,2.722006553029635
rotation,1,magnitude,2.0,degrees,sues200_uav_250m_to_satellite,r_at_1,0.481,0.47925,0.0017499999999999738,0.17499999999999738,0.003638253638253584,0.3638253638253584
rotation,1,magnitude,2.0,degrees,sues200_uav_250m_to_satellite,r_at_5,0.849,0.8475,0.0014999999999999458,0.14999999999999458,0.001766784452296756,0.1766784452296756
rotation,1,magnitude,2.0,degrees,sues200_uav_250m_to_satellite,r_at_10,0.9265,0.92325,0.003249999999999975,0.3249999999999975,0.0035078251484079604,0.35078251484079603
rotation,1,magnitude,2.0,degrees,sues200_uav_250m_to_satellite,r_at_20,0.968,0.96725,0.0007499999999999174,0.07499999999999174,0.0007747933884296668,0.07747933884296668
rotation,1,magnitude,2.0,degrees,sues200_uav_250m_to_satellite,official_trapezoid_mAP,0.5596025586128235,0.5583906173706055,0.0012119412422180176,0.12119412422180176,0.0021657178359267165,0.21657178359267165
rotation,1,magnitude,2.0,degrees,sues200_uav_250m_to_satellite,MRR,0.6382049322128296,0.6375312209129333,0.0006737112998962402,0.06737112998962402,0.0010556347434675887,0.10556347434675888
rotation,1,magnitude,2.0,degrees,sues200_satellite_to_uav_250m,r_at_1,0.6875,0.7,-0.012499999999999956,-1.2499999999999956,-0.01818181818181812,-1.8181818181818117
rotation,1,magnitude,2.0,degrees,sues200_satellite_to_uav_250m,r_at_5,0.7625,0.775,-0.012500000000000067,-1.2500000000000067,-0.016393442622950907,-1.639344262295091
rotation,1,magnitude,2.0,degrees,sues200_satellite_to_uav_250m,r_at_10,0.825,0.8125,0.012499999999999956,1.2499999999999956,0.015151515151515098,1.5151515151515098
rotation,1,magnitude,2.0,degrees,sues200_satellite_to_uav_250m,r_at_20,0.8875,0.8875,0.0,0.0,0.0,0.0
rotation,1,magnitude,2.0,degrees,sues200_satellite_to_uav_250m,official_trapezoid_mAP,0.5284179449081421,0.5197599530220032,0.008657991886138916,0.8657991886138916,0.01638474236079167,1.6384742360791673
rotation,1,magnitude,2.0,degrees,sues200_satellite_to_uav_250m,MRR,0.7299930453300476,0.7448456883430481,-0.014852643013000488,-1.4852643013000488,-0.020346280157073616,-2.0346280157073617
rotation,1,magnitude,2.0,degrees,sues200_uav_300m_to_satellite,r_at_1,0.49675,0.492,0.004750000000000032,0.4750000000000032,0.009562154001006606,0.9562154001006606
rotation,1,magnitude,2.0,degrees,sues200_uav_300m_to_satellite,r_at_5,0.86475,0.85625,0.008500000000000063,0.8500000000000063,0.009829430471234534,0.9829430471234534
rotation,1,magnitude,2.0,degrees,sues200_uav_300m_to_satellite,r_at_10,0.93225,0.9305,0.0017500000000000293,0.17500000000000293,0.0018771788683293422,0.18771788683293422
rotation,1,magnitude,2.0,degrees,sues200_uav_300m_to_satellite,r_at_20,0.966,0.96625,-0.0002500000000000835,-0.02500000000000835,-0.00025879917184273653,-0.025879917184273654
rotation,1,magnitude,2.0,degrees,sues200_uav_300m_to_satellite,official_trapezoid_mAP,0.576092541217804,0.571884274482727,0.004208266735076904,0.42082667350769043,0.007304845027469085,0.7304845027469086
rotation,1,magnitude,2.0,degrees,sues200_uav_300m_to_satellite,MRR,0.6554350852966309,0.6517685651779175,0.003666520118713379,0.3666520118713379,0.005594024795077942,0.5594024795077942
rotation,1,magnitude,2.0,degrees,sues200_satellite_to_uav_300m,r_at_1,0.7,0.7375,-0.03750000000000009,-3.750000000000009,-0.0535714285714287,-5.35714285714287
rotation,1,magnitude,2.0,degrees,sues200_satellite_to_uav_300m,r_at_5,0.8125,0.8125,0.0,0.0,0.0,0.0
rotation,1,magnitude,2.0,degrees,sues200_satellite_to_uav_300m,r_at_10,0.85,0.8625,-0.012500000000000067,-1.2500000000000067,-0.014705882352941256,-1.4705882352941255
rotation,1,magnitude,2.0,degrees,sues200_satellite_to_uav_300m,r_at_20,0.8875,0.8875,0.0,0.0,0.0,0.0
rotation,1,magnitude,2.0,degrees,sues200_satellite_to_uav_300m,official_trapezoid_mAP,0.5484455823898315,0.5358526706695557,0.012592911720275879,1.259291172027588,0.022961096095263867,2.2961096095263867
rotation,1,magnitude,2.0,degrees,sues200_satellite_to_uav_300m,MRR,0.7563574910163879,0.7766838073730469,-0.020326316356658936,-2.0326316356658936,-0.026873953914761356,-2.6873953914761355
rotation,2,magnitude,5.0,degrees,sues200_uav_150m_to_satellite,r_at_1,0.34075,0.33275,0.008000000000000007,0.8000000000000007,0.02347762289068234,2.347762289068234
rotation,2,magnitude,5.0,degrees,sues200_uav_150m_to_satellite,r_at_5,0.7235,0.72125,0.0022500000000000853,0.22500000000000853,0.00310988251554953,0.310988251554953
rotation,2,magnitude,5.0,degrees,sues200_uav_150m_to_satellite,r_at_10,0.855,0.85875,-0.003750000000000031,-0.3750000000000031,-0.004385964912280738,-0.4385964912280738
rotation,2,magnitude,5.0,degrees,sues200_uav_150m_to_satellite,r_at_20,0.94175,0.944,-0.0022499999999999742,-0.22499999999999742,-0.0023891691000796117,-0.23891691000796117
rotation,2,magnitude,5.0,degrees,sues200_uav_150m_to_satellite,official_trapezoid_mAP,0.4256778061389923,0.41959458589553833,0.0060832202434539795,0.608322024345398,0.01429066809620722,1.429066809620722
rotation,2,magnitude,5.0,degrees,sues200_uav_150m_to_satellite,MRR,0.5106055736541748,0.5064391493797302,0.00416642427444458,0.416642427444458,0.00815977045574993,0.815977045574993
rotation,2,magnitude,5.0,degrees,sues200_satellite_to_uav_150m,r_at_1,0.5375,0.6125,-0.07500000000000007,-7.500000000000007,-0.13953488372093037,-13.953488372093037
rotation,2,magnitude,5.0,degrees,sues200_satellite_to_uav_150m,r_at_5,0.6875,0.6875,0.0,0.0,0.0,0.0
rotation,2,magnitude,5.0,degrees,sues200_satellite_to_uav_150m,r_at_10,0.775,0.7125,0.0625,6.25,0.08064516129032258,8.064516129032258
rotation,2,magnitude,5.0,degrees,sues200_satellite_to_uav_150m,r_at_20,0.7875,0.7875,0.0,0.0,0.0,0.0
rotation,2,magnitude,5.0,degrees,sues200_satellite_to_uav_150m,official_trapezoid_mAP,0.39359670877456665,0.39085355401039124,0.002743154764175415,0.2743154764175415,0.006969455544270221,0.6969455544270221
rotation,2,magnitude,5.0,degrees,sues200_satellite_to_uav_150m,MRR,0.603905200958252,0.6521442532539368,-0.048239052295684814,-4.8239052295684814,-0.079878517719571,-7.9878517719571
rotation,2,magnitude,5.0,degrees,sues200_uav_200m_to_satellite,r_at_1,0.4145,0.41525,-0.0007500000000000284,-0.07500000000000284,-0.001809408926417439,-0.1809408926417439
rotation,2,magnitude,5.0,degrees,sues200_uav_200m_to_satellite,r_at_5,0.817,0.81,0.006999999999999895,0.6999999999999895,0.00856793145654822,0.856793145654822
rotation,2,magnitude,5.0,degrees,sues200_uav_200m_to_satellite,r_at_10,0.91175,0.91225,-0.000500000000000056,-0.050000000000005596,-0.0005483959418700916,-0.05483959418700916
rotation,2,magnitude,5.0,degrees,sues200_uav_200m_to_satellite,r_at_20,0.96625,0.96425,0.0020000000000000018,0.20000000000000018,0.0020698576972833136,0.20698576972833135
rotation,2,magnitude,5.0,degrees,sues200_uav_200m_to_satellite,official_trapezoid_mAP,0.501873791217804,0.5014346837997437,0.00043910741806030273,0.04391074180603027,0.0008749359415537566,0.08749359415537565
rotation,2,magnitude,5.0,degrees,sues200_uav_200m_to_satellite,MRR,0.5892475843429565,0.5876194834709167,0.001628100872039795,0.1628100872039795,0.002763016625439741,0.2763016625439741
rotation,2,magnitude,5.0,degrees,sues200_satellite_to_uav_200m,r_at_1,0.6125,0.5875,0.025000000000000022,2.500000000000002,0.040816326530612276,4.081632653061228
rotation,2,magnitude,5.0,degrees,sues200_satellite_to_uav_200m,r_at_5,0.7375,0.7375,0.0,0.0,0.0,0.0
rotation,2,magnitude,5.0,degrees,sues200_satellite_to_uav_200m,r_at_10,0.775,0.7875,-0.012499999999999956,-1.2499999999999956,-0.016129032258064457,-1.6129032258064457
rotation,2,magnitude,5.0,degrees,sues200_satellite_to_uav_200m,r_at_20,0.85,0.825,0.025000000000000022,2.500000000000002,0.02941176470588238,2.941176470588238
rotation,2,magnitude,5.0,degrees,sues200_satellite_to_uav_200m,official_trapezoid_mAP,0.48770156502723694,0.49613451957702637,-0.008432954549789429,-0.8432954549789429,-0.0172912189636268,-1.72912189636268
rotation,2,magnitude,5.0,degrees,sues200_satellite_to_uav_200m,MRR,0.6723024249076843,0.6523518562316895,0.019950568675994873,1.9950568675994873,0.02967499139800714,2.967499139800714
rotation,2,magnitude,5.0,degrees,sues200_uav_250m_to_satellite,r_at_1,0.481,0.47875,0.0022499999999999742,0.22499999999999742,0.004677754677754624,0.4677754677754624
rotation,2,magnitude,5.0,degrees,sues200_uav_250m_to_satellite,r_at_5,0.849,0.85325,-0.004249999999999976,-0.4249999999999976,-0.005005889281507628,-0.5005889281507628
rotation,2,magnitude,5.0,degrees,sues200_uav_250m_to_satellite,r_at_10,0.9265,0.92325,0.003249999999999975,0.3249999999999975,0.0035078251484079604,0.35078251484079603
rotation,2,magnitude,5.0,degrees,sues200_uav_250m_to_satellite,r_at_20,0.968,0.96625,0.0017499999999999183,0.17499999999999183,0.0018078512396693372,0.18078512396693372
rotation,2,magnitude,5.0,degrees,sues200_uav_250m_to_satellite,official_trapezoid_mAP,0.5596025586128235,0.5591422915458679,0.0004602670669555664,0.04602670669555664,0.0008224892110867115,0.08224892110867114
rotation,2,magnitude,5.0,degrees,sues200_uav_250m_to_satellite,MRR,0.6382049322128296,0.6395345330238342,-0.0013296008110046387,-0.13296008110046387,-0.002083344618466912,-0.20833446184669116
rotation,2,magnitude,5.0,degrees,sues200_satellite_to_uav_250m,r_at_1,0.6875,0.7,-0.012499999999999956,-1.2499999999999956,-0.01818181818181812,-1.8181818181818117
rotation,2,magnitude,5.0,degrees,sues200_satellite_to_uav_250m,r_at_5,0.7625,0.7875,-0.025000000000000022,-2.500000000000002,-0.03278688524590167,-3.278688524590167
rotation,2,magnitude,5.0,degrees,sues200_satellite_to_uav_250m,r_at_10,0.825,0.825,0.0,0.0,0.0,0.0
rotation,2,magnitude,5.0,degrees,sues200_satellite_to_uav_250m,r_at_20,0.8875,0.85,0.03749999999999998,3.749999999999998,0.04225352112676054,4.225352112676054
rotation,2,magnitude,5.0,degrees,sues200_satellite_to_uav_250m,official_trapezoid_mAP,0.5284179449081421,0.5350188612937927,-0.006600916385650635,-0.6600916385650635,-0.012491847503017918,-1.2491847503017919
rotation,2,magnitude,5.0,degrees,sues200_satellite_to_uav_250m,MRR,0.7299930453300476,0.7452071309089661,-0.015214085578918457,-1.5214085578918457,-0.020841411676791797,-2.0841411676791797
rotation,2,magnitude,5.0,degrees,sues200_uav_300m_to_satellite,r_at_1,0.49675,0.49825,-0.0015000000000000013,-0.15000000000000013,-0.0030196275792652265,-0.30196275792652266
rotation,2,magnitude,5.0,degrees,sues200_uav_300m_to_satellite,r_at_5,0.86475,0.86,0.004750000000000032,0.4750000000000032,0.005492917028042824,0.5492917028042824
rotation,2,magnitude,5.0,degrees,sues200_uav_300m_to_satellite,r_at_10,0.93225,0.93375,-0.0014999999999999458,-0.14999999999999458,-0.0016090104585679225,-0.16090104585679224
rotation,2,magnitude,5.0,degrees,sues200_uav_300m_to_satellite,r_at_20,0.966,0.96725,-0.0012500000000000844,-0.12500000000000844,-0.0012939958592133379,-0.1293995859213338
rotation,2,magnitude,5.0,degrees,sues200_uav_300m_to_satellite,official_trapezoid_mAP,0.576092541217804,0.5771371126174927,-0.0010445713996887207,-0.10445713996887207,-0.0018132007011939396,-0.18132007011939397
rotation,2,magnitude,5.0,degrees,sues200_uav_300m_to_satellite,MRR,0.6554350852966309,0.656024158000946,-0.0005890727043151855,-0.058907270431518555,-0.000898750642939092,-0.0898750642939092
rotation,2,magnitude,5.0,degrees,sues200_satellite_to_uav_300m,r_at_1,0.7,0.7,0.0,0.0,0.0,0.0
rotation,2,magnitude,5.0,degrees,sues200_satellite_to_uav_300m,r_at_5,0.8125,0.8,0.012499999999999956,1.2499999999999956,0.01538461538461533,1.538461538461533
rotation,2,magnitude,5.0,degrees,sues200_satellite_to_uav_300m,r_at_10,0.85,0.875,-0.025000000000000022,-2.500000000000002,-0.02941176470588238,-2.941176470588238
rotation,2,magnitude,5.0,degrees,sues200_satellite_to_uav_300m,r_at_20,0.8875,0.9,-0.012500000000000067,-1.2500000000000067,-0.014084507042253596,-1.4084507042253598
rotation,2,magnitude,5.0,degrees,sues200_satellite_to_uav_300m,official_trapezoid_mAP,0.5484455823898315,0.5432418584823608,0.005203723907470703,0.5203723907470703,0.009488131684452023,0.9488131684452022
rotation,2,magnitude,5.0,degrees,sues200_satellite_to_uav_300m,MRR,0.7563574910163879,0.7548049688339233,0.0015525221824645996,0.15525221824645996,0.0020526301397218016,0.20526301397218016
rotation,3,magnitude,10.0,degrees,sues200_uav_150m_to_satellite,r_at_1,0.34075,0.3315,0.00924999999999998,0.924999999999998,0.027146001467351372,2.7146001467351373
rotation,3,magnitude,10.0,degrees,sues200_uav_150m_to_satellite,r_at_5,0.7235,0.71925,0.004250000000000087,0.4250000000000087,0.005874222529371233,0.5874222529371232
rotation,3,magnitude,10.0,degrees,sues200_uav_150m_to_satellite,r_at_10,0.855,0.857,-0.0020000000000000018,-0.20000000000000018,-0.00233918128654971,-0.23391812865497097
rotation,3,magnitude,10.0,degrees,sues200_uav_150m_to_satellite,r_at_20,0.94175,0.94275,-0.0010000000000000009,-0.10000000000000009,-0.0010618529333687294,-0.10618529333687295
rotation,3,magnitude,10.0,degrees,sues200_uav_150m_to_satellite,official_trapezoid_mAP,0.4256778061389923,0.41740137338638306,0.008276432752609253,0.8276432752609253,0.019442951061223127,1.9442951061223126
rotation,3,magnitude,10.0,degrees,sues200_uav_150m_to_satellite,MRR,0.5106055736541748,0.5033027529716492,0.007302820682525635,0.7302820682525635,0.01430227373011741,1.430227373011741
rotation,3,magnitude,10.0,degrees,sues200_satellite_to_uav_150m,r_at_1,0.5375,0.525,0.012499999999999956,1.2499999999999956,0.023255813953488292,2.325581395348829
rotation,3,magnitude,10.0,degrees,sues200_satellite_to_uav_150m,r_at_5,0.6875,0.6125,0.07499999999999996,7.499999999999996,0.10909090909090903,10.909090909090903
rotation,3,magnitude,10.0,degrees,sues200_satellite_to_uav_150m,r_at_10,0.775,0.6875,0.08750000000000002,8.750000000000002,0.11290322580645164,11.290322580645164
rotation,3,magnitude,10.0,degrees,sues200_satellite_to_uav_150m,r_at_20,0.7875,0.725,0.0625,6.25,0.07936507936507936,7.936507936507937
rotation,3,magnitude,10.0,degrees,sues200_satellite_to_uav_150m,official_trapezoid_mAP,0.39359670877456665,0.3674235939979553,0.026173114776611328,2.617311477661133,0.0664972907372608,6.64972907372608
rotation,3,magnitude,10.0,degrees,sues200_satellite_to_uav_150m,MRR,0.603905200958252,0.5793210864067078,0.02458411455154419,2.458411455154419,0.04070856570292014,4.070856570292014
rotation,3,magnitude,10.0,degrees,sues200_uav_200m_to_satellite,r_at_1,0.4145,0.40825,0.006249999999999978,0.6249999999999978,0.0150784077201447,1.50784077201447
rotation,3,magnitude,10.0,degrees,sues200_uav_200m_to_satellite,r_at_5,0.817,0.8115,0.005499999999999949,0.5499999999999949,0.006731946144430783,0.6731946144430783
rotation,3,magnitude,10.0,degrees,sues200_uav_200m_to_satellite,r_at_10,0.91175,0.91275,-0.0010000000000000009,-0.10000000000000009,-0.0010967918837400613,-0.10967918837400614
rotation,3,magnitude,10.0,degrees,sues200_uav_200m_to_satellite,r_at_20,0.96625,0.9645,0.0017500000000000293,0.17500000000000293,0.001811125485122928,0.1811125485122928
rotation,3,magnitude,10.0,degrees,sues200_uav_200m_to_satellite,official_trapezoid_mAP,0.501873791217804,0.4952172338962555,0.006656557321548462,0.6656557321548462,0.013263408924774156,1.3263408924774156
rotation,3,magnitude,10.0,degrees,sues200_uav_200m_to_satellite,MRR,0.5892475843429565,0.5821844339370728,0.007063150405883789,0.7063150405883789,0.011986727809431056,1.1986727809431057
rotation,3,magnitude,10.0,degrees,sues200_satellite_to_uav_200m,r_at_1,0.6125,0.6,0.012500000000000067,1.2500000000000067,0.02040816326530623,2.040816326530623
rotation,3,magnitude,10.0,degrees,sues200_satellite_to_uav_200m,r_at_5,0.7375,0.725,0.012500000000000067,1.2500000000000067,0.01694915254237297,1.6949152542372972
rotation,3,magnitude,10.0,degrees,sues200_satellite_to_uav_200m,r_at_10,0.775,0.775,0.0,0.0,0.0,0.0
rotation,3,magnitude,10.0,degrees,sues200_satellite_to_uav_200m,r_at_20,0.85,0.825,0.025000000000000022,2.500000000000002,0.02941176470588238,2.941176470588238
rotation,3,magnitude,10.0,degrees,sues200_satellite_to_uav_200m,official_trapezoid_mAP,0.48770156502723694,0.46234235167503357,0.02535921335220337,2.535921335220337,0.05199739998945281,5.199739998945281
rotation,3,magnitude,10.0,degrees,sues200_satellite_to_uav_200m,MRR,0.6723024249076843,0.6579670906066895,0.014335334300994873,1.4335334300994873,0.02132274668347849,2.1322746683478493
rotation,3,magnitude,10.0,degrees,sues200_uav_250m_to_satellite,r_at_1,0.481,0.48025,0.0007499999999999729,0.07499999999999729,0.001559251559251503,0.1559251559251503
rotation,3,magnitude,10.0,degrees,sues200_uav_250m_to_satellite,r_at_5,0.849,0.84775,0.0012499999999999734,0.12499999999999734,0.001472320376913985,0.1472320376913985
rotation,3,magnitude,10.0,degrees,sues200_uav_250m_to_satellite,r_at_10,0.9265,0.92375,0.00275000000000003,0.275000000000003,0.002968159740960637,0.2968159740960637
rotation,3,magnitude,10.0,degrees,sues200_uav_250m_to_satellite,r_at_20,0.968,0.96875,-0.0007500000000000284,-0.07500000000000284,-0.0007747933884297815,-0.07747933884297814
rotation,3,magnitude,10.0,degrees,sues200_uav_250m_to_satellite,official_trapezoid_mAP,0.5596025586128235,0.5597017407417297,-9.918212890625e-05,-0.009918212890625,-0.00017723673235538564,-0.017723673235538563
rotation,3,magnitude,10.0,degrees,sues200_uav_250m_to_satellite,MRR,0.6382049322128296,0.6391534209251404,-0.000948488712310791,-0.0948488712310791,-0.0014861820466070725,-0.14861820466070724
rotation,3,magnitude,10.0,degrees,sues200_satellite_to_uav_250m,r_at_1,0.6875,0.65,0.03749999999999998,3.749999999999998,0.054545454545454515,5.4545454545454515
rotation,3,magnitude,10.0,degrees,sues200_satellite_to_uav_250m,r_at_5,0.7625,0.7625,0.0,0.0,0.0,0.0
rotation,3,magnitude,10.0,degrees,sues200_satellite_to_uav_250m,r_at_10,0.825,0.8,0.02499999999999991,2.499999999999991,0.030303030303030196,3.0303030303030196
rotation,3,magnitude,10.0,degrees,sues200_satellite_to_uav_250m,r_at_20,0.8875,0.8625,0.02499999999999991,2.499999999999991,0.028169014084506942,2.8169014084506943
rotation,3,magnitude,10.0,degrees,sues200_satellite_to_uav_250m,official_trapezoid_mAP,0.5284179449081421,0.5081587433815002,0.020259201526641846,2.0259201526641846,0.03833935187451595,3.8339351874515954
rotation,3,magnitude,10.0,degrees,sues200_satellite_to_uav_250m,MRR,0.7299930453300476,0.7062230706214905,0.02376997470855713,2.376997470855713,0.032561919405424126,3.2561919405424122
rotation,3,magnitude,10.0,degrees,sues200_uav_300m_to_satellite,r_at_1,0.49675,0.5005,-0.00374999999999992,-0.374999999999992,-0.007549068948162899,-0.7549068948162898
rotation,3,magnitude,10.0,degrees,sues200_uav_300m_to_satellite,r_at_5,0.86475,0.85975,0.0050000000000000044,0.5000000000000004,0.00578201792425557,0.578201792425557
rotation,3,magnitude,10.0,degrees,sues200_uav_300m_to_satellite,r_at_10,0.93225,0.936,-0.003750000000000031,-0.3750000000000031,-0.004022526146419985,-0.4022526146419985
rotation,3,magnitude,10.0,degrees,sues200_uav_300m_to_satellite,r_at_20,0.966,0.9685,-0.0025000000000000577,-0.2500000000000058,-0.002587991718426561,-0.2587991718426561
rotation,3,magnitude,10.0,degrees,sues200_uav_300m_to_satellite,official_trapezoid_mAP,0.576092541217804,0.5784065127372742,-0.002313971519470215,-0.23139715194702148,-0.004016666340756127,-0.4016666340756127
rotation,3,magnitude,10.0,degrees,sues200_uav_300m_to_satellite,MRR,0.6554350852966309,0.6563130617141724,-0.0008779764175415039,-0.08779764175415039,-0.001339532224070912,-0.1339532224070912
rotation,3,magnitude,10.0,degrees,sues200_satellite_to_uav_300m,r_at_1,0.7,0.75,-0.050000000000000044,-5.000000000000004,-0.0714285714285715,-7.1428571428571495
rotation,3,magnitude,10.0,degrees,sues200_satellite_to_uav_300m,r_at_5,0.8125,0.825,-0.012499999999999956,-1.2499999999999956,-0.01538461538461533,-1.538461538461533
rotation,3,magnitude,10.0,degrees,sues200_satellite_to_uav_300m,r_at_10,0.85,0.825,0.025000000000000022,2.500000000000002,0.02941176470588238,2.941176470588238
rotation,3,magnitude,10.0,degrees,sues200_satellite_to_uav_300m,r_at_20,0.8875,0.875,0.012499999999999956,1.2499999999999956,0.014084507042253471,1.4084507042253471
rotation,3,magnitude,10.0,degrees,sues200_satellite_to_uav_300m,official_trapezoid_mAP,0.5484455823898315,0.540364146232605,0.008081436157226562,0.8081436157226562,0.01473516501311215,1.473516501311215
rotation,3,magnitude,10.0,degrees,sues200_satellite_to_uav_300m,MRR,0.7563574910163879,0.7875116467475891,-0.031154155731201172,-3.115415573120117,-0.041189723247582875,-4.118972324758288
rotation,4,magnitude,15.0,degrees,sues200_uav_150m_to_satellite,r_at_1,0.34075,0.32225,0.018500000000000016,1.8500000000000016,0.05429200293470291,5.429200293470291
rotation,4,magnitude,15.0,degrees,sues200_uav_150m_to_satellite,r_at_5,0.7235,0.70875,0.01475000000000004,1.475000000000004,0.020387007601935094,2.0387007601935094
rotation,4,magnitude,15.0,degrees,sues200_uav_150m_to_satellite,r_at_10,0.855,0.85175,0.003249999999999975,0.3249999999999975,0.0038011695906432458,0.3801169590643246
rotation,4,magnitude,15.0,degrees,sues200_uav_150m_to_satellite,r_at_20,0.94175,0.93925,0.0024999999999999467,0.24999999999999467,0.0026546323334217647,0.2654632333421765
rotation,4,magnitude,15.0,degrees,sues200_uav_150m_to_satellite,official_trapezoid_mAP,0.4256778061389923,0.4081222414970398,0.017555564641952515,1.7555564641952515,0.04124143751159127,4.124143751159127
rotation,4,magnitude,15.0,degrees,sues200_uav_150m_to_satellite,MRR,0.5106055736541748,0.49399450421333313,0.016611069440841675,1.6611069440841675,0.03253209580530763,3.2532095805307626
rotation,4,magnitude,15.0,degrees,sues200_satellite_to_uav_150m,r_at_1,0.5375,0.4125,0.125,12.5,0.23255813953488372,23.255813953488374
rotation,4,magnitude,15.0,degrees,sues200_satellite_to_uav_150m,r_at_5,0.6875,0.6,0.08750000000000002,8.750000000000002,0.12727272727272732,12.72727272727273
rotation,4,magnitude,15.0,degrees,sues200_satellite_to_uav_150m,r_at_10,0.775,0.6625,0.11250000000000004,11.250000000000004,0.1451612903225807,14.51612903225807
rotation,4,magnitude,15.0,degrees,sues200_satellite_to_uav_150m,r_at_20,0.7875,0.8,-0.012500000000000067,-1.2500000000000067,-0.01587301587301596,-1.5873015873015959
rotation,4,magnitude,15.0,degrees,sues200_satellite_to_uav_150m,official_trapezoid_mAP,0.39359670877456665,0.33926430344581604,0.05433240532875061,5.433240532875061,0.13804080196176033,13.804080196176033
rotation,4,magnitude,15.0,degrees,sues200_satellite_to_uav_150m,MRR,0.603905200958252,0.5014446973800659,0.10246050357818604,10.246050357818604,0.16966322431998584,16.966322431998584
rotation,4,magnitude,15.0,degrees,sues200_uav_200m_to_satellite,r_at_1,0.4145,0.4155,-0.0010000000000000009,-0.10000000000000009,-0.002412545235223163,-0.24125452352231627
rotation,4,magnitude,15.0,degrees,sues200_uav_200m_to_satellite,r_at_5,0.817,0.802,0.014999999999999902,1.4999999999999902,0.018359853121174913,1.8359853121174912
rotation,4,magnitude,15.0,degrees,sues200_uav_200m_to_satellite,r_at_10,0.91175,0.90425,0.007499999999999951,0.7499999999999951,0.0082259391280504,0.8225939128050399
rotation,4,magnitude,15.0,degrees,sues200_uav_200m_to_satellite,r_at_20,0.96625,0.9605,0.005750000000000033,0.5750000000000033,0.005950840879689555,0.5950840879689555
rotation,4,magnitude,15.0,degrees,sues200_uav_200m_to_satellite,official_trapezoid_mAP,0.501873791217804,0.4989578127861023,0.00291597843170166,0.291597843170166,0.00581018272467665,0.5810182724676649
rotation,4,magnitude,15.0,degrees,sues200_uav_200m_to_satellite,MRR,0.5892475843429565,0.5824156403541565,0.006831943988800049,0.6831943988800049,0.011594352137086896,1.1594352137086896
rotation,4,magnitude,15.0,degrees,sues200_satellite_to_uav_200m,r_at_1,0.6125,0.5375,0.07500000000000007,7.500000000000007,0.12244897959183683,12.244897959183684
rotation,4,magnitude,15.0,degrees,sues200_satellite_to_uav_200m,r_at_5,0.7375,0.7125,0.025000000000000022,2.500000000000002,0.03389830508474579,3.3898305084745792
rotation,4,magnitude,15.0,degrees,sues200_satellite_to_uav_200m,r_at_10,0.775,0.8,-0.025000000000000022,-2.500000000000002,-0.03225806451612906,-3.225806451612906
rotation,4,magnitude,15.0,degrees,sues200_satellite_to_uav_200m,r_at_20,0.85,0.8375,0.012499999999999956,1.2499999999999956,0.014705882352941124,1.4705882352941124
rotation,4,magnitude,15.0,degrees,sues200_satellite_to_uav_200m,official_trapezoid_mAP,0.48770156502723694,0.429218590259552,0.058482974767684937,5.848297476768494,0.11991549537967713,11.991549537967712
rotation,4,magnitude,15.0,degrees,sues200_satellite_to_uav_200m,MRR,0.6723024249076843,0.6198521852493286,0.05245023965835571,5.245023965835571,0.07801584185206203,7.801584185206203
rotation,4,magnitude,15.0,degrees,sues200_uav_250m_to_satellite,r_at_1,0.481,0.46425,0.016749999999999987,1.6749999999999987,0.0348232848232848,3.4823284823284797
rotation,4,magnitude,15.0,degrees,sues200_uav_250m_to_satellite,r_at_5,0.849,0.83475,0.014249999999999985,1.4249999999999985,0.016784452296819772,1.678445229681977
rotation,4,magnitude,15.0,degrees,sues200_uav_250m_to_satellite,r_at_10,0.9265,0.92075,0.005750000000000033,0.5750000000000033,0.0062061521856449356,0.6206152185644935
rotation,4,magnitude,15.0,degrees,sues200_uav_250m_to_satellite,r_at_20,0.968,0.96575,0.0022499999999999742,0.22499999999999742,0.00232438016528923,0.23243801652892296
rotation,4,magnitude,15.0,degrees,sues200_uav_250m_to_satellite,official_trapezoid_mAP,0.5596025586128235,0.544221818447113,0.01538074016571045,1.538074016571045,0.027485114084962646,2.7485114084962645
rotation,4,magnitude,15.0,degrees,sues200_uav_250m_to_satellite,MRR,0.6382049322128296,0.624193549156189,0.014011383056640625,1.4011383056640625,0.021954363480174557,2.1954363480174557
rotation,4,magnitude,15.0,degrees,sues200_satellite_to_uav_250m,r_at_1,0.6875,0.6125,0.07499999999999996,7.499999999999996,0.10909090909090903,10.909090909090903
rotation,4,magnitude,15.0,degrees,sues200_satellite_to_uav_250m,r_at_5,0.7625,0.7625,0.0,0.0,0.0,0.0
rotation,4,magnitude,15.0,degrees,sues200_satellite_to_uav_250m,r_at_10,0.825,0.8,0.02499999999999991,2.499999999999991,0.030303030303030196,3.0303030303030196
rotation,4,magnitude,15.0,degrees,sues200_satellite_to_uav_250m,r_at_20,0.8875,0.8625,0.02499999999999991,2.499999999999991,0.028169014084506942,2.8169014084506943
rotation,4,magnitude,15.0,degrees,sues200_satellite_to_uav_250m,official_trapezoid_mAP,0.5284179449081421,0.46435943245887756,0.06405851244926453,6.405851244926453,0.12122698153333945,12.122698153333946
rotation,4,magnitude,15.0,degrees,sues200_satellite_to_uav_250m,MRR,0.7299930453300476,0.6863605976104736,0.043632447719573975,4.3632447719573975,0.05977104576365749,5.9771045763657495
rotation,4,magnitude,15.0,degrees,sues200_uav_300m_to_satellite,r_at_1,0.49675,0.49625,0.0005000000000000004,0.050000000000000044,0.0010065425264217422,0.10065425264217422
rotation,4,magnitude,15.0,degrees,sues200_uav_300m_to_satellite,r_at_5,0.86475,0.85025,0.014500000000000068,1.4500000000000068,0.016767851980341218,1.6767851980341217
rotation,4,magnitude,15.0,degrees,sues200_uav_300m_to_satellite,r_at_10,0.93225,0.931,0.0012499999999999734,0.12499999999999734,0.001340842048806622,0.1340842048806622
rotation,4,magnitude,15.0,degrees,sues200_uav_300m_to_satellite,r_at_20,0.966,0.96725,-0.0012500000000000844,-0.12500000000000844,-0.0012939958592133379,-0.1293995859213338
rotation,4,magnitude,15.0,degrees,sues200_uav_300m_to_satellite,official_trapezoid_mAP,0.576092541217804,0.5733448266983032,0.0027477145195007324,0.27477145195007324,0.0047695714193631625,0.4769571419363163
rotation,4,magnitude,15.0,degrees,sues200_uav_300m_to_satellite,MRR,0.6554350852966309,0.6504395604133606,0.004995524883270264,0.49955248832702637,0.007621692819525269,0.7621692819525269
rotation,4,magnitude,15.0,degrees,sues200_satellite_to_uav_300m,r_at_1,0.7,0.6375,0.0625,6.25,0.08928571428571429,8.928571428571429
rotation,4,magnitude,15.0,degrees,sues200_satellite_to_uav_300m,r_at_5,0.8125,0.775,0.03749999999999998,3.749999999999998,0.04615384615384613,4.615384615384612
rotation,4,magnitude,15.0,degrees,sues200_satellite_to_uav_300m,r_at_10,0.85,0.8625,-0.012500000000000067,-1.2500000000000067,-0.014705882352941256,-1.4705882352941255
rotation,4,magnitude,15.0,degrees,sues200_satellite_to_uav_300m,r_at_20,0.8875,0.9,-0.012500000000000067,-1.2500000000000067,-0.014084507042253596,-1.4084507042253598
rotation,4,magnitude,15.0,degrees,sues200_satellite_to_uav_300m,official_trapezoid_mAP,0.5484455823898315,0.4845394492149353,0.06390613317489624,6.390613317489624,0.11652228630674279,11.652228630674278
rotation,4,magnitude,15.0,degrees,sues200_satellite_to_uav_300m,MRR,0.7563574910163879,0.708296537399292,0.04806095361709595,4.806095361709595,0.06354264245140478,6.354264245140479
rotation,5,magnitude,20.0,degrees,sues200_uav_150m_to_satellite,r_at_1,0.34075,0.3155,0.025249999999999995,2.5249999999999995,0.07410124724871606,7.410124724871605
rotation,5,magnitude,20.0,degrees,sues200_uav_150m_to_satellite,r_at_5,0.7235,0.69575,0.027750000000000052,2.7750000000000052,0.03835521769177616,3.835521769177616
rotation,5,magnitude,20.0,degrees,sues200_uav_150m_to_satellite,r_at_10,0.855,0.84725,0.007750000000000035,0.7750000000000035,0.009064327485380158,0.9064327485380158
rotation,5,magnitude,20.0,degrees,sues200_uav_150m_to_satellite,r_at_20,0.94175,0.93175,0.010000000000000009,1.0000000000000009,0.010618529333687295,1.0618529333687294
rotation,5,magnitude,20.0,degrees,sues200_uav_150m_to_satellite,official_trapezoid_mAP,0.4256778061389923,0.40060320496559143,0.02507460117340088,2.507460117340088,0.058905117466268656,5.890511746626865
rotation,5,magnitude,20.0,degrees,sues200_uav_150m_to_satellite,MRR,0.5106055736541748,0.4857063889503479,0.024899184703826904,2.4899184703826904,0.0487640284175408,4.87640284175408
rotation,5,magnitude,20.0,degrees,sues200_satellite_to_uav_150m,r_at_1,0.5375,0.45,0.08749999999999997,8.749999999999996,0.16279069767441856,16.279069767441854
rotation,5,magnitude,20.0,degrees,sues200_satellite_to_uav_150m,r_at_5,0.6875,0.675,0.012499999999999956,1.2499999999999956,0.01818181818181812,1.8181818181818117
rotation,5,magnitude,20.0,degrees,sues200_satellite_to_uav_150m,r_at_10,0.775,0.7125,0.0625,6.25,0.08064516129032258,8.064516129032258
rotation,5,magnitude,20.0,degrees,sues200_satellite_to_uav_150m,r_at_20,0.7875,0.7875,0.0,0.0,0.0,0.0
rotation,5,magnitude,20.0,degrees,sues200_satellite_to_uav_150m,official_trapezoid_mAP,0.39359670877456665,0.3431616425514221,0.05043506622314453,5.043506622314453,0.1281389429809265,12.81389429809265
rotation,5,magnitude,20.0,degrees,sues200_satellite_to_uav_150m,MRR,0.603905200958252,0.5473130941390991,0.05659210681915283,5.659210681915283,0.09371024910756656,9.371024910756656
rotation,5,magnitude,20.0,degrees,sues200_uav_200m_to_satellite,r_at_1,0.4145,0.4085,0.006000000000000005,0.6000000000000005,0.014475271411338976,1.4475271411338977
rotation,5,magnitude,20.0,degrees,sues200_uav_200m_to_satellite,r_at_5,0.817,0.78475,0.03225,3.225,0.03947368421052632,3.947368421052632
rotation,5,magnitude,20.0,degrees,sues200_uav_200m_to_satellite,r_at_10,0.91175,0.90125,0.010499999999999954,1.0499999999999954,0.011516314779270584,1.1516314779270584
rotation,5,magnitude,20.0,degrees,sues200_uav_200m_to_satellite,r_at_20,0.96625,0.9555,0.010750000000000037,1.0750000000000037,0.011125485122897839,1.1125485122897838
rotation,5,magnitude,20.0,degrees,sues200_uav_200m_to_satellite,official_trapezoid_mAP,0.501873791217804,0.4906739294528961,0.011199861764907837,1.1199861764907837,0.022316092134899518,2.2316092134899517
rotation,5,magnitude,20.0,degrees,sues200_uav_200m_to_satellite,MRR,0.5892475843429565,0.5728477835655212,0.016399800777435303,1.6399800777435303,0.02783176582000244,2.783176582000244
rotation,5,magnitude,20.0,degrees,sues200_satellite_to_uav_200m,r_at_1,0.6125,0.5875,0.025000000000000022,2.500000000000002,0.040816326530612276,4.081632653061228
rotation,5,magnitude,20.0,degrees,sues200_satellite_to_uav_200m,r_at_5,0.7375,0.7,0.03750000000000009,3.750000000000009,0.05084745762711876,5.084745762711876
rotation,5,magnitude,20.0,degrees,sues200_satellite_to_uav_200m,r_at_10,0.775,0.75,0.025000000000000022,2.500000000000002,0.03225806451612906,3.225806451612906
rotation,5,magnitude,20.0,degrees,sues200_satellite_to_uav_200m,r_at_20,0.85,0.775,0.07499999999999996,7.499999999999996,0.08823529411764701,8.823529411764701
rotation,5,magnitude,20.0,degrees,sues200_satellite_to_uav_200m,official_trapezoid_mAP,0.48770156502723694,0.4350951313972473,0.052606433629989624,5.260643362998962,0.10786603407157754,10.786603407157752
rotation,5,magnitude,20.0,degrees,sues200_satellite_to_uav_200m,MRR,0.6723024249076843,0.6474083065986633,0.024894118309020996,2.4894118309020996,0.03702815487009328,3.7028154870093286
rotation,5,magnitude,20.0,degrees,sues200_uav_250m_to_satellite,r_at_1,0.481,0.448,0.032999999999999974,3.299999999999997,0.06860706860706856,6.860706860706855
rotation,5,magnitude,20.0,degrees,sues200_uav_250m_to_satellite,r_at_5,0.849,0.81925,0.029749999999999943,2.9749999999999943,0.03504122497055353,3.5041224970553526
rotation,5,magnitude,20.0,degrees,sues200_uav_250m_to_satellite,r_at_10,0.9265,0.912,0.014499999999999957,1.4499999999999957,0.01565029681597405,1.565029681597405
rotation,5,magnitude,20.0,degrees,sues200_uav_250m_to_satellite,r_at_20,0.968,0.96325,0.004749999999999921,0.4749999999999921,0.004907024793388348,0.4907024793388348
rotation,5,magnitude,20.0,degrees,sues200_uav_250m_to_satellite,official_trapezoid_mAP,0.5596025586128235,0.5284649729728699,0.031137585639953613,3.1137585639953613,0.05564232178841236,5.564232178841236
rotation,5,magnitude,20.0,degrees,sues200_uav_250m_to_satellite,MRR,0.6382049322128296,0.6089298129081726,0.029275119304656982,2.9275119304656982,0.045871032684050565,4.587103268405056
rotation,5,magnitude,20.0,degrees,sues200_satellite_to_uav_250m,r_at_1,0.6875,0.6625,0.025000000000000022,2.500000000000002,0.0363636363636364,3.63636363636364
rotation,5,magnitude,20.0,degrees,sues200_satellite_to_uav_250m,r_at_5,0.7625,0.725,0.03749999999999998,3.749999999999998,0.04918032786885243,4.918032786885243
rotation,5,magnitude,20.0,degrees,sues200_satellite_to_uav_250m,r_at_10,0.825,0.775,0.04999999999999993,4.999999999999993,0.06060606060606053,6.060606060606053
rotation,5,magnitude,20.0,degrees,sues200_satellite_to_uav_250m,r_at_20,0.8875,0.8,0.08749999999999991,8.749999999999991,0.09859154929577456,9.859154929577455
rotation,5,magnitude,20.0,degrees,sues200_satellite_to_uav_250m,official_trapezoid_mAP,0.5284179449081421,0.47709137201309204,0.05132657289505005,5.132657289505005,0.09713253190894651,9.713253190894651
rotation,5,magnitude,20.0,degrees,sues200_satellite_to_uav_250m,MRR,0.7299930453300476,0.69798743724823,0.03200560808181763,3.2005608081817627,0.04384371643889719,4.384371643889718
rotation,5,magnitude,20.0,degrees,sues200_uav_300m_to_satellite,r_at_1,0.49675,0.4875,0.009250000000000036,0.9250000000000036,0.018621036738802287,1.8621036738802286
rotation,5,magnitude,20.0,degrees,sues200_uav_300m_to_satellite,r_at_5,0.86475,0.84575,0.019000000000000017,1.9000000000000017,0.021971668112171168,2.1971668112171168
rotation,5,magnitude,20.0,degrees,sues200_uav_300m_to_satellite,r_at_10,0.93225,0.926,0.006249999999999978,0.6249999999999978,0.006704210244033229,0.6704210244033229
rotation,5,magnitude,20.0,degrees,sues200_uav_300m_to_satellite,r_at_20,0.966,0.9645,0.0014999999999999458,0.14999999999999458,0.0015527950310558446,0.15527950310558447
rotation,5,magnitude,20.0,degrees,sues200_uav_300m_to_satellite,official_trapezoid_mAP,0.576092541217804,0.5636612772941589,0.01243126392364502,1.243126392364502,0.02157858856732727,2.157858856732727
rotation,5,magnitude,20.0,degrees,sues200_uav_300m_to_satellite,MRR,0.6554350852966309,0.6398224234580994,0.015612661838531494,1.5612661838531494,0.023820302252305667,2.382030225230567
rotation,5,magnitude,20.0,degrees,sues200_satellite_to_uav_300m,r_at_1,0.7,0.625,0.07499999999999996,7.499999999999996,0.10714285714285708,10.714285714285708
rotation,5,magnitude,20.0,degrees,sues200_satellite_to_uav_300m,r_at_5,0.8125,0.775,0.03749999999999998,3.749999999999998,0.04615384615384613,4.615384615384612
rotation,5,magnitude,20.0,degrees,sues200_satellite_to_uav_300m,r_at_10,0.85,0.8375,0.012499999999999956,1.2499999999999956,0.014705882352941124,1.4705882352941124
rotation,5,magnitude,20.0,degrees,sues200_satellite_to_uav_300m,r_at_20,0.8875,0.875,0.012499999999999956,1.2499999999999956,0.014084507042253471,1.4084507042253471
rotation,5,magnitude,20.0,degrees,sues200_satellite_to_uav_300m,official_trapezoid_mAP,0.5484455823898315,0.49052342772483826,0.057922154664993286,5.792215466499329,0.10561148913370698,10.561148913370697
rotation,5,magnitude,20.0,degrees,sues200_satellite_to_uav_300m,MRR,0.7563574910163879,0.6991065740585327,0.057250916957855225,5.7250916957855225,0.07569293308766181,7.569293308766182
