corruption,severity_index,parameter,value,units,task,metric,clean,corrupted,absolute_drop_fraction,percentage_point_drop,relative_drop_fraction,relative_drop_percent
gaussian_noise,1,standard_deviation,0.02,"fraction of the [0,1] RGB intensity range",university1652_drone_to_satellite,r_at_1,0.3855501254788007,0.3857086250165104,-0.00015849953770968872,-0.015849953770968872,-0.0004110996916752495,-0.04110996916752495
gaussian_noise,1,standard_deviation,0.02,"fraction of the [0,1] RGB intensity range",university1652_drone_to_satellite,r_at_5,0.626205256901334,0.627895918636904,-0.001690661735569976,-0.1690661735569976,-0.0026998523518245708,-0.26998523518245704
gaussian_noise,1,standard_deviation,0.02,"fraction of the [0,1] RGB intensity range",university1652_drone_to_satellite,r_at_10,0.7196143177915731,0.7219653942676001,-0.0023510764760269476,-0.23510764760269476,-0.0032671340993355637,-0.3267134099335564
gaussian_noise,1,standard_deviation,0.02,"fraction of the [0,1] RGB intensity range",university1652_drone_to_satellite,r_at_20,0.8072645621450271,0.8087438911636508,-0.0014793290186236874,-0.14793290186236874,-0.0018325206976667983,-0.18325206976667982
gaussian_noise,1,standard_deviation,0.02,"fraction of the [0,1] RGB intensity range",university1652_drone_to_satellite,official_trapezoid_mAP,0.4424035847187042,0.4427231550216675,-0.00031957030296325684,-0.031957030296325684,-0.000722350166232154,-0.07223501662321541
gaussian_noise,1,standard_deviation,0.02,"fraction of the [0,1] RGB intensity range",university1652_drone_to_satellite,MRR,0.49925702810287476,0.49973779916763306,-0.0004807710647583008,-0.04807710647583008,-0.0009629730533492563,-0.09629730533492563
gaussian_noise,1,standard_deviation,0.02,"fraction of the [0,1] RGB intensity range",university1652_satellite_to_drone,r_at_1,0.5649072753209701,0.5534950071326676,0.011412268188302432,1.1412268188302432,0.020202020202020214,2.020202020202021
gaussian_noise,1,standard_deviation,0.02,"fraction of the [0,1] RGB intensity range",university1652_satellite_to_drone,r_at_5,0.6961483594864479,0.6890156918687589,0.007132667617689048,0.7132667617689048,0.010245901639344308,1.0245901639344308
gaussian_noise,1,standard_deviation,0.02,"fraction of the [0,1] RGB intensity range",university1652_satellite_to_drone,r_at_10,0.7517831669044223,0.7432239657631954,0.00855920114122688,0.855920114122688,0.011385199240986799,1.1385199240986799
gaussian_noise,1,standard_deviation,0.02,"fraction of the [0,1] RGB intensity range",university1652_satellite_to_drone,r_at_20,0.7917261055634808,0.7874465049928673,0.004279600570613495,0.42796005706134954,0.005405405405405514,0.5405405405405513
gaussian_noise,1,standard_deviation,0.02,"fraction of the [0,1] RGB intensity range",university1652_satellite_to_drone,official_trapezoid_mAP,0.36636626720428467,0.36298447847366333,0.003381788730621338,0.3381788730621338,0.009230622558205292,0.9230622558205293
gaussian_noise,1,standard_deviation,0.02,"fraction of the [0,1] RGB intensity range",university1652_satellite_to_drone,MRR,0.6279942393302917,0.6186535358428955,0.00934070348739624,0.934070348739624,0.014873868106429435,1.4873868106429435
gaussian_noise,1,standard_deviation,0.02,"fraction of the [0,1] RGB intensity range",university1652_street_to_satellite,r_at_1,0.005428460643660334,0.005040713454827452,0.00038774718883288154,0.03877471888328815,0.07142857142857154,7.142857142857152
gaussian_noise,1,standard_deviation,0.02,"fraction of the [0,1] RGB intensity range",university1652_street_to_satellite,r_at_5,0.03722373012795657,0.033346258239627766,0.0038774718883288067,0.3877471888328807,0.10416666666666659,10.416666666666659
gaussian_noise,1,standard_deviation,0.02,"fraction of the [0,1] RGB intensity range",university1652_street_to_satellite,r_at_10,0.058937572702597904,0.060876308646762314,-0.0019387359441644103,-0.19387359441644103,-0.03289473684210536,-3.289473684210536
gaussian_noise,1,standard_deviation,0.02,"fraction of the [0,1] RGB intensity range",university1652_street_to_satellite,r_at_20,0.1015897634742148,0.10236525785188057,-0.0007754943776657613,-0.07754943776657613,-0.0076335877862595365,-0.7633587786259537
gaussian_noise,1,standard_deviation,0.02,"fraction of the [0,1] RGB intensity range",university1652_street_to_satellite,official_trapezoid_mAP,0.017087433487176895,0.016470149159431458,0.0006172843277454376,0.06172843277454376,0.036125046409612824,3.612504640961282
gaussian_noise,1,standard_deviation,0.02,"fraction of the [0,1] RGB intensity range",university1652_street_to_satellite,MRR,0.028746405616402626,0.02789958566427231,0.0008468199521303177,0.08468199521303177,0.029458289966072294,2.9458289966072293
gaussian_noise,2,standard_deviation,0.04,"fraction of the [0,1] RGB intensity range",university1652_drone_to_satellite,r_at_1,0.3855501254788007,0.3823008849557522,0.00324924052304848,0.324924052304848,0.008427543679342255,0.8427543679342255
gaussian_noise,2,standard_deviation,0.04,"fraction of the [0,1] RGB intensity range",university1652_drone_to_satellite,r_at_5,0.626205256901334,0.6267600052833179,-0.0005547483819838828,-0.05547483819838828,-0.0008858890529424123,-0.08858890529424122
gaussian_noise,2,standard_deviation,0.04,"fraction of the [0,1] RGB intensity range",university1652_drone_to_satellite,r_at_10,0.7196143177915731,0.7205653150178312,-0.0009509972262580213,-0.09509972262580213,-0.0013215373884951872,-0.13215373884951873
gaussian_noise,2,standard_deviation,0.04,"fraction of the [0,1] RGB intensity range",university1652_drone_to_satellite,r_at_20,0.8072645621450271,0.8087438911636508,-0.0014793290186236874,-0.14793290186236874,-0.0018325206976667983,-0.18325206976667982
gaussian_noise,2,standard_deviation,0.04,"fraction of the [0,1] RGB intensity range",university1652_drone_to_satellite,official_trapezoid_mAP,0.4424035847187042,0.4397444725036621,0.0026591122150421143,0.2659112215042114,0.006010602777400349,0.6010602777400349
gaussian_noise,2,standard_deviation,0.04,"fraction of the [0,1] RGB intensity range",university1652_drone_to_satellite,MRR,0.49925702810287476,0.49718809127807617,0.002068936824798584,0.2068936824798584,0.004144031447409625,0.4144031447409625
gaussian_noise,2,standard_deviation,0.04,"fraction of the [0,1] RGB intensity range",university1652_satellite_to_drone,r_at_1,0.5649072753209701,0.5135520684736091,0.051355206847360946,5.135520684736095,0.09090909090909097,9.090909090909097
gaussian_noise,2,standard_deviation,0.04,"fraction of the [0,1] RGB intensity range",university1652_satellite_to_drone,r_at_5,0.6961483594864479,0.68188302425107,0.014265335235377985,1.4265335235377985,0.020491803278688457,2.0491803278688456
gaussian_noise,2,standard_deviation,0.04,"fraction of the [0,1] RGB intensity range",university1652_satellite_to_drone,r_at_10,0.7517831669044223,0.7289586305278174,0.022824536376604865,2.2824536376604865,0.03036053130929793,3.036053130929793
gaussian_noise,2,standard_deviation,0.04,"fraction of the [0,1] RGB intensity range",university1652_satellite_to_drone,r_at_20,0.7917261055634808,0.7831669044222539,0.00855920114122688,0.855920114122688,0.010810810810810888,1.0810810810810887
gaussian_noise,2,standard_deviation,0.04,"fraction of the [0,1] RGB intensity range",university1652_satellite_to_drone,official_trapezoid_mAP,0.36636626720428467,0.3499554395675659,0.01641082763671875,1.641082763671875,0.04479350067337975,4.4793500673379745
gaussian_noise,2,standard_deviation,0.04,"fraction of the [0,1] RGB intensity range",university1652_satellite_to_drone,MRR,0.6279942393302917,0.5886424779891968,0.03935176134109497,3.935176134109497,0.0626626151587961,6.266261515879611
gaussian_noise,2,standard_deviation,0.04,"fraction of the [0,1] RGB intensity range",university1652_street_to_satellite,r_at_1,0.005428460643660334,0.0034897246994959287,0.001938735944164405,0.1938735944164405,0.35714285714285715,35.714285714285715
gaussian_noise,2,standard_deviation,0.04,"fraction of the [0,1] RGB intensity range",university1652_street_to_satellite,r_at_5,0.03722373012795657,0.029856533540131833,0.00736719658782474,0.736719658782474,0.1979166666666667,19.79166666666667
gaussian_noise,2,standard_deviation,0.04,"fraction of the [0,1] RGB intensity range",university1652_street_to_satellite,r_at_10,0.058937572702597904,0.0569988367584335,0.0019387359441644034,0.19387359441644034,0.03289473684210524,3.289473684210524
gaussian_noise,2,standard_deviation,0.04,"fraction of the [0,1] RGB intensity range",university1652_street_to_satellite,r_at_20,0.1015897634742148,0.09965102753005041,0.0019387359441643964,0.19387359441643964,0.019083969465648772,1.9083969465648774
gaussian_noise,2,standard_deviation,0.04,"fraction of the [0,1] RGB intensity range",university1652_street_to_satellite,official_trapezoid_mAP,0.017087433487176895,0.014940529130399227,0.002146904356777668,0.2146904356777668,0.12564229487060138,12.564229487060139
gaussian_noise,2,standard_deviation,0.04,"fraction of the [0,1] RGB intensity range",university1652_street_to_satellite,MRR,0.028746405616402626,0.02639133669435978,0.0023550689220428467,0.23550689220428467,0.08192568328261013,8.192568328261013
gaussian_noise,3,standard_deviation,0.08,"fraction of the [0,1] RGB intensity range",university1652_drone_to_satellite,r_at_1,0.3855501254788007,0.33509443930788535,0.05045568617091534,5.045568617091534,0.13086673518328196,13.086673518328196
gaussian_noise,3,standard_deviation,0.08,"fraction of the [0,1] RGB intensity range",university1652_drone_to_satellite,r_at_5,0.626205256901334,0.5820631356491877,0.04414212125214634,4.414212125214634,0.07049145749841805,7.049145749841805
gaussian_noise,3,standard_deviation,0.08,"fraction of the [0,1] RGB intensity range",university1652_drone_to_satellite,r_at_10,0.7196143177915731,0.6814423457931581,0.038171971998415044,3.8171971998415044,0.0530450423993246,5.30450423993246
gaussian_noise,3,standard_deviation,0.08,"fraction of the [0,1] RGB intensity range",university1652_drone_to_satellite,r_at_20,0.8072645621450271,0.7800554748381984,0.027209087306828694,2.7209087306828694,0.03370529140351452,3.370529140351452
gaussian_noise,3,standard_deviation,0.08,"fraction of the [0,1] RGB intensity range",university1652_drone_to_satellite,official_trapezoid_mAP,0.4424035847187042,0.3936104476451874,0.048793137073516846,4.879313707351685,0.11029100748480879,11.029100748480879
gaussian_noise,3,standard_deviation,0.08,"fraction of the [0,1] RGB intensity range",university1652_drone_to_satellite,MRR,0.49925702810287476,0.4521264433860779,0.047130584716796875,4.7130584716796875,0.09440144467447607,9.440144467447606
gaussian_noise,3,standard_deviation,0.08,"fraction of the [0,1] RGB intensity range",university1652_satellite_to_drone,r_at_1,0.5649072753209701,0.43509272467902993,0.12981455064194014,12.981455064194014,0.2297979797979799,22.97979797979799
gaussian_noise,3,standard_deviation,0.08,"fraction of the [0,1] RGB intensity range",university1652_satellite_to_drone,r_at_5,0.6961483594864479,0.5877318116975749,0.108416547788873,10.8416547788873,0.15573770491803274,15.573770491803273
gaussian_noise,3,standard_deviation,0.08,"fraction of the [0,1] RGB intensity range",university1652_satellite_to_drone,r_at_10,0.7517831669044223,0.666191155492154,0.08559201141226824,8.559201141226824,0.11385199240986725,11.385199240986724
gaussian_noise,3,standard_deviation,0.08,"fraction of the [0,1] RGB intensity range",university1652_satellite_to_drone,r_at_20,0.7917261055634808,0.7218259629101283,0.06990014265335243,6.990014265335242,0.08828828828828837,8.828828828828836
gaussian_noise,3,standard_deviation,0.08,"fraction of the [0,1] RGB intensity range",university1652_satellite_to_drone,official_trapezoid_mAP,0.36636626720428467,0.2809894382953644,0.08537682890892029,8.537682890892029,0.23303681739158164,23.30368173915816
gaussian_noise,3,standard_deviation,0.08,"fraction of the [0,1] RGB intensity range",university1652_satellite_to_drone,MRR,0.6279942393302917,0.5093719363212585,0.1186223030090332,11.86223030090332,0.1888907502328921,18.88907502328921
gaussian_noise,3,standard_deviation,0.08,"fraction of the [0,1] RGB intensity range",university1652_street_to_satellite,r_at_1,0.005428460643660334,0.004265219077161691,0.0011632415664986429,0.11632415664986429,0.21428571428571427,21.428571428571427
gaussian_noise,3,standard_deviation,0.08,"fraction of the [0,1] RGB intensity range",university1652_street_to_satellite,r_at_5,0.03722373012795657,0.026754556029468787,0.010469174098487785,1.0469174098487786,0.28125,28.125
gaussian_noise,3,standard_deviation,0.08,"fraction of the [0,1] RGB intensity range",university1652_street_to_satellite,r_at_10,0.058937572702597904,0.05001938735944164,0.008918185343156262,0.8918185343156262,0.1513157894736842,15.131578947368421
gaussian_noise,3,standard_deviation,0.08,"fraction of the [0,1] RGB intensity range",university1652_street_to_satellite,r_at_20,0.1015897634742148,0.09150833656455991,0.010081426909654898,1.0081426909654898,0.09923664122137398,9.923664122137398
gaussian_noise,3,standard_deviation,0.08,"fraction of the [0,1] RGB intensity range",university1652_street_to_satellite,official_trapezoid_mAP,0.017087433487176895,0.014482608065009117,0.002604825422167778,0.2604825422167778,0.15244099847543197,15.244099847543195
gaussian_noise,3,standard_deviation,0.08,"fraction of the [0,1] RGB intensity range",university1652_street_to_satellite,MRR,0.028746405616402626,0.024699997156858444,0.004046408459544182,0.4046408459544182,0.14076224045330077,14.076224045330076
gaussian_noise,4,standard_deviation,0.12,"fraction of the [0,1] RGB intensity range",university1652_drone_to_satellite,r_at_1,0.3855501254788007,0.24068154801215164,0.14486857746664905,14.486857746664905,0.37574511819116135,37.57451181911613
gaussian_noise,4,standard_deviation,0.12,"fraction of the [0,1] RGB intensity range",university1652_drone_to_satellite,r_at_5,0.626205256901334,0.4731739532426364,0.1530313036586976,15.30313036586976,0.2443788230331153,24.43788230331153
gaussian_noise,4,standard_deviation,0.12,"fraction of the [0,1] RGB intensity range",university1652_drone_to_satellite,r_at_10,0.7196143177915731,0.5827235503896447,0.1368907674019284,13.68907674019284,0.1902279651995154,19.02279651995154
gaussian_noise,4,standard_deviation,0.12,"fraction of the [0,1] RGB intensity range",university1652_drone_to_satellite,r_at_20,0.8072645621450271,0.6926693963809272,0.1145951657640999,11.459516576409989,0.1419549069014039,14.195490690140389
gaussian_noise,4,standard_deviation,0.12,"fraction of the [0,1] RGB intensity range",university1652_drone_to_satellite,official_trapezoid_mAP,0.4424035847187042,0.2975139915943146,0.14488959312438965,14.488959312438965,0.327505468149666,32.7505468149666
gaussian_noise,4,standard_deviation,0.12,"fraction of the [0,1] RGB intensity range",university1652_drone_to_satellite,MRR,0.49925702810287476,0.35434645414352417,0.14491057395935059,14.491057395935059,0.29025244674070155,29.025244674070155
gaussian_noise,4,standard_deviation,0.12,"fraction of the [0,1] RGB intensity range",university1652_satellite_to_drone,r_at_1,0.5649072753209701,0.30099857346647646,0.2639087018544936,26.390870185449362,0.4671717171717172,46.71717171717172
gaussian_noise,4,standard_deviation,0.12,"fraction of the [0,1] RGB intensity range",university1652_satellite_to_drone,r_at_5,0.6961483594864479,0.43794579172610554,0.2582025677603424,25.82025677603424,0.37090163934426235,37.09016393442623
gaussian_noise,4,standard_deviation,0.12,"fraction of the [0,1] RGB intensity range",university1652_satellite_to_drone,r_at_10,0.7517831669044223,0.4950071326676177,0.25677603423680456,25.677603423680456,0.3415559772296015,34.15559772296015
gaussian_noise,4,standard_deviation,0.12,"fraction of the [0,1] RGB intensity range",university1652_satellite_to_drone,r_at_20,0.7917261055634808,0.572039942938659,0.21968616262482177,21.968616262482175,0.2774774774774776,27.747747747747756
gaussian_noise,4,standard_deviation,0.12,"fraction of the [0,1] RGB intensity range",university1652_satellite_to_drone,official_trapezoid_mAP,0.36636626720428467,0.18577907979488373,0.18058718740940094,18.058718740940094,0.49291434167083426,49.29143416708343
gaussian_noise,4,standard_deviation,0.12,"fraction of the [0,1] RGB intensity range",university1652_satellite_to_drone,MRR,0.6279942393302917,0.3690605163574219,0.2589337229728699,25.893372297286987,0.4123186277138514,41.231862771385146
gaussian_noise,4,standard_deviation,0.12,"fraction of the [0,1] RGB intensity range",university1652_street_to_satellite,r_at_1,0.005428460643660334,0.0034897246994959287,0.001938735944164405,0.1938735944164405,0.35714285714285715,35.714285714285715
gaussian_noise,4,standard_deviation,0.12,"fraction of the [0,1] RGB intensity range",university1652_street_to_satellite,r_at_5,0.03722373012795657,0.021713842574641335,0.015509887553315237,1.5509887553315238,0.41666666666666663,41.666666666666664
gaussian_noise,4,standard_deviation,0.12,"fraction of the [0,1] RGB intensity range",university1652_street_to_satellite,r_at_10,0.058937572702597904,0.05040713454827452,0.008530438154323382,0.8530438154323382,0.14473684210526316,14.473684210526319
gaussian_noise,4,standard_deviation,0.12,"fraction of the [0,1] RGB intensity range",university1652_street_to_satellite,r_at_20,0.1015897634742148,0.08724311748739821,0.014346645986816592,1.434664598681659,0.1412213740458015,14.12213740458015
gaussian_noise,4,standard_deviation,0.12,"fraction of the [0,1] RGB intensity range",university1652_street_to_satellite,official_trapezoid_mAP,0.017087433487176895,0.012954828329384327,0.004132605157792568,0.4132605157792568,0.241850548292922,24.1850548292922
gaussian_noise,4,standard_deviation,0.12,"fraction of the [0,1] RGB intensity range",university1652_street_to_satellite,MRR,0.028746405616402626,0.02241993322968483,0.006326472386717796,0.6326472386717796,0.2200787281422039,22.007872814220388
gaussian_noise,5,standard_deviation,0.18,"fraction of the [0,1] RGB intensity range",university1652_drone_to_satellite,r_at_1,0.3855501254788007,0.11470083212257298,0.2708492933562277,27.08492933562277,0.702500856457691,70.2500856457691
gaussian_noise,5,standard_deviation,0.18,"fraction of the [0,1] RGB intensity range",university1652_drone_to_satellite,r_at_5,0.626205256901334,0.27689869237881387,0.3493065645225201,34.93065645225201,0.557814807002742,55.7814807002742
gaussian_noise,5,standard_deviation,0.18,"fraction of the [0,1] RGB intensity range",university1652_drone_to_satellite,r_at_10,0.7196143177915731,0.3729758288204993,0.34663848897107385,34.663848897107385,0.4817003781065306,48.170037810653064
gaussian_noise,5,standard_deviation,0.18,"fraction of the [0,1] RGB intensity range",university1652_drone_to_satellite,r_at_20,0.8072645621450271,0.4863029982829217,0.3209615638621054,32.09615638621054,0.39759154422592363,39.75915442259236
gaussian_noise,5,standard_deviation,0.18,"fraction of the [0,1] RGB intensity range",university1652_drone_to_satellite,official_trapezoid_mAP,0.4424035847187042,0.15757976472377777,0.28482381999492645,28.482381999492645,0.6438099279327212,64.38099279327211
gaussian_noise,5,standard_deviation,0.18,"fraction of the [0,1] RGB intensity range",university1652_drone_to_satellite,MRR,0.49925702810287476,0.20045870542526245,0.2987983226776123,29.87983226776123,0.5984859618561909,59.84859618561909
gaussian_noise,5,standard_deviation,0.18,"fraction of the [0,1] RGB intensity range",university1652_satellite_to_drone,r_at_1,0.5649072753209701,0.12553495007132667,0.4393723252496434,43.937232524964344,0.7777777777777778,77.77777777777779
gaussian_noise,5,standard_deviation,0.18,"fraction of the [0,1] RGB intensity range",university1652_satellite_to_drone,r_at_5,0.6961483594864479,0.2239657631954351,0.47218259629101283,47.21825962910128,0.6782786885245902,67.82786885245902
gaussian_noise,5,standard_deviation,0.18,"fraction of the [0,1] RGB intensity range",university1652_satellite_to_drone,r_at_10,0.7517831669044223,0.26676176890156916,0.4850213980028531,48.50213980028531,0.6451612903225806,64.51612903225808
gaussian_noise,5,standard_deviation,0.18,"fraction of the [0,1] RGB intensity range",university1652_satellite_to_drone,r_at_20,0.7917261055634808,0.3238231098430813,0.46790299572039945,46.79029957203994,0.590990990990991,59.09909909909909
gaussian_noise,5,standard_deviation,0.18,"fraction of the [0,1] RGB intensity range",university1652_satellite_to_drone,official_trapezoid_mAP,0.36636626720428467,0.0867944285273552,0.2795718386769295,27.957183867692947,0.7630938317829384,76.30938317829384
gaussian_noise,5,standard_deviation,0.18,"fraction of the [0,1] RGB intensity range",university1652_satellite_to_drone,MRR,0.6279942393302917,0.17417186498641968,0.45382237434387207,45.38223743438721,0.7226537218364284,72.26537218364284
gaussian_noise,5,standard_deviation,0.18,"fraction of the [0,1] RGB intensity range",university1652_street_to_satellite,r_at_1,0.005428460643660334,0.0031019775106630476,0.002326483132997286,0.23264831329972863,0.4285714285714286,42.85714285714286
gaussian_noise,5,standard_deviation,0.18,"fraction of the [0,1] RGB intensity range",university1652_street_to_satellite,r_at_5,0.03722373012795657,0.02093834819697557,0.016285381930981002,1.6285381930981002,0.43750000000000006,43.75000000000001
gaussian_noise,5,standard_deviation,0.18,"fraction of the [0,1] RGB intensity range",university1652_street_to_satellite,r_at_10,0.058937572702597904,0.03644823575029081,0.022489336952307093,2.2489336952307095,0.381578947368421,38.1578947368421
gaussian_noise,5,standard_deviation,0.18,"fraction of the [0,1] RGB intensity range",university1652_street_to_satellite,r_at_20,0.1015897634742148,0.0670802636680884,0.0345094998061264,3.45094998061264,0.3396946564885496,33.96946564885496
gaussian_noise,5,standard_deviation,0.18,"fraction of the [0,1] RGB intensity range",university1652_street_to_satellite,official_trapezoid_mAP,0.017087433487176895,0.011189311742782593,0.005898121744394302,0.5898121744394302,0.34517306234552386,34.517306234552386
gaussian_noise,5,standard_deviation,0.18,"fraction of the [0,1] RGB intensity range",university1652_street_to_satellite,MRR,0.028746405616402626,0.01927664503455162,0.009469760581851006,0.9469760581851006,0.32942416204019553,32.94241620401955
gaussian_blur,1,radius,0.5,pixels in the decoded source image,university1652_drone_to_satellite,r_at_1,0.3855501254788007,0.3750627394003434,0.010487386078457284,1.0487386078457284,0.0272010962658445,2.72010962658445
gaussian_blur,1,radius,0.5,pixels in the decoded source image,university1652_drone_to_satellite,r_at_5,0.626205256901334,0.6203407740060758,0.005864482895258205,0.5864482895258205,0.009365112845391241,0.9365112845391241
gaussian_blur,1,radius,0.5,pixels in the decoded source image,university1652_drone_to_satellite,r_at_10,0.7196143177915731,0.7141460837405891,0.0054682340509840666,0.5468234050984067,0.007598839983847944,0.7598839983847944
gaussian_blur,1,radius,0.5,pixels in the decoded source image,university1652_drone_to_satellite,r_at_20,0.8072645621450271,0.8016114119667151,0.0056531501783119165,0.5653150178311916,0.007002846951798082,0.7002846951798083
gaussian_blur,1,radius,0.5,pixels in the decoded source image,university1652_drone_to_satellite,official_trapezoid_mAP,0.4424035847187042,0.432576447725296,0.009827136993408203,0.9827136993408203,0.02221305914520707,2.221305914520707
gaussian_blur,1,radius,0.5,pixels in the decoded source image,university1652_drone_to_satellite,MRR,0.49925702810287476,0.4900902211666107,0.009166806936264038,0.9166806936264038,0.01836089713368074,1.836089713368074
gaussian_blur,1,radius,0.5,pixels in the decoded source image,university1652_satellite_to_drone,r_at_1,0.5649072753209701,0.5620542082738944,0.0028530670470756636,0.28530670470756636,0.0050505050505051515,0.5050505050505152
gaussian_blur,1,radius,0.5,pixels in the decoded source image,university1652_satellite_to_drone,r_at_5,0.6961483594864479,0.7104136947218259,-0.014265335235377985,-1.4265335235377985,-0.020491803278688457,-2.0491803278688456
gaussian_blur,1,radius,0.5,pixels in the decoded source image,university1652_satellite_to_drone,r_at_10,0.7517831669044223,0.746077032810271,0.005706134094151216,0.5706134094151216,0.007590132827324483,0.7590132827324483
gaussian_blur,1,radius,0.5,pixels in the decoded source image,university1652_satellite_to_drone,r_at_20,0.7917261055634808,0.7874465049928673,0.004279600570613495,0.42796005706134954,0.005405405405405514,0.5405405405405513
gaussian_blur,1,radius,0.5,pixels in the decoded source image,university1652_satellite_to_drone,official_trapezoid_mAP,0.36636626720428467,0.3713681101799011,-0.005001842975616455,-0.5001842975616455,-0.01365257509591472,-1.365257509591472
gaussian_blur,1,radius,0.5,pixels in the decoded source image,university1652_satellite_to_drone,MRR,0.6279942393302917,0.627513587474823,0.00048065185546875,0.048065185546875,0.0007653762174336643,0.07653762174336642
gaussian_blur,1,radius,0.5,pixels in the decoded source image,university1652_street_to_satellite,r_at_1,0.005428460643660334,0.0058162078324932144,-0.0003877471888328807,-0.03877471888328807,-0.07142857142857137,-7.142857142857137
gaussian_blur,1,radius,0.5,pixels in the decoded source image,university1652_street_to_satellite,r_at_5,0.03722373012795657,0.033734005428460646,0.003489724699495926,0.34897246994959263,0.09374999999999993,9.374999999999993
gaussian_blur,1,radius,0.5,pixels in the decoded source image,university1652_street_to_satellite,r_at_10,0.058937572702597904,0.061264055835595195,-0.002326483132997291,-0.2326483132997291,-0.039473684210526404,-3.9473684210526407
gaussian_blur,1,radius,0.5,pixels in the decoded source image,university1652_street_to_satellite,r_at_20,0.1015897634742148,0.10120201628538193,0.00038774718883287373,0.038774718883287373,0.0038167938931297,0.38167938931297
gaussian_blur,1,radius,0.5,pixels in the decoded source image,university1652_street_to_satellite,official_trapezoid_mAP,0.017087433487176895,0.017265617847442627,-0.0001781843602657318,-0.01781843602657318,-0.010427801249347867,-1.0427801249347868
gaussian_blur,1,radius,0.5,pixels in the decoded source image,university1652_street_to_satellite,MRR,0.028746405616402626,0.02871502935886383,3.137625753879547e-05,0.003137625753879547,0.001091484547928742,0.1091484547928742
gaussian_blur,2,radius,1.0,pixels in the decoded source image,university1652_drone_to_satellite,r_at_1,0.3855501254788007,0.3015189539030511,0.08403117157574957,8.403117157574957,0.2179513532031518,21.79513532031518
gaussian_blur,2,radius,1.0,pixels in the decoded source image,university1652_drone_to_satellite,r_at_5,0.626205256901334,0.541566503764364,0.08463875313697,8.463875313697,0.1351613583632145,13.51613583632145
gaussian_blur,2,radius,1.0,pixels in the decoded source image,university1652_drone_to_satellite,r_at_10,0.7196143177915731,0.6470479461101571,0.072566371681416,7.2566371681416,0.1008406446165707,10.08406446165707
gaussian_blur,2,radius,1.0,pixels in the decoded source image,university1652_drone_to_satellite,r_at_20,0.8072645621450271,0.7431779157310792,0.0640866464139479,6.40866464139479,0.07938741450963703,7.938741450963702
gaussian_blur,2,radius,1.0,pixels in the decoded source image,university1652_drone_to_satellite,official_trapezoid_mAP,0.4424035847187042,0.3590778708457947,0.08332571387290955,8.332571387290955,0.18834773666196888,18.834773666196888
gaussian_blur,2,radius,1.0,pixels in the decoded source image,university1652_drone_to_satellite,MRR,0.49925702810287476,0.41663676500320435,0.08262026309967041,8.262026309967041,0.1654864297326347,16.54864297326347
gaussian_blur,2,radius,1.0,pixels in the decoded source image,university1652_satellite_to_drone,r_at_1,0.5649072753209701,0.46504992867332384,0.09985734664764623,9.985734664764623,0.17676767676767677,17.67676767676768
gaussian_blur,2,radius,1.0,pixels in the decoded source image,university1652_satellite_to_drone,r_at_5,0.6961483594864479,0.6019971469329529,0.09415121255349501,9.4151212553495,0.13524590163934427,13.524590163934427
gaussian_blur,2,radius,1.0,pixels in the decoded source image,university1652_satellite_to_drone,r_at_10,0.7517831669044223,0.6776034236804565,0.07417974322396581,7.4179743223965815,0.09867172675521828,9.867172675521829
gaussian_blur,2,radius,1.0,pixels in the decoded source image,university1652_satellite_to_drone,r_at_20,0.7917261055634808,0.738944365192582,0.05278174037089878,5.278174037089878,0.06666666666666674,6.666666666666674
gaussian_blur,2,radius,1.0,pixels in the decoded source image,university1652_satellite_to_drone,official_trapezoid_mAP,0.36636626720428467,0.3099583685398102,0.05640789866447449,5.640789866447449,0.15396586343748078,15.396586343748078
gaussian_blur,2,radius,1.0,pixels in the decoded source image,university1652_satellite_to_drone,MRR,0.6279942393302917,0.5335731506347656,0.09442108869552612,9.442108869552612,0.1503534312611196,15.035343126111963
gaussian_blur,2,radius,1.0,pixels in the decoded source image,university1652_street_to_satellite,r_at_1,0.005428460643660334,0.0058162078324932144,-0.0003877471888328807,-0.03877471888328807,-0.07142857142857137,-7.142857142857137
gaussian_blur,2,radius,1.0,pixels in the decoded source image,university1652_street_to_satellite,r_at_5,0.03722373012795657,0.031795269484296236,0.005428460643660336,0.5428460643660337,0.1458333333333334,14.583333333333341
gaussian_blur,2,radius,1.0,pixels in the decoded source image,university1652_street_to_satellite,r_at_10,0.058937572702597904,0.0550601008142691,0.0038774718883288067,0.3877471888328807,0.06578947368421048,6.578947368421048
gaussian_blur,2,radius,1.0,pixels in the decoded source image,university1652_street_to_satellite,r_at_20,0.1015897634742148,0.10236525785188057,-0.0007754943776657613,-0.07754943776657613,-0.0076335877862595365,-0.7633587786259537
gaussian_blur,2,radius,1.0,pixels in the decoded source image,university1652_street_to_satellite,official_trapezoid_mAP,0.017087433487176895,0.016467154026031494,0.000620279461145401,0.0620279461145401,0.03630032922210839,3.6300329222108396
gaussian_blur,2,radius,1.0,pixels in the decoded source image,university1652_street_to_satellite,MRR,0.028746405616402626,0.027118101716041565,0.001628303900361061,0.1628303900361061,0.05664373911957727,5.6643739119577265
gaussian_blur,3,radius,2.0,pixels in the decoded source image,university1652_drone_to_satellite,r_at_1,0.3855501254788007,0.10318319904900278,0.2823669264297979,28.23669264297979,0.7323741007194243,73.23741007194245
gaussian_blur,3,radius,2.0,pixels in the decoded source image,university1652_drone_to_satellite,r_at_5,0.626205256901334,0.25148593316602824,0.37471932373530575,37.47193237353058,0.5983969626661042,59.839696266610424
gaussian_blur,3,radius,2.0,pixels in the decoded source image,university1652_drone_to_satellite,r_at_10,0.7196143177915731,0.34325716549993396,0.3763571522916392,37.63571522916392,0.5229984214970083,52.29984214970082
gaussian_blur,3,radius,2.0,pixels in the decoded source image,university1652_drone_to_satellite,r_at_20,0.8072645621450271,0.45272751287808743,0.35453704926693963,35.453704926693966,0.4391832193461828,43.918321934618284
gaussian_blur,3,radius,2.0,pixels in the decoded source image,university1652_drone_to_satellite,official_trapezoid_mAP,0.4424035847187042,0.14361299574375153,0.2987905889749527,29.87905889749527,0.6753801264176787,67.53801264176788
gaussian_blur,3,radius,2.0,pixels in the decoded source image,university1652_drone_to_satellite,MRR,0.49925702810287476,0.1840427964925766,0.31521423161029816,31.521423161029816,0.63136663855906,63.136663855905994
gaussian_blur,3,radius,2.0,pixels in the decoded source image,university1652_satellite_to_drone,r_at_1,0.5649072753209701,0.14978601997146934,0.41512125534950073,41.51212553495007,0.7348484848484849,73.48484848484848
gaussian_blur,3,radius,2.0,pixels in the decoded source image,university1652_satellite_to_drone,r_at_5,0.6961483594864479,0.23252496433666192,0.463623395149786,46.3623395149786,0.665983606557377,66.59836065573771
gaussian_blur,3,radius,2.0,pixels in the decoded source image,university1652_satellite_to_drone,r_at_10,0.7517831669044223,0.2810271041369472,0.47075606276747506,47.07560627674751,0.6261859582542695,62.61859582542695
gaussian_blur,3,radius,2.0,pixels in the decoded source image,university1652_satellite_to_drone,r_at_20,0.7917261055634808,0.3437945791726106,0.4479315263908702,44.79315263908702,0.5657657657657658,56.57657657657658
gaussian_blur,3,radius,2.0,pixels in the decoded source image,university1652_satellite_to_drone,official_trapezoid_mAP,0.36636626720428467,0.1013643890619278,0.2650018781423569,26.500187814235687,0.7233249943139352,72.33249943139352
gaussian_blur,3,radius,2.0,pixels in the decoded source image,university1652_satellite_to_drone,MRR,0.6279942393302917,0.19680170714855194,0.4311925321817398,43.11925321817398,0.68661861077193,68.661861077193
gaussian_blur,3,radius,2.0,pixels in the decoded source image,university1652_street_to_satellite,r_at_1,0.005428460643660334,0.0038774718883288098,0.001550988755331524,0.1550988755331524,0.2857142857142857,28.571428571428573
gaussian_blur,3,radius,2.0,pixels in the decoded source image,university1652_street_to_satellite,r_at_5,0.03722373012795657,0.02404032570763862,0.013183404420317953,1.3183404420317952,0.3541666666666667,35.416666666666664
gaussian_blur,3,radius,2.0,pixels in the decoded source image,university1652_street_to_satellite,r_at_10,0.058937572702597904,0.04846839860411012,0.010469174098487785,1.0469174098487786,0.17763157894736842,17.763157894736842
gaussian_blur,3,radius,2.0,pixels in the decoded source image,university1652_street_to_satellite,r_at_20,0.1015897634742148,0.08414113997673517,0.017448623497479637,1.7448623497479638,0.17175572519083965,17.175572519083964
gaussian_blur,3,radius,2.0,pixels in the decoded source image,university1652_street_to_satellite,official_trapezoid_mAP,0.017087433487176895,0.013004438020288944,0.004082995466887951,0.4082995466887951,0.2389472632008778,23.89472632008778
gaussian_blur,3,radius,2.0,pixels in the decoded source image,university1652_street_to_satellite,MRR,0.028746405616402626,0.022131403908133507,0.006615001708269119,0.6615001708269119,0.2301157854843117,23.011578548431167
gaussian_blur,4,radius,3.0,pixels in the decoded source image,university1652_drone_to_satellite,r_at_1,0.3855501254788007,0.03835688812574296,0.34719323735305774,34.71932373530577,0.9005138746145941,90.0513874614594
gaussian_blur,4,radius,3.0,pixels in the decoded source image,university1652_drone_to_satellite,r_at_5,0.626205256901334,0.11765949015982037,0.5085457667415136,50.85457667415136,0.8121071503902131,81.2107150390213
gaussian_blur,4,radius,3.0,pixels in the decoded source image,university1652_drone_to_satellite,r_at_10,0.7196143177915731,0.17450799101835954,0.5451063267732136,54.51063267732136,0.7574978892111156,75.74978892111156
gaussian_blur,4,radius,3.0,pixels in the decoded source image,university1652_drone_to_satellite,r_at_20,0.8072645621450271,0.2534143442081627,0.5538502179368643,55.38502179368643,0.6860826597728983,68.60826597728982
gaussian_blur,4,radius,3.0,pixels in the decoded source image,university1652_drone_to_satellite,official_trapezoid_mAP,0.4424035847187042,0.06282033771276474,0.3795832470059395,37.95832470059395,0.8580021955457071,85.80021955457072
gaussian_blur,4,radius,3.0,pixels in the decoded source image,university1652_drone_to_satellite,MRR,0.49925702810287476,0.08728380501270294,0.4119732230901718,41.19732230901718,0.8251726062938515,82.51726062938515
gaussian_blur,4,radius,3.0,pixels in the decoded source image,university1652_satellite_to_drone,r_at_1,0.5649072753209701,0.05563480741797432,0.5092724679029957,50.92724679029958,0.9015151515151515,90.15151515151516
gaussian_blur,4,radius,3.0,pixels in the decoded source image,university1652_satellite_to_drone,r_at_5,0.6961483594864479,0.0912981455064194,0.6048502139800285,60.48502139800285,0.8688524590163934,86.88524590163934
gaussian_blur,4,radius,3.0,pixels in the decoded source image,university1652_satellite_to_drone,r_at_10,0.7517831669044223,0.10556348074179743,0.6462196861626248,64.62196861626248,0.8595825426944972,85.95825426944971
gaussian_blur,4,radius,3.0,pixels in the decoded source image,university1652_satellite_to_drone,r_at_20,0.7917261055634808,0.1369472182596291,0.6547788873038517,65.47788873038517,0.827027027027027,82.70270270270271
gaussian_blur,4,radius,3.0,pixels in the decoded source image,university1652_satellite_to_drone,official_trapezoid_mAP,0.36636626720428467,0.035673752427101135,0.33069251477718353,33.06925147771835,0.9026281739874005,90.26281739874005
gaussian_blur,4,radius,3.0,pixels in the decoded source image,university1652_satellite_to_drone,MRR,0.6279942393302917,0.07669652998447418,0.5512977093458176,55.12977093458176,0.8778706472430938,87.78706472430937
gaussian_blur,4,radius,3.0,pixels in the decoded source image,university1652_street_to_satellite,r_at_1,0.005428460643660334,0.0031019775106630476,0.002326483132997286,0.23264831329972863,0.4285714285714286,42.85714285714286
gaussian_blur,4,radius,3.0,pixels in the decoded source image,university1652_street_to_satellite,r_at_5,0.03722373012795657,0.016673129119813883,0.02055060100814269,2.055060100814269,0.5520833333333333,55.20833333333333
gaussian_blur,4,radius,3.0,pixels in the decoded source image,university1652_street_to_satellite,r_at_10,0.058937572702597904,0.03218301667312912,0.026754556029468787,2.6754556029468786,0.45394736842105265,45.39473684210526
gaussian_blur,4,radius,3.0,pixels in the decoded source image,university1652_street_to_satellite,r_at_20,0.1015897634742148,0.059325319891430785,0.04226444358278402,4.226444358278402,0.416030534351145,41.603053435114504
gaussian_blur,4,radius,3.0,pixels in the decoded source image,university1652_street_to_satellite,official_trapezoid_mAP,0.017087433487176895,0.010398329235613346,0.006689104251563549,0.6689104251563549,0.39146336730927583,39.14633673092759
gaussian_blur,4,radius,3.0,pixels in the decoded source image,university1652_street_to_satellite,MRR,0.028746405616402626,0.017694681882858276,0.01105172373354435,1.105172373354435,0.3844558474899646,38.44558474899646
gaussian_blur,5,radius,4.0,pixels in the decoded source image,university1652_drone_to_satellite,r_at_1,0.3855501254788007,0.01695945053493594,0.36859067494386477,36.85906749438648,0.9560123329907503,95.60123329907503
gaussian_blur,5,radius,4.0,pixels in the decoded source image,university1652_drone_to_satellite,r_at_5,0.626205256901334,0.07053229428080834,0.5556729626205257,55.567296262052565,0.8873655346973213,88.73655346973213
gaussian_blur,5,radius,4.0,pixels in the decoded source image,university1652_drone_to_satellite,r_at_10,0.7196143177915731,0.11192709021265354,0.6076872275789196,60.76872275789196,0.8444623912484858,84.44623912484857
gaussian_blur,5,radius,4.0,pixels in the decoded source image,university1652_drone_to_satellite,r_at_20,0.8072645621450271,0.1718663320565315,0.6353982300884955,63.53982300884955,0.787100363231781,78.71003632317812
gaussian_blur,5,radius,4.0,pixels in the decoded source image,university1652_drone_to_satellite,official_trapezoid_mAP,0.4424035847187042,0.034752752631902695,0.40765083208680153,40.76508320868015,0.921445589881466,92.1445589881466
gaussian_blur,5,radius,4.0,pixels in the decoded source image,university1652_drone_to_satellite,MRR,0.49925702810287476,0.05254605412483215,0.4467109739780426,44.67109739780426,0.8947514983925179,89.47514983925178
gaussian_blur,5,radius,4.0,pixels in the decoded source image,university1652_satellite_to_drone,r_at_1,0.5649072753209701,0.012838801711840228,0.5520684736091298,55.20684736091298,0.9772727272727272,97.72727272727272
gaussian_blur,5,radius,4.0,pixels in the decoded source image,university1652_satellite_to_drone,r_at_5,0.6961483594864479,0.03566333808844508,0.6604850213980028,66.04850213980028,0.9487704918032787,94.87704918032786
gaussian_blur,5,radius,4.0,pixels in the decoded source image,university1652_satellite_to_drone,r_at_10,0.7517831669044223,0.05135520684736091,0.7004279600570613,70.04279600570614,0.9316888045540797,93.16888045540797
gaussian_blur,5,radius,4.0,pixels in the decoded source image,university1652_satellite_to_drone,r_at_20,0.7917261055634808,0.06276747503566334,0.7289586305278174,72.89586305278173,0.9207207207207206,92.07207207207206
gaussian_blur,5,radius,4.0,pixels in the decoded source image,university1652_satellite_to_drone,official_trapezoid_mAP,0.36636626720428467,0.017644505947828293,0.3487217612564564,34.87217612564564,0.9518391633529137,95.18391633529139
gaussian_blur,5,radius,4.0,pixels in the decoded source image,university1652_satellite_to_drone,MRR,0.6279942393302917,0.02732120454311371,0.600673034787178,60.067303478717804,0.9564944981465917,95.64944981465918
gaussian_blur,5,radius,4.0,pixels in the decoded source image,university1652_street_to_satellite,r_at_1,0.005428460643660334,0.0019387359441644049,0.0034897246994959287,0.34897246994959286,0.6428571428571428,64.28571428571428
gaussian_blur,5,radius,4.0,pixels in the decoded source image,university1652_street_to_satellite,r_at_5,0.03722373012795657,0.012795657231485071,0.024428072896471503,2.4428072896471504,0.6562500000000001,65.62500000000001
gaussian_blur,5,radius,4.0,pixels in the decoded source image,university1652_street_to_satellite,r_at_10,0.058937572702597904,0.022877084141139977,0.036060488561457923,3.6060488561457924,0.6118421052631579,61.18421052631578
gaussian_blur,5,radius,4.0,pixels in the decoded source image,university1652_street_to_satellite,r_at_20,0.1015897634742148,0.04420317952694843,0.057386583947266374,5.738658394726637,0.564885496183206,56.488549618320604
gaussian_blur,5,radius,4.0,pixels in the decoded source image,university1652_street_to_satellite,official_trapezoid_mAP,0.017087433487176895,0.00831516832113266,0.008772265166044235,0.8772265166044235,0.5133752340646885,51.337523406468854
gaussian_blur,5,radius,4.0,pixels in the decoded source image,university1652_street_to_satellite,MRR,0.028746405616402626,0.014691600576043129,0.014054805040359497,1.4054805040359497,0.4889239102762768,48.89239102762768
brightness,1,factor,0.8,multiplicative Pillow brightness factor,university1652_drone_to_satellite,r_at_1,0.3855501254788007,0.3827235503896447,0.0028265750891560137,0.2826575089156014,0.007331277834875019,0.7331277834875018
brightness,1,factor,0.8,multiplicative Pillow brightness factor,university1652_drone_to_satellite,r_at_5,0.626205256901334,0.623854180425307,0.0023510764760269476,0.23510764760269476,0.003754482176755963,0.37544821767559633
brightness,1,factor,0.8,multiplicative Pillow brightness factor,university1652_drone_to_satellite,r_at_10,0.7196143177915731,0.7176859067494387,0.0019284110421344813,0.19284110421344813,0.002679784148893241,0.2679784148893241
brightness,1,factor,0.8,multiplicative Pillow brightness factor,university1652_drone_to_satellite,r_at_20,0.8072645621450271,0.8044115704662528,0.002852991678774286,0.2852991678774286,0.0035341470597860074,0.35341470597860075
brightness,1,factor,0.8,multiplicative Pillow brightness factor,university1652_drone_to_satellite,official_trapezoid_mAP,0.4424035847187042,0.4395606517791748,0.002842932939529419,0.2842932939529419,0.0064261073773555786,0.6426107377355579
brightness,1,factor,0.8,multiplicative Pillow brightness factor,university1652_drone_to_satellite,MRR,0.49925702810287476,0.49639779329299927,0.0028592348098754883,0.28592348098754883,0.005726979589531841,0.5726979589531841
brightness,1,factor,0.8,multiplicative Pillow brightness factor,university1652_satellite_to_drone,r_at_1,0.5649072753209701,0.5734664764621968,-0.008559201141226769,-0.8559201141226769,-0.015151515151515062,-1.5151515151515063
brightness,1,factor,0.8,multiplicative Pillow brightness factor,university1652_satellite_to_drone,r_at_5,0.6961483594864479,0.6975748930099858,-0.0014265335235378318,-0.14265335235378318,-0.0020491803278688938,-0.20491803278688936
brightness,1,factor,0.8,multiplicative Pillow brightness factor,university1652_satellite_to_drone,r_at_10,0.7517831669044223,0.738944365192582,0.012838801711840264,1.2838801711840264,0.017077798861480125,1.7077798861480125
brightness,1,factor,0.8,multiplicative Pillow brightness factor,university1652_satellite_to_drone,r_at_20,0.7917261055634808,0.7831669044222539,0.00855920114122688,0.855920114122688,0.010810810810810888,1.0810810810810887
brightness,1,factor,0.8,multiplicative Pillow brightness factor,university1652_satellite_to_drone,official_trapezoid_mAP,0.36636626720428467,0.3677334785461426,-0.0013672113418579102,-0.13672113418579102,-0.003731815574318575,-0.3731815574318575
brightness,1,factor,0.8,multiplicative Pillow brightness factor,university1652_satellite_to_drone,MRR,0.6279942393302917,0.6331543922424316,-0.005160152912139893,-0.5160152912139893,-0.00821687937399363,-0.8216879373993629
brightness,1,factor,0.8,multiplicative Pillow brightness factor,university1652_street_to_satellite,r_at_1,0.005428460643660334,0.006591702210158977,-0.0011632415664986429,-0.11632415664986429,-0.21428571428571427,-21.428571428571427
brightness,1,factor,0.8,multiplicative Pillow brightness factor,university1652_street_to_satellite,r_at_5,0.03722373012795657,0.03450949980612641,0.0027142303218301647,0.27142303218301644,0.07291666666666662,7.291666666666661
brightness,1,factor,0.8,multiplicative Pillow brightness factor,university1652_street_to_satellite,r_at_10,0.058937572702597904,0.059713067080263665,-0.0007754943776657613,-0.07754943776657613,-0.013157894736842096,-1.3157894736842095
brightness,1,factor,0.8,multiplicative Pillow brightness factor,university1652_street_to_satellite,r_at_20,0.1015897634742148,0.1039162466072121,-0.002326483132997298,-0.2326483132997298,-0.022900763358778747,-2.290076335877875
brightness,1,factor,0.8,multiplicative Pillow brightness factor,university1652_street_to_satellite,official_trapezoid_mAP,0.017087433487176895,0.01806778460741043,-0.0009803511202335358,-0.09803511202335358,-0.05737263708849144,-5.737263708849144
brightness,1,factor,0.8,multiplicative Pillow brightness factor,university1652_street_to_satellite,MRR,0.028746405616402626,0.029543867334723473,-0.0007974617183208466,-0.07974617183208466,-0.027741267167879134,-2.774126716787914
brightness,2,factor,0.65,multiplicative Pillow brightness factor,university1652_drone_to_satellite,r_at_1,0.3855501254788007,0.37530048870690796,0.010249636771892723,1.0249636771892723,0.026584446728331552,2.658444672833155
brightness,2,factor,0.65,multiplicative Pillow brightness factor,university1652_drone_to_satellite,r_at_5,0.626205256901334,0.619231277242108,0.006973979659225971,0.6973979659225971,0.011136890951276065,1.1136890951276066
brightness,2,factor,0.65,multiplicative Pillow brightness factor,university1652_drone_to_satellite,r_at_10,0.7196143177915731,0.7143045832782988,0.005309734513274322,0.5309734513274322,0.007378583752431976,0.7378583752431976
brightness,2,factor,0.65,multiplicative Pillow brightness factor,university1652_drone_to_satellite,r_at_20,0.8072645621450271,0.8027737419099195,0.0044908202351076065,0.44908202351076065,0.005563009260774189,0.5563009260774189
brightness,2,factor,0.65,multiplicative Pillow brightness factor,university1652_drone_to_satellite,official_trapezoid_mAP,0.4424035847187042,0.43263909220695496,0.009764492511749268,0.9764492511749268,0.022071458842174336,2.2071458842174336
brightness,2,factor,0.65,multiplicative Pillow brightness factor,university1652_drone_to_satellite,MRR,0.49925702810287476,0.4899776875972748,0.009279340505599976,0.9279340505599976,0.01858629920716492,1.858629920716492
brightness,2,factor,0.65,multiplicative Pillow brightness factor,university1652_satellite_to_drone,r_at_1,0.5649072753209701,0.5292439372325249,0.03566333808844513,3.566333808844513,0.06313131313131322,6.313131313131322
brightness,2,factor,0.65,multiplicative Pillow brightness factor,university1652_satellite_to_drone,r_at_5,0.6961483594864479,0.6847360912981455,0.011412268188302432,1.1412268188302432,0.01639344262295083,1.6393442622950831
brightness,2,factor,0.65,multiplicative Pillow brightness factor,university1652_satellite_to_drone,r_at_10,0.7517831669044223,0.7375178316690443,0.014265335235377985,1.4265335235377985,0.018975332068311132,1.8975332068311133
brightness,2,factor,0.65,multiplicative Pillow brightness factor,university1652_satellite_to_drone,r_at_20,0.7917261055634808,0.7788873038516405,0.012838801711840264,1.2838801711840264,0.016216216216216262,1.6216216216216262
brightness,2,factor,0.65,multiplicative Pillow brightness factor,university1652_satellite_to_drone,official_trapezoid_mAP,0.36636626720428467,0.35260599851608276,0.013760268688201904,1.3760268688201904,0.037558776339332633,3.755877633933263
brightness,2,factor,0.65,multiplicative Pillow brightness factor,university1652_satellite_to_drone,MRR,0.6279942393302917,0.6044213771820068,0.023572862148284912,2.357286214828491,0.037536749020856595,3.7536749020856597
brightness,2,factor,0.65,multiplicative Pillow brightness factor,university1652_street_to_satellite,r_at_1,0.005428460643660334,0.006979449398991857,-0.0015509887553315236,-0.15509887553315235,-0.28571428571428564,-28.571428571428562
brightness,2,factor,0.65,multiplicative Pillow brightness factor,university1652_street_to_satellite,r_at_5,0.03722373012795657,0.033346258239627766,0.0038774718883288067,0.3877471888328807,0.10416666666666659,10.416666666666659
brightness,2,factor,0.65,multiplicative Pillow brightness factor,university1652_street_to_satellite,r_at_10,0.058937572702597904,0.061264055835595195,-0.002326483132997291,-0.2326483132997291,-0.039473684210526404,-3.9473684210526407
brightness,2,factor,0.65,multiplicative Pillow brightness factor,university1652_street_to_satellite,r_at_20,0.1015897634742148,0.10507948817371074,-0.003489724699495933,-0.3489724699495933,-0.03435114503816798,-3.4351145038167985
brightness,2,factor,0.65,multiplicative Pillow brightness factor,university1652_street_to_satellite,official_trapezoid_mAP,0.017087433487176895,0.018005963414907455,-0.0009185299277305603,-0.09185299277305603,-0.053754703912665555,-5.375470391266556
brightness,2,factor,0.65,multiplicative Pillow brightness factor,university1652_street_to_satellite,MRR,0.028746405616402626,0.029032476246356964,-0.0002860706299543381,-0.028607062995433807,-0.009951526941201543,-0.9951526941201543
brightness,3,factor,0.5,multiplicative Pillow brightness factor,university1652_drone_to_satellite,r_at_1,0.3855501254788007,0.3560427948751816,0.029507330603619097,2.9507330603619097,0.07653305926687227,7.653305926687228
brightness,3,factor,0.5,multiplicative Pillow brightness factor,university1652_drone_to_satellite,r_at_5,0.626205256901334,0.6040417382115969,0.022163518689737094,2.2163518689737094,0.035393376924699335,3.5393376924699336
brightness,3,factor,0.5,multiplicative Pillow brightness factor,university1652_drone_to_satellite,r_at_10,0.7196143177915731,0.7010434552899221,0.018570862501651075,1.8570862501651075,0.025806688447560715,2.5806688447560715
brightness,3,factor,0.5,multiplicative Pillow brightness factor,university1652_drone_to_satellite,r_at_20,0.8072645621450271,0.7940826839255052,0.013181878219521881,1.318187821952188,0.016329068359566767,1.6329068359566765
brightness,3,factor,0.5,multiplicative Pillow brightness factor,university1652_drone_to_satellite,official_trapezoid_mAP,0.4424035847187042,0.4141528010368347,0.028250783681869507,2.8250783681869507,0.06385749270054479,6.38574927005448
brightness,3,factor,0.5,multiplicative Pillow brightness factor,university1652_drone_to_satellite,MRR,0.49925702810287476,0.47226279973983765,0.02699422836303711,2.699422836303711,0.054068799923783536,5.406879992378354
brightness,3,factor,0.5,multiplicative Pillow brightness factor,university1652_satellite_to_drone,r_at_1,0.5649072753209701,0.4864479315263909,0.0784593437945792,7.845934379457919,0.13888888888888892,13.888888888888891
brightness,3,factor,0.5,multiplicative Pillow brightness factor,university1652_satellite_to_drone,r_at_5,0.6961483594864479,0.6390870185449358,0.05706134094151216,5.706134094151216,0.08196721311475415,8.196721311475414
brightness,3,factor,0.5,multiplicative Pillow brightness factor,university1652_satellite_to_drone,r_at_10,0.7517831669044223,0.6947218259629101,0.05706134094151216,5.706134094151216,0.07590132827324483,7.590132827324483
brightness,3,factor,0.5,multiplicative Pillow brightness factor,university1652_satellite_to_drone,r_at_20,0.7917261055634808,0.7617689015691869,0.029957203994293913,2.9957203994293913,0.037837837837837895,3.7837837837837895
brightness,3,factor,0.5,multiplicative Pillow brightness factor,university1652_satellite_to_drone,official_trapezoid_mAP,0.36636626720428467,0.3192768692970276,0.04708939790725708,4.708939790725708,0.1285309323551892,12.85309323551892
brightness,3,factor,0.5,multiplicative Pillow brightness factor,university1652_satellite_to_drone,MRR,0.6279942393302917,0.5599839091300964,0.06801033020019531,6.801033020019531,0.10829769755965146,10.829769755965145
brightness,3,factor,0.5,multiplicative Pillow brightness factor,university1652_street_to_satellite,r_at_1,0.005428460643660334,0.0081426909654905,-0.0027142303218301656,-0.27142303218301655,-0.4999999999999998,-49.99999999999998
brightness,3,factor,0.5,multiplicative Pillow brightness factor,university1652_street_to_satellite,r_at_5,0.03722373012795657,0.02830554478480031,0.008918185343156262,0.8918185343156262,0.23958333333333334,23.958333333333332
brightness,3,factor,0.5,multiplicative Pillow brightness factor,university1652_street_to_satellite,r_at_10,0.058937572702597904,0.0550601008142691,0.0038774718883288067,0.3877471888328807,0.06578947368421048,6.578947368421048
brightness,3,factor,0.5,multiplicative Pillow brightness factor,university1652_street_to_satellite,r_at_20,0.1015897634742148,0.10314075222954634,-0.0015509887553315366,-0.15509887553315366,-0.01526717557251921,-1.526717557251921
brightness,3,factor,0.5,multiplicative Pillow brightness factor,university1652_street_to_satellite,official_trapezoid_mAP,0.017087433487176895,0.01818499155342579,-0.0010975580662488937,-0.10975580662488937,-0.06423188520807095,-6.423188520807095
brightness,3,factor,0.5,multiplicative Pillow brightness factor,university1652_street_to_satellite,MRR,0.028746405616402626,0.028227292001247406,0.00051911361515522,0.051911361515522,0.018058383440433163,1.8058383440433161
brightness,4,factor,0.35,multiplicative Pillow brightness factor,university1652_drone_to_satellite,r_at_1,0.3855501254788007,0.29293356227711004,0.09261656320169065,9.261656320169065,0.24021925316889342,24.02192531688934
brightness,4,factor,0.35,multiplicative Pillow brightness factor,university1652_drone_to_satellite,r_at_5,0.626205256901334,0.5446308281600846,0.08157442874124943,8.157442874124943,0.13026787597553247,13.026787597553247
brightness,4,factor,0.35,multiplicative Pillow brightness factor,university1652_drone_to_satellite,r_at_10,0.7196143177915731,0.6538634262316735,0.06575089155989966,6.575089155989966,0.0913696266656878,9.136962666568781
brightness,4,factor,0.35,multiplicative Pillow brightness factor,university1652_drone_to_satellite,r_at_20,0.8072645621450271,0.7551974640073966,0.05206709813763044,5.2067098137630445,0.06449818384109429,6.449818384109429
brightness,4,factor,0.35,multiplicative Pillow brightness factor,university1652_drone_to_satellite,official_trapezoid_mAP,0.4424035847187042,0.35294756293296814,0.08945602178573608,8.945602178573608,0.20220455908515156,20.220455908515156
brightness,4,factor,0.35,multiplicative Pillow brightness factor,university1652_drone_to_satellite,MRR,0.49925702810287476,0.41296160221099854,0.08629542589187622,8.629542589187622,0.17284769374161832,17.28476937416183
brightness,4,factor,0.35,multiplicative Pillow brightness factor,university1652_satellite_to_drone,r_at_1,0.5649072753209701,0.3637660485021398,0.2011412268188303,20.11412268188303,0.35606060606060613,35.60606060606061
brightness,4,factor,0.35,multiplicative Pillow brightness factor,university1652_satellite_to_drone,r_at_5,0.6961483594864479,0.5420827389443652,0.15406562054208273,15.406562054208273,0.22131147540983603,22.131147540983605
brightness,4,factor,0.35,multiplicative Pillow brightness factor,university1652_satellite_to_drone,r_at_10,0.7517831669044223,0.6005706134094151,0.15121255349500717,15.121255349500718,0.20113851992409873,20.113851992409874
brightness,4,factor,0.35,multiplicative Pillow brightness factor,university1652_satellite_to_drone,r_at_20,0.7917261055634808,0.6704707560627675,0.12125534950071326,12.125534950071327,0.15315315315315314,15.315315315315315
brightness,4,factor,0.35,multiplicative Pillow brightness factor,university1652_satellite_to_drone,official_trapezoid_mAP,0.36636626720428467,0.24684463441371918,0.11952163279056549,11.952163279056549,0.3262353646874389,32.623536468743886
brightness,4,factor,0.35,multiplicative Pillow brightness factor,university1652_satellite_to_drone,MRR,0.6279942393302917,0.4443760812282562,0.18361815810203552,18.361815810203552,0.292388284163005,29.2388284163005
brightness,4,factor,0.35,multiplicative Pillow brightness factor,university1652_street_to_satellite,r_at_1,0.005428460643660334,0.006979449398991857,-0.0015509887553315236,-0.15509887553315235,-0.28571428571428564,-28.571428571428562
brightness,4,factor,0.35,multiplicative Pillow brightness factor,university1652_street_to_satellite,r_at_5,0.03722373012795657,0.02753005040713455,0.009693679720822024,0.9693679720822024,0.2604166666666667,26.041666666666664
brightness,4,factor,0.35,multiplicative Pillow brightness factor,university1652_street_to_satellite,r_at_10,0.058937572702597904,0.05273361768127181,0.006203955021326091,0.6203955021326091,0.10526315789473677,10.526315789473676
brightness,4,factor,0.35,multiplicative Pillow brightness factor,university1652_street_to_satellite,r_at_20,0.1015897634742148,0.09383481969755719,0.0077549437766576135,0.7754943776657613,0.07633587786259537,7.633587786259537
brightness,4,factor,0.35,multiplicative Pillow brightness factor,university1652_street_to_satellite,official_trapezoid_mAP,0.017087433487176895,0.017289992421865463,-0.00020255893468856812,-0.02025589346885681,-0.011854263242082351,-1.185426324208235
brightness,4,factor,0.35,multiplicative Pillow brightness factor,university1652_street_to_satellite,MRR,0.028746405616402626,0.02760053426027298,0.0011458713561296463,0.11458713561296463,0.039861378546603925,3.986137854660393
brightness,5,factor,0.2,multiplicative Pillow brightness factor,university1652_drone_to_satellite,r_at_1,0.3855501254788007,0.12450138687095497,0.2610487386078457,26.104873860784572,0.6770811921891059,67.70811921891058
brightness,5,factor,0.2,multiplicative Pillow brightness factor,university1652_drone_to_satellite,r_at_5,0.626205256901334,0.2882578259146744,0.3379474309866596,33.79474309866596,0.5396751740139211,53.967517401392115
brightness,5,factor,0.2,multiplicative Pillow brightness factor,university1652_drone_to_satellite,r_at_10,0.7196143177915731,0.3900673623035266,0.3295469554880465,32.95469554880465,0.4579494144855182,45.79494144855182
brightness,5,factor,0.2,multiplicative Pillow brightness factor,university1652_drone_to_satellite,r_at_20,0.8072645621450271,0.5044776119402985,0.30278695020472857,30.278695020472856,0.3750777185117314,37.50777185117314
brightness,5,factor,0.2,multiplicative Pillow brightness factor,university1652_drone_to_satellite,official_trapezoid_mAP,0.4424035847187042,0.16830545663833618,0.27409812808036804,27.409812808036804,0.6195657936511733,61.95657936511733
brightness,5,factor,0.2,multiplicative Pillow brightness factor,university1652_drone_to_satellite,MRR,0.49925702810287476,0.2121095359325409,0.28714749217033386,28.714749217033386,0.5751496243557447,57.51496243557447
brightness,5,factor,0.2,multiplicative Pillow brightness factor,university1652_satellite_to_drone,r_at_1,0.5649072753209701,0.1312410841654779,0.4336661911554922,43.36661911554922,0.7676767676767677,76.76767676767678
brightness,5,factor,0.2,multiplicative Pillow brightness factor,university1652_satellite_to_drone,r_at_5,0.6961483594864479,0.2282453637660485,0.4679029957203994,46.79029957203994,0.6721311475409836,67.21311475409836
brightness,5,factor,0.2,multiplicative Pillow brightness factor,university1652_satellite_to_drone,r_at_10,0.7517831669044223,0.28815977175463625,0.463623395149786,46.3623395149786,0.6166982922201139,61.66982922201138
brightness,5,factor,0.2,multiplicative Pillow brightness factor,university1652_satellite_to_drone,r_at_20,0.7917261055634808,0.33238231098430815,0.4593437945791726,45.93437945791726,0.5801801801801801,58.01801801801801
brightness,5,factor,0.2,multiplicative Pillow brightness factor,university1652_satellite_to_drone,official_trapezoid_mAP,0.36636626720428467,0.08996012061834335,0.2764061465859413,27.64061465859413,0.7544530469335435,75.44530469335434
brightness,5,factor,0.2,multiplicative Pillow brightness factor,university1652_satellite_to_drone,MRR,0.6279942393302917,0.1832813322544098,0.44471290707588196,44.471290707588196,0.7081480676480959,70.81480676480959
brightness,5,factor,0.2,multiplicative Pillow brightness factor,university1652_street_to_satellite,r_at_1,0.005428460643660334,0.004265219077161691,0.0011632415664986429,0.11632415664986429,0.21428571428571427,21.428571428571427
brightness,5,factor,0.2,multiplicative Pillow brightness factor,university1652_street_to_satellite,r_at_5,0.03722373012795657,0.023264831329972858,0.013958898797983715,1.3958898797983714,0.375,37.5
brightness,5,factor,0.2,multiplicative Pillow brightness factor,university1652_street_to_satellite,r_at_10,0.058937572702597904,0.04032570763861962,0.018611865063978286,1.8611865063978286,0.31578947368421056,31.57894736842105
brightness,5,factor,0.2,multiplicative Pillow brightness factor,university1652_street_to_satellite,r_at_20,0.1015897634742148,0.06901899961225282,0.03257076386196199,3.257076386196199,0.3206106870229007,32.06106870229007
brightness,5,factor,0.2,multiplicative Pillow brightness factor,university1652_street_to_satellite,official_trapezoid_mAP,0.017087433487176895,0.012847166508436203,0.004240266978740692,0.4240266978740692,0.24815119145439607,24.815119145439606
brightness,5,factor,0.2,multiplicative Pillow brightness factor,university1652_street_to_satellite,MRR,0.028746405616402626,0.021429117769002914,0.007317287847399712,0.7317287847399712,0.2545461837922612,25.454618379226115
contrast,1,factor,0.8,multiplicative Pillow contrast factor,university1652_drone_to_satellite,r_at_1,0.3855501254788007,0.3775194822348435,0.008030643243957192,0.8030643243957192,0.02082905104487835,2.0829051044878346
contrast,1,factor,0.8,multiplicative Pillow contrast factor,university1652_drone_to_satellite,r_at_5,0.626205256901334,0.6192841104213446,0.006921146479989426,0.6921146479989426,0.011052520565281575,1.1052520565281576
contrast,1,factor,0.8,multiplicative Pillow contrast factor,university1652_drone_to_satellite,r_at_10,0.7196143177915731,0.7124290054154009,0.007185312376172259,0.7185312376172259,0.009984949157519947,0.9984949157519947
contrast,1,factor,0.8,multiplicative Pillow contrast factor,university1652_drone_to_satellite,r_at_20,0.8072645621450271,0.8003962488442742,0.006868313300752882,0.6868313300752882,0.008508131810595908,0.8508131810595908
contrast,1,factor,0.8,multiplicative Pillow contrast factor,university1652_drone_to_satellite,official_trapezoid_mAP,0.4424035847187042,0.4345937669277191,0.007809817790985107,0.7809817790985107,0.01765315214602265,1.7653152146022653
contrast,1,factor,0.8,multiplicative Pillow contrast factor,university1652_drone_to_satellite,MRR,0.49925702810287476,0.49166804552078247,0.007588982582092285,0.7588982582092285,0.01520055233058939,1.520055233058939
contrast,1,factor,0.8,multiplicative Pillow contrast factor,university1652_satellite_to_drone,r_at_1,0.5649072753209701,0.5620542082738944,0.0028530670470756636,0.28530670470756636,0.0050505050505051515,0.5050505050505152
contrast,1,factor,0.8,multiplicative Pillow contrast factor,university1652_satellite_to_drone,r_at_5,0.6961483594864479,0.6947218259629101,0.0014265335235378318,0.14265335235378318,0.0020491803278688938,0.20491803278688936
contrast,1,factor,0.8,multiplicative Pillow contrast factor,university1652_satellite_to_drone,r_at_10,0.7517831669044223,0.7432239657631954,0.00855920114122688,0.855920114122688,0.011385199240986799,1.1385199240986799
contrast,1,factor,0.8,multiplicative Pillow contrast factor,university1652_satellite_to_drone,r_at_20,0.7917261055634808,0.7931526390870185,-0.0014265335235377208,-0.14265335235377208,-0.0018018018018016977,-0.18018018018016976
contrast,1,factor,0.8,multiplicative Pillow contrast factor,university1652_satellite_to_drone,official_trapezoid_mAP,0.36636626720428467,0.36140337586402893,0.004962891340255737,0.49628913402557373,0.013546256259145292,1.354625625914529
contrast,1,factor,0.8,multiplicative Pillow contrast factor,university1652_satellite_to_drone,MRR,0.6279942393302917,0.6252029538154602,0.002791285514831543,0.2791285514831543,0.0044447629293673735,0.44447629293673735
contrast,1,factor,0.8,multiplicative Pillow contrast factor,university1652_street_to_satellite,r_at_1,0.005428460643660334,0.006203955021326095,-0.0007754943776657613,-0.07754943776657613,-0.14285714285714274,-14.285714285714274
contrast,1,factor,0.8,multiplicative Pillow contrast factor,university1652_street_to_satellite,r_at_5,0.03722373012795657,0.030632027917797598,0.006591702210158975,0.6591702210158975,0.1770833333333333,17.70833333333333
contrast,1,factor,0.8,multiplicative Pillow contrast factor,university1652_street_to_satellite,r_at_10,0.058937572702597904,0.059713067080263665,-0.0007754943776657613,-0.07754943776657613,-0.013157894736842096,-1.3157894736842095
contrast,1,factor,0.8,multiplicative Pillow contrast factor,university1652_street_to_satellite,r_at_20,0.1015897634742148,0.10663047692904226,-0.005040713454827456,-0.5040713454827456,-0.04961832061068706,-4.961832061068706
contrast,1,factor,0.8,multiplicative Pillow contrast factor,university1652_street_to_satellite,official_trapezoid_mAP,0.017087433487176895,0.017183903604745865,-9.647011756896973e-05,-0.009647011756896973,-0.005645676259185724,-0.5645676259185725
contrast,1,factor,0.8,multiplicative Pillow contrast factor,university1652_street_to_satellite,MRR,0.028746405616402626,0.02816385217010975,0.0005825534462928772,0.05825534462928772,0.02026526217108944,2.026526217108944
contrast,2,factor,0.65,multiplicative Pillow contrast factor,university1652_drone_to_satellite,r_at_1,0.3855501254788007,0.3670585127460045,0.018491612732796203,1.8491612732796203,0.047961630695443666,4.796163069544367
contrast,2,factor,0.65,multiplicative Pillow contrast factor,university1652_drone_to_satellite,r_at_5,0.626205256901334,0.6106723022057853,0.015532954695548717,1.5532954695548717,0.024804893482387545,2.480489348238754
contrast,2,factor,0.65,multiplicative Pillow contrast factor,university1652_drone_to_satellite,r_at_10,0.7196143177915731,0.705745608241976,0.01386870954959718,1.386870954959718,0.019272420248889588,1.9272420248889586
contrast,2,factor,0.65,multiplicative Pillow contrast factor,university1652_drone_to_satellite,r_at_20,0.8072645621450271,0.7932109364681019,0.014053625676925141,1.405362567692514,0.01740894662783472,1.740894662783472
contrast,2,factor,0.65,multiplicative Pillow contrast factor,university1652_drone_to_satellite,official_trapezoid_mAP,0.4424035847187042,0.4244709312915802,0.017932653427124023,1.7932653427124023,0.04053460244569726,4.053460244569726
contrast,2,factor,0.65,multiplicative Pillow contrast factor,university1652_drone_to_satellite,MRR,0.49925702810287476,0.48188337683677673,0.017373651266098022,1.7373651266098022,0.03479901190798677,3.4799011907986768
contrast,2,factor,0.65,multiplicative Pillow contrast factor,university1652_satellite_to_drone,r_at_1,0.5649072753209701,0.5263908701854494,0.03851640513552068,3.851640513552068,0.06818181818181818,6.8181818181818175
contrast,2,factor,0.65,multiplicative Pillow contrast factor,university1652_satellite_to_drone,r_at_5,0.6961483594864479,0.6861626248216833,0.0099857346647646,0.9985734664764601,0.014344262295081936,1.4344262295081935
contrast,2,factor,0.65,multiplicative Pillow contrast factor,university1652_satellite_to_drone,r_at_10,0.7517831669044223,0.7289586305278174,0.022824536376604865,2.2824536376604865,0.03036053130929793,3.036053130929793
contrast,2,factor,0.65,multiplicative Pillow contrast factor,university1652_satellite_to_drone,r_at_20,0.7917261055634808,0.7803138373751783,0.011412268188302432,1.1412268188302432,0.014414414414414423,1.4414414414414423
contrast,2,factor,0.65,multiplicative Pillow contrast factor,university1652_satellite_to_drone,official_trapezoid_mAP,0.36636626720428467,0.34320011734962463,0.023166149854660034,2.3166149854660034,0.06323221302943445,6.323221302943446
contrast,2,factor,0.65,multiplicative Pillow contrast factor,university1652_satellite_to_drone,MRR,0.6279942393302917,0.5969312191009521,0.0310630202293396,3.10630202293396,0.0494638617425312,4.94638617425312
contrast,2,factor,0.65,multiplicative Pillow contrast factor,university1652_street_to_satellite,r_at_1,0.005428460643660334,0.006979449398991857,-0.0015509887553315236,-0.15509887553315235,-0.28571428571428564,-28.571428571428562
contrast,2,factor,0.65,multiplicative Pillow contrast factor,university1652_street_to_satellite,r_at_5,0.03722373012795657,0.030632027917797598,0.006591702210158975,0.6591702210158975,0.1770833333333333,17.70833333333333
contrast,2,factor,0.65,multiplicative Pillow contrast factor,university1652_street_to_satellite,r_at_10,0.058937572702597904,0.053121364870104694,0.00581620783249321,0.581620783249321,0.09868421052631572,9.868421052631572
contrast,2,factor,0.65,multiplicative Pillow contrast factor,university1652_street_to_satellite,r_at_20,0.1015897634742148,0.09616130283055448,0.005428460643660329,0.5428460643660329,0.05343511450381676,5.343511450381675
contrast,2,factor,0.65,multiplicative Pillow contrast factor,university1652_street_to_satellite,official_trapezoid_mAP,0.017087433487176895,0.01738153025507927,-0.00029409676790237427,-0.029409676790237427,-0.017211289695616163,-1.7211289695616163
contrast,2,factor,0.65,multiplicative Pillow contrast factor,university1652_street_to_satellite,MRR,0.028746405616402626,0.02778361365199089,0.0009627919644117355,0.09627919644117355,0.03349260346700072,3.349260346700072
contrast,3,factor,0.5,multiplicative Pillow contrast factor,university1652_drone_to_satellite,r_at_1,0.3855501254788007,0.3392946770571919,0.04625544842160878,4.625544842160878,0.11997259335388834,11.997259335388833
contrast,3,factor,0.5,multiplicative Pillow contrast factor,university1652_drone_to_satellite,r_at_5,0.626205256901334,0.5849689605071985,0.04123629639413551,4.123629639413551,0.06585108626871967,6.585108626871967
contrast,3,factor,0.5,multiplicative Pillow contrast factor,university1652_drone_to_satellite,r_at_10,0.7196143177915731,0.6845330867784969,0.03508123101307625,3.5081231013076253,0.04875004588671493,4.875004588671493
contrast,3,factor,0.5,multiplicative Pillow contrast factor,university1652_drone_to_satellite,r_at_20,0.8072645621450271,0.7764099854708757,0.03085457667415137,3.085457667415137,0.03822114597990772,3.822114597990772
contrast,3,factor,0.5,multiplicative Pillow contrast factor,university1652_drone_to_satellite,official_trapezoid_mAP,0.4424035847187042,0.3973018527030945,0.04510173201560974,4.510173201560974,0.10194703111252366,10.194703111252368
contrast,3,factor,0.5,multiplicative Pillow contrast factor,university1652_drone_to_satellite,MRR,0.49925702810287476,0.45530906319618225,0.043947964906692505,4.3947964906692505,0.08802673259040587,8.802673259040587
contrast,3,factor,0.5,multiplicative Pillow contrast factor,university1652_satellite_to_drone,r_at_1,0.5649072753209701,0.4664764621968616,0.09843081312410845,9.843081312410845,0.1742424242424243,17.42424242424243
contrast,3,factor,0.5,multiplicative Pillow contrast factor,university1652_satellite_to_drone,r_at_5,0.6961483594864479,0.6291012838801712,0.06704707560627676,6.704707560627677,0.09631147540983609,9.631147540983608
contrast,3,factor,0.5,multiplicative Pillow contrast factor,university1652_satellite_to_drone,r_at_10,0.7517831669044223,0.6975748930099858,0.0542082738944365,5.42082738944365,0.07210626185958251,7.210626185958251
contrast,3,factor,0.5,multiplicative Pillow contrast factor,university1652_satellite_to_drone,r_at_20,0.7917261055634808,0.7446504992867332,0.04707560627674756,4.707560627674756,0.05945945945945953,5.945945945945953
contrast,3,factor,0.5,multiplicative Pillow contrast factor,university1652_satellite_to_drone,official_trapezoid_mAP,0.36636626720428467,0.2988036572933197,0.06756260991096497,6.756260991096497,0.18441274745770267,18.44127474577027
contrast,3,factor,0.5,multiplicative Pillow contrast factor,university1652_satellite_to_drone,MRR,0.6279942393302917,0.5429303646087646,0.0850638747215271,8.50638747215271,0.13545327232976098,13.545327232976097
contrast,3,factor,0.5,multiplicative Pillow contrast factor,university1652_street_to_satellite,r_at_1,0.005428460643660334,0.005040713454827452,0.00038774718883288154,0.03877471888328815,0.07142857142857154,7.142857142857152
contrast,3,factor,0.5,multiplicative Pillow contrast factor,university1652_street_to_satellite,r_at_5,0.03722373012795657,0.026366808840635907,0.010856921287320666,1.0856921287320667,0.29166666666666663,29.166666666666664
contrast,3,factor,0.5,multiplicative Pillow contrast factor,university1652_street_to_satellite,r_at_10,0.058937572702597904,0.05001938735944164,0.008918185343156262,0.8918185343156262,0.1513157894736842,15.131578947368421
contrast,3,factor,0.5,multiplicative Pillow contrast factor,university1652_street_to_satellite,r_at_20,0.1015897634742148,0.09034509499806126,0.011244668476153546,1.1244668476153548,0.11068702290076335,11.068702290076336
contrast,3,factor,0.5,multiplicative Pillow contrast factor,university1652_street_to_satellite,official_trapezoid_mAP,0.017087433487176895,0.015100746415555477,0.001986687071621418,0.1986687071621418,0.11626597248277858,11.626597248277857
contrast,3,factor,0.5,multiplicative Pillow contrast factor,university1652_street_to_satellite,MRR,0.028746405616402626,0.0251607783138752,0.0035856273025274277,0.35856273025274277,0.1247330657743686,12.47330657743686
contrast,4,factor,0.35,multiplicative Pillow contrast factor,university1652_drone_to_satellite,r_at_1,0.3855501254788007,0.25933166028265753,0.12621846519614316,12.621846519614316,0.32737238780404243,32.73723878040424
contrast,4,factor,0.35,multiplicative Pillow contrast factor,university1652_drone_to_satellite,r_at_5,0.626205256901334,0.49100515123497557,0.13520010566635843,13.520010566635843,0.2159038177599662,21.59038177599662
contrast,4,factor,0.35,multiplicative Pillow contrast factor,university1652_drone_to_satellite,r_at_10,0.7196143177915731,0.597358341038172,0.12225597675340116,12.225597675340117,0.16989097316544916,16.989097316544918
contrast,4,factor,0.35,multiplicative Pillow contrast factor,university1652_drone_to_satellite,r_at_20,0.8072645621450271,0.7048474441949545,0.10241711795007258,10.241711795007259,0.12686933472953948,12.686933472953951
contrast,4,factor,0.35,multiplicative Pillow contrast factor,university1652_drone_to_satellite,official_trapezoid_mAP,0.4424035847187042,0.31540292501449585,0.12700065970420837,12.700065970420837,0.28706968951203204,28.7069689512032
contrast,4,factor,0.35,multiplicative Pillow contrast factor,university1652_drone_to_satellite,MRR,0.49925702810287476,0.3714742064476013,0.12778282165527344,12.778282165527344,0.25594596462834984,25.594596462834982
contrast,4,factor,0.35,multiplicative Pillow contrast factor,university1652_satellite_to_drone,r_at_1,0.5649072753209701,0.3209700427960057,0.24393723252496435,24.393723252496436,0.4318181818181818,43.18181818181819
contrast,4,factor,0.35,multiplicative Pillow contrast factor,university1652_satellite_to_drone,r_at_5,0.6961483594864479,0.4693295292439372,0.2268188302425107,22.68188302425107,0.32581967213114754,32.58196721311476
contrast,4,factor,0.35,multiplicative Pillow contrast factor,university1652_satellite_to_drone,r_at_10,0.7517831669044223,0.5477888730385164,0.20399429386590584,20.399429386590583,0.27134724857685005,27.134724857685008
contrast,4,factor,0.35,multiplicative Pillow contrast factor,university1652_satellite_to_drone,r_at_20,0.7917261055634808,0.6048502139800286,0.1868758915834522,18.68758915834522,0.236036036036036,23.6036036036036
contrast,4,factor,0.35,multiplicative Pillow contrast factor,university1652_satellite_to_drone,official_trapezoid_mAP,0.36636626720428467,0.20503532886505127,0.1613309383392334,16.13309383392334,0.44035423776959187,44.035423776959185
contrast,4,factor,0.35,multiplicative Pillow contrast factor,university1652_satellite_to_drone,MRR,0.6279942393302917,0.3938071131706238,0.23418712615966797,23.418712615966797,0.3729128573048867,37.291285730488674
contrast,4,factor,0.35,multiplicative Pillow contrast factor,university1652_street_to_satellite,r_at_1,0.005428460643660334,0.004265219077161691,0.0011632415664986429,0.11632415664986429,0.21428571428571427,21.428571428571427
contrast,4,factor,0.35,multiplicative Pillow contrast factor,university1652_street_to_satellite,r_at_5,0.03722373012795657,0.022489336952307096,0.014734393175649476,1.4734393175649476,0.3958333333333333,39.583333333333336
contrast,4,factor,0.35,multiplicative Pillow contrast factor,university1652_street_to_satellite,r_at_10,0.058937572702597904,0.04187669639395114,0.017060876308646764,1.7060876308646764,0.2894736842105263,28.947368421052637
contrast,4,factor,0.35,multiplicative Pillow contrast factor,university1652_street_to_satellite,r_at_20,0.1015897634742148,0.0713454827452501,0.030244280728964706,3.0244280728964705,0.2977099236641221,29.770992366412205
contrast,4,factor,0.35,multiplicative Pillow contrast factor,university1652_street_to_satellite,official_trapezoid_mAP,0.017087433487176895,0.012821923941373825,0.00426550954580307,0.426550954580307,0.2496284505806025,24.962845058060253
contrast,4,factor,0.35,multiplicative Pillow contrast factor,university1652_street_to_satellite,MRR,0.028746405616402626,0.02137862518429756,0.007367780432105064,0.7367780432105064,0.2563026672072361,25.630266720723608
contrast,5,factor,0.2,multiplicative Pillow contrast factor,university1652_drone_to_satellite,r_at_1,0.3855501254788007,0.08236692642979791,0.30318319904900276,30.318319904900275,0.7863651935594381,78.6365193559438
contrast,5,factor,0.2,multiplicative Pillow contrast factor,university1652_drone_to_satellite,r_at_5,0.626205256901334,0.1989433364152688,0.4272619204860652,42.72619204860652,0.6823033115376502,68.23033115376502
contrast,5,factor,0.2,multiplicative Pillow contrast factor,university1652_drone_to_satellite,r_at_10,0.7196143177915731,0.277849689605072,0.44176462818650114,44.176462818650116,0.6138908263279615,61.38908263279615
contrast,5,factor,0.2,multiplicative Pillow contrast factor,university1652_drone_to_satellite,r_at_20,0.8072645621450271,0.3759873200369832,0.43127724210804386,43.12772421080439,0.5342452305376485,53.42452305376485
contrast,5,factor,0.2,multiplicative Pillow contrast factor,university1652_drone_to_satellite,official_trapezoid_mAP,0.4424035847187042,0.11550304293632507,0.32690054178237915,32.690054178237915,0.7389192878946359,73.89192878946359
contrast,5,factor,0.2,multiplicative Pillow contrast factor,university1652_drone_to_satellite,MRR,0.49925702810287476,0.14863915741443634,0.3506178706884384,35.06178706884384,0.7022792889280902,70.22792889280902
contrast,5,factor,0.2,multiplicative Pillow contrast factor,university1652_satellite_to_drone,r_at_1,0.5649072753209701,0.11840228245363767,0.4465049928673324,44.65049928673324,0.7904040404040404,79.04040404040404
contrast,5,factor,0.2,multiplicative Pillow contrast factor,university1652_satellite_to_drone,r_at_5,0.6961483594864479,0.1840228245363766,0.5121255349500713,51.21255349500713,0.735655737704918,73.5655737704918
contrast,5,factor,0.2,multiplicative Pillow contrast factor,university1652_satellite_to_drone,r_at_10,0.7517831669044223,0.2253922967189729,0.5263908701854494,52.63908701854494,0.7001897533206831,70.01897533206832
contrast,5,factor,0.2,multiplicative Pillow contrast factor,university1652_satellite_to_drone,r_at_20,0.7917261055634808,0.28245363766048504,0.5092724679029957,50.92724679029958,0.6432432432432432,64.32432432432432
contrast,5,factor,0.2,multiplicative Pillow contrast factor,university1652_satellite_to_drone,official_trapezoid_mAP,0.36636626720428467,0.06944543868303299,0.2969208285212517,29.692082852125168,0.8104480545849205,81.04480545849205
contrast,5,factor,0.2,multiplicative Pillow contrast factor,university1652_satellite_to_drone,MRR,0.6279942393302917,0.15456651151180267,0.4734277278184891,47.34277278184891,0.753872723933525,75.3872723933525
contrast,5,factor,0.2,multiplicative Pillow contrast factor,university1652_street_to_satellite,r_at_1,0.005428460643660334,0.0031019775106630476,0.002326483132997286,0.23264831329972863,0.4285714285714286,42.85714285714286
contrast,5,factor,0.2,multiplicative Pillow contrast factor,university1652_street_to_satellite,r_at_5,0.03722373012795657,0.015509887553315239,0.02171384257464133,2.1713842574641333,0.5833333333333333,58.33333333333333
contrast,5,factor,0.2,multiplicative Pillow contrast factor,university1652_street_to_satellite,r_at_10,0.058937572702597904,0.02481582008530438,0.03412175261729353,3.412175261729353,0.5789473684210527,57.894736842105274
contrast,5,factor,0.2,multiplicative Pillow contrast factor,university1652_street_to_satellite,r_at_20,0.1015897634742148,0.04110120201628538,0.06048856145792943,6.048856145792943,0.5954198473282443,59.54198473282443
contrast,5,factor,0.2,multiplicative Pillow contrast factor,university1652_street_to_satellite,official_trapezoid_mAP,0.017087433487176895,0.009272740222513676,0.00781469326466322,0.781469326466322,0.45733569470966384,45.73356947096639
contrast,5,factor,0.2,multiplicative Pillow contrast factor,university1652_street_to_satellite,MRR,0.028746405616402626,0.015443503856658936,0.01330290175974369,1.330290175974369,0.4627674825597357,46.27674825597357
center_occlusion,1,area_fraction,0.05,fraction of decoded source-image area,university1652_drone_to_satellite,r_at_1,0.3855501254788007,0.1890371153084137,0.196513010170387,19.6513010170387,0.5096951010620075,50.96951010620076
center_occlusion,1,area_fraction,0.05,fraction of decoded source-image area,university1652_drone_to_satellite,r_at_5,0.626205256901334,0.38280280015849955,0.24340245674283445,24.340245674283445,0.3886943682767348,38.86943682767348
center_occlusion,1,area_fraction,0.05,fraction of decoded source-image area,university1652_drone_to_satellite,r_at_10,0.7196143177915731,0.4830273411702549,0.23658697662131822,23.65869766213182,0.3287691347601043,32.87691347601043
center_occlusion,1,area_fraction,0.05,fraction of decoded source-image area,university1652_drone_to_satellite,r_at_20,0.8072645621450271,0.592365605600317,0.21489895654471003,21.489895654471002,0.2662063549199908,26.620635491999078
center_occlusion,1,area_fraction,0.05,fraction of decoded source-image area,university1652_drone_to_satellite,official_trapezoid_mAP,0.4424035847187042,0.238470658659935,0.20393292605876923,20.393292605876923,0.46096580837706586,46.09658083770658
center_occlusion,1,area_fraction,0.05,fraction of decoded source-image area,university1652_drone_to_satellite,MRR,0.49925702810287476,0.2879042327404022,0.21135279536247253,21.135279536247253,0.4233346422094274,42.333464220942744
center_occlusion,1,area_fraction,0.05,fraction of decoded source-image area,university1652_satellite_to_drone,r_at_1,0.5649072753209701,0.2796005706134094,0.28530670470756064,28.530670470756064,0.5050505050505051,50.505050505050505
center_occlusion,1,area_fraction,0.05,fraction of decoded source-image area,university1652_satellite_to_drone,r_at_5,0.6961483594864479,0.44079885877318115,0.2553495007132668,25.53495007132668,0.36680327868852464,36.680327868852466
center_occlusion,1,area_fraction,0.05,fraction of decoded source-image area,university1652_satellite_to_drone,r_at_10,0.7517831669044223,0.5121255349500713,0.23965763195435097,23.9657631954351,0.31878557874762814,31.878557874762816
center_occlusion,1,area_fraction,0.05,fraction of decoded source-image area,university1652_satellite_to_drone,r_at_20,0.7917261055634808,0.572039942938659,0.21968616262482177,21.968616262482175,0.2774774774774776,27.747747747747756
center_occlusion,1,area_fraction,0.05,fraction of decoded source-image area,university1652_satellite_to_drone,official_trapezoid_mAP,0.36636626720428467,0.19019606709480286,0.1761702001094818,17.61702001094818,0.4808581353677135,48.08581353677135
center_occlusion,1,area_fraction,0.05,fraction of decoded source-image area,university1652_satellite_to_drone,MRR,0.6279942393302917,0.3566274046897888,0.27136683464050293,27.136683464050293,0.43211675783824877,43.21167578382488
center_occlusion,1,area_fraction,0.05,fraction of decoded source-image area,university1652_street_to_satellite,r_at_1,0.005428460643660334,0.0058162078324932144,-0.0003877471888328807,-0.03877471888328807,-0.07142857142857137,-7.142857142857137
center_occlusion,1,area_fraction,0.05,fraction of decoded source-image area,university1652_street_to_satellite,r_at_5,0.03722373012795657,0.025591314462970142,0.01163241566498643,1.163241566498643,0.31250000000000006,31.250000000000004
center_occlusion,1,area_fraction,0.05,fraction of decoded source-image area,university1652_street_to_satellite,r_at_10,0.058937572702597904,0.046529662659945716,0.012407910042652188,1.2407910042652188,0.21052631578947364,21.052631578947366
center_occlusion,1,area_fraction,0.05,fraction of decoded source-image area,university1652_street_to_satellite,r_at_20,0.1015897634742148,0.09228383094222567,0.009305932531989136,0.9305932531989136,0.09160305343511443,9.160305343511444
center_occlusion,1,area_fraction,0.05,fraction of decoded source-image area,university1652_street_to_satellite,official_trapezoid_mAP,0.017087433487176895,0.015583226457238197,0.0015042070299386978,0.15042070299386978,0.08803001521951884,8.803001521951883
center_occlusion,1,area_fraction,0.05,fraction of decoded source-image area,university1652_street_to_satellite,MRR,0.028746405616402626,0.02535024657845497,0.0033961590379476547,0.3396159037947655,0.11814204124392565,11.814204124392564
center_occlusion,2,area_fraction,0.1,fraction of decoded source-image area,university1652_drone_to_satellite,r_at_1,0.3855501254788007,0.11697265882974509,0.2685774666490556,26.85774666490556,0.6966084275436792,69.66084275436793
center_occlusion,2,area_fraction,0.1,fraction of decoded source-image area,university1652_drone_to_satellite,r_at_5,0.626205256901334,0.2569013340377757,0.3693039228635583,36.930392286355826,0.5897489981016664,58.974899810166626
center_occlusion,2,area_fraction,0.1,fraction of decoded source-image area,university1652_drone_to_satellite,r_at_10,0.7196143177915731,0.33910976092986395,0.3805045568617092,38.05045568617092,0.5287617928857238,52.876179288572374
center_occlusion,2,area_fraction,0.1,fraction of decoded source-image area,university1652_drone_to_satellite,r_at_20,0.8072645621450271,0.43529256373002245,0.3719719984150046,37.19719984150046,0.4607807847115416,46.078078471154164
center_occlusion,2,area_fraction,0.1,fraction of decoded source-image area,university1652_drone_to_satellite,official_trapezoid_mAP,0.4424035847187042,0.15459135174751282,0.2878122329711914,28.78122329711914,0.6505648754048694,65.05648754048694
center_occlusion,2,area_fraction,0.1,fraction of decoded source-image area,university1652_drone_to_satellite,MRR,0.49925702810287476,0.19221007823944092,0.30704694986343384,30.704694986343384,0.6150077667012132,61.50077667012132
center_occlusion,2,area_fraction,0.1,fraction of decoded source-image area,university1652_satellite_to_drone,r_at_1,0.5649072753209701,0.15977175463623394,0.40513552068473613,40.513552068473615,0.7171717171717172,71.71717171717172
center_occlusion,2,area_fraction,0.1,fraction of decoded source-image area,university1652_satellite_to_drone,r_at_5,0.6961483594864479,0.2738944365192582,0.4222539229671897,42.22539229671897,0.6065573770491803,60.65573770491803
center_occlusion,2,area_fraction,0.1,fraction of decoded source-image area,university1652_satellite_to_drone,r_at_10,0.7517831669044223,0.30813124108416545,0.4436519258202568,44.36519258202568,0.5901328273244782,59.01328273244782
center_occlusion,2,area_fraction,0.1,fraction of decoded source-image area,university1652_satellite_to_drone,r_at_20,0.7917261055634808,0.3680456490727532,0.42368045649072755,42.368045649072755,0.5351351351351351,53.513513513513516
center_occlusion,2,area_fraction,0.1,fraction of decoded source-image area,university1652_satellite_to_drone,official_trapezoid_mAP,0.36636626720428467,0.1125735342502594,0.25379273295402527,25.379273295402527,0.6927295323630634,69.27295323630635
center_occlusion,2,area_fraction,0.1,fraction of decoded source-image area,university1652_satellite_to_drone,MRR,0.6279942393302917,0.21863295137882233,0.4093612879514694,40.93612879514694,0.6518551641302032,65.18551641302032
center_occlusion,2,area_fraction,0.1,fraction of decoded source-image area,university1652_street_to_satellite,r_at_1,0.005428460643660334,0.005428460643660334,0.0,0.0,0.0,0.0
center_occlusion,2,area_fraction,0.1,fraction of decoded source-image area,university1652_street_to_satellite,r_at_5,0.03722373012795657,0.022101589763474216,0.015122140364482357,1.5122140364482357,0.40625,40.625
center_occlusion,2,area_fraction,0.1,fraction of decoded source-image area,university1652_street_to_satellite,r_at_10,0.058937572702597904,0.04459092671578131,0.014346645986816592,1.434664598681659,0.2434210526315789,24.342105263157887
center_occlusion,2,area_fraction,0.1,fraction of decoded source-image area,university1652_street_to_satellite,r_at_20,0.1015897634742148,0.08259015122140365,0.01899961225281116,1.899961225281116,0.18702290076335873,18.70229007633587
center_occlusion,2,area_fraction,0.1,fraction of decoded source-image area,university1652_street_to_satellite,official_trapezoid_mAP,0.017087433487176895,0.014211633242666721,0.002875800244510174,0.2875800244510174,0.1682991332003306,16.82991332003306
center_occlusion,2,area_fraction,0.1,fraction of decoded source-image area,university1652_street_to_satellite,MRR,0.028746405616402626,0.02299480512738228,0.005751600489020348,0.5751600489020348,0.20008068367818824,20.008068367818822
center_occlusion,3,area_fraction,0.2,fraction of decoded source-image area,university1652_drone_to_satellite,r_at_1,0.3855501254788007,0.04511953506802272,0.34043059041077794,34.0430590410778,0.8829736211031174,88.29736211031175
center_occlusion,3,area_fraction,0.2,fraction of decoded source-image area,university1652_drone_to_satellite,r_at_5,0.626205256901334,0.12267864218729362,0.5035266147140404,50.35266147140403,0.804091963720734,80.4091963720734
center_occlusion,3,area_fraction,0.2,fraction of decoded source-image area,university1652_drone_to_satellite,r_at_10,0.7196143177915731,0.1776251485933166,0.5419891691982566,54.198916919825656,0.7531661833266033,75.31661833266033
center_occlusion,3,area_fraction,0.2,fraction of decoded source-image area,university1652_drone_to_satellite,r_at_20,0.8072645621450271,0.25193501518953904,0.555329546955488,55.532954695548796,0.6879151804705651,68.7915180470565
center_occlusion,3,area_fraction,0.2,fraction of decoded source-image area,university1652_drone_to_satellite,official_trapezoid_mAP,0.4424035847187042,0.06880968064069748,0.37359390407800674,37.359390407800674,0.8444640074866276,84.44640074866277
center_occlusion,3,area_fraction,0.2,fraction of decoded source-image area,university1652_drone_to_satellite,MRR,0.49925702810287476,0.09249983727931976,0.406757190823555,40.6757190823555,0.8147250172304843,81.47250172304842
center_occlusion,3,area_fraction,0.2,fraction of decoded source-image area,university1652_satellite_to_drone,r_at_1,0.5649072753209701,0.07560627674750357,0.4893009985734665,48.93009985734665,0.8661616161616161,86.6161616161616
center_occlusion,3,area_fraction,0.2,fraction of decoded source-image area,university1652_satellite_to_drone,r_at_5,0.6961483594864479,0.12553495007132667,0.5706134094151213,57.06134094151213,0.819672131147541,81.9672131147541
center_occlusion,3,area_fraction,0.2,fraction of decoded source-image area,university1652_satellite_to_drone,r_at_10,0.7517831669044223,0.15406562054208273,0.5977175463623395,59.77175463623395,0.7950664136622391,79.5066413662239
center_occlusion,3,area_fraction,0.2,fraction of decoded source-image area,university1652_satellite_to_drone,r_at_20,0.7917261055634808,0.19686162624821682,0.594864479315264,59.4864479315264,0.7513513513513514,75.13513513513514
center_occlusion,3,area_fraction,0.2,fraction of decoded source-image area,university1652_satellite_to_drone,official_trapezoid_mAP,0.36636626720428467,0.053607359528541565,0.3127589076757431,31.27589076757431,0.8536782331582665,85.36782331582666
center_occlusion,3,area_fraction,0.2,fraction of decoded source-image area,university1652_satellite_to_drone,MRR,0.6279942393302917,0.10543570667505264,0.5225585326552391,52.25585326552391,0.8321072072452578,83.21072072452579
center_occlusion,3,area_fraction,0.2,fraction of decoded source-image area,university1652_street_to_satellite,r_at_1,0.005428460643660334,0.0034897246994959287,0.001938735944164405,0.1938735944164405,0.35714285714285715,35.714285714285715
center_occlusion,3,area_fraction,0.2,fraction of decoded source-image area,university1652_street_to_satellite,r_at_5,0.03722373012795657,0.01240791004265219,0.024815820085304384,2.4815820085304385,0.6666666666666667,66.66666666666667
center_occlusion,3,area_fraction,0.2,fraction of decoded source-image area,university1652_street_to_satellite,r_at_10,0.058937572702597904,0.03528499418379217,0.023652578518805735,2.3652578518805734,0.4013157894736842,40.13157894736841
center_occlusion,3,area_fraction,0.2,fraction of decoded source-image area,university1652_street_to_satellite,r_at_20,0.1015897634742148,0.06901899961225282,0.03257076386196199,3.257076386196199,0.3206106870229007,32.06106870229007
center_occlusion,3,area_fraction,0.2,fraction of decoded source-image area,university1652_street_to_satellite,official_trapezoid_mAP,0.017087433487176895,0.011027722619473934,0.006059710867702961,0.6059710867702961,0.3546296681857117,35.46296681857117
center_occlusion,3,area_fraction,0.2,fraction of decoded source-image area,university1652_street_to_satellite,MRR,0.028746405616402626,0.018565719947218895,0.010180685669183731,1.018068566918373,0.3541550830749656,35.415508307496566
center_occlusion,4,area_fraction,0.3,fraction of decoded source-image area,university1652_drone_to_satellite,r_at_1,0.3855501254788007,0.022639017302866198,0.36291110817593447,36.29111081759345,0.941281260705721,94.12812607057211
center_occlusion,4,area_fraction,0.3,fraction of decoded source-image area,university1652_drone_to_satellite,r_at_5,0.626205256901334,0.07061154404966319,0.5555937128516708,55.55937128516708,0.8872389791183295,88.72389791183295
center_occlusion,4,area_fraction,0.3,fraction of decoded source-image area,university1652_drone_to_satellite,r_at_10,0.7196143177915731,0.10746268656716418,0.612151631224409,61.2151631224409,0.850666275100033,85.06662751000331
center_occlusion,4,area_fraction,0.3,fraction of decoded source-image area,university1652_drone_to_satellite,r_at_20,0.8072645621450271,0.16066569805838066,0.6465988640866465,64.65988640866465,0.8009751627998299,80.097516279983
center_occlusion,4,area_fraction,0.3,fraction of decoded source-image area,university1652_drone_to_satellite,official_trapezoid_mAP,0.4424035847187042,0.039015766233205795,0.40338781848549843,40.33878184854984,0.9118095612674264,91.18095612674264
center_occlusion,4,area_fraction,0.3,fraction of decoded source-image area,university1652_drone_to_satellite,MRR,0.49925702810287476,0.05539250746369362,0.44386452063918114,44.386452063918114,0.8890501197866368,88.9050119786637
center_occlusion,4,area_fraction,0.3,fraction of decoded source-image area,university1652_satellite_to_drone,r_at_1,0.5649072753209701,0.042796005706134094,0.522111269614836,52.2111269614836,0.9242424242424243,92.42424242424244
center_occlusion,4,area_fraction,0.3,fraction of decoded source-image area,university1652_satellite_to_drone,r_at_5,0.6961483594864479,0.06419400855920114,0.6319543509272468,63.195435092724686,0.9077868852459017,90.77868852459018
center_occlusion,4,area_fraction,0.3,fraction of decoded source-image area,university1652_satellite_to_drone,r_at_10,0.7517831669044223,0.08559201141226819,0.666191155492154,66.61911554921541,0.8861480075901328,88.61480075901328
center_occlusion,4,area_fraction,0.3,fraction of decoded source-image area,university1652_satellite_to_drone,r_at_20,0.7917261055634808,0.11840228245363767,0.6733238231098431,67.3323823109843,0.8504504504504504,85.04504504504503
center_occlusion,4,area_fraction,0.3,fraction of decoded source-image area,university1652_satellite_to_drone,official_trapezoid_mAP,0.36636626720428467,0.032122645527124405,0.33424362167716026,33.424362167716026,0.912320952001804,91.2320952001804
center_occlusion,4,area_fraction,0.3,fraction of decoded source-image area,university1652_satellite_to_drone,MRR,0.6279942393302917,0.058832135051488876,0.5691621042788029,56.91621042788029,0.9063173969330851,90.6317396933085
center_occlusion,4,area_fraction,0.3,fraction of decoded source-image area,university1652_street_to_satellite,r_at_1,0.005428460643660334,0.0019387359441644049,0.0034897246994959287,0.34897246994959286,0.6428571428571428,64.28571428571428
center_occlusion,4,area_fraction,0.3,fraction of decoded source-image area,university1652_street_to_satellite,r_at_5,0.03722373012795657,0.014346645986816595,0.022877084141139977,2.2877084141139976,0.6145833333333334,61.45833333333333
center_occlusion,4,area_fraction,0.3,fraction of decoded source-image area,university1652_street_to_satellite,r_at_10,0.058937572702597904,0.030632027917797598,0.028305544784800307,2.8305544784800305,0.4802631578947368,48.02631578947368
center_occlusion,4,area_fraction,0.3,fraction of decoded source-image area,university1652_street_to_satellite,r_at_20,0.1015897634742148,0.05622334238076774,0.04536642109344707,4.536642109344706,0.4465648854961832,44.65648854961832
center_occlusion,4,area_fraction,0.3,fraction of decoded source-image area,university1652_street_to_satellite,official_trapezoid_mAP,0.017087433487176895,0.008995442651212215,0.00809199083596468,0.809199083596468,0.4735638527598213,47.356385275982134
center_occlusion,4,area_fraction,0.3,fraction of decoded source-image area,university1652_street_to_satellite,MRR,0.028746405616402626,0.01605215109884739,0.012694254517555237,1.2694254517555237,0.44159449661114947,44.15944966111494
center_occlusion,5,area_fraction,0.4,fraction of decoded source-image area,university1652_drone_to_satellite,r_at_1,0.3855501254788007,0.012706379606392815,0.3728437458724079,37.28437458724079,0.9670435080507023,96.70435080507023
center_occlusion,5,area_fraction,0.4,fraction of decoded source-image area,university1652_drone_to_satellite,r_at_5,0.626205256901334,0.04453837009642055,0.5816668868049134,58.16668868049134,0.928875764606623,92.8875764606623
center_occlusion,5,area_fraction,0.4,fraction of decoded source-image area,university1652_drone_to_satellite,r_at_10,0.7196143177915731,0.06923788138951262,0.6503764364020606,65.03764364020606,0.9037847362431629,90.3784736243163
center_occlusion,5,area_fraction,0.4,fraction of decoded source-image area,university1652_drone_to_satellite,r_at_20,0.8072645621450271,0.10833443402456742,0.6989301281204596,69.89301281204597,0.8658005824797932,86.58005824797932
center_occlusion,5,area_fraction,0.4,fraction of decoded source-image area,university1652_drone_to_satellite,official_trapezoid_mAP,0.4424035847187042,0.024649186059832573,0.41775439865887165,41.775439865887165,0.9442834847834576,94.42834847834577
center_occlusion,5,area_fraction,0.4,fraction of decoded source-image area,university1652_drone_to_satellite,MRR,0.49925702810287476,0.036591991782188416,0.46266503632068634,46.266503632068634,0.9267071073165776,92.67071073165776
center_occlusion,5,area_fraction,0.4,fraction of decoded source-image area,university1652_satellite_to_drone,r_at_1,0.5649072753209701,0.02282453637660485,0.5420827389443652,54.20827389443652,0.9595959595959596,95.95959595959596
center_occlusion,5,area_fraction,0.4,fraction of decoded source-image area,university1652_satellite_to_drone,r_at_5,0.6961483594864479,0.039942938659058486,0.6562054208273894,65.62054208273894,0.9426229508196721,94.2622950819672
center_occlusion,5,area_fraction,0.4,fraction of decoded source-image area,university1652_satellite_to_drone,r_at_10,0.7517831669044223,0.047075606276747506,0.7047075606276747,70.47075606276746,0.9373814041745729,93.73814041745729
center_occlusion,5,area_fraction,0.4,fraction of decoded source-image area,university1652_satellite_to_drone,r_at_20,0.7917261055634808,0.07132667617689016,0.7203994293865906,72.03994293865907,0.9099099099099099,90.990990990991
center_occlusion,5,area_fraction,0.4,fraction of decoded source-image area,university1652_satellite_to_drone,official_trapezoid_mAP,0.36636626720428467,0.017802860587835312,0.34856340661644936,34.856340661644936,0.9514069329480367,95.14069329480367
center_occlusion,5,area_fraction,0.4,fraction of decoded source-image area,university1652_satellite_to_drone,MRR,0.6279942393302917,0.03465485945343971,0.593339379876852,59.3339379876852,0.9448165965815284,94.48165965815284
center_occlusion,5,area_fraction,0.4,fraction of decoded source-image area,university1652_street_to_satellite,r_at_1,0.005428460643660334,0.0031019775106630476,0.002326483132997286,0.23264831329972863,0.4285714285714286,42.85714285714286
center_occlusion,5,area_fraction,0.4,fraction of decoded source-image area,university1652_street_to_satellite,r_at_5,0.03722373012795657,0.010081426909654904,0.027142303218301668,2.7142303218301667,0.7291666666666666,72.91666666666667
center_occlusion,5,area_fraction,0.4,fraction of decoded source-image area,university1652_street_to_satellite,r_at_10,0.058937572702597904,0.02365257851880574,0.03528499418379216,3.528499418379216,0.5986842105263157,59.868421052631575
center_occlusion,5,area_fraction,0.4,fraction of decoded source-image area,university1652_street_to_satellite,r_at_20,0.1015897634742148,0.04769290422644436,0.05389685924777045,5.389685924777045,0.5305343511450381,53.05343511450382
center_occlusion,5,area_fraction,0.4,fraction of decoded source-image area,university1652_street_to_satellite,official_trapezoid_mAP,0.017087433487176895,0.008743112906813622,0.008344320580363274,0.8344320580363274,0.4883308301755902,48.83308301755902
center_occlusion,5,area_fraction,0.4,fraction of decoded source-image area,university1652_street_to_satellite,MRR,0.028746405616402626,0.014384248293936253,0.014362157322466373,1.4362157322466373,0.4996157611535045,49.96157611535045
rotation,1,magnitude,2.0,degrees,university1652_drone_to_satellite,r_at_1,0.3855501254788007,0.38494254391758026,0.0006075815612204272,0.06075815612204272,0.0015758821514216697,0.15758821514216698
rotation,1,magnitude,2.0,degrees,university1652_drone_to_satellite,r_at_5,0.626205256901334,0.6243825122176727,0.0018227446836612815,0.18227446836612815,0.002910778316810707,0.2910778316810707
rotation,1,magnitude,2.0,degrees,university1652_drone_to_satellite,r_at_10,0.7196143177915731,0.716972658829745,0.0026416589618281083,0.26416589618281083,0.003670937190264786,0.3670937190264786
rotation,1,magnitude,2.0,degrees,university1652_drone_to_satellite,r_at_20,0.8072645621450271,0.806128648791441,0.0011359133535860932,0.11359133535860932,0.0014071141071370647,0.14071141071370646
rotation,1,magnitude,2.0,degrees,university1652_drone_to_satellite,official_trapezoid_mAP,0.4424035847187042,0.44158822298049927,0.0008153617382049561,0.0815361738204956,0.0018430269698727505,0.18430269698727503
rotation,1,magnitude,2.0,degrees,university1652_drone_to_satellite,MRR,0.49925702810287476,0.4982339143753052,0.00102311372756958,0.10231137275695801,0.002049272558980906,0.20492725589809058
rotation,1,magnitude,2.0,degrees,university1652_satellite_to_drone,r_at_1,0.5649072753209701,0.5463623395149786,0.01854493580599148,1.854493580599148,0.032828282828282894,3.2828282828282895
rotation,1,magnitude,2.0,degrees,university1652_satellite_to_drone,r_at_5,0.6961483594864479,0.6861626248216833,0.0099857346647646,0.9985734664764601,0.014344262295081936,1.4344262295081935
rotation,1,magnitude,2.0,degrees,university1652_satellite_to_drone,r_at_10,0.7517831669044223,0.738944365192582,0.012838801711840264,1.2838801711840264,0.017077798861480125,1.7077798861480125
rotation,1,magnitude,2.0,degrees,university1652_satellite_to_drone,r_at_20,0.7917261055634808,0.7917261055634808,0.0,0.0,0.0,0.0
rotation,1,magnitude,2.0,degrees,university1652_satellite_to_drone,official_trapezoid_mAP,0.36636626720428467,0.3633089065551758,0.0030573606491088867,0.30573606491088867,0.008345093210789824,0.8345093210789825
rotation,1,magnitude,2.0,degrees,university1652_satellite_to_drone,MRR,0.6279942393302917,0.6152954697608948,0.012698769569396973,1.2698769569396973,0.02022115614139908,2.022115614139908
rotation,1,magnitude,2.0,degrees,university1652_street_to_satellite,r_at_1,0.005428460643660334,0.005040713454827452,0.00038774718883288154,0.03877471888328815,0.07142857142857154,7.142857142857152
rotation,1,magnitude,2.0,degrees,university1652_street_to_satellite,r_at_5,0.03722373012795657,0.03606048856145793,0.001163241566498642,0.1163241566498642,0.031249999999999976,3.124999999999998
rotation,1,magnitude,2.0,degrees,university1652_street_to_satellite,r_at_10,0.058937572702597904,0.062039550213260956,-0.0031019775106630523,-0.3101977510663052,-0.0526315789473685,-5.26315789473685
rotation,1,magnitude,2.0,degrees,university1652_street_to_satellite,r_at_20,0.1015897634742148,0.10507948817371074,-0.003489724699495933,-0.3489724699495933,-0.03435114503816798,-3.4351145038167985
rotation,1,magnitude,2.0,degrees,university1652_street_to_satellite,official_trapezoid_mAP,0.017087433487176895,0.016851812601089478,0.0002356208860874176,0.02356208860874176,0.013789132596433343,1.3789132596433344
rotation,1,magnitude,2.0,degrees,university1652_street_to_satellite,MRR,0.028746405616402626,0.02866291254758835,8.349306881427765e-05,0.008349306881427765,0.002904469864108392,0.2904469864108392
rotation,2,magnitude,5.0,degrees,university1652_drone_to_satellite,r_at_1,0.3855501254788007,0.3833839651301017,0.0021661603486989867,0.21661603486989867,0.005618362452894836,0.5618362452894836
rotation,2,magnitude,5.0,degrees,university1652_drone_to_satellite,r_at_5,0.626205256901334,0.6236956808875974,0.002509576013736581,0.2509576013736581,0.0040075933347394335,0.4007593334739434
rotation,2,magnitude,5.0,degrees,university1652_drone_to_satellite,r_at_10,0.7196143177915731,0.7189803196407344,0.0006339981508387549,0.06339981508387549,0.000881024925663561,0.0881024925663561
rotation,2,magnitude,5.0,degrees,university1652_drone_to_satellite,r_at_20,0.8072645621450271,0.8042266543389248,0.003037907806102247,0.3037907806102247,0.003763212146994357,0.3763212146994357
rotation,2,magnitude,5.0,degrees,university1652_drone_to_satellite,official_trapezoid_mAP,0.4424035847187042,0.4402061402797699,0.002197444438934326,0.21974444389343262,0.004967058393822778,0.49670583938227775
rotation,2,magnitude,5.0,degrees,university1652_drone_to_satellite,MRR,0.49925702810287476,0.4970283508300781,0.002228677272796631,0.22286772727966309,0.004463987780533355,0.44639877805333555
rotation,2,magnitude,5.0,degrees,university1652_satellite_to_drone,r_at_1,0.5649072753209701,0.557774607703281,0.007132667617689048,0.7132667617689048,0.012626262626262683,1.2626262626262683
rotation,2,magnitude,5.0,degrees,university1652_satellite_to_drone,r_at_5,0.6961483594864479,0.7018544935805991,-0.005706134094151216,-0.5706134094151216,-0.008196721311475415,-0.8196721311475416
rotation,2,magnitude,5.0,degrees,university1652_satellite_to_drone,r_at_10,0.7517831669044223,0.7532097004279601,-0.0014265335235378318,-0.14265335235378318,-0.0018975332068311577,-0.18975332068311576
rotation,2,magnitude,5.0,degrees,university1652_satellite_to_drone,r_at_20,0.7917261055634808,0.8017118402282454,-0.0099857346647646,-0.9985734664764601,-0.012612612612612584,-1.2612612612612586
rotation,2,magnitude,5.0,degrees,university1652_satellite_to_drone,official_trapezoid_mAP,0.36636626720428467,0.3669911026954651,-0.0006248354911804199,-0.06248354911804199,-0.0017054940563946998,-0.17054940563946996
rotation,2,magnitude,5.0,degrees,university1652_satellite_to_drone,MRR,0.6279942393302917,0.6253395080566406,0.002654731273651123,0.2654731273651123,0.004227317875530503,0.4227317875530503
rotation,2,magnitude,5.0,degrees,university1652_street_to_satellite,r_at_1,0.005428460643660334,0.005428460643660334,0.0,0.0,0.0,0.0
rotation,2,magnitude,5.0,degrees,university1652_street_to_satellite,r_at_5,0.03722373012795657,0.031019775106630478,0.006203955021326094,0.6203955021326094,0.16666666666666663,16.666666666666664
rotation,2,magnitude,5.0,degrees,university1652_street_to_satellite,r_at_10,0.058937572702597904,0.05777433113609926,0.001163241566498642,0.1163241566498642,0.019736842105263143,1.9736842105263144
rotation,2,magnitude,5.0,degrees,university1652_street_to_satellite,r_at_20,0.1015897634742148,0.10042652190771617,0.001163241566498635,0.11632415664986351,0.011450381679389237,1.1450381679389237
rotation,2,magnitude,5.0,degrees,university1652_street_to_satellite,official_trapezoid_mAP,0.017087433487176895,0.01624760404229164,0.0008398294448852539,0.08398294448852539,0.049148951802240874,4.914895180224088
rotation,2,magnitude,5.0,degrees,university1652_street_to_satellite,MRR,0.028746405616402626,0.027066748589277267,0.0016796570271253586,0.16796570271253586,0.058430158174869365,5.843015817486937
rotation,3,magnitude,10.0,degrees,university1652_drone_to_satellite,r_at_1,0.3855501254788007,0.3793686435081231,0.0061814819706775825,0.6181481970677583,0.01603288797533401,1.6032887975334011
rotation,3,magnitude,10.0,degrees,university1652_drone_to_satellite,r_at_5,0.626205256901334,0.6199181085721833,0.006287148329150671,0.6287148329150671,0.01004007593334734,1.0040075933347339
rotation,3,magnitude,10.0,degrees,university1652_drone_to_satellite,r_at_10,0.7196143177915731,0.7166556597543258,0.0029586580372473748,0.2958658037247375,0.0041114496530964125,0.41114496530964123
rotation,3,magnitude,10.0,degrees,university1652_drone_to_satellite,r_at_20,0.8072645621450271,0.8032756571126668,0.003988905032360268,0.3988905032360268,0.004941261166922934,0.49412611669229345
rotation,3,magnitude,10.0,degrees,university1652_drone_to_satellite,official_trapezoid_mAP,0.4424035847187042,0.43634799122810364,0.006055593490600586,0.6055593490600586,0.013687939473752107,1.3687939473752107
rotation,3,magnitude,10.0,degrees,university1652_drone_to_satellite,MRR,0.49925702810287476,0.4933273494243622,0.005929678678512573,0.5929678678512573,0.011877005920266644,1.1877005920266643
rotation,3,magnitude,10.0,degrees,university1652_satellite_to_drone,r_at_1,0.5649072753209701,0.5549215406562055,0.0099857346647646,0.9985734664764601,0.017676767676767638,1.7676767676767637
rotation,3,magnitude,10.0,degrees,university1652_satellite_to_drone,r_at_5,0.6961483594864479,0.717546362339515,-0.021398002853067033,-2.1398002853067033,-0.030737704918032765,-3.073770491803277
rotation,3,magnitude,10.0,degrees,university1652_satellite_to_drone,r_at_10,0.7517831669044223,0.7689015691868759,-0.01711840228245365,-1.7118402282453649,-0.022770398481973448,-2.277039848197345
rotation,3,magnitude,10.0,degrees,university1652_satellite_to_drone,r_at_20,0.7917261055634808,0.8174037089871612,-0.025677603423680417,-2.5677603423680417,-0.03243243243243238,-3.243243243243238
rotation,3,magnitude,10.0,degrees,university1652_satellite_to_drone,official_trapezoid_mAP,0.36636626720428467,0.38065120577812195,-0.01428493857383728,-1.428493857383728,-0.03899086748036233,-3.8990867480362335
rotation,3,magnitude,10.0,degrees,university1652_satellite_to_drone,MRR,0.6279942393302917,0.6321252584457397,-0.004131019115447998,-0.4131019115447998,-0.006578116257648186,-0.6578116257648186
rotation,3,magnitude,10.0,degrees,university1652_street_to_satellite,r_at_1,0.005428460643660334,0.0058162078324932144,-0.0003877471888328807,-0.03877471888328807,-0.07142857142857137,-7.142857142857137
rotation,3,magnitude,10.0,degrees,university1652_street_to_satellite,r_at_5,0.03722373012795657,0.029468786351298952,0.00775494377665762,0.775494377665762,0.20833333333333337,20.833333333333336
rotation,3,magnitude,10.0,degrees,university1652_street_to_satellite,r_at_10,0.058937572702597904,0.05467235362543622,0.004265219077161687,0.4265219077161687,0.07236842105263153,7.236842105263152
rotation,3,magnitude,10.0,degrees,university1652_street_to_satellite,r_at_20,0.1015897634742148,0.09383481969755719,0.0077549437766576135,0.7754943776657613,0.07633587786259537,7.633587786259537
rotation,3,magnitude,10.0,degrees,university1652_street_to_satellite,official_trapezoid_mAP,0.017087433487176895,0.016393054276704788,0.0006943792104721069,0.0694379210472107,0.04063683472378677,4.063683472378677
rotation,3,magnitude,10.0,degrees,university1652_street_to_satellite,MRR,0.028746405616402626,0.026969900354743004,0.0017765052616596222,0.17765052616596222,0.06179921362571858,6.179921362571858
rotation,4,magnitude,15.0,degrees,university1652_drone_to_satellite,r_at_1,0.3855501254788007,0.3712059173160745,0.01434420816272619,1.434420816272619,0.037204522096608426,3.7204522096608423
rotation,4,magnitude,15.0,degrees,university1652_drone_to_satellite,r_at_5,0.626205256901334,0.6154008717474574,0.010804385153876606,1.0804385153876606,0.01725374393587846,1.725374393587846
rotation,4,magnitude,15.0,degrees,university1652_drone_to_satellite,r_at_10,0.7196143177915731,0.7106062607317395,0.009008057059833652,0.9008057059833652,0.012517895818802645,1.2517895818802647
rotation,4,magnitude,15.0,degrees,university1652_drone_to_satellite,r_at_20,0.8072645621450271,0.7975432571654999,0.009721304979527168,0.9721304979527168,0.012042278870381916,1.2042278870381915
rotation,4,magnitude,15.0,degrees,university1652_drone_to_satellite,official_trapezoid_mAP,0.4424035847187042,0.4290531277656555,0.013350456953048706,1.3350456953048706,0.030177099404692657,3.0177099404692656
rotation,4,magnitude,15.0,degrees,university1652_drone_to_satellite,MRR,0.49925702810287476,0.486900269985199,0.012356758117675781,1.2356758117675781,0.02475029378080102,2.475029378080102
rotation,4,magnitude,15.0,degrees,university1652_satellite_to_drone,r_at_1,0.5649072753209701,0.550641940085592,0.014265335235378096,1.4265335235378096,0.025252525252525367,2.5252525252525366
rotation,4,magnitude,15.0,degrees,university1652_satellite_to_drone,r_at_5,0.6961483594864479,0.7232524964336662,-0.02710413694721825,-2.710413694721825,-0.038934426229508184,-3.8934426229508183
rotation,4,magnitude,15.0,degrees,university1652_satellite_to_drone,r_at_10,0.7517831669044223,0.7646219686162625,-0.012838801711840264,-1.2838801711840264,-0.017077798861480125,-1.7077798861480125
rotation,4,magnitude,15.0,degrees,university1652_satellite_to_drone,r_at_20,0.7917261055634808,0.8174037089871612,-0.025677603423680417,-2.5677603423680417,-0.03243243243243238,-3.243243243243238
rotation,4,magnitude,15.0,degrees,university1652_satellite_to_drone,official_trapezoid_mAP,0.36636626720428467,0.3873800039291382,-0.021013736724853516,-2.1013736724853516,-0.05735718215873931,-5.7357182158739315
rotation,4,magnitude,15.0,degrees,university1652_satellite_to_drone,MRR,0.6279942393302917,0.6299871206283569,-0.0019928812980651855,-0.19928812980651855,-0.003173406972953195,-0.3173406972953195
rotation,4,magnitude,15.0,degrees,university1652_street_to_satellite,r_at_1,0.005428460643660334,0.0058162078324932144,-0.0003877471888328807,-0.03877471888328807,-0.07142857142857137,-7.142857142857137
rotation,4,magnitude,15.0,degrees,university1652_street_to_satellite,r_at_5,0.03722373012795657,0.027142303218301668,0.010081426909654904,1.0081426909654905,0.2708333333333333,27.083333333333332
rotation,4,magnitude,15.0,degrees,university1652_street_to_satellite,r_at_10,0.058937572702597904,0.046917409848778596,0.012020162853819308,1.2020162853819307,0.2039473684210526,20.39473684210526
rotation,4,magnitude,15.0,degrees,university1652_street_to_satellite,r_at_20,0.1015897634742148,0.08452888716556806,0.01706087630864675,1.7060876308646749,0.16793893129770981,16.79389312977098
rotation,4,magnitude,15.0,degrees,university1652_street_to_satellite,official_trapezoid_mAP,0.017087433487176895,0.015347346663475037,0.0017400868237018585,0.17400868237018585,0.10183429975061442,10.183429975061442
rotation,4,magnitude,15.0,degrees,university1652_street_to_satellite,MRR,0.028746405616402626,0.0248784888535738,0.003867916762828827,0.3867916762828827,0.13455305732629763,13.455305732629764
rotation,5,magnitude,20.0,degrees,university1652_drone_to_satellite,r_at_1,0.3855501254788007,0.365975432571655,0.019574692907145697,1.9574692907145697,0.05077081192189108,5.077081192189108
rotation,5,magnitude,20.0,degrees,university1652_drone_to_satellite,r_at_5,0.626205256901334,0.6074758948619733,0.01872936203936071,1.8729362039360709,0.02990930183505588,2.990930183505588
rotation,5,magnitude,20.0,degrees,university1652_drone_to_satellite,r_at_10,0.7196143177915731,0.7034473649451856,0.016166952846387583,1.6166952846387583,0.02246613560441988,2.246613560441988
rotation,5,magnitude,20.0,degrees,university1652_drone_to_satellite,r_at_20,0.8072645621450271,0.7918636903975697,0.015400871747457412,1.5400871747457412,0.019077849406066962,1.9077849406066965
rotation,5,magnitude,20.0,degrees,university1652_drone_to_satellite,official_trapezoid_mAP,0.4424035847187042,0.42306315898895264,0.019340425729751587,1.9340425729751587,0.04371670211951133,4.371670211951133
rotation,5,magnitude,20.0,degrees,university1652_drone_to_satellite,MRR,0.49925702810287476,0.48015087842941284,0.019106149673461914,1.9106149673461914,0.0382691651754274,3.82691651754274
rotation,5,magnitude,20.0,degrees,university1652_satellite_to_drone,r_at_1,0.5649072753209701,0.5763195435092725,-0.011412268188302432,-1.1412268188302432,-0.020202020202020214,-2.020202020202021
rotation,5,magnitude,20.0,degrees,university1652_satellite_to_drone,r_at_5,0.6961483594864479,0.7089871611982882,-0.012838801711840264,-1.2838801711840264,-0.018442622950819724,-1.8442622950819725
rotation,5,magnitude,20.0,degrees,university1652_satellite_to_drone,r_at_10,0.7517831669044223,0.7617689015691869,-0.0099857346647646,-0.9985734664764601,-0.013282732447817809,-1.3282732447817809
rotation,5,magnitude,20.0,degrees,university1652_satellite_to_drone,r_at_20,0.7917261055634808,0.8202567760342369,-0.02853067047075608,-2.853067047075608,-0.03603603603603606,-3.603603603603606
rotation,5,magnitude,20.0,degrees,university1652_satellite_to_drone,official_trapezoid_mAP,0.36636626720428467,0.37926700711250305,-0.012900739908218384,-1.2900739908218384,-0.03521268485404791,-3.521268485404791
rotation,5,magnitude,20.0,degrees,university1652_satellite_to_drone,MRR,0.6279942393302917,0.6414793133735657,-0.013485074043273926,-1.3485074043273926,-0.02147324481456189,-2.147324481456189
rotation,5,magnitude,20.0,degrees,university1652_street_to_satellite,r_at_1,0.005428460643660334,0.005428460643660334,0.0,0.0,0.0,0.0
rotation,5,magnitude,20.0,degrees,university1652_street_to_satellite,r_at_5,0.03722373012795657,0.02365257851880574,0.013571151609150834,1.3571151609150833,0.3645833333333333,36.458333333333336
rotation,5,magnitude,20.0,degrees,university1652_street_to_satellite,r_at_10,0.058937572702597904,0.045754168282279954,0.01318340442031795,1.318340442031795,0.22368421052631574,22.368421052631575
rotation,5,magnitude,20.0,degrees,university1652_street_to_satellite,r_at_20,0.1015897634742148,0.07987592089957347,0.02171384257464133,2.1713842574641333,0.21374045801526717,21.37404580152672
rotation,5,magnitude,20.0,degrees,university1652_street_to_satellite,official_trapezoid_mAP,0.017087433487176895,0.014557522721588612,0.0025299107655882835,0.25299107655882835,0.148056802531921,14.805680253192099
rotation,5,magnitude,20.0,degrees,university1652_street_to_satellite,MRR,0.028746405616402626,0.02368658408522606,0.005059821531176567,0.5059821531176567,0.17601579824259647,17.601579824259648
