corruption,severity_index,parameter,value,units,task,metric,clean,corrupted,absolute_drop_fraction,percentage_point_drop,relative_drop_fraction,relative_drop_percent
gaussian_noise,1,standard_deviation,0.02,"fraction of the [0,1] RGB intensity range",university1652_drone_to_satellite,r_at_1,0.31905956940958924,0.32399947166820764,-0.0049399022586184005,-0.49399022586184005,-0.015482695810564625,-1.5482695810564624
gaussian_noise,1,standard_deviation,0.02,"fraction of the [0,1] RGB intensity range",university1652_drone_to_satellite,r_at_5,0.5841764628186501,0.5928939373926826,-0.008717474574032491,-0.8717474574032491,-0.014922673419553223,-1.4922673419553223
gaussian_noise,1,standard_deviation,0.02,"fraction of the [0,1] RGB intensity range",university1652_drone_to_satellite,r_at_10,0.6886540747589486,0.6966318848236692,-0.007977810064720647,-0.7977810064720647,-0.011584640761057198,-1.1584640761057199
gaussian_noise,1,standard_deviation,0.02,"fraction of the [0,1] RGB intensity range",university1652_drone_to_satellite,r_at_20,0.7862897899881125,0.7929467705719192,-0.006656980583806704,-0.6656980583806704,-0.008466319502771805,-0.8466319502771806
gaussian_noise,1,standard_deviation,0.02,"fraction of the [0,1] RGB intensity range",university1652_drone_to_satellite,official_trapezoid_mAP,0.38141995668411255,0.387017160654068,-0.005597203969955444,-0.5597203969955444,-0.014674648958106253,-1.4674648958106253
gaussian_noise,1,standard_deviation,0.02,"fraction of the [0,1] RGB intensity range",university1652_drone_to_satellite,MRR,0.4437803328037262,0.45003488659858704,-0.00625455379486084,-0.625455379486084,-0.014093805724435032,-1.4093805724435031
gaussian_noise,1,standard_deviation,0.02,"fraction of the [0,1] RGB intensity range",university1652_satellite_to_drone,r_at_1,0.4593437945791726,0.42796005706134094,0.03138373751783169,3.1383737517831687,0.06832298136645967,6.832298136645966
gaussian_noise,1,standard_deviation,0.02,"fraction of the [0,1] RGB intensity range",university1652_satellite_to_drone,r_at_5,0.6191155492154066,0.6048502139800286,0.014265335235377985,1.4265335235377985,0.023041474654377805,2.3041474654377807
gaussian_noise,1,standard_deviation,0.02,"fraction of the [0,1] RGB intensity range",university1652_satellite_to_drone,r_at_10,0.6776034236804565,0.6747503566333809,0.0028530670470755526,0.28530670470755526,0.004210526315789395,0.42105263157893946
gaussian_noise,1,standard_deviation,0.02,"fraction of the [0,1] RGB intensity range",university1652_satellite_to_drone,r_at_20,0.7517831669044223,0.7318116975748931,0.0199714693295292,1.9971469329529201,0.026565464895635618,2.6565464895635618
gaussian_noise,1,standard_deviation,0.02,"fraction of the [0,1] RGB intensity range",university1652_satellite_to_drone,official_trapezoid_mAP,0.2924031913280487,0.27351146936416626,0.018891721963882446,1.8891721963882446,0.06460846708984008,6.460846708984008
gaussian_noise,1,standard_deviation,0.02,"fraction of the [0,1] RGB intensity range",university1652_satellite_to_drone,MRR,0.538109540939331,0.512336790561676,0.02577275037765503,2.577275037765503,0.04789498869071487,4.789498869071487
gaussian_noise,1,standard_deviation,0.02,"fraction of the [0,1] RGB intensity range",university1652_street_to_satellite,r_at_1,0.009305932531989143,0.010469174098487785,-0.001163241566498642,-0.1163241566498642,-0.1249999999999999,-12.499999999999991
gaussian_noise,1,standard_deviation,0.02,"fraction of the [0,1] RGB intensity range",university1652_street_to_satellite,r_at_5,0.04420317952694843,0.04381543233811555,0.0003877471888328807,0.03877471888328807,0.008771929824561396,0.8771929824561396
gaussian_noise,1,standard_deviation,0.02,"fraction of the [0,1] RGB intensity range",university1652_street_to_satellite,r_at_10,0.06863125242341993,0.07018224117875145,-0.0015509887553315227,-0.15509887553315227,-0.022598870056497158,-2.259887005649716
gaussian_noise,1,standard_deviation,0.02,"fraction of the [0,1] RGB intensity range",university1652_street_to_satellite,r_at_20,0.12175261729352463,0.11787514540519581,0.0038774718883288206,0.38774718883288206,0.031847133757961874,3.1847133757961874
gaussian_noise,1,standard_deviation,0.02,"fraction of the [0,1] RGB intensity range",university1652_street_to_satellite,official_trapezoid_mAP,0.021849311888217926,0.02285950258374214,-0.0010101906955242157,-0.10101906955242157,-0.046234439816338256,-4.623443981633826
gaussian_noise,1,standard_deviation,0.02,"fraction of the [0,1] RGB intensity range",university1652_street_to_satellite,MRR,0.03439268842339516,0.03524983301758766,-0.0008571445941925049,-0.08571445941925049,-0.02492229114631946,-2.4922291146319457
gaussian_noise,2,standard_deviation,0.04,"fraction of the [0,1] RGB intensity range",university1652_drone_to_satellite,r_at_1,0.31905956940958924,0.322335226522256,-0.003275657112666752,-0.3275657112666752,-0.010266600430534848,-1.026660043053485
gaussian_noise,2,standard_deviation,0.04,"fraction of the [0,1] RGB intensity range",university1652_drone_to_satellite,r_at_5,0.5841764628186501,0.5920750231145159,-0.007898560295865775,-0.7898560295865775,-0.013520846522564843,-1.3520846522564842
gaussian_noise,2,standard_deviation,0.04,"fraction of the [0,1] RGB intensity range",university1652_drone_to_satellite,r_at_10,0.6886540747589486,0.696790384361379,-0.008136309602430392,-0.8136309602430392,-0.011814799186773658,-1.181479918677366
gaussian_noise,2,standard_deviation,0.04,"fraction of the [0,1] RGB intensity range",university1652_drone_to_satellite,r_at_20,0.7862897899881125,0.7941619336943601,-0.007872143706247559,-0.7872143706247559,-0.010011758777087229,-1.0011758777087227
gaussian_noise,2,standard_deviation,0.04,"fraction of the [0,1] RGB intensity range",university1652_drone_to_satellite,official_trapezoid_mAP,0.38141995668411255,0.3855036199092865,-0.00408366322517395,-0.408366322517395,-0.010706474985408252,-1.0706474985408252
gaussian_noise,2,standard_deviation,0.04,"fraction of the [0,1] RGB intensity range",university1652_drone_to_satellite,MRR,0.4437803328037262,0.4486720561981201,-0.004891723394393921,-0.4891723394393921,-0.011022848541955142,-1.1022848541955141
gaussian_noise,2,standard_deviation,0.04,"fraction of the [0,1] RGB intensity range",university1652_satellite_to_drone,r_at_1,0.4593437945791726,0.42510699001426533,0.0342368045649073,3.4236804564907297,0.07453416149068327,7.453416149068327
gaussian_noise,2,standard_deviation,0.04,"fraction of the [0,1] RGB intensity range",university1652_satellite_to_drone,r_at_5,0.6191155492154066,0.5977175463623395,0.021398002853067033,2.1398002853067033,0.034562211981566796,3.4562211981566797
gaussian_noise,2,standard_deviation,0.04,"fraction of the [0,1] RGB intensity range",university1652_satellite_to_drone,r_at_10,0.6776034236804565,0.6676176890156919,0.0099857346647646,0.9985734664764601,0.014736842105263126,1.4736842105263128
gaussian_noise,2,standard_deviation,0.04,"fraction of the [0,1] RGB intensity range",university1652_satellite_to_drone,r_at_20,0.7517831669044223,0.7332382310984308,0.01854493580599148,1.854493580599148,0.024667931688804608,2.4667931688804607
gaussian_noise,2,standard_deviation,0.04,"fraction of the [0,1] RGB intensity range",university1652_satellite_to_drone,official_trapezoid_mAP,0.2924031913280487,0.2710109055042267,0.02139228582382202,2.139228582382202,0.07316023373979492,7.316023373979493
gaussian_noise,2,standard_deviation,0.04,"fraction of the [0,1] RGB intensity range",university1652_satellite_to_drone,MRR,0.538109540939331,0.5074102282524109,0.030699312686920166,3.0699312686920166,0.057050303611660635,5.705030361166064
gaussian_noise,2,standard_deviation,0.04,"fraction of the [0,1] RGB intensity range",university1652_street_to_satellite,r_at_1,0.009305932531989143,0.01202016285381931,-0.0027142303218301665,-0.27142303218301667,-0.29166666666666663,-29.166666666666664
gaussian_noise,2,standard_deviation,0.04,"fraction of the [0,1] RGB intensity range",university1652_street_to_satellite,r_at_5,0.04420317952694843,0.039162466072120976,0.005040713454827456,0.5040713454827456,0.11403508771929831,11.40350877192983
gaussian_noise,2,standard_deviation,0.04,"fraction of the [0,1] RGB intensity range",university1652_street_to_satellite,r_at_10,0.06863125242341993,0.06552927491275688,0.0031019775106630454,0.31019775106630454,0.045197740112994315,4.519774011299432
gaussian_noise,2,standard_deviation,0.04,"fraction of the [0,1] RGB intensity range",university1652_street_to_satellite,r_at_20,0.12175261729352463,0.11516091508336565,0.006591702210158978,0.6591702210158978,0.05414012738853505,5.414012738853504
gaussian_noise,2,standard_deviation,0.04,"fraction of the [0,1] RGB intensity range",university1652_street_to_satellite,official_trapezoid_mAP,0.021849311888217926,0.023547817021608353,-0.0016985051333904266,-0.16985051333904266,-0.07773723685579007,-7.773723685579006
gaussian_noise,2,standard_deviation,0.04,"fraction of the [0,1] RGB intensity range",university1652_street_to_satellite,MRR,0.03439268842339516,0.03507547080516815,-0.000682782381772995,-0.0682782381772995,-0.01985254462714644,-1.9852544627146438
gaussian_noise,3,standard_deviation,0.08,"fraction of the [0,1] RGB intensity range",university1652_drone_to_satellite,r_at_1,0.31905956940958924,0.2829480914014001,0.036111478008189146,3.6111478008189146,0.11318099023017056,11.318099023017057
gaussian_noise,3,standard_deviation,0.08,"fraction of the [0,1] RGB intensity range",university1652_drone_to_satellite,r_at_5,0.5841764628186501,0.5526086382248052,0.031567824593844884,3.1567824593844884,0.05403816586777598,5.403816586777598
gaussian_noise,3,standard_deviation,0.08,"fraction of the [0,1] RGB intensity range",university1652_drone_to_satellite,r_at_10,0.6886540747589486,0.6653810593052437,0.02327301545370486,2.327301545370486,0.033794928842686624,3.3794928842686622
gaussian_noise,3,standard_deviation,0.08,"fraction of the [0,1] RGB intensity range",university1652_drone_to_satellite,r_at_20,0.7862897899881125,0.7700435873728702,0.016246202615242344,1.6246202615242344,0.020661851167478547,2.066185116747855
gaussian_noise,3,standard_deviation,0.08,"fraction of the [0,1] RGB intensity range",university1652_drone_to_satellite,official_trapezoid_mAP,0.38141995668411255,0.3463508188724518,0.03506913781166077,3.5069137811660767,0.09194363639631108,9.194363639631108
gaussian_noise,3,standard_deviation,0.08,"fraction of the [0,1] RGB intensity range",university1652_drone_to_satellite,MRR,0.4437803328037262,0.40975356101989746,0.034026771783828735,3.4026771783828735,0.07667480793674106,7.667480793674106
gaussian_noise,3,standard_deviation,0.08,"fraction of the [0,1] RGB intensity range",university1652_satellite_to_drone,r_at_1,0.4593437945791726,0.3466476462196862,0.11269614835948644,11.269614835948644,0.24534161490683226,24.53416149068323
gaussian_noise,3,standard_deviation,0.08,"fraction of the [0,1] RGB intensity range",university1652_satellite_to_drone,r_at_5,0.6191155492154066,0.5035663338088445,0.11554921540656204,11.554921540656204,0.1866359447004608,18.663594470046082
gaussian_noise,3,standard_deviation,0.08,"fraction of the [0,1] RGB intensity range",university1652_satellite_to_drone,r_at_10,0.6776034236804565,0.5820256776034237,0.09557774607703273,9.557774607703273,0.14105263157894726,14.105263157894726
gaussian_noise,3,standard_deviation,0.08,"fraction of the [0,1] RGB intensity range",university1652_satellite_to_drone,r_at_20,0.7517831669044223,0.6590584878744651,0.09272467902995718,9.272467902995718,0.12333965844402274,12.333965844402274
gaussian_noise,3,standard_deviation,0.08,"fraction of the [0,1] RGB intensity range",university1652_satellite_to_drone,official_trapezoid_mAP,0.2924031913280487,0.22204338014125824,0.07035981118679047,7.035981118679047,0.24062600297632666,24.062600297632667
gaussian_noise,3,standard_deviation,0.08,"fraction of the [0,1] RGB intensity range",university1652_satellite_to_drone,MRR,0.538109540939331,0.42503032088279724,0.11307922005653381,11.307922005653381,0.2101416374427059,21.01416374427059
gaussian_noise,3,standard_deviation,0.08,"fraction of the [0,1] RGB intensity range",university1652_street_to_satellite,r_at_1,0.009305932531989143,0.010856921287320668,-0.0015509887553315244,-0.15509887553315244,-0.16666666666666674,-16.66666666666667
gaussian_noise,3,standard_deviation,0.08,"fraction of the [0,1] RGB intensity range",university1652_street_to_satellite,r_at_5,0.04420317952694843,0.038386971694455214,0.005816207832493217,0.5816207832493216,0.1315789473684211,13.15789473684211
gaussian_noise,3,standard_deviation,0.08,"fraction of the [0,1] RGB intensity range",university1652_street_to_satellite,r_at_10,0.06863125242341993,0.06901899961225282,-0.0003877471888328876,-0.03877471888328876,-0.005649717514124391,-0.564971751412439
gaussian_noise,3,standard_deviation,0.08,"fraction of the [0,1] RGB intensity range",university1652_street_to_satellite,r_at_20,0.12175261729352463,0.1101202016285382,0.011632415664986434,1.1632415664986433,0.09554140127388538,9.554140127388537
gaussian_noise,3,standard_deviation,0.08,"fraction of the [0,1] RGB intensity range",university1652_street_to_satellite,official_trapezoid_mAP,0.021849311888217926,0.02234329655766487,-0.0004939846694469452,-0.04939846694469452,-0.02260870603038637,-2.260870603038637
gaussian_noise,3,standard_deviation,0.08,"fraction of the [0,1] RGB intensity range",university1652_street_to_satellite,MRR,0.03439268842339516,0.033829670399427414,0.0005630180239677429,0.05630180239677429,0.016370282457615543,1.6370282457615544
gaussian_noise,4,standard_deviation,0.12,"fraction of the [0,1] RGB intensity range",university1652_drone_to_satellite,r_at_1,0.31905956940958924,0.21487253995509178,0.10418702945449745,10.418702945449745,0.32654412982281844,32.65441298228184
gaussian_noise,4,standard_deviation,0.12,"fraction of the [0,1] RGB intensity range",university1652_drone_to_satellite,r_at_5,0.5841764628186501,0.4517236824725928,0.13245278034605729,13.245278034605729,0.22673419553224197,22.673419553224196
gaussian_noise,4,standard_deviation,0.12,"fraction of the [0,1] RGB intensity range",university1652_drone_to_satellite,r_at_10,0.6886540747589486,0.5728701624620262,0.11578391229692242,11.578391229692242,0.16813072998580683,16.813072998580683
gaussian_noise,4,standard_deviation,0.12,"fraction of the [0,1] RGB intensity range",university1652_drone_to_satellite,r_at_20,0.7862897899881125,0.6945978074230617,0.09169198256505084,9.169198256505084,0.11661347219889132,11.66134721988913
gaussian_noise,4,standard_deviation,0.12,"fraction of the [0,1] RGB intensity range",university1652_drone_to_satellite,official_trapezoid_mAP,0.38141995668411255,0.2730744183063507,0.10834553837776184,10.834553837776184,0.2840583888679226,28.40583888679226
gaussian_noise,4,standard_deviation,0.12,"fraction of the [0,1] RGB intensity range",university1652_drone_to_satellite,MRR,0.4437803328037262,0.3312763273715973,0.1125040054321289,11.25040054321289,0.25351282406173425,25.351282406173425
gaussian_noise,4,standard_deviation,0.12,"fraction of the [0,1] RGB intensity range",university1652_satellite_to_drone,r_at_1,0.4593437945791726,0.24108416547788872,0.2182596291012839,21.82596291012839,0.47515527950310565,47.51552795031056
gaussian_noise,4,standard_deviation,0.12,"fraction of the [0,1] RGB intensity range",university1652_satellite_to_drone,r_at_5,0.6191155492154066,0.4051355206847361,0.2139800285306705,21.398002853067048,0.34562211981566826,34.56221198156682
gaussian_noise,4,standard_deviation,0.12,"fraction of the [0,1] RGB intensity range",university1652_satellite_to_drone,r_at_10,0.6776034236804565,0.46219686162624823,0.21540656205420822,21.54065620542082,0.3178947368421052,31.789473684210517
gaussian_noise,4,standard_deviation,0.12,"fraction of the [0,1] RGB intensity range",university1652_satellite_to_drone,r_at_20,0.7517831669044223,0.5164051355206848,0.23537803138373747,23.537803138373746,0.3130929791271347,31.309297912713465
gaussian_noise,4,standard_deviation,0.12,"fraction of the [0,1] RGB intensity range",university1652_satellite_to_drone,official_trapezoid_mAP,0.2924031913280487,0.15474022924900055,0.13766296207904816,13.766296207904816,0.4707984254679469,47.07984254679469
gaussian_noise,4,standard_deviation,0.12,"fraction of the [0,1] RGB intensity range",university1652_satellite_to_drone,MRR,0.538109540939331,0.32103100419044495,0.2170785367488861,21.70785367488861,0.40340956670262895,40.34095667026289
gaussian_noise,4,standard_deviation,0.12,"fraction of the [0,1] RGB intensity range",university1652_street_to_satellite,r_at_1,0.009305932531989143,0.008918185343156262,0.0003877471888328807,0.03877471888328807,0.04166666666666664,4.166666666666663
gaussian_noise,4,standard_deviation,0.12,"fraction of the [0,1] RGB intensity range",university1652_street_to_satellite,r_at_5,0.04420317952694843,0.03218301667312912,0.012020162853819315,1.2020162853819314,0.27192982456140363,27.19298245614036
gaussian_noise,4,standard_deviation,0.12,"fraction of the [0,1] RGB intensity range",university1652_street_to_satellite,r_at_10,0.06863125242341993,0.05854982551376502,0.010081426909654904,1.0081426909654905,0.14689265536723164,14.689265536723164
gaussian_noise,4,standard_deviation,0.12,"fraction of the [0,1] RGB intensity range",university1652_street_to_satellite,r_at_20,0.12175261729352463,0.09616130283055448,0.025591314462970152,2.559131446297015,0.21019108280254784,21.019108280254784
gaussian_noise,4,standard_deviation,0.12,"fraction of the [0,1] RGB intensity range",university1652_street_to_satellite,official_trapezoid_mAP,0.021849311888217926,0.01931389980018139,0.002535412088036537,0.2535412088036537,0.11604082091957041,11.604082091957041
gaussian_noise,4,standard_deviation,0.12,"fraction of the [0,1] RGB intensity range",university1652_street_to_satellite,MRR,0.03439268842339516,0.02970961295068264,0.004683075472712517,0.4683075472712517,0.13616485617701576,13.616485617701578
gaussian_noise,5,standard_deviation,0.18,"fraction of the [0,1] RGB intensity range",university1652_drone_to_satellite,r_at_1,0.31905956940958924,0.1185576542068419,0.20050191520274735,20.050191520274733,0.6284153005464481,62.84153005464481
gaussian_noise,5,standard_deviation,0.18,"fraction of the [0,1] RGB intensity range",university1652_drone_to_satellite,r_at_5,0.5841764628186501,0.2850350019812442,0.2991414608374059,29.91414608374059,0.512073799403093,51.20737994030931
gaussian_noise,5,standard_deviation,0.18,"fraction of the [0,1] RGB intensity range",university1652_drone_to_satellite,r_at_10,0.6886540747589486,0.3905428609166557,0.2981112138422929,29.81112138422929,0.43288963903486893,43.288963903486895
gaussian_noise,5,standard_deviation,0.18,"fraction of the [0,1] RGB intensity range",university1652_drone_to_satellite,r_at_20,0.7862897899881125,0.5141196671509708,0.2721701228371417,27.21701228371417,0.34614480094070216,34.61448009407022
gaussian_noise,5,standard_deviation,0.18,"fraction of the [0,1] RGB intensity range",university1652_drone_to_satellite,official_trapezoid_mAP,0.38141995668411255,0.16317392885684967,0.21824602782726288,21.824602782726288,0.5721935205608857,57.21935205608857
gaussian_noise,5,standard_deviation,0.18,"fraction of the [0,1] RGB intensity range",university1652_drone_to_satellite,MRR,0.4437803328037262,0.20779021084308624,0.23599012196063995,23.599012196063995,0.5317723759178236,53.17723759178236
gaussian_noise,5,standard_deviation,0.18,"fraction of the [0,1] RGB intensity range",university1652_satellite_to_drone,r_at_1,0.4593437945791726,0.11412268188302425,0.34522111269614836,34.52211126961483,0.7515527950310559,75.15527950310558
gaussian_noise,5,standard_deviation,0.18,"fraction of the [0,1] RGB intensity range",university1652_satellite_to_drone,r_at_5,0.6191155492154066,0.23252496433666192,0.38659058487874465,38.65905848787447,0.6244239631336406,62.44239631336406
gaussian_noise,5,standard_deviation,0.18,"fraction of the [0,1] RGB intensity range",university1652_satellite_to_drone,r_at_10,0.6776034236804565,0.29101283880171186,0.3865905848787446,38.65905848787446,0.5705263157894737,57.05263157894736
gaussian_noise,5,standard_deviation,0.18,"fraction of the [0,1] RGB intensity range",university1652_satellite_to_drone,r_at_20,0.7517831669044223,0.3509272467902996,0.4008559201141227,40.08559201141227,0.5332068311195446,53.32068311195446
gaussian_noise,5,standard_deviation,0.18,"fraction of the [0,1] RGB intensity range",university1652_satellite_to_drone,official_trapezoid_mAP,0.2924031913280487,0.08584725111722946,0.20655594021081924,20.655594021081924,0.7064079542794149,70.6407954279415
gaussian_noise,5,standard_deviation,0.18,"fraction of the [0,1] RGB intensity range",university1652_satellite_to_drone,MRR,0.538109540939331,0.17430420219898224,0.3638053387403488,36.38053387403488,0.6760804465672277,67.60804465672277
gaussian_noise,5,standard_deviation,0.18,"fraction of the [0,1] RGB intensity range",university1652_street_to_satellite,r_at_1,0.009305932531989143,0.0058162078324932144,0.0034897246994959287,0.34897246994959286,0.375,37.5
gaussian_noise,5,standard_deviation,0.18,"fraction of the [0,1] RGB intensity range",university1652_street_to_satellite,r_at_5,0.04420317952694843,0.022877084141139977,0.021326095385808454,2.1326095385808452,0.4824561403508772,48.24561403508772
gaussian_noise,5,standard_deviation,0.18,"fraction of the [0,1] RGB intensity range",university1652_street_to_satellite,r_at_10,0.06863125242341993,0.03761147731678945,0.031019775106630475,3.1019775106630476,0.4519774011299435,45.19774011299435
gaussian_noise,5,standard_deviation,0.18,"fraction of the [0,1] RGB intensity range",university1652_street_to_satellite,r_at_20,0.12175261729352463,0.07289647150058162,0.048856145792943007,4.885614579294301,0.4012738853503185,40.12738853503185
gaussian_noise,5,standard_deviation,0.18,"fraction of the [0,1] RGB intensity range",university1652_street_to_satellite,official_trapezoid_mAP,0.021849311888217926,0.014311790466308594,0.007537521421909332,0.7537521421909332,0.34497751967987067,34.49775196798707
gaussian_noise,5,standard_deviation,0.18,"fraction of the [0,1] RGB intensity range",university1652_street_to_satellite,MRR,0.03439268842339516,0.022807370871305466,0.011585317552089691,1.1585317552089691,0.33685408391072263,33.685408391072265
gaussian_blur,1,radius,0.5,pixels in the decoded source image,university1652_drone_to_satellite,r_at_1,0.31905956940958924,0.31081759344868576,0.00824197596090348,0.824197596090348,0.025832091405861998,2.5832091405862
gaussian_blur,1,radius,0.5,pixels in the decoded source image,university1652_drone_to_satellite,r_at_5,0.5841764628186501,0.5779157310791176,0.006260731739532455,0.6260731739532455,0.010717192728588273,1.0717192728588274
gaussian_blur,1,radius,0.5,pixels in the decoded source image,university1652_drone_to_satellite,r_at_10,0.6886540747589486,0.6836613393210936,0.004992735437854945,0.4992735437854945,0.007249990410065555,0.7249990410065555
gaussian_blur,1,radius,0.5,pixels in the decoded source image,university1652_drone_to_satellite,r_at_20,0.7862897899881125,0.7820103024699512,0.004279487518161318,0.4279487518161318,0.005442633966067418,0.5442633966067418
gaussian_blur,1,radius,0.5,pixels in the decoded source image,university1652_drone_to_satellite,official_trapezoid_mAP,0.38141995668411255,0.3736792206764221,0.00774073600769043,0.774073600769043,0.020294522801021696,2.0294522801021695
gaussian_blur,1,radius,0.5,pixels in the decoded source image,university1652_drone_to_satellite,MRR,0.4437803328037262,0.4365409016609192,0.007239431142807007,0.7239431142807007,0.01631309593435462,1.6313095934354622
gaussian_blur,1,radius,0.5,pixels in the decoded source image,university1652_satellite_to_drone,r_at_1,0.4593437945791726,0.4664764621968616,-0.0071326676176889925,-0.7132667617688992,-0.015527950310558956,-1.5527950310558956
gaussian_blur,1,radius,0.5,pixels in the decoded source image,university1652_satellite_to_drone,r_at_5,0.6191155492154066,0.630527817403709,-0.011412268188302432,-1.1412268188302432,-0.018433179723502315,-1.8433179723502315
gaussian_blur,1,radius,0.5,pixels in the decoded source image,university1652_satellite_to_drone,r_at_10,0.6776034236804565,0.6932952924393724,-0.015691868758915928,-1.5691868758915928,-0.023157894736842245,-2.3157894736842244
gaussian_blur,1,radius,0.5,pixels in the decoded source image,university1652_satellite_to_drone,r_at_20,0.7517831669044223,0.7631954350927247,-0.011412268188302432,-1.1412268188302432,-0.015180265654648965,-1.5180265654648966
gaussian_blur,1,radius,0.5,pixels in the decoded source image,university1652_satellite_to_drone,official_trapezoid_mAP,0.2924031913280487,0.2978039085865021,-0.005400717258453369,-0.5400717258453369,-0.018470103674054213,-1.8470103674054212
gaussian_blur,1,radius,0.5,pixels in the decoded source image,university1652_satellite_to_drone,MRR,0.538109540939331,0.5453277230262756,-0.00721818208694458,-0.721818208694458,-0.013413964142587822,-1.3413964142587822
gaussian_blur,1,radius,0.5,pixels in the decoded source image,university1652_street_to_satellite,r_at_1,0.009305932531989143,0.010856921287320668,-0.0015509887553315244,-0.15509887553315244,-0.16666666666666674,-16.66666666666667
gaussian_blur,1,radius,0.5,pixels in the decoded source image,university1652_street_to_satellite,r_at_5,0.04420317952694843,0.04420317952694843,0.0,0.0,0.0,0.0
gaussian_blur,1,radius,0.5,pixels in the decoded source image,university1652_street_to_satellite,r_at_10,0.06863125242341993,0.06746801085692129,0.001163241566498635,0.11632415664986351,0.016949152542372767,1.6949152542372767
gaussian_blur,1,radius,0.5,pixels in the decoded source image,university1652_street_to_satellite,r_at_20,0.12175261729352463,0.12058937572702598,0.001163241566498649,0.1163241566498649,0.009554140127388585,0.9554140127388584
gaussian_blur,1,radius,0.5,pixels in the decoded source image,university1652_street_to_satellite,official_trapezoid_mAP,0.021849311888217926,0.02340824343264103,-0.0015589315444231033,-0.15589315444231033,-0.0713492284058495,-7.134922840584949
gaussian_blur,1,radius,0.5,pixels in the decoded source image,university1652_street_to_satellite,MRR,0.03439268842339516,0.03595956414937973,-0.0015668757259845734,-0.15668757259845734,-0.04555839621187414,-4.555839621187413
gaussian_blur,2,radius,1.0,pixels in the decoded source image,university1652_drone_to_satellite,r_at_1,0.31905956940958924,0.24799894333641526,0.07106062607317398,7.106062607317398,0.22271899321079658,22.271899321079655
gaussian_blur,2,radius,1.0,pixels in the decoded source image,university1652_drone_to_satellite,r_at_5,0.5841764628186501,0.4971602166160349,0.08701624620261522,8.701624620261523,0.14895541286063124,14.895541286063125
gaussian_blur,2,radius,1.0,pixels in the decoded source image,university1652_drone_to_satellite,r_at_10,0.6886540747589486,0.61244221371021,0.07621186104873856,7.621186104873856,0.1106678430319536,11.06678430319536
gaussian_blur,2,radius,1.0,pixels in the decoded source image,university1652_drone_to_satellite,r_at_20,0.7862897899881125,0.7212521463479065,0.06503764364020603,6.503764364020603,0.08271459768184107,8.271459768184107
gaussian_blur,2,radius,1.0,pixels in the decoded source image,university1652_drone_to_satellite,official_trapezoid_mAP,0.38141995668411255,0.307949423789978,0.07347053289413452,7.347053289413452,0.1926237251266376,19.262372512663763
gaussian_blur,2,radius,1.0,pixels in the decoded source image,university1652_drone_to_satellite,MRR,0.4437803328037262,0.36789992451667786,0.07588040828704834,7.588040828704834,0.17098641530067196,17.098641530067194
gaussian_blur,2,radius,1.0,pixels in the decoded source image,university1652_satellite_to_drone,r_at_1,0.4593437945791726,0.39229671897289586,0.06704707560627676,6.704707560627677,0.14596273291925468,14.596273291925469
gaussian_blur,2,radius,1.0,pixels in the decoded source image,university1652_satellite_to_drone,r_at_5,0.6191155492154066,0.5549215406562055,0.0641940085592011,6.4194008559201094,0.10368663594470039,10.36866359447004
gaussian_blur,2,radius,1.0,pixels in the decoded source image,university1652_satellite_to_drone,r_at_10,0.6776034236804565,0.6148359486447932,0.06276747503566327,6.276747503566327,0.09263157894736831,9.263157894736832
gaussian_blur,2,radius,1.0,pixels in the decoded source image,university1652_satellite_to_drone,r_at_20,0.7517831669044223,0.6804564907275321,0.07132667617689015,7.132667617689014,0.09487666034155597,9.487666034155597
gaussian_blur,2,radius,1.0,pixels in the decoded source image,university1652_satellite_to_drone,official_trapezoid_mAP,0.2924031913280487,0.25496402382850647,0.037439167499542236,3.7439167499542236,0.12803953106496377,12.803953106496376
gaussian_blur,2,radius,1.0,pixels in the decoded source image,university1652_satellite_to_drone,MRR,0.538109540939331,0.4706984758377075,0.06741106510162354,6.7411065101623535,0.12527387078837127,12.527387078837126
gaussian_blur,2,radius,1.0,pixels in the decoded source image,university1652_street_to_satellite,r_at_1,0.009305932531989143,0.007367196587824738,0.001938735944164405,0.1938735944164405,0.20833333333333337,20.833333333333336
gaussian_blur,2,radius,1.0,pixels in the decoded source image,university1652_street_to_satellite,r_at_5,0.04420317952694843,0.03567274137262505,0.008530438154323382,0.8530438154323382,0.1929824561403509,19.29824561403509
gaussian_blur,2,radius,1.0,pixels in the decoded source image,university1652_street_to_satellite,r_at_10,0.06863125242341993,0.06785575804575417,0.0007754943776657613,0.07754943776657613,0.011299435028248579,1.129943502824858
gaussian_blur,2,radius,1.0,pixels in the decoded source image,university1652_street_to_satellite,r_at_20,0.12175261729352463,0.11244668476153548,0.00930593253198915,0.930593253198915,0.07643312101910833,7.6433121019108325
gaussian_blur,2,radius,1.0,pixels in the decoded source image,university1652_street_to_satellite,official_trapezoid_mAP,0.021849311888217926,0.019482485949993134,0.0023668259382247925,0.23668259382247925,0.10832496466403985,10.832496466403985
gaussian_blur,2,radius,1.0,pixels in the decoded source image,university1652_street_to_satellite,MRR,0.03439268842339516,0.03159777447581291,0.002794913947582245,0.2794913947582245,0.0812647709645473,8.12647709645473
gaussian_blur,3,radius,2.0,pixels in the decoded source image,university1652_drone_to_satellite,r_at_1,0.31905956940958924,0.09198256505085194,0.2270770043587373,22.70770043587373,0.7117072362974002,71.17072362974002
gaussian_blur,3,radius,2.0,pixels in the decoded source image,university1652_drone_to_satellite,r_at_5,0.5841764628186501,0.23505481442345794,0.34912164839519216,34.912164839519214,0.5976304603418648,59.76304603418648
gaussian_blur,3,radius,2.0,pixels in the decoded source image,university1652_drone_to_satellite,r_at_10,0.6886540747589486,0.32571654999339583,0.36293752476555274,36.29375247655528,0.5270244351528636,52.70244351528636
gaussian_blur,3,radius,2.0,pixels in the decoded source image,university1652_drone_to_satellite,r_at_20,0.7862897899881125,0.44424778761061945,0.34204200237749305,34.204200237749305,0.43500755921384177,43.500755921384176
gaussian_blur,3,radius,2.0,pixels in the decoded source image,university1652_drone_to_satellite,official_trapezoid_mAP,0.38141995668411255,0.13175849616527557,0.24966146051883698,24.966146051883698,0.654557938418528,65.45579384185281
gaussian_blur,3,radius,2.0,pixels in the decoded source image,university1652_drone_to_satellite,MRR,0.4437803328037262,0.17153440415859222,0.27224592864513397,27.224592864513397,0.6134700177566049,61.347001775660495
gaussian_blur,3,radius,2.0,pixels in the decoded source image,university1652_satellite_to_drone,r_at_1,0.4593437945791726,0.14407988587731813,0.3152639087018545,31.526390870185452,0.6863354037267081,68.63354037267081
gaussian_blur,3,radius,2.0,pixels in the decoded source image,university1652_satellite_to_drone,r_at_5,0.6191155492154066,0.23680456490727533,0.38231098430813126,38.23109843081313,0.6175115207373272,61.751152073732726
gaussian_blur,3,radius,2.0,pixels in the decoded source image,university1652_satellite_to_drone,r_at_10,0.6776034236804565,0.29101283880171186,0.3865905848787446,38.65905848787446,0.5705263157894737,57.05263157894736
gaussian_blur,3,radius,2.0,pixels in the decoded source image,university1652_satellite_to_drone,r_at_20,0.7517831669044223,0.3509272467902996,0.4008559201141227,40.08559201141227,0.5332068311195446,53.32068311195446
gaussian_blur,3,radius,2.0,pixels in the decoded source image,university1652_satellite_to_drone,official_trapezoid_mAP,0.2924031913280487,0.10553104430437088,0.18687214702367783,18.687214702367783,0.6390906548418104,63.90906548418104
gaussian_blur,3,radius,2.0,pixels in the decoded source image,university1652_satellite_to_drone,MRR,0.538109540939331,0.1922459900379181,0.34586355090141296,34.586355090141296,0.6427381872799895,64.27381872799896
gaussian_blur,3,radius,2.0,pixels in the decoded source image,university1652_street_to_satellite,r_at_1,0.009305932531989143,0.004265219077161691,0.005040713454827452,0.5040713454827452,0.5416666666666666,54.166666666666664
gaussian_blur,3,radius,2.0,pixels in the decoded source image,university1652_street_to_satellite,r_at_5,0.04420317952694843,0.02365257851880574,0.020550601008142693,2.0550601008142695,0.4649122807017544,46.491228070175445
gaussian_blur,3,radius,2.0,pixels in the decoded source image,university1652_street_to_satellite,r_at_10,0.06863125242341993,0.04381543233811555,0.024815820085304377,2.4815820085304376,0.36158192090395475,36.158192090395474
gaussian_blur,3,radius,2.0,pixels in the decoded source image,university1652_street_to_satellite,r_at_20,0.12175261729352463,0.0752229546335789,0.04652966265994572,4.652966265994572,0.3821656050955414,38.21656050955414
gaussian_blur,3,radius,2.0,pixels in the decoded source image,university1652_street_to_satellite,official_trapezoid_mAP,0.021849311888217926,0.013351515866816044,0.008497796021401882,0.8497796021401882,0.3889273980286882,38.89273980286882
gaussian_blur,3,radius,2.0,pixels in the decoded source image,university1652_street_to_satellite,MRR,0.03439268842339516,0.022437812760472298,0.01195487566292286,1.195487566292286,0.34759933610745936,34.75993361074593
gaussian_blur,4,radius,3.0,pixels in the decoded source image,university1652_drone_to_satellite,r_at_1,0.31905956940958924,0.031541408004226654,0.28751816140536257,28.751816140536256,0.9011425732737208,90.11425732737207
gaussian_blur,4,radius,3.0,pixels in the decoded source image,university1652_drone_to_satellite,r_at_5,0.5841764628186501,0.09438647470611544,0.48978998811253466,48.97899881125347,0.8384281450664737,83.84281450664737
gaussian_blur,4,radius,3.0,pixels in the decoded source image,university1652_drone_to_satellite,r_at_10,0.6886540747589486,0.1461365737683265,0.542517500990622,54.2517500990622,0.7877939314895085,78.77939314895085
gaussian_blur,4,radius,3.0,pixels in the decoded source image,university1652_drone_to_satellite,r_at_20,0.7862897899881125,0.21561220446440366,0.5706775855237088,57.06775855237088,0.725785318326894,72.5785318326894
gaussian_blur,4,radius,3.0,pixels in the decoded source image,university1652_drone_to_satellite,official_trapezoid_mAP,0.38141995668411255,0.052421532571315765,0.3289984241127968,32.89984241127968,0.8625621663138863,86.25621663138863
gaussian_blur,4,radius,3.0,pixels in the decoded source image,university1652_drone_to_satellite,MRR,0.4437803328037262,0.07330165803432465,0.37047867476940155,37.047867476940155,0.8348244556688269,83.48244556688269
gaussian_blur,4,radius,3.0,pixels in the decoded source image,university1652_satellite_to_drone,r_at_1,0.4593437945791726,0.04136947218259629,0.41797432239657634,41.79743223965763,0.9099378881987578,90.99378881987577
gaussian_blur,4,radius,3.0,pixels in the decoded source image,university1652_satellite_to_drone,r_at_5,0.6191155492154066,0.07988587731811697,0.5392296718972895,53.92296718972895,0.8709677419354838,87.09677419354837
gaussian_blur,4,radius,3.0,pixels in the decoded source image,university1652_satellite_to_drone,r_at_10,0.6776034236804565,0.09985734664764621,0.5777460770328102,57.77460770328102,0.8526315789473684,85.26315789473684
gaussian_blur,4,radius,3.0,pixels in the decoded source image,university1652_satellite_to_drone,r_at_20,0.7517831669044223,0.1340941512125535,0.6176890156918687,61.76890156918687,0.8216318785578747,82.16318785578747
gaussian_blur,4,radius,3.0,pixels in the decoded source image,university1652_satellite_to_drone,official_trapezoid_mAP,0.2924031913280487,0.0336131677031517,0.258790023624897,25.8790023624897,0.8850451407507351,88.50451407507352
gaussian_blur,4,radius,3.0,pixels in the decoded source image,university1652_satellite_to_drone,MRR,0.538109540939331,0.06297419965267181,0.47513534128665924,47.513534128665924,0.8829714122095973,88.29714122095973
gaussian_blur,4,radius,3.0,pixels in the decoded source image,university1652_street_to_satellite,r_at_1,0.009305932531989143,0.0031019775106630476,0.006203955021326096,0.6203955021326096,0.6666666666666667,66.66666666666667
gaussian_blur,4,radius,3.0,pixels in the decoded source image,university1652_street_to_satellite,r_at_5,0.04420317952694843,0.015122140364482357,0.029081039162466075,2.9081039162466076,0.6578947368421053,65.78947368421053
gaussian_blur,4,radius,3.0,pixels in the decoded source image,university1652_street_to_satellite,r_at_10,0.06863125242341993,0.030244280728964713,0.038386971694455214,3.8386971694455214,0.5593220338983051,55.93220338983051
gaussian_blur,4,radius,3.0,pixels in the decoded source image,university1652_street_to_satellite,r_at_20,0.12175261729352463,0.04963164017060876,0.07212097712291587,7.2120977122915875,0.5923566878980893,59.235668789808926
gaussian_blur,4,radius,3.0,pixels in the decoded source image,university1652_street_to_satellite,official_trapezoid_mAP,0.021849311888217926,0.00956028513610363,0.012289026752114296,1.2289026752114296,0.5624445664460975,56.244456644609755
gaussian_blur,4,radius,3.0,pixels in the decoded source image,university1652_street_to_satellite,MRR,0.03439268842339516,0.016018591821193695,0.018374096602201462,1.8374096602201462,0.5342442665721571,53.424426657215704
gaussian_blur,5,radius,4.0,pixels in the decoded source image,university1652_drone_to_satellite,r_at_1,0.31905956940958924,0.015321621978602562,0.3037379474309867,30.37379474309867,0.9519788044378209,95.1978804437821
gaussian_blur,5,radius,4.0,pixels in the decoded source image,university1652_drone_to_satellite,r_at_5,0.5841764628186501,0.0506406022982433,0.5335358605204068,53.35358605204068,0.9133128334991408,91.33128334991409
gaussian_blur,5,radius,4.0,pixels in the decoded source image,university1652_drone_to_satellite,r_at_10,0.6886540747589486,0.08265750891559899,0.6059965658433496,60.59965658433496,0.8799723809889141,87.9972380988914
gaussian_blur,5,radius,4.0,pixels in the decoded source image,university1652_drone_to_satellite,r_at_20,0.7862897899881125,0.12481838594637432,0.6614714040417382,66.14714040417383,0.8412565093230304,84.12565093230305
gaussian_blur,5,radius,4.0,pixels in the decoded source image,university1652_drone_to_satellite,official_trapezoid_mAP,0.38141995668411255,0.0284434724599123,0.35297648422420025,35.297648422420025,0.9254274141626291,92.5427414162629
gaussian_blur,5,radius,4.0,pixels in the decoded source image,university1652_drone_to_satellite,MRR,0.4437803328037262,0.04156532511115074,0.40221500769257545,40.221500769257545,0.9063380640404942,90.63380640404942
gaussian_blur,5,radius,4.0,pixels in the decoded source image,university1652_satellite_to_drone,r_at_1,0.4593437945791726,0.018544935805991442,0.4407988587731812,44.07988587731812,0.9596273291925467,95.96273291925466
gaussian_blur,5,radius,4.0,pixels in the decoded source image,university1652_satellite_to_drone,r_at_5,0.6191155492154066,0.03138373751783167,0.5877318116975749,58.77318116975749,0.9493087557603688,94.93087557603687
gaussian_blur,5,radius,4.0,pixels in the decoded source image,university1652_satellite_to_drone,r_at_10,0.6776034236804565,0.042796005706134094,0.6348074179743224,63.48074179743224,0.9368421052631579,93.6842105263158
gaussian_blur,5,radius,4.0,pixels in the decoded source image,university1652_satellite_to_drone,r_at_20,0.7517831669044223,0.05706134094151213,0.6947218259629101,69.472182596291,0.9240986717267552,92.40986717267552
gaussian_blur,5,radius,4.0,pixels in the decoded source image,university1652_satellite_to_drone,official_trapezoid_mAP,0.2924031913280487,0.016281021758913994,0.2761221695691347,27.61221695691347,0.9443199587358531,94.43199587358531
gaussian_blur,5,radius,4.0,pixels in the decoded source image,university1652_satellite_to_drone,MRR,0.538109540939331,0.028086090460419655,0.5100234504789114,51.00234504789114,0.9478059979917989,94.78059979917988
gaussian_blur,5,radius,4.0,pixels in the decoded source image,university1652_street_to_satellite,r_at_1,0.009305932531989143,0.0031019775106630476,0.006203955021326096,0.6203955021326096,0.6666666666666667,66.66666666666667
gaussian_blur,5,radius,4.0,pixels in the decoded source image,university1652_street_to_satellite,r_at_5,0.04420317952694843,0.01240791004265219,0.03179526948429624,3.1795269484296242,0.7192982456140351,71.9298245614035
gaussian_blur,5,radius,4.0,pixels in the decoded source image,university1652_street_to_satellite,r_at_10,0.06863125242341993,0.02093834819697557,0.04769290422644436,4.769290422644436,0.6949152542372882,69.49152542372882
gaussian_blur,5,radius,4.0,pixels in the decoded source image,university1652_street_to_satellite,r_at_20,0.12175261729352463,0.04187669639395114,0.07987592089957349,7.9875920899573485,0.6560509554140128,65.60509554140127
gaussian_blur,5,radius,4.0,pixels in the decoded source image,university1652_street_to_satellite,official_trapezoid_mAP,0.021849311888217926,0.008510429412126541,0.013338882476091385,1.3338882476091385,0.6104943965436401,61.049439654364015
gaussian_blur,5,radius,4.0,pixels in the decoded source image,university1652_street_to_satellite,MRR,0.03439268842339516,0.013918882235884666,0.02047380618751049,2.047380618751049,0.5952953120577646,59.529531205776465
brightness,1,factor,0.8,multiplicative Pillow brightness factor,university1652_drone_to_satellite,r_at_1,0.31905956940958924,0.3188746532822613,0.00018491612732796092,0.018491612732796092,0.0005795661533366419,0.05795661533366418
brightness,1,factor,0.8,multiplicative Pillow brightness factor,university1652_drone_to_satellite,r_at_5,0.5841764628186501,0.5829612996962092,0.0012151631224408543,0.12151631224408543,0.0020801302342406867,0.20801302342406866
brightness,1,factor,0.8,multiplicative Pillow brightness factor,university1652_drone_to_satellite,r_at_10,0.6886540747589486,0.6898428212917712,-0.0011887465328226376,-0.11887465328226376,-0.0017261881928727972,-0.17261881928727973
brightness,1,factor,0.8,multiplicative Pillow brightness factor,university1652_drone_to_satellite,r_at_20,0.7862897899881125,0.7876898692378814,-0.0014000792497689263,-0.14000792497689263,-0.0017806148160592209,-0.17806148160592208
brightness,1,factor,0.8,multiplicative Pillow brightness factor,university1652_drone_to_satellite,official_trapezoid_mAP,0.38141995668411255,0.3812086880207062,0.00021126866340637207,0.021126866340637207,0.0005539003916917285,0.05539003916917285
brightness,1,factor,0.8,multiplicative Pillow brightness factor,university1652_drone_to_satellite,MRR,0.4437803328037262,0.44354280829429626,0.00023752450942993164,0.023752450942993164,0.0005352299141543599,0.05352299141543599
brightness,1,factor,0.8,multiplicative Pillow brightness factor,university1652_satellite_to_drone,r_at_1,0.4593437945791726,0.4536376604850214,0.005706134094151216,0.5706134094151216,0.012422360248447213,1.2422360248447213
brightness,1,factor,0.8,multiplicative Pillow brightness factor,university1652_satellite_to_drone,r_at_5,0.6191155492154066,0.630527817403709,-0.011412268188302432,-1.1412268188302432,-0.018433179723502315,-1.8433179723502315
brightness,1,factor,0.8,multiplicative Pillow brightness factor,university1652_satellite_to_drone,r_at_10,0.6776034236804565,0.68188302425107,-0.004279600570613495,-0.42796005706134954,-0.006315789473684338,-0.6315789473684338
brightness,1,factor,0.8,multiplicative Pillow brightness factor,university1652_satellite_to_drone,r_at_20,0.7517831669044223,0.7589158345221113,-0.007132667617689048,-0.7132667617689048,-0.00948766603415564,-0.9487666034155641
brightness,1,factor,0.8,multiplicative Pillow brightness factor,university1652_satellite_to_drone,official_trapezoid_mAP,0.2924031913280487,0.29501885175704956,-0.0026156604290008545,-0.26156604290008545,-0.008945389471027802,-0.8945389471027801
brightness,1,factor,0.8,multiplicative Pillow brightness factor,university1652_satellite_to_drone,MRR,0.538109540939331,0.5344517827033997,0.0036577582359313965,0.36577582359313965,0.006797423122337444,0.6797423122337444
brightness,1,factor,0.8,multiplicative Pillow brightness factor,university1652_street_to_satellite,r_at_1,0.009305932531989143,0.010469174098487785,-0.001163241566498642,-0.1163241566498642,-0.1249999999999999,-12.499999999999991
brightness,1,factor,0.8,multiplicative Pillow brightness factor,university1652_street_to_satellite,r_at_5,0.04420317952694843,0.045366421093447074,-0.001163241566498642,-0.1163241566498642,-0.026315789473684188,-2.631578947368419
brightness,1,factor,0.8,multiplicative Pillow brightness factor,university1652_street_to_satellite,r_at_10,0.06863125242341993,0.07212097712291586,-0.003489724699495933,-0.3489724699495933,-0.05084745762711871,-5.084745762711871
brightness,1,factor,0.8,multiplicative Pillow brightness factor,university1652_street_to_satellite,r_at_20,0.12175261729352463,0.12446684761535479,-0.0027142303218301578,-0.2714230321830158,-0.022292993630573174,-2.2292993630573172
brightness,1,factor,0.8,multiplicative Pillow brightness factor,university1652_street_to_satellite,official_trapezoid_mAP,0.021849311888217926,0.0233101025223732,-0.0014607906341552734,-0.14607906341552734,-0.066857512109706,-6.685751210970601
brightness,1,factor,0.8,multiplicative Pillow brightness factor,university1652_street_to_satellite,MRR,0.03439268842339516,0.03615102916955948,-0.001758340746164322,-0.1758340746164322,-0.051125423070103315,-5.112542307010331
brightness,2,factor,0.65,multiplicative Pillow brightness factor,university1652_drone_to_satellite,r_at_1,0.31905956940958924,0.31728965790516445,0.0017699115044247926,0.17699115044247926,0.005547276039079361,0.5547276039079361
brightness,2,factor,0.65,multiplicative Pillow brightness factor,university1652_drone_to_satellite,r_at_5,0.5841764628186501,0.5825122176726985,0.0016642451459516483,0.16642451459516483,0.0028488740164601453,0.2848874016460145
brightness,2,factor,0.65,multiplicative Pillow brightness factor,university1652_drone_to_satellite,r_at_10,0.6886540747589486,0.6912429005415401,-0.002588825782591564,-0.2588825782591564,-0.0037592542867008194,-0.37592542867008194
brightness,2,factor,0.65,multiplicative Pillow brightness factor,university1652_drone_to_satellite,r_at_20,0.7862897899881125,0.788693699643376,-0.002403909655263492,-0.2403909655263492,-0.0030572820426675454,-0.30572820426675457
brightness,2,factor,0.65,multiplicative Pillow brightness factor,university1652_drone_to_satellite,official_trapezoid_mAP,0.38141995668411255,0.37964874505996704,0.0017712116241455078,0.17712116241455078,0.0046437308617608706,0.464373086176087
brightness,2,factor,0.65,multiplicative Pillow brightness factor,university1652_drone_to_satellite,MRR,0.4437803328037262,0.442007839679718,0.0017724931240081787,0.17724931240081787,0.00399407768435766,0.3994077684357661
brightness,2,factor,0.65,multiplicative Pillow brightness factor,university1652_satellite_to_drone,r_at_1,0.4593437945791726,0.43366619115549215,0.025677603423680473,2.5677603423680475,0.05590062111801246,5.590062111801246
brightness,2,factor,0.65,multiplicative Pillow brightness factor,university1652_satellite_to_drone,r_at_5,0.6191155492154066,0.6191155492154066,0.0,0.0,0.0,0.0
brightness,2,factor,0.65,multiplicative Pillow brightness factor,university1652_satellite_to_drone,r_at_10,0.6776034236804565,0.6761768901569187,0.0014265335235377208,0.14265335235377208,0.0021052631578946154,0.21052631578946154
brightness,2,factor,0.65,multiplicative Pillow brightness factor,university1652_satellite_to_drone,r_at_20,0.7517831669044223,0.7489300998573466,0.0028530670470756636,0.28530670470756636,0.0037950664136623155,0.3795066413662315
brightness,2,factor,0.65,multiplicative Pillow brightness factor,university1652_satellite_to_drone,official_trapezoid_mAP,0.2924031913280487,0.28641074895858765,0.00599244236946106,0.599244236946106,0.020493765277473003,2.0493765277473
brightness,2,factor,0.65,multiplicative Pillow brightness factor,university1652_satellite_to_drone,MRR,0.538109540939331,0.5190960764884949,0.01901346445083618,1.9013464450836182,0.035333817753251555,3.533381775325156
brightness,2,factor,0.65,multiplicative Pillow brightness factor,university1652_street_to_satellite,r_at_1,0.009305932531989143,0.009305932531989143,0.0,0.0,0.0,0.0
brightness,2,factor,0.65,multiplicative Pillow brightness factor,university1652_street_to_satellite,r_at_5,0.04420317952694843,0.04226444358278403,0.0019387359441644034,0.19387359441644034,0.04385964912280698,4.3859649122806985
brightness,2,factor,0.65,multiplicative Pillow brightness factor,university1652_street_to_satellite,r_at_10,0.06863125242341993,0.06940674680108569,-0.0007754943776657613,-0.07754943776657613,-0.011299435028248579,-1.129943502824858
brightness,2,factor,0.65,multiplicative Pillow brightness factor,university1652_street_to_satellite,r_at_20,0.12175261729352463,0.1264055835595192,-0.004652966265994568,-0.4652966265994568,-0.03821656050955411,-3.821656050955411
brightness,2,factor,0.65,multiplicative Pillow brightness factor,university1652_street_to_satellite,official_trapezoid_mAP,0.021849311888217926,0.022307096049189568,-0.00045778416097164154,-0.045778416097164154,-0.020951880009479756,-2.0951880009479757
brightness,2,factor,0.65,multiplicative Pillow brightness factor,university1652_street_to_satellite,MRR,0.03439268842339516,0.03530826047062874,-0.0009155720472335815,-0.09155720472335815,-0.026621124698433755,-2.662112469843376
brightness,3,factor,0.5,multiplicative Pillow brightness factor,university1652_drone_to_satellite,r_at_1,0.31905956940958924,0.3074362699775459,0.011623299432043321,1.1623299432043321,0.036429872495446255,3.642987249544626
brightness,3,factor,0.5,multiplicative Pillow brightness factor,university1652_drone_to_satellite,r_at_5,0.5841764628186501,0.5707304187029455,0.013446044115704603,1.3446044115704603,0.02301709324409866,2.301709324409866
brightness,3,factor,0.5,multiplicative Pillow brightness factor,university1652_drone_to_satellite,r_at_10,0.6886540747589486,0.6832386738872012,0.005415400871747411,0.5415400871747411,0.007863746211975843,0.7863746211975844
brightness,3,factor,0.5,multiplicative Pillow brightness factor,university1652_drone_to_satellite,r_at_20,0.7862897899881125,0.7850746268656716,0.0012151631224408543,0.12151631224408543,0.0015454392743154222,0.15454392743154222
brightness,3,factor,0.5,multiplicative Pillow brightness factor,university1652_drone_to_satellite,official_trapezoid_mAP,0.38141995668411255,0.3691585659980774,0.012261390686035156,1.2261390686035156,0.032146694139000946,3.214669413900095
brightness,3,factor,0.5,multiplicative Pillow brightness factor,university1652_drone_to_satellite,MRR,0.4437803328037262,0.43088090419769287,0.012899428606033325,1.2899428606033325,0.029067147984087084,2.9067147984087085
brightness,3,factor,0.5,multiplicative Pillow brightness factor,university1652_satellite_to_drone,r_at_1,0.4593437945791726,0.40228245363766046,0.05706134094151216,5.706134094151216,0.12422360248447213,12.422360248447212
brightness,3,factor,0.5,multiplicative Pillow brightness factor,university1652_satellite_to_drone,r_at_5,0.6191155492154066,0.5748930099857347,0.0442225392296719,4.42225392296719,0.07142857142857142,7.142857142857143
brightness,3,factor,0.5,multiplicative Pillow brightness factor,university1652_satellite_to_drone,r_at_10,0.6776034236804565,0.6547788873038516,0.022824536376604865,2.2824536376604865,0.03368421052631581,3.3684210526315814
brightness,3,factor,0.5,multiplicative Pillow brightness factor,university1652_satellite_to_drone,r_at_20,0.7517831669044223,0.7332382310984308,0.01854493580599148,1.854493580599148,0.024667931688804608,2.4667931688804607
brightness,3,factor,0.5,multiplicative Pillow brightness factor,university1652_satellite_to_drone,official_trapezoid_mAP,0.2924031913280487,0.2630560100078583,0.02934718132019043,2.934718132019043,0.10036546176838976,10.036546176838977
brightness,3,factor,0.5,multiplicative Pillow brightness factor,university1652_satellite_to_drone,MRR,0.538109540939331,0.48472005128860474,0.05338948965072632,5.338948965072632,0.09921676831362054,9.921676831362054
brightness,3,factor,0.5,multiplicative Pillow brightness factor,university1652_street_to_satellite,r_at_1,0.009305932531989143,0.009305932531989143,0.0,0.0,0.0,0.0
brightness,3,factor,0.5,multiplicative Pillow brightness factor,university1652_street_to_satellite,r_at_5,0.04420317952694843,0.04497867390461419,-0.0007754943776657613,-0.07754943776657613,-0.017543859649122792,-1.7543859649122793
brightness,3,factor,0.5,multiplicative Pillow brightness factor,university1652_street_to_satellite,r_at_10,0.06863125242341993,0.07405971306708026,-0.005428460643660329,-0.5428460643660329,-0.07909604519774005,-7.909604519774005
brightness,3,factor,0.5,multiplicative Pillow brightness factor,university1652_street_to_satellite,r_at_20,0.12175261729352463,0.11865063978286157,0.0031019775106630593,0.3101977510663059,0.02547770700636952,2.547770700636952
brightness,3,factor,0.5,multiplicative Pillow brightness factor,university1652_street_to_satellite,official_trapezoid_mAP,0.021849311888217926,0.02239910699427128,-0.0005497951060533524,-0.054979510605335236,-0.02516303986441903,-2.5163039864419035
brightness,3,factor,0.5,multiplicative Pillow brightness factor,university1652_street_to_satellite,MRR,0.03439268842339516,0.03549228236079216,-0.0010995939373970032,-0.10995939373970032,-0.031971735499718,-3.1971735499718
brightness,4,factor,0.35,multiplicative Pillow brightness factor,university1652_drone_to_satellite,r_at_1,0.31905956940958924,0.26408664641394797,0.05497292299564127,5.497292299564127,0.1722967378705084,17.22967378705084
brightness,4,factor,0.35,multiplicative Pillow brightness factor,university1652_drone_to_satellite,r_at_5,0.5841764628186501,0.5203539823008849,0.06382248051776518,6.382248051776518,0.10925205752012304,10.925205752012303
brightness,4,factor,0.35,multiplicative Pillow brightness factor,university1652_drone_to_satellite,r_at_10,0.6886540747589486,0.6399683000924581,0.04868577466649049,4.8685774666490484,0.0706969964325443,7.06969964325443
brightness,4,factor,0.35,multiplicative Pillow brightness factor,university1652_drone_to_satellite,r_at_20,0.7862897899881125,0.7518161405362568,0.034473649451855715,3.4473649451855715,0.043843440282210586,4.384344028221059
brightness,4,factor,0.35,multiplicative Pillow brightness factor,university1652_drone_to_satellite,official_trapezoid_mAP,0.38141995668411255,0.3251764476299286,0.05624350905418396,5.624350905418396,0.14745822306504053,14.745822306504051
brightness,4,factor,0.35,multiplicative Pillow brightness factor,university1652_drone_to_satellite,MRR,0.4437803328037262,0.3862662613391876,0.057514071464538574,5.751407146453857,0.12960031622216056,12.960031622216057
brightness,4,factor,0.35,multiplicative Pillow brightness factor,university1652_satellite_to_drone,r_at_1,0.4593437945791726,0.2995720399429387,0.15977175463623394,15.977175463623395,0.34782608695652173,34.78260869565217
brightness,4,factor,0.35,multiplicative Pillow brightness factor,university1652_satellite_to_drone,r_at_5,0.6191155492154066,0.47503566333808844,0.14407988587731813,14.407988587731813,0.2327188940092166,23.271889400921662
brightness,4,factor,0.35,multiplicative Pillow brightness factor,university1652_satellite_to_drone,r_at_10,0.6776034236804565,0.5420827389443652,0.13552068473609125,13.552068473609125,0.19999999999999993,19.999999999999996
brightness,4,factor,0.35,multiplicative Pillow brightness factor,university1652_satellite_to_drone,r_at_20,0.7517831669044223,0.6362339514978602,0.11554921540656204,11.554921540656204,0.15370018975332067,15.370018975332068
brightness,4,factor,0.35,multiplicative Pillow brightness factor,university1652_satellite_to_drone,official_trapezoid_mAP,0.2924031913280487,0.2014736831188202,0.09092950820922852,9.092950820922852,0.31097303622522443,31.097303622522443
brightness,4,factor,0.35,multiplicative Pillow brightness factor,university1652_satellite_to_drone,MRR,0.538109540939331,0.38683193922042847,0.1512776017189026,15.127760171890259,0.28112789350441625,28.112789350441627
brightness,4,factor,0.35,multiplicative Pillow brightness factor,university1652_street_to_satellite,r_at_1,0.009305932531989143,0.009693679720822024,-0.0003877471888328807,-0.03877471888328807,-0.04166666666666664,-4.166666666666663
brightness,4,factor,0.35,multiplicative Pillow brightness factor,university1652_street_to_satellite,r_at_5,0.04420317952694843,0.038386971694455214,0.005816207832493217,0.5816207832493216,0.1315789473684211,13.15789473684211
brightness,4,factor,0.35,multiplicative Pillow brightness factor,university1652_street_to_satellite,r_at_10,0.06863125242341993,0.0632027917797596,0.005428460643660329,0.5428460643660329,0.07909604519774005,7.909604519774005
brightness,4,factor,0.35,multiplicative Pillow brightness factor,university1652_street_to_satellite,r_at_20,0.12175261729352463,0.11205893757270259,0.009693679720822038,0.9693679720822037,0.07961783439490457,7.961783439490456
brightness,4,factor,0.35,multiplicative Pillow brightness factor,university1652_street_to_satellite,official_trapezoid_mAP,0.021849311888217926,0.021397072821855545,0.000452239066362381,0.0452239066362381,0.020698091943401085,2.0698091943401082
brightness,4,factor,0.35,multiplicative Pillow brightness factor,university1652_street_to_satellite,MRR,0.03439268842339516,0.033100467175245285,0.0012922212481498718,0.12922212481498718,0.03757255705753017,3.7572557057530167
brightness,5,factor,0.2,multiplicative Pillow brightness factor,university1652_drone_to_satellite,r_at_1,0.31905956940958924,0.12864879144102495,0.1904107779685643,19.041077796856428,0.5967875476072197,59.67875476072198
brightness,5,factor,0.2,multiplicative Pillow brightness factor,university1652_drone_to_satellite,r_at_5,0.5841764628186501,0.3132215031039493,0.2709549597147008,27.09549597147008,0.46382382201320427,46.382382201320425
brightness,5,factor,0.2,multiplicative Pillow brightness factor,university1652_drone_to_satellite,r_at_10,0.6886540747589486,0.4232201822744684,0.2654338924844802,26.54338924844802,0.3854386435996777,38.54386435996777
brightness,5,factor,0.2,multiplicative Pillow brightness factor,university1652_drone_to_satellite,r_at_20,0.7862897899881125,0.5461365737683265,0.24015321621978603,24.015321621978604,0.30542583571308585,30.542583571308587
brightness,5,factor,0.2,multiplicative Pillow brightness factor,university1652_drone_to_satellite,official_trapezoid_mAP,0.38141995668411255,0.17665942013263702,0.20476053655147552,20.476053655147552,0.536837501455268,53.6837501455268
brightness,5,factor,0.2,multiplicative Pillow brightness factor,university1652_drone_to_satellite,MRR,0.4437803328037262,0.22467005252838135,0.21911028027534485,21.911028027534485,0.493735896070573,49.3735896070573
brightness,5,factor,0.2,multiplicative Pillow brightness factor,university1652_satellite_to_drone,r_at_1,0.4593437945791726,0.12268188302425106,0.33666191155492153,33.66619115549215,0.732919254658385,73.2919254658385
brightness,5,factor,0.2,multiplicative Pillow brightness factor,university1652_satellite_to_drone,r_at_5,0.6191155492154066,0.2211126961483595,0.3980028530670471,39.80028530670471,0.6428571428571429,64.28571428571429
brightness,5,factor,0.2,multiplicative Pillow brightness factor,university1652_satellite_to_drone,r_at_10,0.6776034236804565,0.28530670470756064,0.3922967189728958,39.22967189728958,0.5789473684210525,57.89473684210525
brightness,5,factor,0.2,multiplicative Pillow brightness factor,university1652_satellite_to_drone,r_at_20,0.7517831669044223,0.3723252496433666,0.37945791726105566,37.94579172610557,0.5047438330170778,50.47438330170779
brightness,5,factor,0.2,multiplicative Pillow brightness factor,university1652_satellite_to_drone,official_trapezoid_mAP,0.2924031913280487,0.0821978822350502,0.2102053090929985,21.02053090929985,0.7188885597940279,71.88885597940278
brightness,5,factor,0.2,multiplicative Pillow brightness factor,university1652_satellite_to_drone,MRR,0.538109540939331,0.17697739601135254,0.3611321449279785,36.11321449279785,0.6711126963063719,67.1112696306372
brightness,5,factor,0.2,multiplicative Pillow brightness factor,university1652_street_to_satellite,r_at_1,0.009305932531989143,0.006979449398991857,0.0023264831329972858,0.23264831329972857,0.25,25.0
brightness,5,factor,0.2,multiplicative Pillow brightness factor,university1652_street_to_satellite,r_at_5,0.04420317952694843,0.02481582008530438,0.01938735944164405,1.9387359441644052,0.4385964912280702,43.85964912280703
brightness,5,factor,0.2,multiplicative Pillow brightness factor,university1652_street_to_satellite,r_at_10,0.06863125242341993,0.04226444358278403,0.0263668088406359,2.63668088406359,0.38418079096045193,38.41807909604519
brightness,5,factor,0.2,multiplicative Pillow brightness factor,university1652_street_to_satellite,r_at_20,0.12175261729352463,0.07599844901124467,0.04575416828227996,4.575416828227996,0.37579617834394907,37.57961783439491
brightness,5,factor,0.2,multiplicative Pillow brightness factor,university1652_street_to_satellite,official_trapezoid_mAP,0.021849311888217926,0.015749774873256683,0.006099537014961243,0.6099537014961243,0.27916380370085575,27.916380370085573
brightness,5,factor,0.2,multiplicative Pillow brightness factor,university1652_street_to_satellite,MRR,0.03439268842339516,0.02452010102570057,0.009872587397694588,0.9872587397694588,0.28705483200838977,28.705483200838977
contrast,1,factor,0.8,multiplicative Pillow contrast factor,university1652_drone_to_satellite,r_at_1,0.31905956940958924,0.3102628450667019,0.008796724342887363,0.8796724342887363,0.027570789865871925,2.7570789865871927
contrast,1,factor,0.8,multiplicative Pillow contrast factor,university1652_drone_to_satellite,r_at_5,0.5841764628186501,0.5765684850085854,0.0076079778100647255,0.7607977810064726,0.013023424075246459,1.302342407524646
contrast,1,factor,0.8,multiplicative Pillow contrast factor,university1652_drone_to_satellite,r_at_10,0.6886540747589486,0.6812574296658301,0.007396645093118437,0.7396645093118437,0.010740726533430452,1.0740726533430451
contrast,1,factor,0.8,multiplicative Pillow contrast factor,university1652_drone_to_satellite,r_at_20,0.7862897899881125,0.7816404702152953,0.00464931977281724,0.464931977281724,0.005912985049554733,0.5912985049554733
contrast,1,factor,0.8,multiplicative Pillow contrast factor,university1652_drone_to_satellite,official_trapezoid_mAP,0.38141995668411255,0.3729029595851898,0.00851699709892273,0.851699709892273,0.02232971020437823,2.2329710204378226
contrast,1,factor,0.8,multiplicative Pillow contrast factor,university1652_drone_to_satellite,MRR,0.4437803328037262,0.4355430603027344,0.008237272500991821,0.8237272500991821,0.01856159881838427,1.8561598818384268
contrast,1,factor,0.8,multiplicative Pillow contrast factor,university1652_satellite_to_drone,r_at_1,0.4593437945791726,0.4507845934379458,0.008559201141226824,0.8559201141226824,0.01863354037267082,1.8633540372670818
contrast,1,factor,0.8,multiplicative Pillow contrast factor,university1652_satellite_to_drone,r_at_5,0.6191155492154066,0.6134094151212554,0.005706134094151216,0.5706134094151216,0.009216589861751157,0.9216589861751158
contrast,1,factor,0.8,multiplicative Pillow contrast factor,university1652_satellite_to_drone,r_at_10,0.6776034236804565,0.6833095577746077,-0.005706134094151216,-0.5706134094151216,-0.008421052631578952,-0.8421052631578954
contrast,1,factor,0.8,multiplicative Pillow contrast factor,university1652_satellite_to_drone,r_at_20,0.7517831669044223,0.7446504992867332,0.007132667617689048,0.7132667617689048,0.00948766603415564,0.9487666034155641
contrast,1,factor,0.8,multiplicative Pillow contrast factor,university1652_satellite_to_drone,official_trapezoid_mAP,0.2924031913280487,0.2896919250488281,0.002711266279220581,0.2711266279220581,0.009272355294435883,0.9272355294435883
contrast,1,factor,0.8,multiplicative Pillow contrast factor,university1652_satellite_to_drone,MRR,0.538109540939331,0.5272485613822937,0.010860979557037354,1.0860979557037354,0.02018358481077716,2.018358481077716
contrast,1,factor,0.8,multiplicative Pillow contrast factor,university1652_street_to_satellite,r_at_1,0.009305932531989143,0.008918185343156262,0.0003877471888328807,0.03877471888328807,0.04166666666666664,4.166666666666663
contrast,1,factor,0.8,multiplicative Pillow contrast factor,university1652_street_to_satellite,r_at_5,0.04420317952694843,0.04110120201628538,0.0031019775106630523,0.3101977510663052,0.07017543859649134,7.017543859649132
contrast,1,factor,0.8,multiplicative Pillow contrast factor,university1652_street_to_satellite,r_at_10,0.06863125242341993,0.06863125242341993,0.0,0.0,0.0,0.0
contrast,1,factor,0.8,multiplicative Pillow contrast factor,university1652_street_to_satellite,r_at_20,0.12175261729352463,0.11981388134936022,0.0019387359441644103,0.19387359441644103,0.015923566878980937,1.5923566878980937
contrast,1,factor,0.8,multiplicative Pillow contrast factor,university1652_street_to_satellite,official_trapezoid_mAP,0.021849311888217926,0.021454190835356712,0.0003951210528612137,0.03951210528612137,0.018083912888546376,1.8083912888546374
contrast,1,factor,0.8,multiplicative Pillow contrast factor,university1652_street_to_satellite,MRR,0.03439268842339516,0.033990196883678436,0.0004024915397167206,0.04024915397167206,0.011702822843093917,1.1702822843093919
contrast,2,factor,0.65,multiplicative Pillow contrast factor,university1652_drone_to_satellite,r_at_1,0.31905956940958924,0.30109628846915865,0.017963280940430593,1.7963280940430593,0.05630071203841696,5.6300712038416965
contrast,2,factor,0.65,multiplicative Pillow contrast factor,university1652_drone_to_satellite,r_at_5,0.5841764628186501,0.5655527671377625,0.01862369568088762,1.862369568088762,0.03188025685086374,3.1880256850863744
contrast,2,factor,0.65,multiplicative Pillow contrast factor,university1652_drone_to_satellite,r_at_10,0.6886540747589486,0.6727777043983622,0.015876370360586423,1.5876370360586423,0.02305420230925617,2.305420230925617
contrast,2,factor,0.65,multiplicative Pillow contrast factor,university1652_drone_to_satellite,r_at_20,0.7862897899881125,0.7740324924052305,0.012257297582881965,1.2257297582881965,0.015588778767008125,1.5588778767008125
contrast,2,factor,0.65,multiplicative Pillow contrast factor,university1652_drone_to_satellite,official_trapezoid_mAP,0.38141995668411255,0.3633260428905487,0.018093913793563843,1.8093913793563843,0.047438298590519234,4.743829859051923
contrast,2,factor,0.65,multiplicative Pillow contrast factor,university1652_drone_to_satellite,MRR,0.4437803328037262,0.4255557954311371,0.01822453737258911,1.8224537372589111,0.041066572863762765,4.106657286376277
contrast,2,factor,0.65,multiplicative Pillow contrast factor,university1652_satellite_to_drone,r_at_1,0.4593437945791726,0.43651925820256776,0.022824536376604865,2.2824536376604865,0.04968944099378885,4.968944099378885
contrast,2,factor,0.65,multiplicative Pillow contrast factor,university1652_satellite_to_drone,r_at_5,0.6191155492154066,0.5962910128388017,0.022824536376604865,2.2824536376604865,0.03686635944700463,3.686635944700463
contrast,2,factor,0.65,multiplicative Pillow contrast factor,university1652_satellite_to_drone,r_at_10,0.6776034236804565,0.666191155492154,0.011412268188302432,1.1412268188302432,0.016842105263157905,1.6842105263157907
contrast,2,factor,0.65,multiplicative Pillow contrast factor,university1652_satellite_to_drone,r_at_20,0.7517831669044223,0.738944365192582,0.012838801711840264,1.2838801711840264,0.017077798861480125,1.7077798861480125
contrast,2,factor,0.65,multiplicative Pillow contrast factor,university1652_satellite_to_drone,official_trapezoid_mAP,0.2924031913280487,0.2759328782558441,0.01647031307220459,1.647031307220459,0.05632740531113581,5.632740531113581
contrast,2,factor,0.65,multiplicative Pillow contrast factor,university1652_satellite_to_drone,MRR,0.538109540939331,0.5135279297828674,0.024581611156463623,2.4581611156463623,0.045681425966827574,4.568142596682757
contrast,2,factor,0.65,multiplicative Pillow contrast factor,university1652_street_to_satellite,r_at_1,0.009305932531989143,0.009305932531989143,0.0,0.0,0.0,0.0
contrast,2,factor,0.65,multiplicative Pillow contrast factor,university1652_street_to_satellite,r_at_5,0.04420317952694843,0.03528499418379217,0.008918185343156262,0.8918185343156262,0.20175438596491227,20.175438596491226
contrast,2,factor,0.65,multiplicative Pillow contrast factor,university1652_street_to_satellite,r_at_10,0.06863125242341993,0.0670802636680884,0.0015509887553315227,0.15509887553315227,0.022598870056497158,2.259887005649716
contrast,2,factor,0.65,multiplicative Pillow contrast factor,university1652_street_to_satellite,r_at_20,0.12175261729352463,0.11244668476153548,0.00930593253198915,0.930593253198915,0.07643312101910833,7.6433121019108325
contrast,2,factor,0.65,multiplicative Pillow contrast factor,university1652_street_to_satellite,official_trapezoid_mAP,0.021849311888217926,0.021477961912751198,0.0003713499754667282,0.03713499754667282,0.01699595746385843,1.699595746385843
contrast,2,factor,0.65,multiplicative Pillow contrast factor,university1652_street_to_satellite,MRR,0.03439268842339516,0.0336499884724617,0.0007426999509334564,0.07426999509334564,0.02159470471718765,2.1594704717187647
contrast,3,factor,0.5,multiplicative Pillow contrast factor,university1652_drone_to_satellite,r_at_1,0.31905956940958924,0.27763835688812577,0.04142121252146347,4.142121252146347,0.12982281834740847,12.982281834740848
contrast,3,factor,0.5,multiplicative Pillow contrast factor,university1652_drone_to_satellite,r_at_5,0.5841764628186501,0.5353850217936864,0.04879144102496369,4.879144102496369,0.08352175092701458,8.352175092701458
contrast,3,factor,0.5,multiplicative Pillow contrast factor,university1652_drone_to_satellite,r_at_10,0.6886540747589486,0.6469686963413024,0.04168537841764619,4.1685378417646195,0.06053166596340468,6.053166596340469
contrast,3,factor,0.5,multiplicative Pillow contrast factor,university1652_drone_to_satellite,r_at_20,0.7862897899881125,0.7516312244089288,0.034658565579183676,3.4658565579183676,0.04407861582395425,4.407861582395425
contrast,3,factor,0.5,multiplicative Pillow contrast factor,university1652_drone_to_satellite,official_trapezoid_mAP,0.38141995668411255,0.33889368176460266,0.04252627491950989,4.252627491950989,0.11149462468931494,11.149462468931494
contrast,3,factor,0.5,multiplicative Pillow contrast factor,university1652_drone_to_satellite,MRR,0.4437803328037262,0.40014901757240295,0.04363131523132324,4.363131523132324,0.09831737011793257,9.831737011793257
contrast,3,factor,0.5,multiplicative Pillow contrast factor,university1652_satellite_to_drone,r_at_1,0.4593437945791726,0.38516405135520687,0.07417974322396576,7.417974322396575,0.16149068322981364,16.149068322981364
contrast,3,factor,0.5,multiplicative Pillow contrast factor,university1652_satellite_to_drone,r_at_5,0.6191155492154066,0.5420827389443652,0.07703281027104136,7.703281027104136,0.12442396313364054,12.442396313364053
contrast,3,factor,0.5,multiplicative Pillow contrast factor,university1652_satellite_to_drone,r_at_10,0.6776034236804565,0.6134094151212554,0.0641940085592011,6.4194008559201094,0.0947368421052631,9.47368421052631
contrast,3,factor,0.5,multiplicative Pillow contrast factor,university1652_satellite_to_drone,r_at_20,0.7517831669044223,0.6875891583452212,0.0641940085592011,6.4194008559201094,0.08538899430740032,8.538899430740031
contrast,3,factor,0.5,multiplicative Pillow contrast factor,university1652_satellite_to_drone,official_trapezoid_mAP,0.2924031913280487,0.24243085086345673,0.04997234046459198,4.997234046459198,0.17090217188678952,17.090217188678952
contrast,3,factor,0.5,multiplicative Pillow contrast factor,university1652_satellite_to_drone,MRR,0.538109540939331,0.4614518880844116,0.07665765285491943,7.665765285491943,0.14245733818639386,14.245733818639385
contrast,3,factor,0.5,multiplicative Pillow contrast factor,university1652_street_to_satellite,r_at_1,0.009305932531989143,0.0058162078324932144,0.0034897246994959287,0.34897246994959286,0.375,37.5
contrast,3,factor,0.5,multiplicative Pillow contrast factor,university1652_street_to_satellite,r_at_5,0.04420317952694843,0.03644823575029081,0.00775494377665762,0.775494377665762,0.1754385964912281,17.54385964912281
contrast,3,factor,0.5,multiplicative Pillow contrast factor,university1652_street_to_satellite,r_at_10,0.06863125242341993,0.06242729740209384,0.006203955021326091,0.6203955021326091,0.09039548022598863,9.039548022598863
contrast,3,factor,0.5,multiplicative Pillow contrast factor,university1652_street_to_satellite,r_at_20,0.12175261729352463,0.10081426909654904,0.020938348196975584,2.0938348196975585,0.17197452229299373,17.197452229299373
contrast,3,factor,0.5,multiplicative Pillow contrast factor,university1652_street_to_satellite,official_trapezoid_mAP,0.021849311888217926,0.018191346898674965,0.003657964989542961,0.3657964989542961,0.16741785774569362,16.74178577456936
contrast,3,factor,0.5,multiplicative Pillow contrast factor,university1652_street_to_satellite,MRR,0.03439268842339516,0.030566483736038208,0.003826204687356949,0.3826204687356949,0.11125052628204038,11.125052628204038
contrast,4,factor,0.35,multiplicative Pillow contrast factor,university1652_drone_to_satellite,r_at_1,0.31905956940958924,0.21732928278959188,0.10173028661999736,10.173028661999735,0.3188441794999172,31.884417949991718
contrast,4,factor,0.35,multiplicative Pillow contrast factor,university1652_drone_to_satellite,r_at_5,0.5841764628186501,0.4476819442609959,0.1364945185576542,13.64945185576542,0.2336528895722167,23.36528895722167
contrast,4,factor,0.35,multiplicative Pillow contrast factor,university1652_drone_to_satellite,r_at_10,0.6886540747589486,0.558631620657773,0.13002245410117552,13.002245410117553,0.18880662856266062,18.880662856266063
contrast,4,factor,0.35,multiplicative Pillow contrast factor,university1652_drone_to_satellite,r_at_20,0.7862897899881125,0.6712983753797385,0.11499141460837403,11.499141460837404,0.14624559045859228,14.624559045859229
contrast,4,factor,0.35,multiplicative Pillow contrast factor,university1652_drone_to_satellite,official_trapezoid_mAP,0.38141995668411255,0.27378129959106445,0.1076386570930481,10.76386570930481,0.2822051001966663,28.22051001966663
contrast,4,factor,0.35,multiplicative Pillow contrast factor,university1652_drone_to_satellite,MRR,0.4437803328037262,0.3302333354949951,0.11354699730873108,11.354699730873108,0.2558630676383541,25.58630676383541
contrast,4,factor,0.35,multiplicative Pillow contrast factor,university1652_satellite_to_drone,r_at_1,0.4593437945791726,0.24964336661911554,0.20970042796005708,20.970042796005707,0.4565217391304348,45.65217391304348
contrast,4,factor,0.35,multiplicative Pillow contrast factor,university1652_satellite_to_drone,r_at_5,0.6191155492154066,0.39229671897289586,0.2268188302425107,22.68188302425107,0.3663594470046083,36.63594470046083
contrast,4,factor,0.35,multiplicative Pillow contrast factor,university1652_satellite_to_drone,r_at_10,0.6776034236804565,0.47788873038516405,0.1997146932952924,19.97146932952924,0.29473684210526313,29.473684210526308
contrast,4,factor,0.35,multiplicative Pillow contrast factor,university1652_satellite_to_drone,r_at_20,0.7517831669044223,0.5477888730385164,0.20399429386590584,20.399429386590583,0.27134724857685005,27.134724857685008
contrast,4,factor,0.35,multiplicative Pillow contrast factor,university1652_satellite_to_drone,official_trapezoid_mAP,0.2924031913280487,0.16596275568008423,0.12644043564796448,12.644043564796448,0.4324181110120316,43.24181110120316
contrast,4,factor,0.35,multiplicative Pillow contrast factor,university1652_satellite_to_drone,MRR,0.538109540939331,0.3280159533023834,0.21009358763694763,21.009358763694763,0.3904290328512026,39.04290328512026
contrast,4,factor,0.35,multiplicative Pillow contrast factor,university1652_street_to_satellite,r_at_1,0.009305932531989143,0.008530438154323382,0.0007754943776657613,0.07754943776657613,0.08333333333333327,8.333333333333327
contrast,4,factor,0.35,multiplicative Pillow contrast factor,university1652_street_to_satellite,r_at_5,0.04420317952694843,0.02830554478480031,0.01589763474214812,1.5897634742148121,0.35964912280701755,35.96491228070175
contrast,4,factor,0.35,multiplicative Pillow contrast factor,university1652_street_to_satellite,r_at_10,0.06863125242341993,0.04846839860411012,0.02016285381930981,2.016285381930981,0.2937853107344633,29.37853107344633
contrast,4,factor,0.35,multiplicative Pillow contrast factor,university1652_street_to_satellite,r_at_20,0.12175261729352463,0.08297789841023652,0.03877471888328811,3.877471888328811,0.31847133757961793,31.847133757961792
contrast,4,factor,0.35,multiplicative Pillow contrast factor,university1652_street_to_satellite,official_trapezoid_mAP,0.021849311888217926,0.018266022205352783,0.003583289682865143,0.3583289682865143,0.16400011593945915,16.400011593945916
contrast,4,factor,0.35,multiplicative Pillow contrast factor,university1652_street_to_satellite,MRR,0.03439268842339516,0.028001606464385986,0.0063910819590091705,0.639108195900917,0.18582676295412034,18.582676295412035
contrast,5,factor,0.2,multiplicative Pillow contrast factor,university1652_drone_to_satellite,r_at_1,0.31905956940958924,0.06878879936600185,0.2502707700435874,25.027077004358738,0.784401390958768,78.4401390958768
contrast,5,factor,0.2,multiplicative Pillow contrast factor,university1652_drone_to_satellite,r_at_5,0.5841764628186501,0.18763703605864482,0.3965394267600053,39.65394267600053,0.6788007596997377,67.88007596997379
contrast,5,factor,0.2,multiplicative Pillow contrast factor,university1652_drone_to_satellite,r_at_10,0.6886540747589486,0.26572447497028134,0.42292959978866723,42.292959978866726,0.6141393992865088,61.41393992865089
contrast,5,factor,0.2,multiplicative Pillow contrast factor,university1652_drone_to_satellite,r_at_20,0.7862897899881125,0.3595826178840312,0.4267071721040813,42.670717210408135,0.542684360826474,54.268436082647405
contrast,5,factor,0.2,multiplicative Pillow contrast factor,university1652_drone_to_satellite,official_trapezoid_mAP,0.38141995668411255,0.10205939412117004,0.2793605625629425,27.93605625629425,0.7324225113745308,73.2422511374531
contrast,5,factor,0.2,multiplicative Pillow contrast factor,university1652_drone_to_satellite,MRR,0.4437803328037262,0.1353299915790558,0.3084503412246704,30.84503412246704,0.6950518498103224,69.50518498103224
contrast,5,factor,0.2,multiplicative Pillow contrast factor,university1652_satellite_to_drone,r_at_1,0.4593437945791726,0.06419400855920114,0.39514978601997147,39.51497860199715,0.860248447204969,86.0248447204969
contrast,5,factor,0.2,multiplicative Pillow contrast factor,university1652_satellite_to_drone,r_at_5,0.6191155492154066,0.11982881597717546,0.49928673323823114,49.92867332382311,0.8064516129032259,80.64516129032258
contrast,5,factor,0.2,multiplicative Pillow contrast factor,university1652_satellite_to_drone,r_at_10,0.6776034236804565,0.15834522111269614,0.5192582025677603,51.925820256776035,0.7663157894736843,76.63157894736842
contrast,5,factor,0.2,multiplicative Pillow contrast factor,university1652_satellite_to_drone,r_at_20,0.7517831669044223,0.21825962910128388,0.5335235378031384,53.35235378031384,0.7096774193548387,70.96774193548387
contrast,5,factor,0.2,multiplicative Pillow contrast factor,university1652_satellite_to_drone,official_trapezoid_mAP,0.2924031913280487,0.05304073542356491,0.2393624559044838,23.93624559044838,0.8186041158351852,81.86041158351851
contrast,5,factor,0.2,multiplicative Pillow contrast factor,university1652_satellite_to_drone,MRR,0.538109540939331,0.10027313977479935,0.4378364011645317,43.78364011645317,0.8136566402451046,81.36566402451047
contrast,5,factor,0.2,multiplicative Pillow contrast factor,university1652_street_to_satellite,r_at_1,0.009305932531989143,0.006203955021326095,0.003101977510663048,0.3101977510663048,0.33333333333333337,33.333333333333336
contrast,5,factor,0.2,multiplicative Pillow contrast factor,university1652_street_to_satellite,r_at_5,0.04420317952694843,0.019775106630476928,0.024428072896471503,2.4428072896471504,0.5526315789473685,55.26315789473685
contrast,5,factor,0.2,multiplicative Pillow contrast factor,university1652_street_to_satellite,r_at_10,0.06863125242341993,0.02908103916246607,0.039550213260953856,3.9550213260953857,0.576271186440678,57.6271186440678
contrast,5,factor,0.2,multiplicative Pillow contrast factor,university1652_street_to_satellite,r_at_20,0.12175261729352463,0.05040713454827452,0.0713454827452501,7.1345482745250095,0.5859872611464968,58.59872611464968
contrast,5,factor,0.2,multiplicative Pillow contrast factor,university1652_street_to_satellite,official_trapezoid_mAP,0.021849311888217926,0.012553839012980461,0.009295472875237465,0.9295472875237465,0.4254354975934037,42.54354975934037
contrast,5,factor,0.2,multiplicative Pillow contrast factor,university1652_street_to_satellite,MRR,0.03439268842339516,0.01890372298657894,0.015488965436816216,1.5488965436816216,0.45035634452699713,45.03563445269972
center_occlusion,1,area_fraction,0.05,fraction of decoded source-image area,university1652_drone_to_satellite,r_at_1,0.31905956940958924,0.1516576409985471,0.16740192841104215,16.740192841104214,0.5246729590991887,52.46729590991886
center_occlusion,1,area_fraction,0.05,fraction of decoded source-image area,university1652_drone_to_satellite,r_at_5,0.5841764628186501,0.3436005811649716,0.2405758816536785,24.05758816536785,0.4118205661571855,41.18205661571855
center_occlusion,1,area_fraction,0.05,fraction of decoded source-image area,university1652_drone_to_satellite,r_at_10,0.6886540747589486,0.4500594373266411,0.23859463743230747,23.859463743230748,0.34646515017837276,34.64651501783728
center_occlusion,1,area_fraction,0.05,fraction of decoded source-image area,university1652_drone_to_satellite,r_at_20,0.7862897899881125,0.565790516444327,0.2204992735437855,22.04992735437855,0.2804300352763313,28.04300352763313
center_occlusion,1,area_fraction,0.05,fraction of decoded source-image area,university1652_drone_to_satellite,official_trapezoid_mAP,0.38141995668411255,0.20098471641540527,0.18043524026870728,18.043524026870728,0.4730618760416398,47.30618760416398
center_occlusion,1,area_fraction,0.05,fraction of decoded source-image area,university1652_drone_to_satellite,MRR,0.4437803328037262,0.25031179189682007,0.19346854090690613,19.346854090690613,0.4359556442814982,43.595564428149814
center_occlusion,1,area_fraction,0.05,fraction of decoded source-image area,university1652_satellite_to_drone,r_at_1,0.4593437945791726,0.26961483594864477,0.18972895863052786,18.972895863052784,0.4130434782608696,41.30434782608696
center_occlusion,1,area_fraction,0.05,fraction of decoded source-image area,university1652_satellite_to_drone,r_at_5,0.6191155492154066,0.4079885877318117,0.2111269614835949,21.11269614835949,0.34101382488479265,34.10138248847927
center_occlusion,1,area_fraction,0.05,fraction of decoded source-image area,university1652_satellite_to_drone,r_at_10,0.6776034236804565,0.48074179743223966,0.1968616262482168,19.68616262482168,0.29052631578947363,29.052631578947366
center_occlusion,1,area_fraction,0.05,fraction of decoded source-image area,university1652_satellite_to_drone,r_at_20,0.7517831669044223,0.5520684736091298,0.19971469329529246,19.971469329529246,0.26565464895635676,26.565464895635674
center_occlusion,1,area_fraction,0.05,fraction of decoded source-image area,university1652_satellite_to_drone,official_trapezoid_mAP,0.2924031913280487,0.1746351569890976,0.11776803433895111,11.776803433895111,0.4027590595166471,40.275905951664704
center_occlusion,1,area_fraction,0.05,fraction of decoded source-image area,university1652_satellite_to_drone,MRR,0.538109540939331,0.3418995141983032,0.19621002674102783,19.621002674102783,0.36462841078513686,36.46284107851369
center_occlusion,1,area_fraction,0.05,fraction of decoded source-image area,university1652_street_to_satellite,r_at_1,0.009305932531989143,0.006979449398991857,0.0023264831329972858,0.23264831329972857,0.25,25.0
center_occlusion,1,area_fraction,0.05,fraction of decoded source-image area,university1652_street_to_satellite,r_at_5,0.04420317952694843,0.031795269484296236,0.012407910042652195,1.2407910042652195,0.280701754385965,28.0701754385965
center_occlusion,1,area_fraction,0.05,fraction of decoded source-image area,university1652_street_to_satellite,r_at_10,0.06863125242341993,0.05816207832493214,0.010469174098487785,1.0469174098487786,0.15254237288135591,15.254237288135593
center_occlusion,1,area_fraction,0.05,fraction of decoded source-image area,university1652_street_to_satellite,r_at_20,0.12175261729352463,0.09654905001938736,0.025203567274137265,2.5203567274137266,0.2070063694267516,20.70063694267516
center_occlusion,1,area_fraction,0.05,fraction of decoded source-image area,university1652_street_to_satellite,official_trapezoid_mAP,0.021849311888217926,0.018158994615077972,0.0036903172731399536,0.36903172731399536,0.1688985580882265,16.889855808822652
center_occlusion,1,area_fraction,0.05,fraction of decoded source-image area,university1652_street_to_satellite,MRR,0.03439268842339516,0.029338538646697998,0.005054149776697159,0.5054149776697159,0.14695419312609312,14.695419312609312
center_occlusion,2,area_fraction,0.1,fraction of decoded source-image area,university1652_drone_to_satellite,r_at_1,0.31905956940958924,0.09211464799894334,0.2269449214106459,22.69449214106459,0.7112932604735883,71.12932604735883
center_occlusion,2,area_fraction,0.1,fraction of decoded source-image area,university1652_drone_to_satellite,r_at_5,0.5841764628186501,0.23008849557522124,0.35408796724342884,35.408796724342885,0.6061318621687618,60.61318621687619
center_occlusion,2,area_fraction,0.1,fraction of decoded source-image area,university1652_drone_to_satellite,r_at_10,0.6886540747589486,0.3184255712587505,0.3702285035001981,37.02285035001981,0.5376117227358165,53.76117227358165
center_occlusion,2,area_fraction,0.1,fraction of decoded source-image area,university1652_drone_to_satellite,r_at_20,0.7862897899881125,0.42488442742042004,0.36140536256769246,36.140536256769245,0.4596337980849991,45.96337980849991
center_occlusion,2,area_fraction,0.1,fraction of decoded source-image area,university1652_drone_to_satellite,official_trapezoid_mAP,0.38141995668411255,0.13001161813735962,0.25140833854675293,25.140833854675293,0.6591378718942237,65.91378718942237
center_occlusion,2,area_fraction,0.1,fraction of decoded source-image area,university1652_drone_to_satellite,MRR,0.4437803328037262,0.16790859401226044,0.27587173879146576,27.587173879146576,0.6216402990383927,62.164029903839264
center_occlusion,2,area_fraction,0.1,fraction of decoded source-image area,university1652_satellite_to_drone,r_at_1,0.4593437945791726,0.16405135520684735,0.2952924393723253,29.52924393723253,0.6428571428571429,64.28571428571429
center_occlusion,2,area_fraction,0.1,fraction of decoded source-image area,university1652_satellite_to_drone,r_at_5,0.6191155492154066,0.2724679029957204,0.3466476462196862,34.66476462196862,0.5599078341013826,55.990783410138256
center_occlusion,2,area_fraction,0.1,fraction of decoded source-image area,university1652_satellite_to_drone,r_at_10,0.6776034236804565,0.3252496433666191,0.35235378031383735,35.23537803138373,0.52,51.99999999999999
center_occlusion,2,area_fraction,0.1,fraction of decoded source-image area,university1652_satellite_to_drone,r_at_20,0.7517831669044223,0.38088445078459343,0.37089871611982883,37.089871611982886,0.49335863377609107,49.335863377609115
center_occlusion,2,area_fraction,0.1,fraction of decoded source-image area,university1652_satellite_to_drone,official_trapezoid_mAP,0.2924031913280487,0.11145348101854324,0.18094971030950546,18.094971030950546,0.6188363043770512,61.883630437705115
center_occlusion,2,area_fraction,0.1,fraction of decoded source-image area,university1652_satellite_to_drone,MRR,0.538109540939331,0.21914398670196533,0.3189655542373657,31.896555423736572,0.5927520885070636,59.275208850706356
center_occlusion,2,area_fraction,0.1,fraction of decoded source-image area,university1652_street_to_satellite,r_at_1,0.009305932531989143,0.005428460643660334,0.0038774718883288093,0.38774718883288095,0.41666666666666663,41.666666666666664
center_occlusion,2,area_fraction,0.1,fraction of decoded source-image area,university1652_street_to_satellite,r_at_5,0.04420317952694843,0.031407522295463355,0.012795657231485076,1.2795657231485076,0.2894736842105264,28.94736842105264
center_occlusion,2,area_fraction,0.1,fraction of decoded source-image area,university1652_street_to_satellite,r_at_10,0.06863125242341993,0.05195812330360605,0.016673129119813876,1.6673129119813876,0.24293785310734456,24.293785310734457
center_occlusion,2,area_fraction,0.1,fraction of decoded source-image area,university1652_street_to_satellite,r_at_20,0.12175261729352463,0.08685537029856534,0.03489724699495929,3.489724699495929,0.28662420382165604,28.662420382165607
center_occlusion,2,area_fraction,0.1,fraction of decoded source-image area,university1652_street_to_satellite,official_trapezoid_mAP,0.021849311888217926,0.016209295019507408,0.005640016868710518,0.5640016868710518,0.2581324710620225,25.81324710620225
center_occlusion,2,area_fraction,0.1,fraction of decoded source-image area,university1652_street_to_satellite,MRR,0.03439268842339516,0.026990128681063652,0.007402559742331505,0.7402559742331505,0.21523643779170268,21.523643779170268
center_occlusion,3,area_fraction,0.2,fraction of decoded source-image area,university1652_drone_to_satellite,r_at_1,0.31905956940958924,0.04107779685642583,0.2779817725531634,27.798177255316343,0.8712535187945024,87.12535187945025
center_occlusion,3,area_fraction,0.2,fraction of decoded source-image area,university1652_drone_to_satellite,r_at_5,0.5841764628186501,0.1146744155329547,0.4695020472856954,46.95020472856954,0.8036990141991498,80.36990141991498
center_occlusion,3,area_fraction,0.2,fraction of decoded source-image area,university1652_drone_to_satellite,r_at_10,0.6886540747589486,0.16848500858539162,0.520169066173557,52.016906617355694,0.7553415934635007,75.53415934635007
center_occlusion,3,area_fraction,0.2,fraction of decoded source-image area,university1652_drone_to_satellite,r_at_20,0.7862897899881125,0.24435345396909258,0.5419363360190199,54.19363360190199,0.6892323198387368,68.92323198387368
center_occlusion,3,area_fraction,0.2,fraction of decoded source-image area,university1652_drone_to_satellite,official_trapezoid_mAP,0.38141995668411255,0.06406699866056442,0.3173529580235481,31.735295802354813,0.8320302922334398,83.20302922334399
center_occlusion,3,area_fraction,0.2,fraction of decoded source-image area,university1652_drone_to_satellite,MRR,0.4437803328037262,0.08705619722604752,0.3567241355776787,35.67241355776787,0.8038304296271046,80.38304296271046
center_occlusion,3,area_fraction,0.2,fraction of decoded source-image area,university1652_satellite_to_drone,r_at_1,0.4593437945791726,0.07275320970042796,0.38659058487874465,38.65905848787447,0.8416149068322981,84.16149068322981
center_occlusion,3,area_fraction,0.2,fraction of decoded source-image area,university1652_satellite_to_drone,r_at_5,0.6191155492154066,0.12981455064194009,0.4893009985734665,48.93009985734665,0.7903225806451613,79.03225806451613
center_occlusion,3,area_fraction,0.2,fraction of decoded source-image area,university1652_satellite_to_drone,r_at_10,0.6776034236804565,0.17403708987161198,0.5035663338088445,50.35663338088445,0.7431578947368421,74.31578947368422
center_occlusion,3,area_fraction,0.2,fraction of decoded source-image area,university1652_satellite_to_drone,r_at_20,0.7517831669044223,0.21112696148359486,0.5406562054208274,54.06562054208274,0.7191650853889943,71.91650853889944
center_occlusion,3,area_fraction,0.2,fraction of decoded source-image area,university1652_satellite_to_drone,official_trapezoid_mAP,0.2924031913280487,0.05671476572751999,0.23568842560052872,23.56884256005287,0.8060391698533433,80.60391698533434
center_occlusion,3,area_fraction,0.2,fraction of decoded source-image area,university1652_satellite_to_drone,MRR,0.538109540939331,0.10754599422216415,0.4305635467171669,43.05635467171669,0.8001410753014517,80.01410753014517
center_occlusion,3,area_fraction,0.2,fraction of decoded source-image area,university1652_street_to_satellite,r_at_1,0.009305932531989143,0.0058162078324932144,0.0034897246994959287,0.34897246994959286,0.375,37.5
center_occlusion,3,area_fraction,0.2,fraction of decoded source-image area,university1652_street_to_satellite,r_at_5,0.04420317952694843,0.02481582008530438,0.01938735944164405,1.9387359441644052,0.4385964912280702,43.85964912280703
center_occlusion,3,area_fraction,0.2,fraction of decoded source-image area,university1652_street_to_satellite,r_at_10,0.06863125242341993,0.04342768514928267,0.025203567274137258,2.5203567274137257,0.36723163841807904,36.7231638418079
center_occlusion,3,area_fraction,0.2,fraction of decoded source-image area,university1652_street_to_satellite,r_at_20,0.12175261729352463,0.07289647150058162,0.048856145792943007,4.885614579294301,0.4012738853503185,40.12738853503185
center_occlusion,3,area_fraction,0.2,fraction of decoded source-image area,university1652_street_to_satellite,official_trapezoid_mAP,0.021849311888217926,0.015027586370706558,0.006821725517511368,0.6821725517511368,0.3122169500079282,31.22169500079282
center_occlusion,3,area_fraction,0.2,fraction of decoded source-image area,university1652_street_to_satellite,MRR,0.03439268842339516,0.024238964542746544,0.010153723880648613,1.0153723880648613,0.2952291416027158,29.52291416027158
center_occlusion,4,area_fraction,0.3,fraction of decoded source-image area,university1652_drone_to_satellite,r_at_1,0.31905956940958924,0.021344604411570465,0.29771496499801875,29.771496499801874,0.9331015068719986,93.31015068719985
center_occlusion,4,area_fraction,0.3,fraction of decoded source-image area,university1652_drone_to_satellite,r_at_5,0.5841764628186501,0.06733588693699644,0.5168405758816537,51.684057588165366,0.8847336528895722,88.47336528895723
center_occlusion,4,area_fraction,0.3,fraction of decoded source-image area,university1652_drone_to_satellite,r_at_10,0.6886540747589486,0.10307753269052965,0.5855765420684189,58.55765420684189,0.8503203038091219,85.03203038091219
center_occlusion,4,area_fraction,0.3,fraction of decoded source-image area,university1652_drone_to_satellite,r_at_20,0.7862897899881125,0.1560427948751816,0.6302469951129309,63.02469951129309,0.8015454392743155,80.15454392743155
center_occlusion,4,area_fraction,0.3,fraction of decoded source-image area,university1652_drone_to_satellite,official_trapezoid_mAP,0.38141995668411255,0.03707020729780197,0.3443497493863106,34.43497493863106,0.9028099955228533,90.28099955228534
center_occlusion,4,area_fraction,0.3,fraction of decoded source-image area,university1652_drone_to_satellite,MRR,0.4437803328037262,0.052795812487602234,0.39098452031612396,39.098452031612396,0.8810316533090875,88.10316533090875
center_occlusion,4,area_fraction,0.3,fraction of decoded source-image area,university1652_satellite_to_drone,r_at_1,0.4593437945791726,0.042796005706134094,0.41654778887303856,41.654778887303856,0.906832298136646,90.6832298136646
center_occlusion,4,area_fraction,0.3,fraction of decoded source-image area,university1652_satellite_to_drone,r_at_5,0.6191155492154066,0.08273894436519258,0.536376604850214,53.6376604850214,0.8663594470046083,86.63594470046083
center_occlusion,4,area_fraction,0.3,fraction of decoded source-image area,university1652_satellite_to_drone,r_at_10,0.6776034236804565,0.10556348074179743,0.572039942938659,57.203994293865904,0.8442105263157894,84.42105263157895
center_occlusion,4,area_fraction,0.3,fraction of decoded source-image area,university1652_satellite_to_drone,r_at_20,0.7517831669044223,0.1312410841654779,0.6205420827389444,62.05420827389444,0.825426944971537,82.5426944971537
center_occlusion,4,area_fraction,0.3,fraction of decoded source-image area,university1652_satellite_to_drone,official_trapezoid_mAP,0.2924031913280487,0.033713340759277344,0.25868985056877136,25.868985056877136,0.8847025553785623,88.47025553785623
center_occlusion,4,area_fraction,0.3,fraction of decoded source-image area,university1652_satellite_to_drone,MRR,0.538109540939331,0.06515221297740936,0.4729573279619217,47.29573279619217,0.8789238844126814,87.89238844126815
center_occlusion,4,area_fraction,0.3,fraction of decoded source-image area,university1652_street_to_satellite,r_at_1,0.009305932531989143,0.0031019775106630476,0.006203955021326096,0.6203955021326096,0.6666666666666667,66.66666666666667
center_occlusion,4,area_fraction,0.3,fraction of decoded source-image area,university1652_street_to_satellite,r_at_5,0.04420317952694843,0.015122140364482357,0.029081039162466075,2.9081039162466076,0.6578947368421053,65.78947368421053
center_occlusion,4,area_fraction,0.3,fraction of decoded source-image area,university1652_street_to_satellite,r_at_10,0.06863125242341993,0.029856533540131833,0.038774718883288095,3.8774718883288095,0.5649717514124294,56.49717514124294
center_occlusion,4,area_fraction,0.3,fraction of decoded source-image area,university1652_street_to_satellite,r_at_20,0.12175261729352463,0.05040713454827452,0.0713454827452501,7.1345482745250095,0.5859872611464968,58.59872611464968
center_occlusion,4,area_fraction,0.3,fraction of decoded source-image area,university1652_street_to_satellite,official_trapezoid_mAP,0.021849311888217926,0.009608527645468712,0.012240784242749214,1.2240784242749214,0.5602366017462529,56.023660174625284
center_occlusion,4,area_fraction,0.3,fraction of decoded source-image area,university1652_street_to_satellite,MRR,0.03439268842339516,0.01611507497727871,0.018277613446116447,1.8277613446116447,0.5314389273995618,53.14389273995618
center_occlusion,5,area_fraction,0.4,fraction of decoded source-image area,university1652_drone_to_satellite,r_at_1,0.31905956940958924,0.013578127063796065,0.30548144234579316,30.548144234579315,0.9574432853121377,95.74432853121377
center_occlusion,5,area_fraction,0.4,fraction of decoded source-image area,university1652_drone_to_satellite,r_at_5,0.5841764628186501,0.04332320697397966,0.5408532558446705,54.08532558446705,0.9258388351270689,92.58388351270689
center_occlusion,5,area_fraction,0.4,fraction of decoded source-image area,university1652_drone_to_satellite,r_at_10,0.6886540747589486,0.06939638092722229,0.6192576938317262,61.92576938317262,0.8992289692738501,89.92289692738501
center_occlusion,5,area_fraction,0.4,fraction of decoded source-image area,university1652_drone_to_satellite,r_at_20,0.7862897899881125,0.10994584599128253,0.67634394399683,67.63439439968299,0.8601713421804132,86.0171342180413
center_occlusion,5,area_fraction,0.4,fraction of decoded source-image area,university1652_drone_to_satellite,official_trapezoid_mAP,0.38141995668411255,0.025127451866865158,0.3562925048172474,35.62925048172474,0.9341212974661538,93.41212974661538
center_occlusion,5,area_fraction,0.4,fraction of decoded source-image area,university1652_drone_to_satellite,MRR,0.4437803328037262,0.03667677938938141,0.4071035534143448,40.71035534143448,0.9173537521195139,91.73537521195138
center_occlusion,5,area_fraction,0.4,fraction of decoded source-image area,university1652_satellite_to_drone,r_at_1,0.4593437945791726,0.028530670470756064,0.43081312410841655,43.081312410841655,0.937888198757764,93.7888198757764
center_occlusion,5,area_fraction,0.4,fraction of decoded source-image area,university1652_satellite_to_drone,r_at_5,0.6191155492154066,0.052781740370898715,0.5663338088445079,56.63338088445079,0.9147465437788019,91.47465437788019
center_occlusion,5,area_fraction,0.4,fraction of decoded source-image area,university1652_satellite_to_drone,r_at_10,0.6776034236804565,0.07132667617689016,0.6062767475035663,60.62767475035663,0.8947368421052632,89.47368421052632
center_occlusion,5,area_fraction,0.4,fraction of decoded source-image area,university1652_satellite_to_drone,r_at_20,0.7517831669044223,0.09272467902995721,0.6590584878744651,65.9058487874465,0.8766603415559773,87.66603415559771
center_occlusion,5,area_fraction,0.4,fraction of decoded source-image area,university1652_satellite_to_drone,official_trapezoid_mAP,0.2924031913280487,0.022915318608283997,0.2694878727197647,26.94878727197647,0.9216310926559786,92.16310926559787
center_occlusion,5,area_fraction,0.4,fraction of decoded source-image area,university1652_satellite_to_drone,MRR,0.538109540939331,0.04301237687468529,0.49509716406464577,49.50971640646458,0.920067618946874,92.0067618946874
center_occlusion,5,area_fraction,0.4,fraction of decoded source-image area,university1652_street_to_satellite,r_at_1,0.009305932531989143,0.0031019775106630476,0.006203955021326096,0.6203955021326096,0.6666666666666667,66.66666666666667
center_occlusion,5,area_fraction,0.4,fraction of decoded source-image area,university1652_street_to_satellite,r_at_5,0.04420317952694843,0.010469174098487785,0.033734005428460646,3.3734005428460647,0.7631578947368421,76.31578947368422
center_occlusion,5,area_fraction,0.4,fraction of decoded source-image area,university1652_street_to_satellite,r_at_10,0.06863125242341993,0.021713842574641335,0.046917409848778596,4.6917409848778595,0.6836158192090396,68.36158192090396
center_occlusion,5,area_fraction,0.4,fraction of decoded source-image area,university1652_street_to_satellite,r_at_20,0.12175261729352463,0.038386971694455214,0.08336564559906942,8.336564559906941,0.6847133757961784,68.47133757961784
center_occlusion,5,area_fraction,0.4,fraction of decoded source-image area,university1652_street_to_satellite,official_trapezoid_mAP,0.021849311888217926,0.008330029435455799,0.013519282452762127,1.3519282452762127,0.6187509484018257,61.87509484018257
center_occlusion,5,area_fraction,0.4,fraction of decoded source-image area,university1652_street_to_satellite,MRR,0.03439268842339516,0.013558082282543182,0.020834606140851974,2.0834606140851974,0.605785912527836,60.578591252783596
rotation,1,magnitude,2.0,degrees,university1652_drone_to_satellite,r_at_1,0.31905956940958924,0.3182670717210408,0.0007924976885484436,0.07924976885484436,0.0024838549428714465,0.24838549428714465
rotation,1,magnitude,2.0,degrees,university1652_drone_to_satellite,r_at_5,0.5841764628186501,0.5860784572711663,-0.0019019944525161536,-0.19019944525161536,-0.003255856018811567,-0.3255856018811567
rotation,1,magnitude,2.0,degrees,university1652_drone_to_satellite,r_at_10,0.6886540747589486,0.6934883106590939,-0.004834235900145312,-0.48342359001453117,-0.007019831984349257,-0.7019831984349257
rotation,1,magnitude,2.0,degrees,university1652_drone_to_satellite,r_at_20,0.7862897899881125,0.788878615770704,-0.002588825782591453,-0.2588825782591453,-0.003292457584411203,-0.3292457584411203
rotation,1,magnitude,2.0,degrees,university1652_drone_to_satellite,official_trapezoid_mAP,0.38141995668411255,0.38143739104270935,-1.7434358596801758e-05,-0.0017434358596801758,-4.570908860765428e-05,-0.004570908860765428
rotation,1,magnitude,2.0,degrees,university1652_drone_to_satellite,MRR,0.4437803328037262,0.4446077048778534,-0.0008273720741271973,-0.08273720741271973,-0.001864373008375576,-0.18643730083755758
rotation,1,magnitude,2.0,degrees,university1652_satellite_to_drone,r_at_1,0.4593437945791726,0.442225392296719,0.01711840228245365,1.7118402282453649,0.03726708074534164,3.7267080745341636
rotation,1,magnitude,2.0,degrees,university1652_satellite_to_drone,r_at_5,0.6191155492154066,0.5848787446504993,0.0342368045649073,3.4236804564907297,0.05529953917050695,5.529953917050695
rotation,1,magnitude,2.0,degrees,university1652_satellite_to_drone,r_at_10,0.6776034236804565,0.6676176890156919,0.0099857346647646,0.9985734664764601,0.014736842105263126,1.4736842105263128
rotation,1,magnitude,2.0,degrees,university1652_satellite_to_drone,r_at_20,0.7517831669044223,0.746077032810271,0.005706134094151216,0.5706134094151216,0.007590132827324483,0.7590132827324483
rotation,1,magnitude,2.0,degrees,university1652_satellite_to_drone,official_trapezoid_mAP,0.2924031913280487,0.2839702367782593,0.008432954549789429,0.8432954549789429,0.028840159067650025,2.8840159067650024
rotation,1,magnitude,2.0,degrees,university1652_satellite_to_drone,MRR,0.538109540939331,0.5148823857307434,0.023227155208587646,2.3227155208587646,0.04316436234905261,4.316436234905261
rotation,1,magnitude,2.0,degrees,university1652_street_to_satellite,r_at_1,0.009305932531989143,0.010081426909654904,-0.0007754943776657613,-0.07754943776657613,-0.08333333333333327,-8.333333333333327
rotation,1,magnitude,2.0,degrees,university1652_street_to_satellite,r_at_5,0.04420317952694843,0.04032570763861962,0.0038774718883288137,0.3877471888328814,0.08771929824561413,8.771929824561413
rotation,1,magnitude,2.0,degrees,university1652_street_to_satellite,r_at_10,0.06863125242341993,0.06901899961225282,-0.0003877471888328876,-0.03877471888328876,-0.005649717514124391,-0.564971751412439
rotation,1,magnitude,2.0,degrees,university1652_street_to_satellite,r_at_20,0.12175261729352463,0.11244668476153548,0.00930593253198915,0.930593253198915,0.07643312101910833,7.6433121019108325
rotation,1,magnitude,2.0,degrees,university1652_street_to_satellite,official_trapezoid_mAP,0.021849311888217926,0.022438017651438713,-0.000588705763220787,-0.058870576322078705,-0.026943904056687576,-2.6943904056687575
rotation,1,magnitude,2.0,degrees,university1652_street_to_satellite,MRR,0.03439268842339516,0.034794606268405914,-0.00040191784501075745,-0.040191784501075745,-0.011686142125992055,-1.1686142125992056
rotation,2,magnitude,5.0,degrees,university1652_drone_to_satellite,r_at_1,0.31905956940958924,0.319323735305772,-0.0002641658961827775,-0.026416589618277753,-0.0008279516476236995,-0.08279516476236995
rotation,2,magnitude,5.0,degrees,university1652_drone_to_satellite,r_at_5,0.5841764628186501,0.588588033284903,-0.0044115704662528454,-0.44115704662528454,-0.0075517771547436675,-0.7551777154743667
rotation,2,magnitude,5.0,degrees,university1652_drone_to_satellite,r_at_10,0.6886540747589486,0.6934618940694757,-0.004807819310527095,-0.4807819310527095,-0.006981472246729955,-0.6981472246729955
rotation,2,magnitude,5.0,degrees,university1652_drone_to_satellite,r_at_20,0.7862897899881125,0.7882710342094835,-0.0019812442213710257,-0.19812442213710257,-0.002519737947253492,-0.2519737947253492
rotation,2,magnitude,5.0,degrees,university1652_drone_to_satellite,official_trapezoid_mAP,0.38141995668411255,0.38192176818847656,-0.0005018115043640137,-0.05018115043640137,-0.0013156403999584321,-0.1315640399958432
rotation,2,magnitude,5.0,degrees,university1652_drone_to_satellite,MRR,0.4437803328037262,0.44451984763145447,-0.0007395148277282715,-0.07395148277282715,-0.0016663983801538627,-0.1666398380153863
rotation,2,magnitude,5.0,degrees,university1652_satellite_to_drone,r_at_1,0.4593437945791726,0.4479315263908702,0.011412268188302432,1.1412268188302432,0.024844720496894426,2.4844720496894426
rotation,2,magnitude,5.0,degrees,university1652_satellite_to_drone,r_at_5,0.6191155492154066,0.6019971469329529,0.01711840228245365,1.7118402282453649,0.027649769585253475,2.7649769585253474
rotation,2,magnitude,5.0,degrees,university1652_satellite_to_drone,r_at_10,0.6776034236804565,0.6733238231098431,0.004279600570613384,0.42796005706133844,0.006315789473684174,0.6315789473684174
rotation,2,magnitude,5.0,degrees,university1652_satellite_to_drone,r_at_20,0.7517831669044223,0.7432239657631954,0.00855920114122688,0.855920114122688,0.011385199240986799,1.1385199240986799
rotation,2,magnitude,5.0,degrees,university1652_satellite_to_drone,official_trapezoid_mAP,0.2924031913280487,0.29115456342697144,0.0012486279010772705,0.12486279010772705,0.004270226653157243,0.42702266531572436
rotation,2,magnitude,5.0,degrees,university1652_satellite_to_drone,MRR,0.538109540939331,0.524506688117981,0.013602852821350098,1.3602852821350098,0.02527896605885259,2.527896605885259
rotation,2,magnitude,5.0,degrees,university1652_street_to_satellite,r_at_1,0.009305932531989143,0.009305932531989143,0.0,0.0,0.0,0.0
rotation,2,magnitude,5.0,degrees,university1652_street_to_satellite,r_at_5,0.04420317952694843,0.04342768514928267,0.0007754943776657613,0.07754943776657613,0.017543859649122792,1.7543859649122793
rotation,2,magnitude,5.0,degrees,university1652_street_to_satellite,r_at_10,0.06863125242341993,0.0752229546335789,-0.006591702210158978,-0.6591702210158978,-0.09604519774011303,-9.604519774011303
rotation,2,magnitude,5.0,degrees,university1652_street_to_satellite,r_at_20,0.12175261729352463,0.11671190383869717,0.005040713454827456,0.5040713454827456,0.041401273885350344,4.140127388535034
rotation,2,magnitude,5.0,degrees,university1652_street_to_satellite,official_trapezoid_mAP,0.021849311888217926,0.022103169932961464,-0.0002538580447435379,-0.02538580447435379,-0.011618583049310075,-1.1618583049310074
rotation,2,magnitude,5.0,degrees,university1652_street_to_satellite,MRR,0.03439268842339516,0.03490040823817253,-0.0005077198147773743,-0.05077198147773743,-0.014762434635147766,-1.4762434635147765
rotation,3,magnitude,10.0,degrees,university1652_drone_to_satellite,r_at_1,0.31905956940958924,0.3112402588825783,0.007819310527010959,0.7819310527010959,0.024507368769663838,2.4507368769663835
rotation,3,magnitude,10.0,degrees,university1652_drone_to_satellite,r_at_5,0.5841764628186501,0.577942147668736,0.006234315149914127,0.6234315149914127,0.010671972506104698,1.0671972506104697
rotation,3,magnitude,10.0,degrees,university1652_drone_to_satellite,r_at_10,0.6886540747589486,0.6864086646413948,0.0022454101175537478,0.22454101175537478,0.003260577697648438,0.3260577697648438
rotation,3,magnitude,10.0,degrees,university1652_drone_to_satellite,r_at_20,0.7862897899881125,0.7815876370360586,0.004702152952053895,0.4702152952053895,0.005980178061481613,0.5980178061481612
rotation,3,magnitude,10.0,degrees,university1652_drone_to_satellite,official_trapezoid_mAP,0.38141995668411255,0.37382155656814575,0.007598400115966797,0.7598400115966797,0.019921349113517155,1.9921349113517155
rotation,3,magnitude,10.0,degrees,university1652_drone_to_satellite,MRR,0.4437803328037262,0.4364028871059418,0.007377445697784424,0.7377445697784424,0.01662409339137455,1.6624093391374553
rotation,3,magnitude,10.0,degrees,university1652_satellite_to_drone,r_at_1,0.4593437945791726,0.4593437945791726,0.0,0.0,0.0,0.0
rotation,3,magnitude,10.0,degrees,university1652_satellite_to_drone,r_at_5,0.6191155492154066,0.6390870185449358,-0.0199714693295292,-1.9971469329529201,-0.03225806451612896,-3.2258064516128964
rotation,3,magnitude,10.0,degrees,university1652_satellite_to_drone,r_at_10,0.6776034236804565,0.7018544935805991,-0.024251069900142697,-2.4251069900142697,-0.03578947368421059,-3.5789473684210593
rotation,3,magnitude,10.0,degrees,university1652_satellite_to_drone,r_at_20,0.7517831669044223,0.7660485021398002,-0.014265335235377985,-1.4265335235377985,-0.018975332068311132,-1.8975332068311133
rotation,3,magnitude,10.0,degrees,university1652_satellite_to_drone,official_trapezoid_mAP,0.2924031913280487,0.305208683013916,-0.01280549168586731,-1.280549168586731,-0.04379395323186046,-4.379395323186046
rotation,3,magnitude,10.0,degrees,university1652_satellite_to_drone,MRR,0.538109540939331,0.5449864864349365,-0.006876945495605469,-0.6876945495605469,-0.012779824501161944,-1.2779824501161943
rotation,3,magnitude,10.0,degrees,university1652_street_to_satellite,r_at_1,0.009305932531989143,0.010469174098487785,-0.001163241566498642,-0.1163241566498642,-0.1249999999999999,-12.499999999999991
rotation,3,magnitude,10.0,degrees,university1652_street_to_satellite,r_at_5,0.04420317952694843,0.03722373012795657,0.006979449398991859,0.6979449398991859,0.1578947368421053,15.789473684210531
rotation,3,magnitude,10.0,degrees,university1652_street_to_satellite,r_at_10,0.06863125242341993,0.06436603334625823,0.004265219077161694,0.42652190771616943,0.06214689265536729,6.2146892655367285
rotation,3,magnitude,10.0,degrees,university1652_street_to_satellite,r_at_20,0.12175261729352463,0.11167119038386972,0.010081426909654911,1.0081426909654911,0.08280254777070069,8.280254777070068
rotation,3,magnitude,10.0,degrees,university1652_street_to_satellite,official_trapezoid_mAP,0.021849311888217926,0.021980276331305504,-0.00013096444308757782,-0.013096444308757782,-0.005993984788060964,-0.5993984788060964
rotation,3,magnitude,10.0,degrees,university1652_street_to_satellite,MRR,0.03439268842339516,0.033491380512714386,0.0009013079106807709,0.09013079106807709,0.02620638141412837,2.6206381414128375
rotation,4,magnitude,15.0,degrees,university1652_drone_to_satellite,r_at_1,0.31905956940958924,0.30426627922335225,0.014793290186236985,1.4793290186236985,0.046365292266931694,4.6365292266931695
rotation,4,magnitude,15.0,degrees,university1652_drone_to_satellite,r_at_5,0.5841764628186501,0.5654206841896711,0.018755778628979036,1.8755778628979036,0.03210635796328124,3.2106357963281242
rotation,4,magnitude,15.0,degrees,university1652_drone_to_satellite,r_at_10,0.6886540747589486,0.6763703605864483,0.012283714172500293,1.2283714172500293,0.017837277993018475,1.7837277993018474
rotation,4,magnitude,15.0,degrees,university1652_drone_to_satellite,r_at_20,0.7862897899881125,0.7753004887069079,0.010989301281204567,1.0989301281204567,0.013976146480765964,1.3976146480765963
rotation,4,magnitude,15.0,degrees,university1652_drone_to_satellite,official_trapezoid_mAP,0.38141995668411255,0.36606621742248535,0.015353739261627197,1.5353739261627197,0.0402541581596974,4.0254158159697395
rotation,4,magnitude,15.0,degrees,university1652_drone_to_satellite,MRR,0.4437803328037262,0.4278661608695984,0.015914171934127808,1.5914171934127808,0.03586047140391478,3.586047140391478
rotation,4,magnitude,15.0,degrees,university1652_satellite_to_drone,r_at_1,0.4593437945791726,0.49072753209700426,-0.031383737517831634,-3.1383737517831634,-0.06832298136645955,-6.832298136645955
rotation,4,magnitude,15.0,degrees,university1652_satellite_to_drone,r_at_5,0.6191155492154066,0.6433666191155493,-0.024251069900142697,-2.4251069900142697,-0.03917050691244246,-3.9170506912442464
rotation,4,magnitude,15.0,degrees,university1652_satellite_to_drone,r_at_10,0.6776034236804565,0.7075606276747504,-0.029957203994293913,-2.9957203994293913,-0.04421052631578955,-4.421052631578955
rotation,4,magnitude,15.0,degrees,university1652_satellite_to_drone,r_at_20,0.7517831669044223,0.7674750356633381,-0.015691868758915817,-1.5691868758915817,-0.020872865275142292,-2.087286527514229
rotation,4,magnitude,15.0,degrees,university1652_satellite_to_drone,official_trapezoid_mAP,0.2924031913280487,0.317912220954895,-0.025509029626846313,-2.5509029626846313,-0.08723923125116509,-8.72392312511651
rotation,4,magnitude,15.0,degrees,university1652_satellite_to_drone,MRR,0.538109540939331,0.5667699575424194,-0.02866041660308838,-2.866041660308838,-0.053261305408297314,-5.326130540829731
rotation,4,magnitude,15.0,degrees,university1652_street_to_satellite,r_at_1,0.009305932531989143,0.008530438154323382,0.0007754943776657613,0.07754943776657613,0.08333333333333327,8.333333333333327
rotation,4,magnitude,15.0,degrees,university1652_street_to_satellite,r_at_5,0.04420317952694843,0.03218301667312912,0.012020162853819315,1.2020162853819314,0.27192982456140363,27.19298245614036
rotation,4,magnitude,15.0,degrees,university1652_street_to_satellite,r_at_10,0.06863125242341993,0.05661108956960062,0.012020162853819308,1.2020162853819307,0.17514124293785308,17.514124293785308
rotation,4,magnitude,15.0,degrees,university1652_street_to_satellite,r_at_20,0.12175261729352463,0.10120201628538193,0.020550601008142697,2.0550601008142695,0.1687898089171975,16.87898089171975
rotation,4,magnitude,15.0,degrees,university1652_street_to_satellite,official_trapezoid_mAP,0.021849311888217926,0.019148297607898712,0.002701014280319214,0.2701014280319214,0.12362010731219938,12.36201073121994
rotation,4,magnitude,15.0,degrees,university1652_street_to_satellite,MRR,0.03439268842339516,0.029766160994768143,0.004626527428627014,0.4626527428627014,0.13452066822086178,13.452066822086179
rotation,5,magnitude,20.0,degrees,university1652_drone_to_satellite,r_at_1,0.31905956940958924,0.29853387927618547,0.020525690133403773,2.0525690133403773,0.0643318430203676,6.433184302036759
rotation,5,magnitude,20.0,degrees,university1652_drone_to_satellite,r_at_5,0.5841764628186501,0.5612732796196012,0.022903183199048938,2.2903183199048938,0.03920593289318972,3.9205932893189726
rotation,5,magnitude,20.0,degrees,university1652_drone_to_satellite,r_at_10,0.6886540747589486,0.6686302998282921,0.020023774930656435,2.0023774930656435,0.029076681115501147,2.9076681115501146
rotation,5,magnitude,20.0,degrees,university1652_drone_to_satellite,r_at_20,0.7862897899881125,0.7663452648263109,0.019944525161801563,1.9944525161801563,0.025365362002351694,2.5365362002351697
rotation,5,magnitude,20.0,degrees,university1652_drone_to_satellite,official_trapezoid_mAP,0.38141995668411255,0.3603045344352722,0.021115422248840332,2.111542224884033,0.05536003525459962,5.536003525459963
rotation,5,magnitude,20.0,degrees,university1652_drone_to_satellite,MRR,0.4437803328037262,0.42207515239715576,0.021705180406570435,2.1705180406570435,0.04890973935109048,4.890973935109048
rotation,5,magnitude,20.0,degrees,university1652_satellite_to_drone,r_at_1,0.4593437945791726,0.48787446504992865,-0.028530670470756025,-2.8530670470756023,-0.06211180124223594,-6.211180124223594
rotation,5,magnitude,20.0,degrees,university1652_satellite_to_drone,r_at_5,0.6191155492154066,0.6348074179743224,-0.015691868758915817,-1.5691868758915817,-0.025345622119815638,-2.534562211981564
rotation,5,magnitude,20.0,degrees,university1652_satellite_to_drone,r_at_10,0.6776034236804565,0.6918687589158345,-0.014265335235378096,-1.4265335235378096,-0.021052631578947465,-2.1052631578947465
rotation,5,magnitude,20.0,degrees,university1652_satellite_to_drone,r_at_20,0.7517831669044223,0.7517831669044223,0.0,0.0,0.0,0.0
rotation,5,magnitude,20.0,degrees,university1652_satellite_to_drone,official_trapezoid_mAP,0.2924031913280487,0.3064899444580078,-0.014086753129959106,-1.4086753129959106,-0.0481757844911997,-4.81757844911997
rotation,5,magnitude,20.0,degrees,university1652_satellite_to_drone,MRR,0.538109540939331,0.5577280521392822,-0.019618511199951172,-1.9618511199951172,-0.036458211028380656,-3.645821102838066
rotation,5,magnitude,20.0,degrees,university1652_street_to_satellite,r_at_1,0.009305932531989143,0.006591702210158977,0.0027142303218301665,0.27142303218301667,0.29166666666666663,29.166666666666664
rotation,5,magnitude,20.0,degrees,university1652_street_to_satellite,r_at_5,0.04420317952694843,0.027142303218301668,0.017060876308646764,1.7060876308646764,0.3859649122807018,38.59649122807018
rotation,5,magnitude,20.0,degrees,university1652_street_to_satellite,r_at_10,0.06863125242341993,0.04924389298177588,0.019387359441644048,1.9387359441644048,0.2824858757062147,28.24858757062147
rotation,5,magnitude,20.0,degrees,university1652_street_to_satellite,r_at_20,0.12175261729352463,0.097712291585886,0.02404032570763863,2.404032570763863,0.19745222929936312,19.74522292993631
rotation,5,magnitude,20.0,degrees,university1652_street_to_satellite,official_trapezoid_mAP,0.021849311888217926,0.016393344849348068,0.005455967038869858,0.5455967038869858,0.24970887260810928,24.97088726081093
rotation,5,magnitude,20.0,degrees,university1652_street_to_satellite,MRR,0.03439268842339516,0.026194989681243896,0.00819769874215126,0.819769874215126,0.23835585753671085,23.835585753671083
