run_identifier,role,path,sha256,bytes,verification
,formal_result_aggregation_code,lgm_game_pytorch/experiments/aggregate_frozen_formal_results.py,4e6be8fb2dc8c07127b025cf19ce00c87f968ad9d4ad19e6a3e760fa24d301c5,77126,computed
,frozen_protocol,FORMAL_EXPERIMENT_PROTOCOL.md,29c0502b07f09d45c6fd7d4a5b582fdd9a443acc9e8b818cd9941c18a0ee34f9,6247,computed
,frozen_matrix_runner,lgm_game_pytorch/experiments/run_frozen_formal_matrix.py,f251e5088b306ddec4769fab06799008d06194bc459282f2432ac3238f4ba59f,44894,computed
,formal_training_evaluation_code,lgm_game_pytorch/lgm_game_pytorch/formal_retrieval.py,081f327f8f83d79ab078adc61e76070c140f13e0ac9a0d8f423bfad15df59862,102924,computed
,frozen_matrix_ledger,lgm_game_pytorch/runs/frozen_formal_matrix_ledger.json,6fa1ad2b7ac0b653c692e844f4b31855ef91d56c163b8c0c8a795e782c942446,459482,computed
formal_main/university1652/visual/seed_1/resnet18/dim_512,training_manifest,lgm_game_pytorch/runs/formal_main/university1652/visual/seed_1/run_manifest.json,1b148e7ccb794b5efd2aa76e0b86b1fa91730cf77fd4745174a0afe1a0a8e3e2,2575,computed
formal_main/university1652/visual/seed_1/resnet18/dim_512,training_run_config.json,lgm_game_pytorch/runs/formal_main/university1652/visual/seed_1/run_config.json,955aa9886c82a7bf3ce206a89e12dcf5a58151d0e03c60ed3e898aa112701e1b,17161,computed
formal_main/university1652/visual/seed_1/resnet18/dim_512,training_history.json,lgm_game_pytorch/runs/formal_main/university1652/visual/seed_1/history.json,275e4a770dc90448564f8b0779c9a0a66a2f31ead25f9063eafbfc23af1b37b8,36416,computed
formal_main/university1652/visual/seed_1/resnet18/dim_512,selected_checkpoint,lgm_game_pytorch/runs/formal_main/university1652/visual/seed_1/best.pt,3845e67389e89f600edc8321ff7357341a48ec3ad6e411d8657506fd50b30103,140615211,computed
formal_main/university1652/visual/seed_1/resnet18/dim_512,last_checkpoint,lgm_game_pytorch/runs/formal_main/university1652/visual/seed_1/last.pt,3845e67389e89f600edc8321ff7357341a48ec3ad6e411d8657506fd50b30103,140615211,declared_manifest_hash_and_file_presence
formal_main/university1652/visual/seed_1/resnet18/dim_512,evaluation_manifest,lgm_game_pytorch/evaluations/formal_main/university1652/visual/seed_1/evaluation_manifest.json,dcca7442ed9d8f82821a3e6b6010fb49eb885f143ade09656a1c385d8cb859f7,6500,computed
formal_main/university1652/visual/seed_1/resnet18/dim_512,evaluation_metrics,lgm_game_pytorch/evaluations/formal_main/university1652/visual/seed_1/metrics.json,91013cc273b44152c9777bdc9f00a458c733163c0dd5d414d9ea54d257198d3c,1941,computed
formal_main/university1652/visual/seed_1/resnet18/dim_512,evaluation_metrics_csv,lgm_game_pytorch/evaluations/formal_main/university1652/visual/seed_1/metrics.csv,feae5bc7f239ffd77dead95f473e06cec31cd62874a20f27c78270de3e2c260a,869,computed
formal_main/university1652/visual/seed_1/resnet18/dim_512,per_query_arrays:university1652_drone_to_satellite,lgm_game_pytorch/evaluations/formal_main/university1652/visual/seed_1/per_query_arrays/university1652_drone_to_satellite_per_query.npz,cd219215b49fef80c6c4ea45747354228f00b54dd25a18e90919502c3e100885,490206,computed
formal_main/university1652/visual/seed_1/resnet18/dim_512,per_query_arrays:university1652_satellite_to_drone,lgm_game_pytorch/evaluations/formal_main/university1652/visual/seed_1/per_query_arrays/university1652_satellite_to_drone_per_query.npz,b89b92121aaf4758da70179baa2f3be70b8a3390f6da93bda4370f0132b927d8,20516,computed
formal_main/university1652/visual/seed_1/resnet18/dim_512,per_query_arrays:university1652_street_to_satellite,lgm_game_pytorch/evaluations/formal_main/university1652/visual/seed_1/per_query_arrays/university1652_street_to_satellite_per_query.npz,fa102b542b99295eaada24ad39b0c53aaf2ee3607b483fd2369d4f8decb9bf20,61946,computed
formal_main/university1652/visual/seed_2/resnet18/dim_512,training_manifest,lgm_game_pytorch/runs/formal_main/university1652/visual/seed_2/run_manifest.json,d87acabde19e44fbeb676ca65956f9e7faf05a5de43851b5244e9860b2fd3d78,2580,computed
formal_main/university1652/visual/seed_2/resnet18/dim_512,training_run_config.json,lgm_game_pytorch/runs/formal_main/university1652/visual/seed_2/run_config.json,4b31986135d9990c28166ac3c96311e0087f54f5103d40bb3147fe46c44c27c6,17161,computed
formal_main/university1652/visual/seed_2/resnet18/dim_512,training_history.json,lgm_game_pytorch/runs/formal_main/university1652/visual/seed_2/history.json,3072adaf485d16c28b68f74448dc02dd37c193184161bc9f709623db712534bf,36434,computed
formal_main/university1652/visual/seed_2/resnet18/dim_512,selected_checkpoint,lgm_game_pytorch/runs/formal_main/university1652/visual/seed_2/best.pt,208cdab22c741c9ffa6027137e6cf0063233d2b634ed419c5e163dd283f8cae0,140615211,computed
formal_main/university1652/visual/seed_2/resnet18/dim_512,last_checkpoint,lgm_game_pytorch/runs/formal_main/university1652/visual/seed_2/last.pt,208cdab22c741c9ffa6027137e6cf0063233d2b634ed419c5e163dd283f8cae0,140615211,declared_manifest_hash_and_file_presence
formal_main/university1652/visual/seed_2/resnet18/dim_512,evaluation_manifest,lgm_game_pytorch/evaluations/formal_main/university1652/visual/seed_2/evaluation_manifest.json,500bcf38ac97c265637b57e80a70c98360633dfb19ef38e1b456226a3d7f2793,6500,computed
formal_main/university1652/visual/seed_2/resnet18/dim_512,evaluation_metrics,lgm_game_pytorch/evaluations/formal_main/university1652/visual/seed_2/metrics.json,fb817a788d8a4190a9ad0f08acfc9b3a128c074a1d8442c69b309738f3c578f4,1942,computed
formal_main/university1652/visual/seed_2/resnet18/dim_512,evaluation_metrics_csv,lgm_game_pytorch/evaluations/formal_main/university1652/visual/seed_2/metrics.csv,9213f73e8c4b2d054d6a6d5134af90e49009d38a5eaf51b8e8f5b64bcac48ef0,870,computed
formal_main/university1652/visual/seed_2/resnet18/dim_512,per_query_arrays:university1652_drone_to_satellite,lgm_game_pytorch/evaluations/formal_main/university1652/visual/seed_2/per_query_arrays/university1652_drone_to_satellite_per_query.npz,0274d5f00566488b77888f03b2aa7e01d2990e13f6a9a7bc3621cfe4a906012d,499376,computed
formal_main/university1652/visual/seed_2/resnet18/dim_512,per_query_arrays:university1652_satellite_to_drone,lgm_game_pytorch/evaluations/formal_main/university1652/visual/seed_2/per_query_arrays/university1652_satellite_to_drone_per_query.npz,14b99b7b45350842f9f7aad92472455507b3b4bcb521a211e83c3c783d97d28f,20680,computed
formal_main/university1652/visual/seed_2/resnet18/dim_512,per_query_arrays:university1652_street_to_satellite,lgm_game_pytorch/evaluations/formal_main/university1652/visual/seed_2/per_query_arrays/university1652_street_to_satellite_per_query.npz,e89783dc5faa747308d9de56a7a7b955057cd99133f56f1e4f118d088ee7a573,62232,computed
formal_main/university1652/visual/seed_3/resnet18/dim_512,training_manifest,lgm_game_pytorch/runs/formal_main/university1652/visual/seed_3/run_manifest.json,856b0dd54fda49141072a2b21d051be969dba6e3de2ad728dde2e2390ee9661b,2580,computed
formal_main/university1652/visual/seed_3/resnet18/dim_512,training_run_config.json,lgm_game_pytorch/runs/formal_main/university1652/visual/seed_3/run_config.json,fc521e93a8e2d13d12806fad041250724fd264c013446a0f8d73dd6c70453800,17161,computed
formal_main/university1652/visual/seed_3/resnet18/dim_512,training_history.json,lgm_game_pytorch/runs/formal_main/university1652/visual/seed_3/history.json,846be0d94c682f77e25b2db184577e635d38fe943ac736eca701de7404538e16,36427,computed
formal_main/university1652/visual/seed_3/resnet18/dim_512,selected_checkpoint,lgm_game_pytorch/runs/formal_main/university1652/visual/seed_3/best.pt,64c9679e4eaf472d94fec68e298bfea5799ed47c2ed793df0774484bee478959,140615211,computed
formal_main/university1652/visual/seed_3/resnet18/dim_512,last_checkpoint,lgm_game_pytorch/runs/formal_main/university1652/visual/seed_3/last.pt,64c9679e4eaf472d94fec68e298bfea5799ed47c2ed793df0774484bee478959,140615211,declared_manifest_hash_and_file_presence
formal_main/university1652/visual/seed_3/resnet18/dim_512,evaluation_manifest,lgm_game_pytorch/evaluations/formal_main/university1652/visual/seed_3/evaluation_manifest.json,74f415e3d9004eaaef15d4e8b24c54803907f811a10c3cdfdb404c1a8cf2d473,6499,computed
formal_main/university1652/visual/seed_3/resnet18/dim_512,evaluation_metrics,lgm_game_pytorch/evaluations/formal_main/university1652/visual/seed_3/metrics.json,3c5c4f0b91941a1a936dda2566356fcfb5b90cf55b33ad524a298a5d8670a5f8,1945,computed
formal_main/university1652/visual/seed_3/resnet18/dim_512,evaluation_metrics_csv,lgm_game_pytorch/evaluations/formal_main/university1652/visual/seed_3/metrics.csv,a567a1aed8094f7c66c34f1e9ac2ba8f8de77a610d1543f65f59a745c68083bd,873,computed
formal_main/university1652/visual/seed_3/resnet18/dim_512,per_query_arrays:university1652_drone_to_satellite,lgm_game_pytorch/evaluations/formal_main/university1652/visual/seed_3/per_query_arrays/university1652_drone_to_satellite_per_query.npz,f23fb22425925d52eb977a7b1eaff581bd1a8bf60adbff15772fdc1ebf63dc70,494032,computed
formal_main/university1652/visual/seed_3/resnet18/dim_512,per_query_arrays:university1652_satellite_to_drone,lgm_game_pytorch/evaluations/formal_main/university1652/visual/seed_3/per_query_arrays/university1652_satellite_to_drone_per_query.npz,e0b80ed2cf14664bdd8465f703a4bf62204778cb460a08ddcbe4233f7f1c3a86,20554,computed
formal_main/university1652/visual/seed_3/resnet18/dim_512,per_query_arrays:university1652_street_to_satellite,lgm_game_pytorch/evaluations/formal_main/university1652/visual/seed_3/per_query_arrays/university1652_street_to_satellite_per_query.npz,a1910fb9ae825ca831a623ad7920f071fa81e4d95c999d13900baa332c41249f,62368,computed
formal_main/university1652/content/seed_1/resnet18/dim_512,training_manifest,lgm_game_pytorch/runs/formal_main/university1652/content/seed_1/run_manifest.json,c14e8b232d7839b5048db5011eadc5dad1f1508ed6fc50f1c01a6639b69658ca,2576,computed
formal_main/university1652/content/seed_1/resnet18/dim_512,training_run_config.json,lgm_game_pytorch/runs/formal_main/university1652/content/seed_1/run_config.json,93167858c4ab54312318f01603daa7c55060419502649a386cd5303805d6857b,16911,computed
formal_main/university1652/content/seed_1/resnet18/dim_512,training_history.json,lgm_game_pytorch/runs/formal_main/university1652/content/seed_1/history.json,d88f1c593e229027f0c2c71ba87696e9082f2b1e058d2c04add4a7aa1f0c3287,34064,computed
formal_main/university1652/content/seed_1/resnet18/dim_512,selected_checkpoint,lgm_game_pytorch/runs/formal_main/university1652/content/seed_1/best.pt,2c33874ae73c18049a06afa6405758e83d9b40d58c1ac8a88935a86a45776441,3288177,computed
formal_main/university1652/content/seed_1/resnet18/dim_512,last_checkpoint,lgm_game_pytorch/runs/formal_main/university1652/content/seed_1/last.pt,2c33874ae73c18049a06afa6405758e83d9b40d58c1ac8a88935a86a45776441,3288177,declared_manifest_hash_and_file_presence
formal_main/university1652/content/seed_1/resnet18/dim_512,evaluation_manifest,lgm_game_pytorch/evaluations/formal_main/university1652/content/seed_1/evaluation_manifest.json,57c65c66a8b24a3232fce8187b40cc5cb86d8c6282f5106bec2e6dd36bf170b9,6501,computed
formal_main/university1652/content/seed_1/resnet18/dim_512,evaluation_metrics,lgm_game_pytorch/evaluations/formal_main/university1652/content/seed_1/metrics.json,9e10c9d8116a8d852f925206095c26a5145d71c3e2688c5436f049265495dd01,1963,computed
formal_main/university1652/content/seed_1/resnet18/dim_512,evaluation_metrics_csv,lgm_game_pytorch/evaluations/formal_main/university1652/content/seed_1/metrics.csv,53b3c6daeff5ea4572338e50454ee40d548eb1158c1fd2b94d8be53219e3c9a8,891,computed
formal_main/university1652/content/seed_1/resnet18/dim_512,per_query_arrays:university1652_drone_to_satellite,lgm_game_pytorch/evaluations/formal_main/university1652/content/seed_1/per_query_arrays/university1652_drone_to_satellite_per_query.npz,d612360096ce220d6538566b5e4eaf2c8ca001bfb1d28fd2e8c25ec92c4b2107,617569,computed
formal_main/university1652/content/seed_1/resnet18/dim_512,per_query_arrays:university1652_satellite_to_drone,lgm_game_pytorch/evaluations/formal_main/university1652/content/seed_1/per_query_arrays/university1652_satellite_to_drone_per_query.npz,b26f306c21037b44221234c5780b8c30a53be62386d1cf0643ac27cb4d7c4129,21861,computed
formal_main/university1652/content/seed_1/resnet18/dim_512,per_query_arrays:university1652_street_to_satellite,lgm_game_pytorch/evaluations/formal_main/university1652/content/seed_1/per_query_arrays/university1652_street_to_satellite_per_query.npz,617c4ea5ed291c742801002b3ed00b895443cd9dfc3d3e0099b560022d0e91b1,56628,computed
formal_main/university1652/content/seed_2/resnet18/dim_512,training_manifest,lgm_game_pytorch/runs/formal_main/university1652/content/seed_2/run_manifest.json,685cde7cfd0cbd591530181cfd308fc7fb9fde039c62d541276659706b79c84c,2575,computed
formal_main/university1652/content/seed_2/resnet18/dim_512,training_run_config.json,lgm_game_pytorch/runs/formal_main/university1652/content/seed_2/run_config.json,0e1476eb91ca3c7c280ee05284f8cee724fffbe1b641c82b9ea6d7e8d0f204ab,16911,computed
formal_main/university1652/content/seed_2/resnet18/dim_512,training_history.json,lgm_game_pytorch/runs/formal_main/university1652/content/seed_2/history.json,5a8f86deb4c6c082dcc501744bfa46b192fbacb203919bc9d19844468236b107,34088,computed
formal_main/university1652/content/seed_2/resnet18/dim_512,selected_checkpoint,lgm_game_pytorch/runs/formal_main/university1652/content/seed_2/best.pt,342977eb6da5f00fb8b24c1acbc71d840633dbf2b2bd7b5a63a273c778bb91ac,3288113,computed
formal_main/university1652/content/seed_2/resnet18/dim_512,last_checkpoint,lgm_game_pytorch/runs/formal_main/university1652/content/seed_2/last.pt,342977eb6da5f00fb8b24c1acbc71d840633dbf2b2bd7b5a63a273c778bb91ac,3288113,declared_manifest_hash_and_file_presence
formal_main/university1652/content/seed_2/resnet18/dim_512,evaluation_manifest,lgm_game_pytorch/evaluations/formal_main/university1652/content/seed_2/evaluation_manifest.json,9ca6d36ba2dc06f59870a0fe032f397d2efa4cb9d654bc55ffac982676e12418,6502,computed
formal_main/university1652/content/seed_2/resnet18/dim_512,evaluation_metrics,lgm_game_pytorch/evaluations/formal_main/university1652/content/seed_2/metrics.json,c4e3027e76099dbb0a3eb06f5d7ef6ad43f8230e83a5f9b20e0fe57abd30bd8f,1965,computed
formal_main/university1652/content/seed_2/resnet18/dim_512,evaluation_metrics_csv,lgm_game_pytorch/evaluations/formal_main/university1652/content/seed_2/metrics.csv,4ba1c834199fc0e68cd38523456b5bed2da653c1aacd6ff56fa46791eb492fe3,893,computed
formal_main/university1652/content/seed_2/resnet18/dim_512,per_query_arrays:university1652_drone_to_satellite,lgm_game_pytorch/evaluations/formal_main/university1652/content/seed_2/per_query_arrays/university1652_drone_to_satellite_per_query.npz,5decef242cdaf3dcde4fc0def3c5e09b817a23b3e4f4ddb30e729312e6ae99e1,618192,computed
formal_main/university1652/content/seed_2/resnet18/dim_512,per_query_arrays:university1652_satellite_to_drone,lgm_game_pytorch/evaluations/formal_main/university1652/content/seed_2/per_query_arrays/university1652_satellite_to_drone_per_query.npz,fd52ede45bf73e6dfcdd72cb284f647175cfca22a1d865a719438abcaa29faf2,21830,computed
formal_main/university1652/content/seed_2/resnet18/dim_512,per_query_arrays:university1652_street_to_satellite,lgm_game_pytorch/evaluations/formal_main/university1652/content/seed_2/per_query_arrays/university1652_street_to_satellite_per_query.npz,c06b1f9db20f581eb5437dfebd2f96aa9afe382dba927701252feced19ca1aa8,56793,computed
formal_main/university1652/content/seed_3/resnet18/dim_512,training_manifest,lgm_game_pytorch/runs/formal_main/university1652/content/seed_3/run_manifest.json,25b42abcff9233787ac716fcb6a74e9dac67b9d664fb1ebaa2178621fddbdaad,2575,computed
formal_main/university1652/content/seed_3/resnet18/dim_512,training_run_config.json,lgm_game_pytorch/runs/formal_main/university1652/content/seed_3/run_config.json,e443ba768bc64c3cee4fc867191f10a9658727610d244077a7b05f2bedc54472,16911,computed
formal_main/university1652/content/seed_3/resnet18/dim_512,training_history.json,lgm_game_pytorch/runs/formal_main/university1652/content/seed_3/history.json,3864b3ba91c58bbe61d109c59d2fc117651222ac929b7fb92d555dc66709d3d1,34084,computed
formal_main/university1652/content/seed_3/resnet18/dim_512,selected_checkpoint,lgm_game_pytorch/runs/formal_main/university1652/content/seed_3/best.pt,f3f30eb5a8650954e09b605bab5fe1b0b382f8e0b509c49a37a5d9271541b865,3288177,computed
formal_main/university1652/content/seed_3/resnet18/dim_512,last_checkpoint,lgm_game_pytorch/runs/formal_main/university1652/content/seed_3/last.pt,f3f30eb5a8650954e09b605bab5fe1b0b382f8e0b509c49a37a5d9271541b865,3288177,declared_manifest_hash_and_file_presence
formal_main/university1652/content/seed_3/resnet18/dim_512,evaluation_manifest,lgm_game_pytorch/evaluations/formal_main/university1652/content/seed_3/evaluation_manifest.json,0656a6a05e30de03b170dee2685c475855d98eb54dce2f4255cb9ba0b170ecf3,6501,computed
formal_main/university1652/content/seed_3/resnet18/dim_512,evaluation_metrics,lgm_game_pytorch/evaluations/formal_main/university1652/content/seed_3/metrics.json,f5d401c7048524cb06b8c8bedc148c110386f5964d807af61e753c5a5a712725,1967,computed
formal_main/university1652/content/seed_3/resnet18/dim_512,evaluation_metrics_csv,lgm_game_pytorch/evaluations/formal_main/university1652/content/seed_3/metrics.csv,1f9a3215524632e2c0f693c48225e3d5d927dedfd632724898764f6d924ea17d,895,computed
formal_main/university1652/content/seed_3/resnet18/dim_512,per_query_arrays:university1652_drone_to_satellite,lgm_game_pytorch/evaluations/formal_main/university1652/content/seed_3/per_query_arrays/university1652_drone_to_satellite_per_query.npz,19ad4105935c75d84f64fb21dae0d86503460af13fc90246611d01c11e71a073,614996,computed
formal_main/university1652/content/seed_3/resnet18/dim_512,per_query_arrays:university1652_satellite_to_drone,lgm_game_pytorch/evaluations/formal_main/university1652/content/seed_3/per_query_arrays/university1652_satellite_to_drone_per_query.npz,97970d6b6b920dd1ecc24afd2b36b5fef7ef47e811413b668d8236480e1de69d,21858,computed
formal_main/university1652/content/seed_3/resnet18/dim_512,per_query_arrays:university1652_street_to_satellite,lgm_game_pytorch/evaluations/formal_main/university1652/content/seed_3/per_query_arrays/university1652_street_to_satellite_per_query.npz,7adc7611bbf09c779a348cb848ebabc2a107e2afcf0fe73f9ede8c0a383f254f,56829,computed
formal_main/university1652/style/seed_1/resnet18/dim_512,training_manifest,lgm_game_pytorch/runs/formal_main/university1652/style/seed_1/run_manifest.json,5fd8231888d73f9f8153b51509259f2771e76ab0fce7d9be14bbdb3518bec730,2576,computed
formal_main/university1652/style/seed_1/resnet18/dim_512,training_run_config.json,lgm_game_pytorch/runs/formal_main/university1652/style/seed_1/run_config.json,988882e021eb987d3213d199b52fa4e9329c5f66f291c7c2c9567512009a0952,16905,computed
formal_main/university1652/style/seed_1/resnet18/dim_512,training_history.json,lgm_game_pytorch/runs/formal_main/university1652/style/seed_1/history.json,00d5c15b58716c0105836128a6814d7648b3acbdfd44fe5a0be7b144f93fa91d,34086,computed
formal_main/university1652/style/seed_1/resnet18/dim_512,selected_checkpoint,lgm_game_pytorch/runs/formal_main/university1652/style/seed_1/best.pt,04083e0477d12ceaceaa93915262e0ea43071cf8c202234268599276c64bb2b5,3281969,computed
formal_main/university1652/style/seed_1/resnet18/dim_512,last_checkpoint,lgm_game_pytorch/runs/formal_main/university1652/style/seed_1/last.pt,04083e0477d12ceaceaa93915262e0ea43071cf8c202234268599276c64bb2b5,3281969,declared_manifest_hash_and_file_presence
formal_main/university1652/style/seed_1/resnet18/dim_512,evaluation_manifest,lgm_game_pytorch/evaluations/formal_main/university1652/style/seed_1/evaluation_manifest.json,f9fc21f4d512f45c8cca323dbe0fd0db0c528d1ca4437e13827bc8c10d19e711,6497,computed
formal_main/university1652/style/seed_1/resnet18/dim_512,evaluation_metrics,lgm_game_pytorch/evaluations/formal_main/university1652/style/seed_1/metrics.json,29460d53865f2dcd49b2f2a199ce721dd56c91d4d765f53961a373741370ed37,1967,computed
formal_main/university1652/style/seed_1/resnet18/dim_512,evaluation_metrics_csv,lgm_game_pytorch/evaluations/formal_main/university1652/style/seed_1/metrics.csv,bfc59490af56fcf4922b17adda663078be8e737e3df4ffc75ab6053b0bac3199,895,computed
formal_main/university1652/style/seed_1/resnet18/dim_512,per_query_arrays:university1652_drone_to_satellite,lgm_game_pytorch/evaluations/formal_main/university1652/style/seed_1/per_query_arrays/university1652_drone_to_satellite_per_query.npz,f890eb0b2169dc9e861c7e3b47671d2cfe83ea42cb3264d6c3b2603fa007d0df,627528,computed
formal_main/university1652/style/seed_1/resnet18/dim_512,per_query_arrays:university1652_satellite_to_drone,lgm_game_pytorch/evaluations/formal_main/university1652/style/seed_1/per_query_arrays/university1652_satellite_to_drone_per_query.npz,273b0c272a3ac604ad84c33150de6b7f968d1c1b63d0a5efc667543b278b30da,21519,computed
formal_main/university1652/style/seed_1/resnet18/dim_512,per_query_arrays:university1652_street_to_satellite,lgm_game_pytorch/evaluations/formal_main/university1652/style/seed_1/per_query_arrays/university1652_street_to_satellite_per_query.npz,744692fd2ce8d41b56c142b7d54622dad1f1ecad2f992f4c83f80f643ae22661,47734,computed
formal_main/university1652/style/seed_2/resnet18/dim_512,training_manifest,lgm_game_pytorch/runs/formal_main/university1652/style/seed_2/run_manifest.json,7b62eef532b17bd2fa2d641b30c9308ab62884df160e1bede932d532081d5698,2574,computed
formal_main/university1652/style/seed_2/resnet18/dim_512,training_run_config.json,lgm_game_pytorch/runs/formal_main/university1652/style/seed_2/run_config.json,6969b2093877ee1149d8fc350e8c3b8cd2b0039cace727535508d37fedeaaeb7,16905,computed
formal_main/university1652/style/seed_2/resnet18/dim_512,training_history.json,lgm_game_pytorch/runs/formal_main/university1652/style/seed_2/history.json,065105a7237b931fade6399692498ec7f8a39e90470b4555eb64af7cf2ea65e8,34107,computed
formal_main/university1652/style/seed_2/resnet18/dim_512,selected_checkpoint,lgm_game_pytorch/runs/formal_main/university1652/style/seed_2/best.pt,fcfefe59f4ae3f6cefd2dd203c42a90f43c64a60d2298ad293f2f4b3f17d3786,3281969,computed
formal_main/university1652/style/seed_2/resnet18/dim_512,last_checkpoint,lgm_game_pytorch/runs/formal_main/university1652/style/seed_2/last.pt,fcfefe59f4ae3f6cefd2dd203c42a90f43c64a60d2298ad293f2f4b3f17d3786,3281969,declared_manifest_hash_and_file_presence
formal_main/university1652/style/seed_2/resnet18/dim_512,evaluation_manifest,lgm_game_pytorch/evaluations/formal_main/university1652/style/seed_2/evaluation_manifest.json,1ac593995b318d7bdeeadf6ee0acab979e5d28aea7901af0c1a33ff545ac0a55,6498,computed
formal_main/university1652/style/seed_2/resnet18/dim_512,evaluation_metrics,lgm_game_pytorch/evaluations/formal_main/university1652/style/seed_2/metrics.json,e38dfbbbe793bee0b0a10fc7e038c2497ca3fac621d57cf432994709d0f50ae9,1951,computed
formal_main/university1652/style/seed_2/resnet18/dim_512,evaluation_metrics_csv,lgm_game_pytorch/evaluations/formal_main/university1652/style/seed_2/metrics.csv,f74c047625127c9ae707cb1f5526a1001945c4146a1acd05fa98347424cb7566,879,computed
formal_main/university1652/style/seed_2/resnet18/dim_512,per_query_arrays:university1652_drone_to_satellite,lgm_game_pytorch/evaluations/formal_main/university1652/style/seed_2/per_query_arrays/university1652_drone_to_satellite_per_query.npz,d43782db1bc2577b87ca9b8b4cd7bd98a474a416ff1ad41d8953a00b5865a1e8,629844,computed
formal_main/university1652/style/seed_2/resnet18/dim_512,per_query_arrays:university1652_satellite_to_drone,lgm_game_pytorch/evaluations/formal_main/university1652/style/seed_2/per_query_arrays/university1652_satellite_to_drone_per_query.npz,2b4cd7505cbd9360a24f07e9a07c745ffd6874cc0cbd8e1f481c019d0aff4d88,21583,computed
formal_main/university1652/style/seed_2/resnet18/dim_512,per_query_arrays:university1652_street_to_satellite,lgm_game_pytorch/evaluations/formal_main/university1652/style/seed_2/per_query_arrays/university1652_street_to_satellite_per_query.npz,fcaf926e1202f2bfbf5e6026f9db6f16eb45cf9c2c307979225a8ef02bf62cba,47826,computed
formal_main/university1652/style/seed_3/resnet18/dim_512,training_manifest,lgm_game_pytorch/runs/formal_main/university1652/style/seed_3/run_manifest.json,4596dca51e391c944865a204fb7392eac91082cea4f2346a2fa54256a8bfcd0a,2576,computed
formal_main/university1652/style/seed_3/resnet18/dim_512,training_run_config.json,lgm_game_pytorch/runs/formal_main/university1652/style/seed_3/run_config.json,d43939d28e9b379ba31a42579f9c8a016c40c2a2456496986091b7b78df70921,16905,computed
formal_main/university1652/style/seed_3/resnet18/dim_512,training_history.json,lgm_game_pytorch/runs/formal_main/university1652/style/seed_3/history.json,00a098fa19eceda1290c04a64a98f83738185fcea399f870f3c6c91fe712d645,34117,computed
formal_main/university1652/style/seed_3/resnet18/dim_512,selected_checkpoint,lgm_game_pytorch/runs/formal_main/university1652/style/seed_3/best.pt,14b7dc1e7b6c733d0ed3cd8321105711e486d68818b8b238bccf148c4e0fa619,3281969,computed
formal_main/university1652/style/seed_3/resnet18/dim_512,last_checkpoint,lgm_game_pytorch/runs/formal_main/university1652/style/seed_3/last.pt,14b7dc1e7b6c733d0ed3cd8321105711e486d68818b8b238bccf148c4e0fa619,3281969,declared_manifest_hash_and_file_presence
formal_main/university1652/style/seed_3/resnet18/dim_512,evaluation_manifest,lgm_game_pytorch/evaluations/formal_main/university1652/style/seed_3/evaluation_manifest.json,ec8b8c9e6ce725f0bb0c798c60d85c426f5094bec415b9eed2b63b9844299e52,6498,computed
formal_main/university1652/style/seed_3/resnet18/dim_512,evaluation_metrics,lgm_game_pytorch/evaluations/formal_main/university1652/style/seed_3/metrics.json,8386bfd41fc2cb1a400e333aafbe1e58f914550be7c2770b43d5b43209a94638,1954,computed
formal_main/university1652/style/seed_3/resnet18/dim_512,evaluation_metrics_csv,lgm_game_pytorch/evaluations/formal_main/university1652/style/seed_3/metrics.csv,3c17f11cc09152476edcecb4d1f4e1d7a9b4a6862f0b6b2c8717d9719b97501f,882,computed
formal_main/university1652/style/seed_3/resnet18/dim_512,per_query_arrays:university1652_drone_to_satellite,lgm_game_pytorch/evaluations/formal_main/university1652/style/seed_3/per_query_arrays/university1652_drone_to_satellite_per_query.npz,adfbed8dd426e8edab9ff09fe2408d777f68635f360967f44906476f2016f8f8,631230,computed
formal_main/university1652/style/seed_3/resnet18/dim_512,per_query_arrays:university1652_satellite_to_drone,lgm_game_pytorch/evaluations/formal_main/university1652/style/seed_3/per_query_arrays/university1652_satellite_to_drone_per_query.npz,25c84498174744d2bd7aacac8013e25ce97bda0affda7ecf3025913d12ca03bc,21572,computed
formal_main/university1652/style/seed_3/resnet18/dim_512,per_query_arrays:university1652_street_to_satellite,lgm_game_pytorch/evaluations/formal_main/university1652/style/seed_3/per_query_arrays/university1652_street_to_satellite_per_query.npz,2b5cc68e23a017f73a219176ae9c432e68b705f6a0d6de937066d9f8165b37f3,47194,computed
formal_main/university1652/visual_content/seed_1/resnet18/dim_512,training_manifest,lgm_game_pytorch/runs/formal_main/university1652/visual_content/seed_1/run_manifest.json,53fab5a334f8ba8b6a1b8db955efe1e98413be86423353685f20478195c94883,2580,computed
formal_main/university1652/visual_content/seed_1/resnet18/dim_512,training_run_config.json,lgm_game_pytorch/runs/formal_main/university1652/visual_content/seed_1/run_config.json,726fbc33e07e89240fb5763325637979239684b13f6d2e7bbf40da830942c559,17185,computed
formal_main/university1652/visual_content/seed_1/resnet18/dim_512,training_history.json,lgm_game_pytorch/runs/formal_main/university1652/visual_content/seed_1/history.json,4b439a73ab7a4abd0174808e772ede83165c6e96cb59615aac8d00aec2b44ec3,36409,computed
formal_main/university1652/visual_content/seed_1/resnet18/dim_512,selected_checkpoint,lgm_game_pytorch/runs/formal_main/university1652/visual_content/seed_1/best.pt,3766263e40a7a52c2b0107736df535cc24dfd04e9095b13b3f4462fe1f4d8229,162801515,computed
formal_main/university1652/visual_content/seed_1/resnet18/dim_512,last_checkpoint,lgm_game_pytorch/runs/formal_main/university1652/visual_content/seed_1/last.pt,3766263e40a7a52c2b0107736df535cc24dfd04e9095b13b3f4462fe1f4d8229,162801515,declared_manifest_hash_and_file_presence
formal_main/university1652/visual_content/seed_1/resnet18/dim_512,evaluation_manifest,lgm_game_pytorch/evaluations/formal_main/university1652/visual_content/seed_1/evaluation_manifest.json,a1a4f367786375d5128b2e74fb3393df30cc4e1d629d8b595cd79eeb02fc8293,6516,computed
formal_main/university1652/visual_content/seed_1/resnet18/dim_512,evaluation_metrics,lgm_game_pytorch/evaluations/formal_main/university1652/visual_content/seed_1/metrics.json,068f9baf0cbeba04859ab16e8d5e8d8f8257c698f9637934cb4471db6a9591d9,1941,computed
formal_main/university1652/visual_content/seed_1/resnet18/dim_512,evaluation_metrics_csv,lgm_game_pytorch/evaluations/formal_main/university1652/visual_content/seed_1/metrics.csv,91532bf218c5c8c708a4e0cfb3eba27ba18a0ded688f7780a5f5585df3c53008,869,computed
formal_main/university1652/visual_content/seed_1/resnet18/dim_512,per_query_arrays:university1652_drone_to_satellite,lgm_game_pytorch/evaluations/formal_main/university1652/visual_content/seed_1/per_query_arrays/university1652_drone_to_satellite_per_query.npz,b8e711658633cf6294d220c3f8a74a0edd014c66676572ad4466ab077bdeb0b6,502906,computed
formal_main/university1652/visual_content/seed_1/resnet18/dim_512,per_query_arrays:university1652_satellite_to_drone,lgm_game_pytorch/evaluations/formal_main/university1652/visual_content/seed_1/per_query_arrays/university1652_satellite_to_drone_per_query.npz,2124218e16406123ec0ac0fa3be4c032384e2fea60148198a77cb8ea2c670a54,20911,computed
formal_main/university1652/visual_content/seed_1/resnet18/dim_512,per_query_arrays:university1652_street_to_satellite,lgm_game_pytorch/evaluations/formal_main/university1652/visual_content/seed_1/per_query_arrays/university1652_street_to_satellite_per_query.npz,f56af2bea925174e983134d80c4e24e49343fb9e50ffbd4a434cedf9ca4ea33a,62066,computed
formal_main/university1652/visual_content/seed_2/resnet18/dim_512,training_manifest,lgm_game_pytorch/runs/formal_main/university1652/visual_content/seed_2/run_manifest.json,1dde71fa7921ad5ef60f1f8def89b94ca2df479dbccbb71d5ed9e028706d694d,2580,computed
formal_main/university1652/visual_content/seed_2/resnet18/dim_512,training_run_config.json,lgm_game_pytorch/runs/formal_main/university1652/visual_content/seed_2/run_config.json,c847ae500e6e4845c7ff985d12ac807a724390790fb5e922e1700226f4a79f5b,17185,computed
formal_main/university1652/visual_content/seed_2/resnet18/dim_512,training_history.json,lgm_game_pytorch/runs/formal_main/university1652/visual_content/seed_2/history.json,730b0d4c92cbc21e6517462ac23d525336b71f2970e196a6618fa54cd1bee77d,36418,computed
formal_main/university1652/visual_content/seed_2/resnet18/dim_512,selected_checkpoint,lgm_game_pytorch/runs/formal_main/university1652/visual_content/seed_2/best.pt,fd251579705eb7654725a6d254ca71908d60d0b519df274decc01ac23dbfecbc,162801515,computed
formal_main/university1652/visual_content/seed_2/resnet18/dim_512,last_checkpoint,lgm_game_pytorch/runs/formal_main/university1652/visual_content/seed_2/last.pt,fd251579705eb7654725a6d254ca71908d60d0b519df274decc01ac23dbfecbc,162801515,declared_manifest_hash_and_file_presence
formal_main/university1652/visual_content/seed_2/resnet18/dim_512,evaluation_manifest,lgm_game_pytorch/evaluations/formal_main/university1652/visual_content/seed_2/evaluation_manifest.json,5bd2819a263cf26d25d0836cfcb90c604d38738779b05e6229e26336e9f77f89,6516,computed
formal_main/university1652/visual_content/seed_2/resnet18/dim_512,evaluation_metrics,lgm_game_pytorch/evaluations/formal_main/university1652/visual_content/seed_2/metrics.json,8220d2d090a226614229696a87585945df3268143b147710e8b647cec247366f,1942,computed
formal_main/university1652/visual_content/seed_2/resnet18/dim_512,evaluation_metrics_csv,lgm_game_pytorch/evaluations/formal_main/university1652/visual_content/seed_2/metrics.csv,5928e74090b28e44e26d68a1696bd820b32c58cdffb5a147a70172aa88f8fc0b,870,computed
formal_main/university1652/visual_content/seed_2/resnet18/dim_512,per_query_arrays:university1652_drone_to_satellite,lgm_game_pytorch/evaluations/formal_main/university1652/visual_content/seed_2/per_query_arrays/university1652_drone_to_satellite_per_query.npz,c25128476be411df92190cd5ff091870975765dd4a2e23fbaf2a3c6bef665e3b,505118,computed
formal_main/university1652/visual_content/seed_2/resnet18/dim_512,per_query_arrays:university1652_satellite_to_drone,lgm_game_pytorch/evaluations/formal_main/university1652/visual_content/seed_2/per_query_arrays/university1652_satellite_to_drone_per_query.npz,09a71677dede8b5809a68961e5a138e1ecc89a749fd593961fc4c1091ca743ba,20880,computed
formal_main/university1652/visual_content/seed_2/resnet18/dim_512,per_query_arrays:university1652_street_to_satellite,lgm_game_pytorch/evaluations/formal_main/university1652/visual_content/seed_2/per_query_arrays/university1652_street_to_satellite_per_query.npz,d3a3df869e830b5bab5fa87b145a7bad3c3d902e4fd91279d1b47c192707a4a1,62154,computed
formal_main/university1652/visual_content/seed_3/resnet18/dim_512,training_manifest,lgm_game_pytorch/runs/formal_main/university1652/visual_content/seed_3/run_manifest.json,2092ba7258f65e8f8ffef2c6e005a2b86fb6e41a4a050cd4119b09c8792fe117,2580,computed
formal_main/university1652/visual_content/seed_3/resnet18/dim_512,training_run_config.json,lgm_game_pytorch/runs/formal_main/university1652/visual_content/seed_3/run_config.json,1a47c2c96d1a65de428388cf80ce3d3a8dccebd0e42fbaa2899a27938c278f5d,17185,computed
formal_main/university1652/visual_content/seed_3/resnet18/dim_512,training_history.json,lgm_game_pytorch/runs/formal_main/university1652/visual_content/seed_3/history.json,8ef070fc629a75d30079b8d2e9a4a10980dba00a437599473ab2d4bc4d7f546e,36418,computed
formal_main/university1652/visual_content/seed_3/resnet18/dim_512,selected_checkpoint,lgm_game_pytorch/runs/formal_main/university1652/visual_content/seed_3/best.pt,5d8f6fc68324f2a52e4b72a42b2cbd4472d6d72403007642e3100990bb6d9288,162801515,computed
formal_main/university1652/visual_content/seed_3/resnet18/dim_512,last_checkpoint,lgm_game_pytorch/runs/formal_main/university1652/visual_content/seed_3/last.pt,5d8f6fc68324f2a52e4b72a42b2cbd4472d6d72403007642e3100990bb6d9288,162801515,declared_manifest_hash_and_file_presence
formal_main/university1652/visual_content/seed_3/resnet18/dim_512,evaluation_manifest,lgm_game_pytorch/evaluations/formal_main/university1652/visual_content/seed_3/evaluation_manifest.json,790830832e40492c9a6120b8a0f69da9e8a273f95b20ef97a75869ce693ea157,6516,computed
formal_main/university1652/visual_content/seed_3/resnet18/dim_512,evaluation_metrics,lgm_game_pytorch/evaluations/formal_main/university1652/visual_content/seed_3/metrics.json,02756f390722a52b16b17abe6c3d444ee35a1be760872c5dc52549cf16228719,1945,computed
formal_main/university1652/visual_content/seed_3/resnet18/dim_512,evaluation_metrics_csv,lgm_game_pytorch/evaluations/formal_main/university1652/visual_content/seed_3/metrics.csv,e65cae6eb8120e72157139ed061a07bf139e72b2a106726c7e9b431d225d466e,873,computed
formal_main/university1652/visual_content/seed_3/resnet18/dim_512,per_query_arrays:university1652_drone_to_satellite,lgm_game_pytorch/evaluations/formal_main/university1652/visual_content/seed_3/per_query_arrays/university1652_drone_to_satellite_per_query.npz,35fadd5c2bfd97bff6768f20576689e7bf9d9354b8a477e7f4130fcfd6e3c6c4,507604,computed
formal_main/university1652/visual_content/seed_3/resnet18/dim_512,per_query_arrays:university1652_satellite_to_drone,lgm_game_pytorch/evaluations/formal_main/university1652/visual_content/seed_3/per_query_arrays/university1652_satellite_to_drone_per_query.npz,feb30c40920f4dbb171fd0fe0ee393146a4426249150229ad03fbe777ea60179,20902,computed
formal_main/university1652/visual_content/seed_3/resnet18/dim_512,per_query_arrays:university1652_street_to_satellite,lgm_game_pytorch/evaluations/formal_main/university1652/visual_content/seed_3/per_query_arrays/university1652_street_to_satellite_per_query.npz,29341659419b795df56c3252c5bfacc94eafe4f59ebc1da491b6489f6beaff59,62017,computed
formal_main/university1652/visual_style/seed_1/resnet18/dim_512,training_manifest,lgm_game_pytorch/runs/formal_main/university1652/visual_style/seed_1/run_manifest.json,351b9110e0a4aba4571a00ee1bab6421e812c51581ccf1740a0cb430b8c8a4d9,2580,computed
formal_main/university1652/visual_style/seed_1/resnet18/dim_512,training_run_config.json,lgm_game_pytorch/runs/formal_main/university1652/visual_style/seed_1/run_config.json,19ccac774db22e8fc545edee08b51f6eabbda3b408be365950dedc42bdef06e5,17179,computed
formal_main/university1652/visual_style/seed_1/resnet18/dim_512,training_history.json,lgm_game_pytorch/runs/formal_main/university1652/visual_style/seed_1/history.json,10a3135d442e649fa0e94aca783fa448db360b9cbbf830fa769b75be80a37369,36427,computed
formal_main/university1652/visual_style/seed_1/resnet18/dim_512,selected_checkpoint,lgm_game_pytorch/runs/formal_main/university1652/visual_style/seed_1/best.pt,15a0a1b9893d3fdd0326c8e04f7abb62569076b13f4880f5daef4bc0501ee434,162796075,computed
formal_main/university1652/visual_style/seed_1/resnet18/dim_512,last_checkpoint,lgm_game_pytorch/runs/formal_main/university1652/visual_style/seed_1/last.pt,15a0a1b9893d3fdd0326c8e04f7abb62569076b13f4880f5daef4bc0501ee434,162796075,declared_manifest_hash_and_file_presence
formal_main/university1652/visual_style/seed_1/resnet18/dim_512,evaluation_manifest,lgm_game_pytorch/evaluations/formal_main/university1652/visual_style/seed_1/evaluation_manifest.json,04d1a38c6c88a63d623d81e3890156de8e44da3dce638acc99f9828d041bf599,6512,computed
formal_main/university1652/visual_style/seed_1/resnet18/dim_512,evaluation_metrics,lgm_game_pytorch/evaluations/formal_main/university1652/visual_style/seed_1/metrics.json,29732ed2bcec07d334927e81a80b311b07f6d4a4294cd0b94953f0551407db72,1939,computed
formal_main/university1652/visual_style/seed_1/resnet18/dim_512,evaluation_metrics_csv,lgm_game_pytorch/evaluations/formal_main/university1652/visual_style/seed_1/metrics.csv,51b30429a2484ece9842dff9d95cbd4c4cc7f046365fea478e7cd667eaa1db18,867,computed
formal_main/university1652/visual_style/seed_1/resnet18/dim_512,per_query_arrays:university1652_drone_to_satellite,lgm_game_pytorch/evaluations/formal_main/university1652/visual_style/seed_1/per_query_arrays/university1652_drone_to_satellite_per_query.npz,a90f3431c2435c8a611922bf044e9652aff985e306ffba57b7b98522405dd166,505810,computed
formal_main/university1652/visual_style/seed_1/resnet18/dim_512,per_query_arrays:university1652_satellite_to_drone,lgm_game_pytorch/evaluations/formal_main/university1652/visual_style/seed_1/per_query_arrays/university1652_satellite_to_drone_per_query.npz,9bfb915950e0de873c5936f256a57117dcb7508a5073ea96b218ff4840a9725a,20820,computed
formal_main/university1652/visual_style/seed_1/resnet18/dim_512,per_query_arrays:university1652_street_to_satellite,lgm_game_pytorch/evaluations/formal_main/university1652/visual_style/seed_1/per_query_arrays/university1652_street_to_satellite_per_query.npz,6749b2257122e6190a832443452def525a791f9558237653655144b48ced82e4,62286,computed
formal_main/university1652/visual_style/seed_2/resnet18/dim_512,training_manifest,lgm_game_pytorch/runs/formal_main/university1652/visual_style/seed_2/run_manifest.json,5525191a79009f3bef6746b78ab5926fa4a87c8b0de86004aae5e4a5b415792e,2579,computed
formal_main/university1652/visual_style/seed_2/resnet18/dim_512,training_run_config.json,lgm_game_pytorch/runs/formal_main/university1652/visual_style/seed_2/run_config.json,04aab7d5d3d6cce82276415796e2b24dde55298b4d23a6e8843d1106214a7470,17179,computed
formal_main/university1652/visual_style/seed_2/resnet18/dim_512,training_history.json,lgm_game_pytorch/runs/formal_main/university1652/visual_style/seed_2/history.json,f45bc74a27ca9980a4b88fb1661464a93692ba81dab568e0e1011e04daaf197c,36411,computed
formal_main/university1652/visual_style/seed_2/resnet18/dim_512,selected_checkpoint,lgm_game_pytorch/runs/formal_main/university1652/visual_style/seed_2/best.pt,4e1d977c636bc7d347ef9b10dc90a6f0f069a4476f810a62a4910306253a0c32,162796011,computed
formal_main/university1652/visual_style/seed_2/resnet18/dim_512,last_checkpoint,lgm_game_pytorch/runs/formal_main/university1652/visual_style/seed_2/last.pt,4e1d977c636bc7d347ef9b10dc90a6f0f069a4476f810a62a4910306253a0c32,162796011,declared_manifest_hash_and_file_presence
formal_main/university1652/visual_style/seed_2/resnet18/dim_512,evaluation_manifest,lgm_game_pytorch/evaluations/formal_main/university1652/visual_style/seed_2/evaluation_manifest.json,12fe229550213c0210be2d995ea5e4cfa3e0bd40c83dfbf64fea17cda90a1968,6511,computed
formal_main/university1652/visual_style/seed_2/resnet18/dim_512,evaluation_metrics,lgm_game_pytorch/evaluations/formal_main/university1652/visual_style/seed_2/metrics.json,9d94dd4e56fcfac1d7a38d9c64d15f1a4a1f64adf99255080b2e0ff34f9cef6b,1942,computed
formal_main/university1652/visual_style/seed_2/resnet18/dim_512,evaluation_metrics_csv,lgm_game_pytorch/evaluations/formal_main/university1652/visual_style/seed_2/metrics.csv,2265a0f9f785162722f03de1ec6c7a61a7e75349683f503ae8386a163d6be286,870,computed
formal_main/university1652/visual_style/seed_2/resnet18/dim_512,per_query_arrays:university1652_drone_to_satellite,lgm_game_pytorch/evaluations/formal_main/university1652/visual_style/seed_2/per_query_arrays/university1652_drone_to_satellite_per_query.npz,aeb6e32c890bd44b2f485ada224548dfea3c14c45dc946efce56f497a9fc156a,508619,computed
formal_main/university1652/visual_style/seed_2/resnet18/dim_512,per_query_arrays:university1652_satellite_to_drone,lgm_game_pytorch/evaluations/formal_main/university1652/visual_style/seed_2/per_query_arrays/university1652_satellite_to_drone_per_query.npz,aeb8c25054a41d67af285a21073e529211e6b0eded0071ddd9c1e6d60486b5f9,20947,computed
formal_main/university1652/visual_style/seed_2/resnet18/dim_512,per_query_arrays:university1652_street_to_satellite,lgm_game_pytorch/evaluations/formal_main/university1652/visual_style/seed_2/per_query_arrays/university1652_street_to_satellite_per_query.npz,68a6e5acc64396f8e62e6680c7a500d219d30b1e1a140cdb6fdfa3c069d850bd,62298,computed
formal_main/university1652/visual_style/seed_3/resnet18/dim_512,training_manifest,lgm_game_pytorch/runs/formal_main/university1652/visual_style/seed_3/run_manifest.json,f246fa0e18c9d47b2e2b2a6a86199659a80c62960b133a6707c32b43b02491e3,2580,computed
formal_main/university1652/visual_style/seed_3/resnet18/dim_512,training_run_config.json,lgm_game_pytorch/runs/formal_main/university1652/visual_style/seed_3/run_config.json,5c6974f43e7d6354dd0b5b9e420c15226a8ac75c7f8b687ec680f91d3e35b9c7,17179,computed
formal_main/university1652/visual_style/seed_3/resnet18/dim_512,training_history.json,lgm_game_pytorch/runs/formal_main/university1652/visual_style/seed_3/history.json,69ac4ba473b0e344201abd423d6764dfe307354d31ff6997f8807f878453a47e,36433,computed
formal_main/university1652/visual_style/seed_3/resnet18/dim_512,selected_checkpoint,lgm_game_pytorch/runs/formal_main/university1652/visual_style/seed_3/best.pt,6d58438a33aba7ed9817653535eb9e46c96fcf9459a5a66e4021172e0905c828,162795371,computed
formal_main/university1652/visual_style/seed_3/resnet18/dim_512,last_checkpoint,lgm_game_pytorch/runs/formal_main/university1652/visual_style/seed_3/last.pt,6d58438a33aba7ed9817653535eb9e46c96fcf9459a5a66e4021172e0905c828,162795371,declared_manifest_hash_and_file_presence
formal_main/university1652/visual_style/seed_3/resnet18/dim_512,evaluation_manifest,lgm_game_pytorch/evaluations/formal_main/university1652/visual_style/seed_3/evaluation_manifest.json,f405f64eaf6ed36d78041a33d6ea6c8f7828e83ccbe29661ecee46e05b8f76ed,6511,computed
formal_main/university1652/visual_style/seed_3/resnet18/dim_512,evaluation_metrics,lgm_game_pytorch/evaluations/formal_main/university1652/visual_style/seed_3/metrics.json,1b7caaceba535fe35a2b315ae2b4973d987b59d978ab4a7e363b317420d0f340,1943,computed
formal_main/university1652/visual_style/seed_3/resnet18/dim_512,evaluation_metrics_csv,lgm_game_pytorch/evaluations/formal_main/university1652/visual_style/seed_3/metrics.csv,7151930621053b6242da711d4dadb1f1baa409a5fef4a6f3a554587bddf0e797,871,computed
formal_main/university1652/visual_style/seed_3/resnet18/dim_512,per_query_arrays:university1652_drone_to_satellite,lgm_game_pytorch/evaluations/formal_main/university1652/visual_style/seed_3/per_query_arrays/university1652_drone_to_satellite_per_query.npz,53f83930a71ffdca424fcdbc84a8e551b4c54fcff804b92ea9e6fdbd128f06a7,511322,computed
formal_main/university1652/visual_style/seed_3/resnet18/dim_512,per_query_arrays:university1652_satellite_to_drone,lgm_game_pytorch/evaluations/formal_main/university1652/visual_style/seed_3/per_query_arrays/university1652_satellite_to_drone_per_query.npz,efc0ba88a6fcf7ba79a95804a746d7fddbc5251e176cd765c7b77aff57b6f01e,20933,computed
formal_main/university1652/visual_style/seed_3/resnet18/dim_512,per_query_arrays:university1652_street_to_satellite,lgm_game_pytorch/evaluations/formal_main/university1652/visual_style/seed_3/per_query_arrays/university1652_street_to_satellite_per_query.npz,95825a46c2b2a4850d2e72ab8cf6c88976a3f450eb6d06c0b13bc6c0e42e46ab,62204,computed
formal_main/university1652/full/seed_1/resnet18/dim_512,training_manifest,lgm_game_pytorch/runs/formal_main/university1652/full/seed_1/run_manifest.json,1b8e982f3c5020d316ef15b6720f951a3975085b93680215adf3306b54aaa955,2580,computed
formal_main/university1652/full/seed_1/resnet18/dim_512,training_run_config.json,lgm_game_pytorch/runs/formal_main/university1652/full/seed_1/run_config.json,6fa70b366ab34a52dc90aeaa6819fb98b2ce1db9d90a4c58b1be12f76acbacbb,17155,computed
formal_main/university1652/full/seed_1/resnet18/dim_512,training_history.json,lgm_game_pytorch/runs/formal_main/university1652/full/seed_1/history.json,9a947105ef3c3c4f2c0db063bd4b78f17dd57525e773309e962f28dbd5714391,36396,computed
formal_main/university1652/full/seed_1/resnet18/dim_512,selected_checkpoint,lgm_game_pytorch/runs/formal_main/university1652/full/seed_1/best.pt,581fc1b40e0dc343f3906c8e180bc843a58d37ba97e8fb5833f2c49ac39a9c99,172346411,computed
formal_main/university1652/full/seed_1/resnet18/dim_512,last_checkpoint,lgm_game_pytorch/runs/formal_main/university1652/full/seed_1/last.pt,581fc1b40e0dc343f3906c8e180bc843a58d37ba97e8fb5833f2c49ac39a9c99,172346411,declared_manifest_hash_and_file_presence
formal_main/university1652/full/seed_1/resnet18/dim_512,evaluation_manifest,lgm_game_pytorch/evaluations/formal_main/university1652/full/seed_1/evaluation_manifest.json,1878d8f4b6ae49ef3fd741240a62b8624016870dbf00ccae8cfc6823d99cb47f,6496,computed
formal_main/university1652/full/seed_1/resnet18/dim_512,evaluation_metrics,lgm_game_pytorch/evaluations/formal_main/university1652/full/seed_1/metrics.json,bc283968cc7d90459fc66a11278df1ae9db3532ff81f0d4f82db7d7596487b81,1942,computed
formal_main/university1652/full/seed_1/resnet18/dim_512,evaluation_metrics_csv,lgm_game_pytorch/evaluations/formal_main/university1652/full/seed_1/metrics.csv,f5ad6edecb9e13f41c9aa76eaf6a8c4cf05925a5a110bc0952e62bf3d713a0dd,870,computed
formal_main/university1652/full/seed_1/resnet18/dim_512,per_query_arrays:university1652_drone_to_satellite,lgm_game_pytorch/evaluations/formal_main/university1652/full/seed_1/per_query_arrays/university1652_drone_to_satellite_per_query.npz,4b8cb9ff3b6eb4ca8ad387c470c82d72f57a07cecf881497666717ca7af051bf,504108,computed
formal_main/university1652/full/seed_1/resnet18/dim_512,per_query_arrays:university1652_satellite_to_drone,lgm_game_pytorch/evaluations/formal_main/university1652/full/seed_1/per_query_arrays/university1652_satellite_to_drone_per_query.npz,1a100682e151b7327bcd4d4cebd16cba1ed6c8141f0cc07ce662d6e69644fcd0,20835,computed
formal_main/university1652/full/seed_1/resnet18/dim_512,per_query_arrays:university1652_street_to_satellite,lgm_game_pytorch/evaluations/formal_main/university1652/full/seed_1/per_query_arrays/university1652_street_to_satellite_per_query.npz,508aa804f4ed6a7bf139252fd97ebc35a0c8fa6496b7a3d33cf5f3a5cb107580,62341,computed
formal_main/university1652/full/seed_2/resnet18/dim_512,training_manifest,lgm_game_pytorch/runs/formal_main/university1652/full/seed_2/run_manifest.json,2af2ed7bb1080d37e961f14780b624ba8dc1612c9638ea336307d71378a1819e,2580,computed
formal_main/university1652/full/seed_2/resnet18/dim_512,training_run_config.json,lgm_game_pytorch/runs/formal_main/university1652/full/seed_2/run_config.json,1916699c2101383759fffb9b17a4bfbb1d483882e871848a7ddcfe84c38461e1,17155,computed
formal_main/university1652/full/seed_2/resnet18/dim_512,training_history.json,lgm_game_pytorch/runs/formal_main/university1652/full/seed_2/history.json,23b59259c4ba26f373e062c2a2047152ce5282add6b02d51897b86709943fa5c,36420,computed
formal_main/university1652/full/seed_2/resnet18/dim_512,selected_checkpoint,lgm_game_pytorch/runs/formal_main/university1652/full/seed_2/best.pt,771fc0ff3daeae4ccbcecd774d63820c7b2bcfd7f214c512c39ce64091cf3309,172346411,computed
formal_main/university1652/full/seed_2/resnet18/dim_512,last_checkpoint,lgm_game_pytorch/runs/formal_main/university1652/full/seed_2/last.pt,771fc0ff3daeae4ccbcecd774d63820c7b2bcfd7f214c512c39ce64091cf3309,172346411,declared_manifest_hash_and_file_presence
formal_main/university1652/full/seed_2/resnet18/dim_512,evaluation_manifest,lgm_game_pytorch/evaluations/formal_main/university1652/full/seed_2/evaluation_manifest.json,57aa77ca54d225979fb8be87d210ba5ce13996b6c74b94b17543e1e9a3b04077,6496,computed
formal_main/university1652/full/seed_2/resnet18/dim_512,evaluation_metrics,lgm_game_pytorch/evaluations/formal_main/university1652/full/seed_2/metrics.json,b2e35b07efa31fe68e96c42547beb7ced306a46f843b9cef7940b9585347079a,1943,computed
formal_main/university1652/full/seed_2/resnet18/dim_512,evaluation_metrics_csv,lgm_game_pytorch/evaluations/formal_main/university1652/full/seed_2/metrics.csv,9ae176eee5c65f3afbbf92754137463a36d09a8c83d249ab0dabc156f6077fe8,871,computed
formal_main/university1652/full/seed_2/resnet18/dim_512,per_query_arrays:university1652_drone_to_satellite,lgm_game_pytorch/evaluations/formal_main/university1652/full/seed_2/per_query_arrays/university1652_drone_to_satellite_per_query.npz,3838e5a15fc499c1d8602090d8159ecf90df4e28ec6f403e39222dce417f0c6f,501094,computed
formal_main/university1652/full/seed_2/resnet18/dim_512,per_query_arrays:university1652_satellite_to_drone,lgm_game_pytorch/evaluations/formal_main/university1652/full/seed_2/per_query_arrays/university1652_satellite_to_drone_per_query.npz,98202d2e0cbee46193153b27475f489cd44f2491c55d987ac8c41148f8f96263,20968,computed
formal_main/university1652/full/seed_2/resnet18/dim_512,per_query_arrays:university1652_street_to_satellite,lgm_game_pytorch/evaluations/formal_main/university1652/full/seed_2/per_query_arrays/university1652_street_to_satellite_per_query.npz,b343910f3f1a8cf39b06c97f28a80d15e2c0c3e92dad9a000a18eb3d2573dfe8,62213,computed
formal_main/university1652/full/seed_3/resnet18/dim_512,training_manifest,lgm_game_pytorch/runs/formal_main/university1652/full/seed_3/run_manifest.json,56eed53f2fc85d45fac7b07701eb2a287b0488ce5c693ad2762e7789c7562106,2580,computed
formal_main/university1652/full/seed_3/resnet18/dim_512,training_run_config.json,lgm_game_pytorch/runs/formal_main/university1652/full/seed_3/run_config.json,754b0b26ee4ec189ef9bfd8b72b424e4e90f09d88fc7c1a3648f80db22aa630a,17155,computed
formal_main/university1652/full/seed_3/resnet18/dim_512,training_history.json,lgm_game_pytorch/runs/formal_main/university1652/full/seed_3/history.json,71254ec3f3136bd27f1fd803294d5762181c91c279308e382a92be3c85aba92b,36417,computed
formal_main/university1652/full/seed_3/resnet18/dim_512,selected_checkpoint,lgm_game_pytorch/runs/formal_main/university1652/full/seed_3/best.pt,0f3f73762f77a11faa11e0c97c4c24def5f493c94158323fbbbac55b42efab53,172346411,computed
formal_main/university1652/full/seed_3/resnet18/dim_512,last_checkpoint,lgm_game_pytorch/runs/formal_main/university1652/full/seed_3/last.pt,0f3f73762f77a11faa11e0c97c4c24def5f493c94158323fbbbac55b42efab53,172346411,declared_manifest_hash_and_file_presence
formal_main/university1652/full/seed_3/resnet18/dim_512,evaluation_manifest,lgm_game_pytorch/evaluations/formal_main/university1652/full/seed_3/evaluation_manifest.json,e30c3c7b6e2a1774dacdb5aa423700870843171a8fa347a7ad55a1bd80fad100,6496,computed
formal_main/university1652/full/seed_3/resnet18/dim_512,evaluation_metrics,lgm_game_pytorch/evaluations/formal_main/university1652/full/seed_3/metrics.json,1a466359ca0de9873dc18981f5fb86b48f4bac17d85098a9043fe3ebeed02696,1945,computed
formal_main/university1652/full/seed_3/resnet18/dim_512,evaluation_metrics_csv,lgm_game_pytorch/evaluations/formal_main/university1652/full/seed_3/metrics.csv,817551e992b9e6e0cd90dff76cebbe2f871e3717102e6d1d28150675c815cb90,873,computed
formal_main/university1652/full/seed_3/resnet18/dim_512,per_query_arrays:university1652_drone_to_satellite,lgm_game_pytorch/evaluations/formal_main/university1652/full/seed_3/per_query_arrays/university1652_drone_to_satellite_per_query.npz,3a417fd0b5b3ca26d258745c87a5c185f9feed85c95a3da0a9925681e19d46ad,506608,computed
formal_main/university1652/full/seed_3/resnet18/dim_512,per_query_arrays:university1652_satellite_to_drone,lgm_game_pytorch/evaluations/formal_main/university1652/full/seed_3/per_query_arrays/university1652_satellite_to_drone_per_query.npz,da3011887c7879327b4b28154434bde7841a1edd6f60258846d5259e16c94bab,20819,computed
formal_main/university1652/full/seed_3/resnet18/dim_512,per_query_arrays:university1652_street_to_satellite,lgm_game_pytorch/evaluations/formal_main/university1652/full/seed_3/per_query_arrays/university1652_street_to_satellite_per_query.npz,696c855ec670cb36a45dc747eeb03f4372053880070fa8ac836e55e961c56f01,62050,computed
formal_main/sues200/visual/seed_1/resnet18/dim_512,training_manifest,lgm_game_pytorch/runs/formal_main/sues200/visual/seed_1/run_manifest.json,d3a547da70e5d475967c1f7331a0a60f9373e672ac7cec4123e6946cf7ee9bd4,2573,computed
formal_main/sues200/visual/seed_1/resnet18/dim_512,training_run_config.json,lgm_game_pytorch/runs/formal_main/sues200/visual/seed_1/run_config.json,51e737dadf8c621815a69df2c7042ade10a48a01610b9886c67ffa5f09d01efa,9370,computed
formal_main/sues200/visual/seed_1/resnet18/dim_512,training_history.json,lgm_game_pytorch/runs/formal_main/sues200/visual/seed_1/history.json,6d4d755c175ed67d0dda210ba6113ef0fa5c136ceb59d1a73b1570139b984450,36004,computed
formal_main/sues200/visual/seed_1/resnet18/dim_512,selected_checkpoint,lgm_game_pytorch/runs/formal_main/sues200/visual/seed_1/best.pt,b9da9c88f13541f05c17848eab9c43a2f332adbd22ee8880b82149ee8cc03a7a,140607467,computed
formal_main/sues200/visual/seed_1/resnet18/dim_512,last_checkpoint,lgm_game_pytorch/runs/formal_main/sues200/visual/seed_1/last.pt,b9da9c88f13541f05c17848eab9c43a2f332adbd22ee8880b82149ee8cc03a7a,140607467,declared_manifest_hash_and_file_presence
formal_main/sues200/visual/seed_1/resnet18/dim_512,evaluation_manifest,lgm_game_pytorch/evaluations/formal_main/sues200/visual/seed_1/evaluation_manifest.json,933848dad7fbdcaac9a717ff202a8efb506f72580c059f1eb3b08b0179506379,8989,computed
formal_main/sues200/visual/seed_1/resnet18/dim_512,evaluation_metrics,lgm_game_pytorch/evaluations/formal_main/sues200/visual/seed_1/metrics.json,ebdd4bcdb67d376fc13a7d60f936ca69966f368bb6372aaabaa3b77788db97d0,4262,computed
formal_main/sues200/visual/seed_1/resnet18/dim_512,evaluation_metrics_csv,lgm_game_pytorch/evaluations/formal_main/sues200/visual/seed_1/metrics.csv,bb3ab4769cae213952e13f89c89f2ab6e65939a6afcbc13645234eac98241477,1705,computed
formal_main/sues200/visual/seed_1/resnet18/dim_512,per_query_arrays:sues200_uav_150m_to_satellite,lgm_game_pytorch/evaluations/formal_main/sues200/visual/seed_1/per_query_arrays/sues200_uav_150m_to_satellite_per_query.npz,2e349c149c4e965a7384d68fb220d2d45cd4c171dd2449d470fec42ba0bc1ec4,47491,computed
formal_main/sues200/visual/seed_1/resnet18/dim_512,per_query_arrays:sues200_satellite_to_uav_150m,lgm_game_pytorch/evaluations/formal_main/sues200/visual/seed_1/per_query_arrays/sues200_satellite_to_uav_150m_per_query.npz,14e905c5cda86cfeda677865ed9312692429a542bccec25797e3ca0128488018,4290,computed
formal_main/sues200/visual/seed_1/resnet18/dim_512,per_query_arrays:sues200_uav_200m_to_satellite,lgm_game_pytorch/evaluations/formal_main/sues200/visual/seed_1/per_query_arrays/sues200_uav_200m_to_satellite_per_query.npz,91856714c6314b1411f9280625e8bf0ee5f7795a517073f9acfa0ba35498d9e0,46247,computed
formal_main/sues200/visual/seed_1/resnet18/dim_512,per_query_arrays:sues200_satellite_to_uav_200m,lgm_game_pytorch/evaluations/formal_main/sues200/visual/seed_1/per_query_arrays/sues200_satellite_to_uav_200m_per_query.npz,588609b48807a6379293265a542825c0a30be632d408c9997628f59450e0ef84,4235,computed
formal_main/sues200/visual/seed_1/resnet18/dim_512,per_query_arrays:sues200_uav_250m_to_satellite,lgm_game_pytorch/evaluations/formal_main/sues200/visual/seed_1/per_query_arrays/sues200_uav_250m_to_satellite_per_query.npz,8e0a0dc48bff48eab51c2854e777ac4c944e461d262fcb2240a57954fe056159,44868,computed
formal_main/sues200/visual/seed_1/resnet18/dim_512,per_query_arrays:sues200_satellite_to_uav_250m,lgm_game_pytorch/evaluations/formal_main/sues200/visual/seed_1/per_query_arrays/sues200_satellite_to_uav_250m_per_query.npz,6e5fd5565c7d2f7cbf571b3ae61317766e7f1e6637dd7591c67996eed8be3d05,4242,computed
formal_main/sues200/visual/seed_1/resnet18/dim_512,per_query_arrays:sues200_uav_300m_to_satellite,lgm_game_pytorch/evaluations/formal_main/sues200/visual/seed_1/per_query_arrays/sues200_uav_300m_to_satellite_per_query.npz,52ca297e56d642b3ae3649c9c3a2e1fcae358ed052d8219fa376d008c4bd35f4,44370,computed
formal_main/sues200/visual/seed_1/resnet18/dim_512,per_query_arrays:sues200_satellite_to_uav_300m,lgm_game_pytorch/evaluations/formal_main/sues200/visual/seed_1/per_query_arrays/sues200_satellite_to_uav_300m_per_query.npz,f5d892d0a526b0558c86c17a92fa1b155f9328893e41be2d650f95f1f68a597c,4230,computed
formal_main/sues200/visual/seed_2/resnet18/dim_512,training_manifest,lgm_game_pytorch/runs/formal_main/sues200/visual/seed_2/run_manifest.json,e9f5782253a943afc1af9ef75193b0ca6bc1d6ab0525a8ff542b0b17892e0a99,2578,computed
formal_main/sues200/visual/seed_2/resnet18/dim_512,training_run_config.json,lgm_game_pytorch/runs/formal_main/sues200/visual/seed_2/run_config.json,9d6236180ee66fb84f2712fe9e67faf1929d7a82502c8c2ae800b0a8ed93edf5,9370,computed
formal_main/sues200/visual/seed_2/resnet18/dim_512,training_history.json,lgm_game_pytorch/runs/formal_main/sues200/visual/seed_2/history.json,24a6275773c843b6d12935617368ab59d3cd2221c06e2dbcd0564ada826f3d70,35987,computed
formal_main/sues200/visual/seed_2/resnet18/dim_512,selected_checkpoint,lgm_game_pytorch/runs/formal_main/sues200/visual/seed_2/best.pt,a38a8f1d8143e8a404742b59a1bccb81263012b6cbbc0c7047ceba43fb51a996,140607403,computed
formal_main/sues200/visual/seed_2/resnet18/dim_512,last_checkpoint,lgm_game_pytorch/runs/formal_main/sues200/visual/seed_2/last.pt,a38a8f1d8143e8a404742b59a1bccb81263012b6cbbc0c7047ceba43fb51a996,140607403,declared_manifest_hash_and_file_presence
formal_main/sues200/visual/seed_2/resnet18/dim_512,evaluation_manifest,lgm_game_pytorch/evaluations/formal_main/sues200/visual/seed_2/evaluation_manifest.json,4dcb62edb17ddff51da6659518707ce4c0d38545ccdac587278c650769a5c109,8989,computed
formal_main/sues200/visual/seed_2/resnet18/dim_512,evaluation_metrics,lgm_game_pytorch/evaluations/formal_main/sues200/visual/seed_2/metrics.json,ac912b39d7fcc402d9a8354673ce7d018af81e2a49251fff105816eb191b7240,4265,computed
formal_main/sues200/visual/seed_2/resnet18/dim_512,evaluation_metrics_csv,lgm_game_pytorch/evaluations/formal_main/sues200/visual/seed_2/metrics.csv,1029438533bc33aa2935ea318ca3d748a173b1e6858fa67028027097f323d4c7,1708,computed
formal_main/sues200/visual/seed_2/resnet18/dim_512,per_query_arrays:sues200_uav_150m_to_satellite,lgm_game_pytorch/evaluations/formal_main/sues200/visual/seed_2/per_query_arrays/sues200_uav_150m_to_satellite_per_query.npz,4c6f20df1b0d28d9bf7f882ce4b3dabb925ae5343aa8982b75ce2b6e6a1c2a9f,47892,computed
formal_main/sues200/visual/seed_2/resnet18/dim_512,per_query_arrays:sues200_satellite_to_uav_150m,lgm_game_pytorch/evaluations/formal_main/sues200/visual/seed_2/per_query_arrays/sues200_satellite_to_uav_150m_per_query.npz,ef96e250078480f2bb128d1cdb1dfc269bea28d4f374a5e7eec755cfe093f708,4321,computed
formal_main/sues200/visual/seed_2/resnet18/dim_512,per_query_arrays:sues200_uav_200m_to_satellite,lgm_game_pytorch/evaluations/formal_main/sues200/visual/seed_2/per_query_arrays/sues200_uav_200m_to_satellite_per_query.npz,0a5ab7819458a47c73803c92622453d644954405219d78018dcdb7d4ef16e191,46690,computed
formal_main/sues200/visual/seed_2/resnet18/dim_512,per_query_arrays:sues200_satellite_to_uav_200m,lgm_game_pytorch/evaluations/formal_main/sues200/visual/seed_2/per_query_arrays/sues200_satellite_to_uav_200m_per_query.npz,5f93e88bd45000f20fd439cc736696f504e55796249608db7d87b3c41103b3b0,4224,computed
formal_main/sues200/visual/seed_2/resnet18/dim_512,per_query_arrays:sues200_uav_250m_to_satellite,lgm_game_pytorch/evaluations/formal_main/sues200/visual/seed_2/per_query_arrays/sues200_uav_250m_to_satellite_per_query.npz,e86e1e9aceabaef8b33d8cbbc62739e737d3eb548b3369a68c97c4dc7386e3c8,45685,computed
formal_main/sues200/visual/seed_2/resnet18/dim_512,per_query_arrays:sues200_satellite_to_uav_250m,lgm_game_pytorch/evaluations/formal_main/sues200/visual/seed_2/per_query_arrays/sues200_satellite_to_uav_250m_per_query.npz,7981b8559cf86b57fdfbf1ea21a64e0f2a9a7ca7238cf00f8d20c111a3e6f45c,4226,computed
formal_main/sues200/visual/seed_2/resnet18/dim_512,per_query_arrays:sues200_uav_300m_to_satellite,lgm_game_pytorch/evaluations/formal_main/sues200/visual/seed_2/per_query_arrays/sues200_uav_300m_to_satellite_per_query.npz,45830285c26a96cd16d7ec09c64dbc41d621624552010d12298b248b0a52808f,44833,computed
formal_main/sues200/visual/seed_2/resnet18/dim_512,per_query_arrays:sues200_satellite_to_uav_300m,lgm_game_pytorch/evaluations/formal_main/sues200/visual/seed_2/per_query_arrays/sues200_satellite_to_uav_300m_per_query.npz,29499e7564d952e3c6b2719b90739cb74fb68e3d5529d31566a8bf7995a80441,4210,computed
formal_main/sues200/visual/seed_3/resnet18/dim_512,training_manifest,lgm_game_pytorch/runs/formal_main/sues200/visual/seed_3/run_manifest.json,615fd3f7457768be4b9827df0ac7fde4eb2dac28308e337a09abbd9184b55932,2578,computed
formal_main/sues200/visual/seed_3/resnet18/dim_512,training_run_config.json,lgm_game_pytorch/runs/formal_main/sues200/visual/seed_3/run_config.json,dd24bca55fcd235d85ef4c8207bb17c4deefc55eda3abb917619ef6f2e1c503f,9370,computed
formal_main/sues200/visual/seed_3/resnet18/dim_512,training_history.json,lgm_game_pytorch/runs/formal_main/sues200/visual/seed_3/history.json,02df096d5827a822036e320489cc82f7e71d8db161e08ca6f428759e781e54dc,36049,computed
formal_main/sues200/visual/seed_3/resnet18/dim_512,selected_checkpoint,lgm_game_pytorch/runs/formal_main/sues200/visual/seed_3/best.pt,9b5be26cc36cf0822ef97559fdfbc569aa6f67b47413f21feebd2e91373d557e,140607467,computed
formal_main/sues200/visual/seed_3/resnet18/dim_512,last_checkpoint,lgm_game_pytorch/runs/formal_main/sues200/visual/seed_3/last.pt,9b5be26cc36cf0822ef97559fdfbc569aa6f67b47413f21feebd2e91373d557e,140607467,declared_manifest_hash_and_file_presence
formal_main/sues200/visual/seed_3/resnet18/dim_512,evaluation_manifest,lgm_game_pytorch/evaluations/formal_main/sues200/visual/seed_3/evaluation_manifest.json,19c00d72d3be1dd29ccc2e4ae5295276c318933cfdcf98241a85102cfcda7619,8989,computed
formal_main/sues200/visual/seed_3/resnet18/dim_512,evaluation_metrics,lgm_game_pytorch/evaluations/formal_main/sues200/visual/seed_3/metrics.json,881480ea0a3e0e303b44da22b9ab4b385a4e12f6816c2d0ed7da85eff211411d,4254,computed
formal_main/sues200/visual/seed_3/resnet18/dim_512,evaluation_metrics_csv,lgm_game_pytorch/evaluations/formal_main/sues200/visual/seed_3/metrics.csv,017243f8af2cddaf37f38b019bf4bdadd8da092c2201ca02c090bcf4db2d6e3c,1697,computed
formal_main/sues200/visual/seed_3/resnet18/dim_512,per_query_arrays:sues200_uav_150m_to_satellite,lgm_game_pytorch/evaluations/formal_main/sues200/visual/seed_3/per_query_arrays/sues200_uav_150m_to_satellite_per_query.npz,2514fa1a67ef6639d7591292d9ebc6c43944ddbee8f790b804e7f25c179ebde8,46775,computed
formal_main/sues200/visual/seed_3/resnet18/dim_512,per_query_arrays:sues200_satellite_to_uav_150m,lgm_game_pytorch/evaluations/formal_main/sues200/visual/seed_3/per_query_arrays/sues200_satellite_to_uav_150m_per_query.npz,4a6336f129a6c3ec6e744489413a6e96def948c576095782754e49e859c92330,4239,computed
formal_main/sues200/visual/seed_3/resnet18/dim_512,per_query_arrays:sues200_uav_200m_to_satellite,lgm_game_pytorch/evaluations/formal_main/sues200/visual/seed_3/per_query_arrays/sues200_uav_200m_to_satellite_per_query.npz,50ec9c92f73c719a417a2d98eadbfb3bf9a9c0991be52705e9dcbdfd616ad2f6,45674,computed
formal_main/sues200/visual/seed_3/resnet18/dim_512,per_query_arrays:sues200_satellite_to_uav_200m,lgm_game_pytorch/evaluations/formal_main/sues200/visual/seed_3/per_query_arrays/sues200_satellite_to_uav_200m_per_query.npz,e52a4a60f4729183f98c1605257bb23eee5dcc9520ff1e2b330adddbcafdd5e2,4224,computed
formal_main/sues200/visual/seed_3/resnet18/dim_512,per_query_arrays:sues200_uav_250m_to_satellite,lgm_game_pytorch/evaluations/formal_main/sues200/visual/seed_3/per_query_arrays/sues200_uav_250m_to_satellite_per_query.npz,b2db80bccb180a974e7a505b0f874dbebe455c18c525900a83a683e25a69be59,44926,computed
formal_main/sues200/visual/seed_3/resnet18/dim_512,per_query_arrays:sues200_satellite_to_uav_250m,lgm_game_pytorch/evaluations/formal_main/sues200/visual/seed_3/per_query_arrays/sues200_satellite_to_uav_250m_per_query.npz,506366ea85c01525213996a165b659f27d9f38c97ff9ea49ffa5c0240d87b1b6,4229,computed
formal_main/sues200/visual/seed_3/resnet18/dim_512,per_query_arrays:sues200_uav_300m_to_satellite,lgm_game_pytorch/evaluations/formal_main/sues200/visual/seed_3/per_query_arrays/sues200_uav_300m_to_satellite_per_query.npz,6b8a91202ef7ca2bc177f7ccada34a8e36b3394a751b3ffd2af200328597a2ce,44365,computed
formal_main/sues200/visual/seed_3/resnet18/dim_512,per_query_arrays:sues200_satellite_to_uav_300m,lgm_game_pytorch/evaluations/formal_main/sues200/visual/seed_3/per_query_arrays/sues200_satellite_to_uav_300m_per_query.npz,e336733d0be21854d92ab97dbcadc071083163373d33981cb8357171f638b14c,4205,computed
formal_main/sues200/content/seed_1/resnet18/dim_512,training_manifest,lgm_game_pytorch/runs/formal_main/sues200/content/seed_1/run_manifest.json,ffc3a257abb64f03fd0c34163013b8a26c1a4e1eeffb9590dd76cf6b8ecad479,2575,computed
formal_main/sues200/content/seed_1/resnet18/dim_512,training_run_config.json,lgm_game_pytorch/runs/formal_main/sues200/content/seed_1/run_config.json,070428f5f2de58f56cf561a5a27a51ec256d7578e077d5b0316335d6c9ddf2f6,9120,computed
formal_main/sues200/content/seed_1/resnet18/dim_512,training_history.json,lgm_game_pytorch/runs/formal_main/sues200/content/seed_1/history.json,af678eb9d8fe3d3e4cb61a760e027f6af20ec263ee90b58e2d8a0a52ef87b4b3,33693,computed
formal_main/sues200/content/seed_1/resnet18/dim_512,selected_checkpoint,lgm_game_pytorch/runs/formal_main/sues200/content/seed_1/best.pt,a6e4cac189b7a1f99bc48a7e26530800e44c473ef9a6b09a2ff33490e955b218,3280369,computed
formal_main/sues200/content/seed_1/resnet18/dim_512,last_checkpoint,lgm_game_pytorch/runs/formal_main/sues200/content/seed_1/last.pt,a6e4cac189b7a1f99bc48a7e26530800e44c473ef9a6b09a2ff33490e955b218,3280369,declared_manifest_hash_and_file_presence
formal_main/sues200/content/seed_1/resnet18/dim_512,evaluation_manifest,lgm_game_pytorch/evaluations/formal_main/sues200/content/seed_1/evaluation_manifest.json,a3eca280d11b8459a3bfb79cfbf9e87107f151f05f51652f9b63b6efe7665bad,8991,computed
formal_main/sues200/content/seed_1/resnet18/dim_512,evaluation_metrics,lgm_game_pytorch/evaluations/formal_main/sues200/content/seed_1/metrics.json,1e26582a3136f24f3acbebe47fc938be437970a2376e3e5b66608021b6ffa022,4274,computed
formal_main/sues200/content/seed_1/resnet18/dim_512,evaluation_metrics_csv,lgm_game_pytorch/evaluations/formal_main/sues200/content/seed_1/metrics.csv,2e4182b4decc249f1d747fbfa6f0f3d49042f158cce60a2bf189c8b9d9742a14,1717,computed
formal_main/sues200/content/seed_1/resnet18/dim_512,per_query_arrays:sues200_uav_150m_to_satellite,lgm_game_pytorch/evaluations/formal_main/sues200/content/seed_1/per_query_arrays/sues200_uav_150m_to_satellite_per_query.npz,de42d4d71149f21b66ca909be290124ba9a66217ebcece5f5779f0edb1a16858,55480,computed
formal_main/sues200/content/seed_1/resnet18/dim_512,per_query_arrays:sues200_satellite_to_uav_150m,lgm_game_pytorch/evaluations/formal_main/sues200/content/seed_1/per_query_arrays/sues200_satellite_to_uav_150m_per_query.npz,da52e88732200406b692f799eec148ce09256456bff3fa01e8b7d6ad072a79f8,4424,computed
formal_main/sues200/content/seed_1/resnet18/dim_512,per_query_arrays:sues200_uav_200m_to_satellite,lgm_game_pytorch/evaluations/formal_main/sues200/content/seed_1/per_query_arrays/sues200_uav_200m_to_satellite_per_query.npz,e0ce7b3ffc49b23e8469b58e35744a8e4ceae26d593258c33d47ab2dd3f8325f,56233,computed
formal_main/sues200/content/seed_1/resnet18/dim_512,per_query_arrays:sues200_satellite_to_uav_200m,lgm_game_pytorch/evaluations/formal_main/sues200/content/seed_1/per_query_arrays/sues200_satellite_to_uav_200m_per_query.npz,74ebaf064754e407c840fe18a652e8bef194734490f82fc56934a996e825ee2f,4422,computed
formal_main/sues200/content/seed_1/resnet18/dim_512,per_query_arrays:sues200_uav_250m_to_satellite,lgm_game_pytorch/evaluations/formal_main/sues200/content/seed_1/per_query_arrays/sues200_uav_250m_to_satellite_per_query.npz,8334a76357e8b36b0f3d7ed9844e535d5940d34a77c13e88e2e70e0067f2f0bc,57024,computed
formal_main/sues200/content/seed_1/resnet18/dim_512,per_query_arrays:sues200_satellite_to_uav_250m,lgm_game_pytorch/evaluations/formal_main/sues200/content/seed_1/per_query_arrays/sues200_satellite_to_uav_250m_per_query.npz,f2e5fbb0ed14195405fdfe051f56b6d3004e3b8e7aaa50a4ba0e90c9c4fc0fb2,4408,computed
formal_main/sues200/content/seed_1/resnet18/dim_512,per_query_arrays:sues200_uav_300m_to_satellite,lgm_game_pytorch/evaluations/formal_main/sues200/content/seed_1/per_query_arrays/sues200_uav_300m_to_satellite_per_query.npz,d3dbafc91e02ab26b836e876e42c5db2b605d8834c0256823d3b386c9301f79a,57801,computed
formal_main/sues200/content/seed_1/resnet18/dim_512,per_query_arrays:sues200_satellite_to_uav_300m,lgm_game_pytorch/evaluations/formal_main/sues200/content/seed_1/per_query_arrays/sues200_satellite_to_uav_300m_per_query.npz,18eec8c0c37f2a565d7219cd2f3e7efe0f96a9612bb55e43620471e99eaca590,4452,computed
formal_main/sues200/content/seed_2/resnet18/dim_512,training_manifest,lgm_game_pytorch/runs/formal_main/sues200/content/seed_2/run_manifest.json,93aad787543f837606fc57988dea71c0d7d328f56073c1ed3201e4859d1f0d57,2575,computed
formal_main/sues200/content/seed_2/resnet18/dim_512,training_run_config.json,lgm_game_pytorch/runs/formal_main/sues200/content/seed_2/run_config.json,20bd70bf220c4d0b55806d5b08c731882834fda5ac37fd5a5391e049ced8ea82,9120,computed
formal_main/sues200/content/seed_2/resnet18/dim_512,training_history.json,lgm_game_pytorch/runs/formal_main/sues200/content/seed_2/history.json,d9ea0b71801780912a0c87a8a93d62465ce53bce2dab6b2133fe52d133111357,33692,computed
formal_main/sues200/content/seed_2/resnet18/dim_512,selected_checkpoint,lgm_game_pytorch/runs/formal_main/sues200/content/seed_2/best.pt,2f4d69d433ec5363c4c155954994f5fac20ba369bd52e591a994c984413f0822,3280369,computed
formal_main/sues200/content/seed_2/resnet18/dim_512,last_checkpoint,lgm_game_pytorch/runs/formal_main/sues200/content/seed_2/last.pt,2f4d69d433ec5363c4c155954994f5fac20ba369bd52e591a994c984413f0822,3280369,declared_manifest_hash_and_file_presence
formal_main/sues200/content/seed_2/resnet18/dim_512,evaluation_manifest,lgm_game_pytorch/evaluations/formal_main/sues200/content/seed_2/evaluation_manifest.json,37f8a383f1f4c73faba043e186583f6e0f85c840f43fdc0aeb4e62bb1da6cd1b,8992,computed
formal_main/sues200/content/seed_2/resnet18/dim_512,evaluation_metrics,lgm_game_pytorch/evaluations/formal_main/sues200/content/seed_2/metrics.json,5e013283eb8e8b3216a170bc18bc742a7f6faf205928c2b2eacc305ccc2d254d,4276,computed
formal_main/sues200/content/seed_2/resnet18/dim_512,evaluation_metrics_csv,lgm_game_pytorch/evaluations/formal_main/sues200/content/seed_2/metrics.csv,e2ce2df121c9af7e718de8ca04b62bb717f4da40f06518a909d111a32632f76a,1719,computed
formal_main/sues200/content/seed_2/resnet18/dim_512,per_query_arrays:sues200_uav_150m_to_satellite,lgm_game_pytorch/evaluations/formal_main/sues200/content/seed_2/per_query_arrays/sues200_uav_150m_to_satellite_per_query.npz,cc75864da30507786658b8220105ce64121f085b68eb53ea8faf4a029c8b36ec,55418,computed
formal_main/sues200/content/seed_2/resnet18/dim_512,per_query_arrays:sues200_satellite_to_uav_150m,lgm_game_pytorch/evaluations/formal_main/sues200/content/seed_2/per_query_arrays/sues200_satellite_to_uav_150m_per_query.npz,6ee0db66f36a1242ad0dc9b321cc6e85bfe3870f72e44065138987ef02cf4402,4422,computed
formal_main/sues200/content/seed_2/resnet18/dim_512,per_query_arrays:sues200_uav_200m_to_satellite,lgm_game_pytorch/evaluations/formal_main/sues200/content/seed_2/per_query_arrays/sues200_uav_200m_to_satellite_per_query.npz,3541e7f1a8a46b65e399a478faeaf645af767796153b61038a0083a260598777,56426,computed
formal_main/sues200/content/seed_2/resnet18/dim_512,per_query_arrays:sues200_satellite_to_uav_200m,lgm_game_pytorch/evaluations/formal_main/sues200/content/seed_2/per_query_arrays/sues200_satellite_to_uav_200m_per_query.npz,34cf242d601a858af05212c67959357476763a457ce9b14d4481c32116ab9390,4384,computed
formal_main/sues200/content/seed_2/resnet18/dim_512,per_query_arrays:sues200_uav_250m_to_satellite,lgm_game_pytorch/evaluations/formal_main/sues200/content/seed_2/per_query_arrays/sues200_uav_250m_to_satellite_per_query.npz,9f82326955c15405568672c1bbfe70cc03c5ffff15ad4492a0130607100f928b,56802,computed
formal_main/sues200/content/seed_2/resnet18/dim_512,per_query_arrays:sues200_satellite_to_uav_250m,lgm_game_pytorch/evaluations/formal_main/sues200/content/seed_2/per_query_arrays/sues200_satellite_to_uav_250m_per_query.npz,66be3b7ab3966860f1dc5f45ea4ad857b50f8bb08360d1d23b2937c202735eec,4418,computed
formal_main/sues200/content/seed_2/resnet18/dim_512,per_query_arrays:sues200_uav_300m_to_satellite,lgm_game_pytorch/evaluations/formal_main/sues200/content/seed_2/per_query_arrays/sues200_uav_300m_to_satellite_per_query.npz,069a1a61915c26308bb5bda2590dcd2bca67c371e2230ac3bbf1ad5ca23eed11,57841,computed
formal_main/sues200/content/seed_2/resnet18/dim_512,per_query_arrays:sues200_satellite_to_uav_300m,lgm_game_pytorch/evaluations/formal_main/sues200/content/seed_2/per_query_arrays/sues200_satellite_to_uav_300m_per_query.npz,85a26c41e693e61b044ee124b92e8cc62080b53588aa62a35abae77f89dd5747,4457,computed
formal_main/sues200/content/seed_3/resnet18/dim_512,training_manifest,lgm_game_pytorch/runs/formal_main/sues200/content/seed_3/run_manifest.json,f80177f72668a9793dd0bb0ef64fd3a0db8561fb87d272db209de6b8c1cab65c,2575,computed
formal_main/sues200/content/seed_3/resnet18/dim_512,training_run_config.json,lgm_game_pytorch/runs/formal_main/sues200/content/seed_3/run_config.json,f181af04652b948a3f47910559db4e68a2b6fdfe220e1d899e0405449bc43d00,9120,computed
formal_main/sues200/content/seed_3/resnet18/dim_512,training_history.json,lgm_game_pytorch/runs/formal_main/sues200/content/seed_3/history.json,2a2cdb4a2630d687cb8c3fff1047a6e735d0a2eeb36115aa11499b8b7a290f15,33722,computed
formal_main/sues200/content/seed_3/resnet18/dim_512,selected_checkpoint,lgm_game_pytorch/runs/formal_main/sues200/content/seed_3/best.pt,0604d8d400a7980ebb2d1fd55d44da9b858e09f60db40924de1d7f0685795b7e,3280369,computed
formal_main/sues200/content/seed_3/resnet18/dim_512,last_checkpoint,lgm_game_pytorch/runs/formal_main/sues200/content/seed_3/last.pt,0604d8d400a7980ebb2d1fd55d44da9b858e09f60db40924de1d7f0685795b7e,3280369,declared_manifest_hash_and_file_presence
formal_main/sues200/content/seed_3/resnet18/dim_512,evaluation_manifest,lgm_game_pytorch/evaluations/formal_main/sues200/content/seed_3/evaluation_manifest.json,b2659ecfdba9a25cd17f700561d3161bb5476cd54fc72a6e41205643d1e7d527,8992,computed
formal_main/sues200/content/seed_3/resnet18/dim_512,evaluation_metrics,lgm_game_pytorch/evaluations/formal_main/sues200/content/seed_3/metrics.json,36defb97e71c592c434e268fbce376cf71555f0a7fe1de19525a08707b0bcc7c,4281,computed
formal_main/sues200/content/seed_3/resnet18/dim_512,evaluation_metrics_csv,lgm_game_pytorch/evaluations/formal_main/sues200/content/seed_3/metrics.csv,164dd57ef390829a9d0cae296bd3aa9f5a5e98e435fd9bab7bf8d3a10734fde5,1724,computed
formal_main/sues200/content/seed_3/resnet18/dim_512,per_query_arrays:sues200_uav_150m_to_satellite,lgm_game_pytorch/evaluations/formal_main/sues200/content/seed_3/per_query_arrays/sues200_uav_150m_to_satellite_per_query.npz,8e338097e6b32846e72ec1546d99585af8f5e5dfeefceeb19b6f1cbccbbb8517,55152,computed
formal_main/sues200/content/seed_3/resnet18/dim_512,per_query_arrays:sues200_satellite_to_uav_150m,lgm_game_pytorch/evaluations/formal_main/sues200/content/seed_3/per_query_arrays/sues200_satellite_to_uav_150m_per_query.npz,293679819de730c5bc39b9950399db74825210aff9188c3e174d9b44c2327617,4399,computed
formal_main/sues200/content/seed_3/resnet18/dim_512,per_query_arrays:sues200_uav_200m_to_satellite,lgm_game_pytorch/evaluations/formal_main/sues200/content/seed_3/per_query_arrays/sues200_uav_200m_to_satellite_per_query.npz,35e18b25629084743cf8821e8a7d6af5ce52d0d62cfe504438042dfcca1a9190,56229,computed
formal_main/sues200/content/seed_3/resnet18/dim_512,per_query_arrays:sues200_satellite_to_uav_200m,lgm_game_pytorch/evaluations/formal_main/sues200/content/seed_3/per_query_arrays/sues200_satellite_to_uav_200m_per_query.npz,0560672c632ab3340bba27258829ac2e233b617af98836c11af8a60b03bd486a,4407,computed
formal_main/sues200/content/seed_3/resnet18/dim_512,per_query_arrays:sues200_uav_250m_to_satellite,lgm_game_pytorch/evaluations/formal_main/sues200/content/seed_3/per_query_arrays/sues200_uav_250m_to_satellite_per_query.npz,ca2cfd227e650796b0ab372d24b7bc727fbcb040f1b7469400d6d5aa89c71804,56964,computed
formal_main/sues200/content/seed_3/resnet18/dim_512,per_query_arrays:sues200_satellite_to_uav_250m,lgm_game_pytorch/evaluations/formal_main/sues200/content/seed_3/per_query_arrays/sues200_satellite_to_uav_250m_per_query.npz,edf0bebd7fd95393b52beed9539d8fa4819e5a7219abd45f8d0f733fe5b5f011,4428,computed
formal_main/sues200/content/seed_3/resnet18/dim_512,per_query_arrays:sues200_uav_300m_to_satellite,lgm_game_pytorch/evaluations/formal_main/sues200/content/seed_3/per_query_arrays/sues200_uav_300m_to_satellite_per_query.npz,b8172f03cb815b01d1de963dcb161b92da46ebb99929f48f4b7ad15271839c01,57634,computed
formal_main/sues200/content/seed_3/resnet18/dim_512,per_query_arrays:sues200_satellite_to_uav_300m,lgm_game_pytorch/evaluations/formal_main/sues200/content/seed_3/per_query_arrays/sues200_satellite_to_uav_300m_per_query.npz,76d918edd949378038a51dc3f5f9daae06e52ace39d381c8f3a68dc73a884ac2,4470,computed
formal_main/sues200/style/seed_1/resnet18/dim_512,training_manifest,lgm_game_pytorch/runs/formal_main/sues200/style/seed_1/run_manifest.json,4b4083a935055610539a1fc93201a1b2c3a6d9147cf8089d27e9e637711dd9dc,2575,computed
formal_main/sues200/style/seed_1/resnet18/dim_512,training_run_config.json,lgm_game_pytorch/runs/formal_main/sues200/style/seed_1/run_config.json,6e3f2d82945d970e1204163067bffaf17c4fdea636336af26df3fe02b81eef1b,9114,computed
formal_main/sues200/style/seed_1/resnet18/dim_512,training_history.json,lgm_game_pytorch/runs/formal_main/sues200/style/seed_1/history.json,58f7977f4888d7b72b67284b27677895efd611cd0e823861b77242bf18e928e2,33789,computed
formal_main/sues200/style/seed_1/resnet18/dim_512,selected_checkpoint,lgm_game_pytorch/runs/formal_main/sues200/style/seed_1/best.pt,ee8a2baf567640ba061ec7f9a7565d783ddd606f92bd08a91253db4c54b50e8b,3274225,computed
formal_main/sues200/style/seed_1/resnet18/dim_512,last_checkpoint,lgm_game_pytorch/runs/formal_main/sues200/style/seed_1/last.pt,ee8a2baf567640ba061ec7f9a7565d783ddd606f92bd08a91253db4c54b50e8b,3274225,declared_manifest_hash_and_file_presence
formal_main/sues200/style/seed_1/resnet18/dim_512,evaluation_manifest,lgm_game_pytorch/evaluations/formal_main/sues200/style/seed_1/evaluation_manifest.json,2c1b042d1d970dfb8d58b6a05823f7266093503800d3e5daa8f747202f25fbd4,8987,computed
formal_main/sues200/style/seed_1/resnet18/dim_512,evaluation_metrics,lgm_game_pytorch/evaluations/formal_main/sues200/style/seed_1/metrics.json,1fedf4a744a4698df34b31992eb0884805ffcb54e60c5c16b2dd86d07ac2ea74,4279,computed
formal_main/sues200/style/seed_1/resnet18/dim_512,evaluation_metrics_csv,lgm_game_pytorch/evaluations/formal_main/sues200/style/seed_1/metrics.csv,ff7fc372f6ed063eb9da9c44fad1937184d1d40e46267e3bc2acd8432f2e8c99,1722,computed
formal_main/sues200/style/seed_1/resnet18/dim_512,per_query_arrays:sues200_uav_150m_to_satellite,lgm_game_pytorch/evaluations/formal_main/sues200/style/seed_1/per_query_arrays/sues200_uav_150m_to_satellite_per_query.npz,03c56fecdbdd68c21d01dd8c997bdc46cd21a90569300e211d753092ec44178d,49157,computed
formal_main/sues200/style/seed_1/resnet18/dim_512,per_query_arrays:sues200_satellite_to_uav_150m,lgm_game_pytorch/evaluations/formal_main/sues200/style/seed_1/per_query_arrays/sues200_satellite_to_uav_150m_per_query.npz,d9093301e4d16a279e616257ae2654c652574718e38f0094ea9a45e41839bcce,3989,computed
formal_main/sues200/style/seed_1/resnet18/dim_512,per_query_arrays:sues200_uav_200m_to_satellite,lgm_game_pytorch/evaluations/formal_main/sues200/style/seed_1/per_query_arrays/sues200_uav_200m_to_satellite_per_query.npz,0be20fc8dfdd4aa8033fb3e9699e9c518b45357f835e765310c5aed8dba6103f,50360,computed
formal_main/sues200/style/seed_1/resnet18/dim_512,per_query_arrays:sues200_satellite_to_uav_200m,lgm_game_pytorch/evaluations/formal_main/sues200/style/seed_1/per_query_arrays/sues200_satellite_to_uav_200m_per_query.npz,f0f6334c76b87cc39947d7c968a65817fb3955a2d97daf7e38b3f717311cb933,3977,computed
formal_main/sues200/style/seed_1/resnet18/dim_512,per_query_arrays:sues200_uav_250m_to_satellite,lgm_game_pytorch/evaluations/formal_main/sues200/style/seed_1/per_query_arrays/sues200_uav_250m_to_satellite_per_query.npz,44576c8f1c2bdde880c29bba0a23b8964e15e36a9d4a76d5a622a29547947856,50625,computed
formal_main/sues200/style/seed_1/resnet18/dim_512,per_query_arrays:sues200_satellite_to_uav_250m,lgm_game_pytorch/evaluations/formal_main/sues200/style/seed_1/per_query_arrays/sues200_satellite_to_uav_250m_per_query.npz,e7d1848a27bae498a44502e412c3c9a25394aa75ba834efbcf64244472414ddb,3988,computed
formal_main/sues200/style/seed_1/resnet18/dim_512,per_query_arrays:sues200_uav_300m_to_satellite,lgm_game_pytorch/evaluations/formal_main/sues200/style/seed_1/per_query_arrays/sues200_uav_300m_to_satellite_per_query.npz,31350357a80ab0800be6c7688e368f4568e252ea0bf70e81d2a3eb499a4fa888,51228,computed
formal_main/sues200/style/seed_1/resnet18/dim_512,per_query_arrays:sues200_satellite_to_uav_300m,lgm_game_pytorch/evaluations/formal_main/sues200/style/seed_1/per_query_arrays/sues200_satellite_to_uav_300m_per_query.npz,d02a79de837fa61d07b203cb0a8c33f5c1e7ef30ab50aab3426fb98acc99fa3f,4068,computed
formal_main/sues200/style/seed_2/resnet18/dim_512,training_manifest,lgm_game_pytorch/runs/formal_main/sues200/style/seed_2/run_manifest.json,4bbf9eab3b3a5f96898522f19f0a90aaab05106a37871cb1f41b3848552565d6,2574,computed
formal_main/sues200/style/seed_2/resnet18/dim_512,training_run_config.json,lgm_game_pytorch/runs/formal_main/sues200/style/seed_2/run_config.json,67e64069026aea5bd13a5514fe60930b7c09f689082bb551d42560c7fd448cc5,9114,computed
formal_main/sues200/style/seed_2/resnet18/dim_512,training_history.json,lgm_game_pytorch/runs/formal_main/sues200/style/seed_2/history.json,9e6fd2eb2144c68250c3e32e1791d5434eb89961196d39f396c23e3e178724cc,33827,computed
formal_main/sues200/style/seed_2/resnet18/dim_512,selected_checkpoint,lgm_game_pytorch/runs/formal_main/sues200/style/seed_2/best.pt,308068cec253be7a600387dac1720cb8a4a34d33208573324e9e8eb830113140,3274225,computed
formal_main/sues200/style/seed_2/resnet18/dim_512,last_checkpoint,lgm_game_pytorch/runs/formal_main/sues200/style/seed_2/last.pt,308068cec253be7a600387dac1720cb8a4a34d33208573324e9e8eb830113140,3274225,declared_manifest_hash_and_file_presence
formal_main/sues200/style/seed_2/resnet18/dim_512,evaluation_manifest,lgm_game_pytorch/evaluations/formal_main/sues200/style/seed_2/evaluation_manifest.json,332be4222d6e9933e724123c28876a57a827d3fbd8fed20a55ea21e69a11b720,8988,computed
formal_main/sues200/style/seed_2/resnet18/dim_512,evaluation_metrics,lgm_game_pytorch/evaluations/formal_main/sues200/style/seed_2/metrics.json,1ddfd170dfcd86122af3fd346b11ea02c45a7130b33f681ae20e1abc70772ac1,4286,computed
formal_main/sues200/style/seed_2/resnet18/dim_512,evaluation_metrics_csv,lgm_game_pytorch/evaluations/formal_main/sues200/style/seed_2/metrics.csv,6e017a2417252bab7fb95e7ecf4017edb1693186ee47ee00a72084fdd1975b90,1729,computed
formal_main/sues200/style/seed_2/resnet18/dim_512,per_query_arrays:sues200_uav_150m_to_satellite,lgm_game_pytorch/evaluations/formal_main/sues200/style/seed_2/per_query_arrays/sues200_uav_150m_to_satellite_per_query.npz,966673216a04c2704b6d0188c0be43dea02f43f1c9cfa983a0a3408f705a96a1,49207,computed
formal_main/sues200/style/seed_2/resnet18/dim_512,per_query_arrays:sues200_satellite_to_uav_150m,lgm_game_pytorch/evaluations/formal_main/sues200/style/seed_2/per_query_arrays/sues200_satellite_to_uav_150m_per_query.npz,20609b77099cdd433fab3827f2b9a0dd6b59b03a9bb7fb3e82fe37acab99317d,4017,computed
formal_main/sues200/style/seed_2/resnet18/dim_512,per_query_arrays:sues200_uav_200m_to_satellite,lgm_game_pytorch/evaluations/formal_main/sues200/style/seed_2/per_query_arrays/sues200_uav_200m_to_satellite_per_query.npz,8939dd3e5345d593c8836094b6e84b6cd715db9b323b83440e71fc646021e97e,50373,computed
formal_main/sues200/style/seed_2/resnet18/dim_512,per_query_arrays:sues200_satellite_to_uav_200m,lgm_game_pytorch/evaluations/formal_main/sues200/style/seed_2/per_query_arrays/sues200_satellite_to_uav_200m_per_query.npz,742c760332f7527ff46dfb62ff1c5ba048d5ece95b6ff76724add082a6c3b064,3952,computed
formal_main/sues200/style/seed_2/resnet18/dim_512,per_query_arrays:sues200_uav_250m_to_satellite,lgm_game_pytorch/evaluations/formal_main/sues200/style/seed_2/per_query_arrays/sues200_uav_250m_to_satellite_per_query.npz,a1bd4f18e946b61138f06c1f87c85f6671bb26a79580f4c678fbe114f51354b3,50493,computed
formal_main/sues200/style/seed_2/resnet18/dim_512,per_query_arrays:sues200_satellite_to_uav_250m,lgm_game_pytorch/evaluations/formal_main/sues200/style/seed_2/per_query_arrays/sues200_satellite_to_uav_250m_per_query.npz,40e53f28d41284ea2891a84506ebc97f201157745bc1ed88d28fa6af5bddf24e,4016,computed
formal_main/sues200/style/seed_2/resnet18/dim_512,per_query_arrays:sues200_uav_300m_to_satellite,lgm_game_pytorch/evaluations/formal_main/sues200/style/seed_2/per_query_arrays/sues200_uav_300m_to_satellite_per_query.npz,17f2bad845b541f3e2291a416e10be8113b83aa9d33ac7f130624eb6aa6c7993,51100,computed
formal_main/sues200/style/seed_2/resnet18/dim_512,per_query_arrays:sues200_satellite_to_uav_300m,lgm_game_pytorch/evaluations/formal_main/sues200/style/seed_2/per_query_arrays/sues200_satellite_to_uav_300m_per_query.npz,671f14c42b273c61f08844f0308c21425e22b589b3a5dfd0c2a00a9dd088466b,4078,computed
formal_main/sues200/style/seed_3/resnet18/dim_512,training_manifest,lgm_game_pytorch/runs/formal_main/sues200/style/seed_3/run_manifest.json,e1b10ccca92d9b0f1e01569a5eeeb2041ebb5efe0e6a011197ed0a5632cd5851,2575,computed
formal_main/sues200/style/seed_3/resnet18/dim_512,training_run_config.json,lgm_game_pytorch/runs/formal_main/sues200/style/seed_3/run_config.json,df250f25c4334a3a06fe41de98c39b4bcc0591b8eed65fdb79449692a06035d1,9114,computed
formal_main/sues200/style/seed_3/resnet18/dim_512,training_history.json,lgm_game_pytorch/runs/formal_main/sues200/style/seed_3/history.json,a634c8656623d25a186d77a006dcfa15cedb422db4738ad25ccbc18507a33eaf,33823,computed
formal_main/sues200/style/seed_3/resnet18/dim_512,selected_checkpoint,lgm_game_pytorch/runs/formal_main/sues200/style/seed_3/best.pt,06322bb64f167f6685fd68ba2fe5f5f39e34b407fe44f12059a39319715eac45,3274225,computed
formal_main/sues200/style/seed_3/resnet18/dim_512,last_checkpoint,lgm_game_pytorch/runs/formal_main/sues200/style/seed_3/last.pt,06322bb64f167f6685fd68ba2fe5f5f39e34b407fe44f12059a39319715eac45,3274225,declared_manifest_hash_and_file_presence
formal_main/sues200/style/seed_3/resnet18/dim_512,evaluation_manifest,lgm_game_pytorch/evaluations/formal_main/sues200/style/seed_3/evaluation_manifest.json,c7ddb7bf9e94abc468dfbf016fdc9f93fb82c8b08e866529219ce87d423ac268,8988,computed
formal_main/sues200/style/seed_3/resnet18/dim_512,evaluation_metrics,lgm_game_pytorch/evaluations/formal_main/sues200/style/seed_3/metrics.json,67c9b676b3a3e8bd2d25e6cc509e1149d6756277ed7e62b8cf8c25abeca73cef,4288,computed
formal_main/sues200/style/seed_3/resnet18/dim_512,evaluation_metrics_csv,lgm_game_pytorch/evaluations/formal_main/sues200/style/seed_3/metrics.csv,27f2d6d2f3d3d1d8f99a1fb636e33d19b523a363408f6a6b4a7e39b06b8692a5,1731,computed
formal_main/sues200/style/seed_3/resnet18/dim_512,per_query_arrays:sues200_uav_150m_to_satellite,lgm_game_pytorch/evaluations/formal_main/sues200/style/seed_3/per_query_arrays/sues200_uav_150m_to_satellite_per_query.npz,dad899fb54bf03ff6ba975c31b999ff6209b2852e7a586a10433d4dd67e9b167,50023,computed
formal_main/sues200/style/seed_3/resnet18/dim_512,per_query_arrays:sues200_satellite_to_uav_150m,lgm_game_pytorch/evaluations/formal_main/sues200/style/seed_3/per_query_arrays/sues200_satellite_to_uav_150m_per_query.npz,a5346552e0ce3562e192830b4500944d39655a2fa0d8e29ab02dc835fa86d8aa,4023,computed
formal_main/sues200/style/seed_3/resnet18/dim_512,per_query_arrays:sues200_uav_200m_to_satellite,lgm_game_pytorch/evaluations/formal_main/sues200/style/seed_3/per_query_arrays/sues200_uav_200m_to_satellite_per_query.npz,e9982668f1836c1bf1974f01a787b1b72a939bc55aafa3d43172715f4a7649c6,50940,computed
formal_main/sues200/style/seed_3/resnet18/dim_512,per_query_arrays:sues200_satellite_to_uav_200m,lgm_game_pytorch/evaluations/formal_main/sues200/style/seed_3/per_query_arrays/sues200_satellite_to_uav_200m_per_query.npz,a3a1119f0431c10de08877cdf66a669cb7fd1385755b31290069a98527afe5c8,3957,computed
formal_main/sues200/style/seed_3/resnet18/dim_512,per_query_arrays:sues200_uav_250m_to_satellite,lgm_game_pytorch/evaluations/formal_main/sues200/style/seed_3/per_query_arrays/sues200_uav_250m_to_satellite_per_query.npz,943fedf4aea40e465ec08c80f27105a10157bfdaa214447f1bf2df7258c0fe95,51567,computed
formal_main/sues200/style/seed_3/resnet18/dim_512,per_query_arrays:sues200_satellite_to_uav_250m,lgm_game_pytorch/evaluations/formal_main/sues200/style/seed_3/per_query_arrays/sues200_satellite_to_uav_250m_per_query.npz,7bb58828a9fff7df2507d5d504cf17f7c02f8e3b7b3b1259fa8cd05d6caa8a26,3977,computed
formal_main/sues200/style/seed_3/resnet18/dim_512,per_query_arrays:sues200_uav_300m_to_satellite,lgm_game_pytorch/evaluations/formal_main/sues200/style/seed_3/per_query_arrays/sues200_uav_300m_to_satellite_per_query.npz,b35f843dcbbaba2b98723ea6970f8993c2798e329b202e3cfcd3e660329a9f79,51921,computed
formal_main/sues200/style/seed_3/resnet18/dim_512,per_query_arrays:sues200_satellite_to_uav_300m,lgm_game_pytorch/evaluations/formal_main/sues200/style/seed_3/per_query_arrays/sues200_satellite_to_uav_300m_per_query.npz,021a026169640a2b7640377291496a03c03fc5a4f7b21ac80cb86a26acfa8d04,4053,computed
formal_main/sues200/visual_content/seed_1/resnet18/dim_512,training_manifest,lgm_game_pytorch/runs/formal_main/sues200/visual_content/seed_1/run_manifest.json,6076d704ab63dd31e152b427ffa2cd06bc73bde1b41a26a8010cdefe37a5aa61,2578,computed
formal_main/sues200/visual_content/seed_1/resnet18/dim_512,training_run_config.json,lgm_game_pytorch/runs/formal_main/sues200/visual_content/seed_1/run_config.json,835fbad3af38c59c8238cd63b08e28dd61995ee900a23c56834ed84a33ddf406,9394,computed
formal_main/sues200/visual_content/seed_1/resnet18/dim_512,training_history.json,lgm_game_pytorch/runs/formal_main/sues200/visual_content/seed_1/history.json,1a2689d0b29fd8e6c837e94efc9bb8060dbe12cd756fb05d0a2e90be9e16215a,36081,computed
formal_main/sues200/visual_content/seed_1/resnet18/dim_512,selected_checkpoint,lgm_game_pytorch/runs/formal_main/sues200/visual_content/seed_1/best.pt,7be2c9f073bbf26aab684f4fe9f03122fb4641ccd3792739548a05abba2ae29d,162793771,computed
formal_main/sues200/visual_content/seed_1/resnet18/dim_512,last_checkpoint,lgm_game_pytorch/runs/formal_main/sues200/visual_content/seed_1/last.pt,7be2c9f073bbf26aab684f4fe9f03122fb4641ccd3792739548a05abba2ae29d,162793771,declared_manifest_hash_and_file_presence
formal_main/sues200/visual_content/seed_1/resnet18/dim_512,evaluation_manifest,lgm_game_pytorch/evaluations/formal_main/sues200/visual_content/seed_1/evaluation_manifest.json,2f07eebd62bf2edde2e84a64723240ab374ce93d3d956e70e83844874408eeb4,9005,computed
formal_main/sues200/visual_content/seed_1/resnet18/dim_512,evaluation_metrics,lgm_game_pytorch/evaluations/formal_main/sues200/visual_content/seed_1/metrics.json,a3493989a25ee973a620f0b5832f736c1ae992c14504a6f4c34ee9c8c9f2a84b,4269,computed
formal_main/sues200/visual_content/seed_1/resnet18/dim_512,evaluation_metrics_csv,lgm_game_pytorch/evaluations/formal_main/sues200/visual_content/seed_1/metrics.csv,7b96445ff96c7d26c4cca231c2d33bade2cc1a398898998b01df99cc7e5a61b8,1712,computed
formal_main/sues200/visual_content/seed_1/resnet18/dim_512,per_query_arrays:sues200_uav_150m_to_satellite,lgm_game_pytorch/evaluations/formal_main/sues200/visual_content/seed_1/per_query_arrays/sues200_uav_150m_to_satellite_per_query.npz,bea0923df8719c0af55aafa84b717cddc7dc466f30c4ef3015d133f47978a4a7,48491,computed
formal_main/sues200/visual_content/seed_1/resnet18/dim_512,per_query_arrays:sues200_satellite_to_uav_150m,lgm_game_pytorch/evaluations/formal_main/sues200/visual_content/seed_1/per_query_arrays/sues200_satellite_to_uav_150m_per_query.npz,ff52ac7c63ea2f1bbb8aa79b5b878a0e907468d51cec69f074d095135936e63f,4334,computed
formal_main/sues200/visual_content/seed_1/resnet18/dim_512,per_query_arrays:sues200_uav_200m_to_satellite,lgm_game_pytorch/evaluations/formal_main/sues200/visual_content/seed_1/per_query_arrays/sues200_uav_200m_to_satellite_per_query.npz,3a1e1a11c45594e2170b5cba29995552b3d0c8fd30ea2ebeb1daf2ab0f9d3983,47393,computed
formal_main/sues200/visual_content/seed_1/resnet18/dim_512,per_query_arrays:sues200_satellite_to_uav_200m,lgm_game_pytorch/evaluations/formal_main/sues200/visual_content/seed_1/per_query_arrays/sues200_satellite_to_uav_200m_per_query.npz,89dab004fe553ef632f49de4cd23f3b8a35c11b758c36ca9cffdc3ecfdfb7227,4297,computed
formal_main/sues200/visual_content/seed_1/resnet18/dim_512,per_query_arrays:sues200_uav_250m_to_satellite,lgm_game_pytorch/evaluations/formal_main/sues200/visual_content/seed_1/per_query_arrays/sues200_uav_250m_to_satellite_per_query.npz,afe55f7ce6b307f17a4fdb47209337a5bf7108cbb3150f9f465f804edfda68c8,46477,computed
formal_main/sues200/visual_content/seed_1/resnet18/dim_512,per_query_arrays:sues200_satellite_to_uav_250m,lgm_game_pytorch/evaluations/formal_main/sues200/visual_content/seed_1/per_query_arrays/sues200_satellite_to_uav_250m_per_query.npz,a255c09a86c71805674a8f30edda1343865446a09e6d14926581d4b7c2b034e6,4259,computed
formal_main/sues200/visual_content/seed_1/resnet18/dim_512,per_query_arrays:sues200_uav_300m_to_satellite,lgm_game_pytorch/evaluations/formal_main/sues200/visual_content/seed_1/per_query_arrays/sues200_uav_300m_to_satellite_per_query.npz,1366a4c6bf653b479ca2e2ea21ca432db08ab9e0c0c7b46dc5651d1193fe78e8,45959,computed
formal_main/sues200/visual_content/seed_1/resnet18/dim_512,per_query_arrays:sues200_satellite_to_uav_300m,lgm_game_pytorch/evaluations/formal_main/sues200/visual_content/seed_1/per_query_arrays/sues200_satellite_to_uav_300m_per_query.npz,8e84f3a9150c222b4492fa47834d20181b815ec9872348b3e9b31a76f9f58d85,4267,computed
formal_main/sues200/visual_content/seed_2/resnet18/dim_512,training_manifest,lgm_game_pytorch/runs/formal_main/sues200/visual_content/seed_2/run_manifest.json,a6c4257b64f8749213d40af9d29a9c9877971122a9c9dec4198fc6ec3fc4da23,2578,computed
formal_main/sues200/visual_content/seed_2/resnet18/dim_512,training_run_config.json,lgm_game_pytorch/runs/formal_main/sues200/visual_content/seed_2/run_config.json,a38e173118cba9489bc038b7fc4d38f8c43ac99291596ac62ff9c64c49e42782,9394,computed
formal_main/sues200/visual_content/seed_2/resnet18/dim_512,training_history.json,lgm_game_pytorch/runs/formal_main/sues200/visual_content/seed_2/history.json,50fa13d6ebdb2dbe8c9b649e782f5693eee713e2d7415b8e4c6c072d27945cc1,36092,computed
formal_main/sues200/visual_content/seed_2/resnet18/dim_512,selected_checkpoint,lgm_game_pytorch/runs/formal_main/sues200/visual_content/seed_2/best.pt,47003fd14ca81cba6e3b33d3a49867e6d211cafd77767a8efd4f05285e11784b,162793771,computed
formal_main/sues200/visual_content/seed_2/resnet18/dim_512,last_checkpoint,lgm_game_pytorch/runs/formal_main/sues200/visual_content/seed_2/last.pt,47003fd14ca81cba6e3b33d3a49867e6d211cafd77767a8efd4f05285e11784b,162793771,declared_manifest_hash_and_file_presence
formal_main/sues200/visual_content/seed_2/resnet18/dim_512,evaluation_manifest,lgm_game_pytorch/evaluations/formal_main/sues200/visual_content/seed_2/evaluation_manifest.json,a5136d0748469fe1bc6f4fa83df5ec32efadc10f7618832012e8fb0da44c0eab,9005,computed
formal_main/sues200/visual_content/seed_2/resnet18/dim_512,evaluation_metrics,lgm_game_pytorch/evaluations/formal_main/sues200/visual_content/seed_2/metrics.json,1a625fea46ba00af9300b0c416edb1ae6988b51313752b6de7aa237cf236afdb,4269,computed
formal_main/sues200/visual_content/seed_2/resnet18/dim_512,evaluation_metrics_csv,lgm_game_pytorch/evaluations/formal_main/sues200/visual_content/seed_2/metrics.csv,099816d8d5d93236068751c87c125d5cb9f1289f8f9defbdbae1dc3c2626c177,1712,computed
formal_main/sues200/visual_content/seed_2/resnet18/dim_512,per_query_arrays:sues200_uav_150m_to_satellite,lgm_game_pytorch/evaluations/formal_main/sues200/visual_content/seed_2/per_query_arrays/sues200_uav_150m_to_satellite_per_query.npz,2c58082419b45b517ef5b4257d75c213e46ef26bb1942924163321583a06800c,48630,computed
formal_main/sues200/visual_content/seed_2/resnet18/dim_512,per_query_arrays:sues200_satellite_to_uav_150m,lgm_game_pytorch/evaluations/formal_main/sues200/visual_content/seed_2/per_query_arrays/sues200_satellite_to_uav_150m_per_query.npz,cffea6da7e1d47ad76f1aa87f64722563200f3bd24bc90b5236cd0890677babf,4314,computed
formal_main/sues200/visual_content/seed_2/resnet18/dim_512,per_query_arrays:sues200_uav_200m_to_satellite,lgm_game_pytorch/evaluations/formal_main/sues200/visual_content/seed_2/per_query_arrays/sues200_uav_200m_to_satellite_per_query.npz,c402d41703301c21fc7dac2550ddc67c2aaff353979ab87c866d4939247e5c87,47648,computed
formal_main/sues200/visual_content/seed_2/resnet18/dim_512,per_query_arrays:sues200_satellite_to_uav_200m,lgm_game_pytorch/evaluations/formal_main/sues200/visual_content/seed_2/per_query_arrays/sues200_satellite_to_uav_200m_per_query.npz,fb42ea311c926aa9a91dc6aa28098c8f8d30dd14869cb464d84eb3c2d83ea3d9,4287,computed
formal_main/sues200/visual_content/seed_2/resnet18/dim_512,per_query_arrays:sues200_uav_250m_to_satellite,lgm_game_pytorch/evaluations/formal_main/sues200/visual_content/seed_2/per_query_arrays/sues200_uav_250m_to_satellite_per_query.npz,d147efbc327f5091b6418440f790718bb3e01481558391215fba4690a77093e6,46603,computed
formal_main/sues200/visual_content/seed_2/resnet18/dim_512,per_query_arrays:sues200_satellite_to_uav_250m,lgm_game_pytorch/evaluations/formal_main/sues200/visual_content/seed_2/per_query_arrays/sues200_satellite_to_uav_250m_per_query.npz,1fa3346b8f311fc5a7af01e81121c4cd3869064dae99d249f55cccb4a16e6422,4282,computed
formal_main/sues200/visual_content/seed_2/resnet18/dim_512,per_query_arrays:sues200_uav_300m_to_satellite,lgm_game_pytorch/evaluations/formal_main/sues200/visual_content/seed_2/per_query_arrays/sues200_uav_300m_to_satellite_per_query.npz,ab8e2f1903db69b0b7a4cbc8bd18f5c70f6879fa0029e781fce08db2df60e654,45634,computed
formal_main/sues200/visual_content/seed_2/resnet18/dim_512,per_query_arrays:sues200_satellite_to_uav_300m,lgm_game_pytorch/evaluations/formal_main/sues200/visual_content/seed_2/per_query_arrays/sues200_satellite_to_uav_300m_per_query.npz,06c03787c111177f55436f7df54d6406df7785c740c03871dbb27a1a17441844,4256,computed
formal_main/sues200/visual_content/seed_3/resnet18/dim_512,training_manifest,lgm_game_pytorch/runs/formal_main/sues200/visual_content/seed_3/run_manifest.json,3d9eea5fdf515ae14fc0569ea21aa57162bc6247c660a77b3ace291d9a1380d5,2579,computed
formal_main/sues200/visual_content/seed_3/resnet18/dim_512,training_run_config.json,lgm_game_pytorch/runs/formal_main/sues200/visual_content/seed_3/run_config.json,19caf6e1a56fd9040555e6e01c485690f293c4a0fcc90b516ee6b54c8aebc962,9394,computed
formal_main/sues200/visual_content/seed_3/resnet18/dim_512,training_history.json,lgm_game_pytorch/runs/formal_main/sues200/visual_content/seed_3/history.json,36482aedf3af8612e6aeb11d9e02e8ade7a0af920fe334b29fb7296a53ed155b,36183,computed
formal_main/sues200/visual_content/seed_3/resnet18/dim_512,selected_checkpoint,lgm_game_pytorch/runs/formal_main/sues200/visual_content/seed_3/best.pt,5f00a2749500502ce2ce805725c7b31f2aa866f6894640b16a8a1b0695267cdf,162793771,computed
formal_main/sues200/visual_content/seed_3/resnet18/dim_512,last_checkpoint,lgm_game_pytorch/runs/formal_main/sues200/visual_content/seed_3/last.pt,5f00a2749500502ce2ce805725c7b31f2aa866f6894640b16a8a1b0695267cdf,162793771,declared_manifest_hash_and_file_presence
formal_main/sues200/visual_content/seed_3/resnet18/dim_512,evaluation_manifest,lgm_game_pytorch/evaluations/formal_main/sues200/visual_content/seed_3/evaluation_manifest.json,8b116ec91d936cba0dd51f2f795250ac7c85bdf7e08a183df87ab38bf4444fbe,9005,computed
formal_main/sues200/visual_content/seed_3/resnet18/dim_512,evaluation_metrics,lgm_game_pytorch/evaluations/formal_main/sues200/visual_content/seed_3/metrics.json,36cfd8ffc55e258926c4fac54c2db7e656915c9804fa24915f552344ea4b3c5f,4273,computed
formal_main/sues200/visual_content/seed_3/resnet18/dim_512,evaluation_metrics_csv,lgm_game_pytorch/evaluations/formal_main/sues200/visual_content/seed_3/metrics.csv,3b104af04c043da2874923cbe68471650adf5e97ecd8406a3fbfcaea9c4c4575,1716,computed
formal_main/sues200/visual_content/seed_3/resnet18/dim_512,per_query_arrays:sues200_uav_150m_to_satellite,lgm_game_pytorch/evaluations/formal_main/sues200/visual_content/seed_3/per_query_arrays/sues200_uav_150m_to_satellite_per_query.npz,417aab700f106b669fd1df1b09a186963165445e03e7ea4d5a8c50a80ac1ca9e,49666,computed
formal_main/sues200/visual_content/seed_3/resnet18/dim_512,per_query_arrays:sues200_satellite_to_uav_150m,lgm_game_pytorch/evaluations/formal_main/sues200/visual_content/seed_3/per_query_arrays/sues200_satellite_to_uav_150m_per_query.npz,a6fa383183197ae0d87516687afd3ccdffacdbf85d88975e0a3a5ffb3bd7badc,4330,computed
formal_main/sues200/visual_content/seed_3/resnet18/dim_512,per_query_arrays:sues200_uav_200m_to_satellite,lgm_game_pytorch/evaluations/formal_main/sues200/visual_content/seed_3/per_query_arrays/sues200_uav_200m_to_satellite_per_query.npz,b6b4d3359b9a7a59aa51b86acc0c662e858240b38f32bfe06b3fa84dcf14cc57,48552,computed
formal_main/sues200/visual_content/seed_3/resnet18/dim_512,per_query_arrays:sues200_satellite_to_uav_200m,lgm_game_pytorch/evaluations/formal_main/sues200/visual_content/seed_3/per_query_arrays/sues200_satellite_to_uav_200m_per_query.npz,104a1a9e3c6f2ab1eddb8969b7cbadf780f36b5f7b7ad839217ddcfdbbf5ea94,4354,computed
formal_main/sues200/visual_content/seed_3/resnet18/dim_512,per_query_arrays:sues200_uav_250m_to_satellite,lgm_game_pytorch/evaluations/formal_main/sues200/visual_content/seed_3/per_query_arrays/sues200_uav_250m_to_satellite_per_query.npz,66ddc420966cd0edf108c2488fdc1815aa4e5de8674a29b8f9ce88d8a0c1138b,47665,computed
formal_main/sues200/visual_content/seed_3/resnet18/dim_512,per_query_arrays:sues200_satellite_to_uav_250m,lgm_game_pytorch/evaluations/formal_main/sues200/visual_content/seed_3/per_query_arrays/sues200_satellite_to_uav_250m_per_query.npz,72fb097ea950d7d03d0875d63a0a49dc1d7ab73dfde832dbdd04ec048a2d4098,4331,computed
formal_main/sues200/visual_content/seed_3/resnet18/dim_512,per_query_arrays:sues200_uav_300m_to_satellite,lgm_game_pytorch/evaluations/formal_main/sues200/visual_content/seed_3/per_query_arrays/sues200_uav_300m_to_satellite_per_query.npz,d7d8c6e14abab356bea304b70a6ceca01e5915462d72f78456c10236ac0dd93d,46642,computed
formal_main/sues200/visual_content/seed_3/resnet18/dim_512,per_query_arrays:sues200_satellite_to_uav_300m,lgm_game_pytorch/evaluations/formal_main/sues200/visual_content/seed_3/per_query_arrays/sues200_satellite_to_uav_300m_per_query.npz,40648272fe787f942855e62f13485f34f27823d5abff9abad640e766ea61ff40,4298,computed
formal_main/sues200/visual_style/seed_1/resnet18/dim_512,training_manifest,lgm_game_pytorch/runs/formal_main/sues200/visual_style/seed_1/run_manifest.json,2ee6fe8424a0478e1151cd018893db5ad1b450b4091c39ca38f90e449355702a,2578,computed
formal_main/sues200/visual_style/seed_1/resnet18/dim_512,training_run_config.json,lgm_game_pytorch/runs/formal_main/sues200/visual_style/seed_1/run_config.json,50e5d44e09cfc2b960f750b9c5002b430a65a709d292c9971ba6fdd8ee7f2f79,9388,computed
formal_main/sues200/visual_style/seed_1/resnet18/dim_512,training_history.json,lgm_game_pytorch/runs/formal_main/sues200/visual_style/seed_1/history.json,6430cbdb69fc5c5afae4cf0e7b46af1df0e139d892915c0098c612ffc6269622,36023,computed
formal_main/sues200/visual_style/seed_1/resnet18/dim_512,selected_checkpoint,lgm_game_pytorch/runs/formal_main/sues200/visual_style/seed_1/best.pt,74c9669451b99e530232bea09fa6a76f3c41659d6946e7ea68cac36a15e3d9d5,162787627,computed
formal_main/sues200/visual_style/seed_1/resnet18/dim_512,last_checkpoint,lgm_game_pytorch/runs/formal_main/sues200/visual_style/seed_1/last.pt,74c9669451b99e530232bea09fa6a76f3c41659d6946e7ea68cac36a15e3d9d5,162787627,declared_manifest_hash_and_file_presence
formal_main/sues200/visual_style/seed_1/resnet18/dim_512,evaluation_manifest,lgm_game_pytorch/evaluations/formal_main/sues200/visual_style/seed_1/evaluation_manifest.json,efe906cfd2577b38fb2ee051594b6ce570954d4f6214331c8c979cb3069e0bf0,9001,computed
formal_main/sues200/visual_style/seed_1/resnet18/dim_512,evaluation_metrics,lgm_game_pytorch/evaluations/formal_main/sues200/visual_style/seed_1/metrics.json,999f304550380fd6ebac9a90fd01184e2f9889dcecd6daefc332e6885ffa3c7c,4267,computed
formal_main/sues200/visual_style/seed_1/resnet18/dim_512,evaluation_metrics_csv,lgm_game_pytorch/evaluations/formal_main/sues200/visual_style/seed_1/metrics.csv,2faccb0e7a05f742f296c99aeb9b34d5d19d1f967179baa48a8e14f0fbc97293,1710,computed
formal_main/sues200/visual_style/seed_1/resnet18/dim_512,per_query_arrays:sues200_uav_150m_to_satellite,lgm_game_pytorch/evaluations/formal_main/sues200/visual_style/seed_1/per_query_arrays/sues200_uav_150m_to_satellite_per_query.npz,137846ab93e783cb8ef94abc4bee688ec95d8e21946d3c797317932cebc3fc6b,48463,computed
formal_main/sues200/visual_style/seed_1/resnet18/dim_512,per_query_arrays:sues200_satellite_to_uav_150m,lgm_game_pytorch/evaluations/formal_main/sues200/visual_style/seed_1/per_query_arrays/sues200_satellite_to_uav_150m_per_query.npz,cba39c2574981e58c5ed7933352a92bdf7481fa7e0de1548072f0488a1d1995a,4320,computed
formal_main/sues200/visual_style/seed_1/resnet18/dim_512,per_query_arrays:sues200_uav_200m_to_satellite,lgm_game_pytorch/evaluations/formal_main/sues200/visual_style/seed_1/per_query_arrays/sues200_uav_200m_to_satellite_per_query.npz,e89d56e51a4aff523ffe5b3b0b836517931ca39b1bd61dbd4a47857b9a2f75a7,47199,computed
formal_main/sues200/visual_style/seed_1/resnet18/dim_512,per_query_arrays:sues200_satellite_to_uav_200m,lgm_game_pytorch/evaluations/formal_main/sues200/visual_style/seed_1/per_query_arrays/sues200_satellite_to_uav_200m_per_query.npz,652bd3275dead66b5b8320af249cbe39396dfbce30009dc18e5ac79575639a98,4313,computed
formal_main/sues200/visual_style/seed_1/resnet18/dim_512,per_query_arrays:sues200_uav_250m_to_satellite,lgm_game_pytorch/evaluations/formal_main/sues200/visual_style/seed_1/per_query_arrays/sues200_uav_250m_to_satellite_per_query.npz,3a5d780ae2561e8215c476e2c226bd9004d607672f8d913b0902032a0892b1e7,46025,computed
formal_main/sues200/visual_style/seed_1/resnet18/dim_512,per_query_arrays:sues200_satellite_to_uav_250m,lgm_game_pytorch/evaluations/formal_main/sues200/visual_style/seed_1/per_query_arrays/sues200_satellite_to_uav_250m_per_query.npz,beec95fbee247f991b59bc08e9d463d93044ea7197ec16fb1ea934875aab4358,4311,computed
formal_main/sues200/visual_style/seed_1/resnet18/dim_512,per_query_arrays:sues200_uav_300m_to_satellite,lgm_game_pytorch/evaluations/formal_main/sues200/visual_style/seed_1/per_query_arrays/sues200_uav_300m_to_satellite_per_query.npz,6531ed30fd07c1ec19c6cd6c5d803d0ecb8dd3af04649931b4af105ab1d4da6a,45563,computed
formal_main/sues200/visual_style/seed_1/resnet18/dim_512,per_query_arrays:sues200_satellite_to_uav_300m,lgm_game_pytorch/evaluations/formal_main/sues200/visual_style/seed_1/per_query_arrays/sues200_satellite_to_uav_300m_per_query.npz,3ae41748fa6a853a24e7f4a533959a4a9629515e087daf8e3a710e4f0a0b97c5,4301,computed
formal_main/sues200/visual_style/seed_2/resnet18/dim_512,training_manifest,lgm_game_pytorch/runs/formal_main/sues200/visual_style/seed_2/run_manifest.json,3fee82a10e1e84252db59ba15aa02a72ad5066a01c481c3e7dcbd241657e9df0,2578,computed
formal_main/sues200/visual_style/seed_2/resnet18/dim_512,training_run_config.json,lgm_game_pytorch/runs/formal_main/sues200/visual_style/seed_2/run_config.json,c8cf301c53bc35dad7e0d8146129e36a727e20cf45bfab60205f4e25d87e6707,9388,computed
formal_main/sues200/visual_style/seed_2/resnet18/dim_512,training_history.json,lgm_game_pytorch/runs/formal_main/sues200/visual_style/seed_2/history.json,433b0e49456ef62630bd2680797a2b6761f952d7d2809fa2cca39b264abf8f4d,36032,computed
formal_main/sues200/visual_style/seed_2/resnet18/dim_512,selected_checkpoint,lgm_game_pytorch/runs/formal_main/sues200/visual_style/seed_2/best.pt,5f0aba7c8cd4cf1ee17f44be59838c5cac9325f216506deaebc96908636b11df,162787563,computed
formal_main/sues200/visual_style/seed_2/resnet18/dim_512,last_checkpoint,lgm_game_pytorch/runs/formal_main/sues200/visual_style/seed_2/last.pt,5f0aba7c8cd4cf1ee17f44be59838c5cac9325f216506deaebc96908636b11df,162787563,declared_manifest_hash_and_file_presence
formal_main/sues200/visual_style/seed_2/resnet18/dim_512,evaluation_manifest,lgm_game_pytorch/evaluations/formal_main/sues200/visual_style/seed_2/evaluation_manifest.json,f409c4ddff2f16038d285ced9f9c7d7fb9c004967c2ebeac2914cac67ca5be0a,9001,computed
formal_main/sues200/visual_style/seed_2/resnet18/dim_512,evaluation_metrics,lgm_game_pytorch/evaluations/formal_main/sues200/visual_style/seed_2/metrics.json,75e197814c3544b968cf1722a6abe9ebf8cab95b37d4789810573cee71356d36,4267,computed
formal_main/sues200/visual_style/seed_2/resnet18/dim_512,evaluation_metrics_csv,lgm_game_pytorch/evaluations/formal_main/sues200/visual_style/seed_2/metrics.csv,6e813eabbe0720649ac1ab1b3fdf564212db2085e4bb9b17eb531cd813f8d953,1710,computed
formal_main/sues200/visual_style/seed_2/resnet18/dim_512,per_query_arrays:sues200_uav_150m_to_satellite,lgm_game_pytorch/evaluations/formal_main/sues200/visual_style/seed_2/per_query_arrays/sues200_uav_150m_to_satellite_per_query.npz,7908361a2a0dc13fd02d09963cfdb1e9bc352d1f4684057ef14e7dab0f093429,49266,computed
formal_main/sues200/visual_style/seed_2/resnet18/dim_512,per_query_arrays:sues200_satellite_to_uav_150m,lgm_game_pytorch/evaluations/formal_main/sues200/visual_style/seed_2/per_query_arrays/sues200_satellite_to_uav_150m_per_query.npz,1b5174e7988657a8a31d99b8c283faecba0b5ba3e00a258f741b1c3e792be8d5,4315,computed
formal_main/sues200/visual_style/seed_2/resnet18/dim_512,per_query_arrays:sues200_uav_200m_to_satellite,lgm_game_pytorch/evaluations/formal_main/sues200/visual_style/seed_2/per_query_arrays/sues200_uav_200m_to_satellite_per_query.npz,a7473e525dc3fe0a6dae1e4d6c1f84ff22ba4d1adab643c7f16d30f05f04ab14,48014,computed
formal_main/sues200/visual_style/seed_2/resnet18/dim_512,per_query_arrays:sues200_satellite_to_uav_200m,lgm_game_pytorch/evaluations/formal_main/sues200/visual_style/seed_2/per_query_arrays/sues200_satellite_to_uav_200m_per_query.npz,8a248c5d0e37d00165344040c8939d5ede2c6ea48c421531ff2c4b038244f979,4294,computed
formal_main/sues200/visual_style/seed_2/resnet18/dim_512,per_query_arrays:sues200_uav_250m_to_satellite,lgm_game_pytorch/evaluations/formal_main/sues200/visual_style/seed_2/per_query_arrays/sues200_uav_250m_to_satellite_per_query.npz,0d8c2aa53c321b392b06ec0a5dcd83c8dd9a3296234146f9e8ebc1d86ecf1f54,46878,computed
formal_main/sues200/visual_style/seed_2/resnet18/dim_512,per_query_arrays:sues200_satellite_to_uav_250m,lgm_game_pytorch/evaluations/formal_main/sues200/visual_style/seed_2/per_query_arrays/sues200_satellite_to_uav_250m_per_query.npz,6e96197f9bf99c2c302326f4156db2325d6f97e55b7f9e31265cb3f5c53b3e7f,4272,computed
formal_main/sues200/visual_style/seed_2/resnet18/dim_512,per_query_arrays:sues200_uav_300m_to_satellite,lgm_game_pytorch/evaluations/formal_main/sues200/visual_style/seed_2/per_query_arrays/sues200_uav_300m_to_satellite_per_query.npz,0839f14a1c8006ec9ac8347b3cdc9c766532470edf2ef513fde7896346916aca,46833,computed
formal_main/sues200/visual_style/seed_2/resnet18/dim_512,per_query_arrays:sues200_satellite_to_uav_300m,lgm_game_pytorch/evaluations/formal_main/sues200/visual_style/seed_2/per_query_arrays/sues200_satellite_to_uav_300m_per_query.npz,1a23a7b1571600c90dbe88b8955012862c3563c92b511b83a5f6fe6c2cbb1a5c,4285,computed
formal_main/sues200/visual_style/seed_3/resnet18/dim_512,training_manifest,lgm_game_pytorch/runs/formal_main/sues200/visual_style/seed_3/run_manifest.json,5e01ea87cdc360d614a4361cb5fa53334c03b02ea8bcd859e4d13c23e4088df0,2578,computed
formal_main/sues200/visual_style/seed_3/resnet18/dim_512,training_run_config.json,lgm_game_pytorch/runs/formal_main/sues200/visual_style/seed_3/run_config.json,e411f076794873b8e9ea90685a0c66058f8a102fb52766080f8f4c975c716e3d,9388,computed
formal_main/sues200/visual_style/seed_3/resnet18/dim_512,training_history.json,lgm_game_pytorch/runs/formal_main/sues200/visual_style/seed_3/history.json,120f3747c7d7120afd436fe4d2a21b507f02b5900a4574b63bdb5471aed35e1e,36058,computed
formal_main/sues200/visual_style/seed_3/resnet18/dim_512,selected_checkpoint,lgm_game_pytorch/runs/formal_main/sues200/visual_style/seed_3/best.pt,8ebb43d5e756a16c789a67f47f56d6d06d8f14b8f9d3fdbaea39cdd51900271a,162787563,computed
formal_main/sues200/visual_style/seed_3/resnet18/dim_512,last_checkpoint,lgm_game_pytorch/runs/formal_main/sues200/visual_style/seed_3/last.pt,8ebb43d5e756a16c789a67f47f56d6d06d8f14b8f9d3fdbaea39cdd51900271a,162787563,declared_manifest_hash_and_file_presence
formal_main/sues200/visual_style/seed_3/resnet18/dim_512,evaluation_manifest,lgm_game_pytorch/evaluations/formal_main/sues200/visual_style/seed_3/evaluation_manifest.json,93684e2a56008f3c56e16adc7476ff8a97f0b618a69b3d3bbdbcc63256c5bbc4,9001,computed
formal_main/sues200/visual_style/seed_3/resnet18/dim_512,evaluation_metrics,lgm_game_pytorch/evaluations/formal_main/sues200/visual_style/seed_3/metrics.json,26164ba49459666e9a7153905182766e0334738f1e2d375f45325ca6995efd00,4267,computed
formal_main/sues200/visual_style/seed_3/resnet18/dim_512,evaluation_metrics_csv,lgm_game_pytorch/evaluations/formal_main/sues200/visual_style/seed_3/metrics.csv,a5f68a2012e2e8f884dd6ea43740123bfa966c46511b46747727c582249f73b1,1710,computed
formal_main/sues200/visual_style/seed_3/resnet18/dim_512,per_query_arrays:sues200_uav_150m_to_satellite,lgm_game_pytorch/evaluations/formal_main/sues200/visual_style/seed_3/per_query_arrays/sues200_uav_150m_to_satellite_per_query.npz,f6275bfdb40c1d55b95fa62459b6a920cdc8ed6c83a7e600d9da99e3e34777ef,48660,computed
formal_main/sues200/visual_style/seed_3/resnet18/dim_512,per_query_arrays:sues200_satellite_to_uav_150m,lgm_game_pytorch/evaluations/formal_main/sues200/visual_style/seed_3/per_query_arrays/sues200_satellite_to_uav_150m_per_query.npz,de5eddfa7fcfc018b63a24836ea1182e83a4cd5cc493175ff14b628cd1904383,4338,computed
formal_main/sues200/visual_style/seed_3/resnet18/dim_512,per_query_arrays:sues200_uav_200m_to_satellite,lgm_game_pytorch/evaluations/formal_main/sues200/visual_style/seed_3/per_query_arrays/sues200_uav_200m_to_satellite_per_query.npz,f6a80c995726efb6b17d97bdce622629e3e77d2eb124edfe59ff3a7ce5455735,48329,computed
formal_main/sues200/visual_style/seed_3/resnet18/dim_512,per_query_arrays:sues200_satellite_to_uav_200m,lgm_game_pytorch/evaluations/formal_main/sues200/visual_style/seed_3/per_query_arrays/sues200_satellite_to_uav_200m_per_query.npz,fb185a1659a0280333d1f0ca015a64b500fadc2793578c47ef2b095c54a85a22,4279,computed
formal_main/sues200/visual_style/seed_3/resnet18/dim_512,per_query_arrays:sues200_uav_250m_to_satellite,lgm_game_pytorch/evaluations/formal_main/sues200/visual_style/seed_3/per_query_arrays/sues200_uav_250m_to_satellite_per_query.npz,49779219b5704877f0143bfd2619b6e95e6a9d0ad6fb2d7c2e231124bb48f1af,47073,computed
formal_main/sues200/visual_style/seed_3/resnet18/dim_512,per_query_arrays:sues200_satellite_to_uav_250m,lgm_game_pytorch/evaluations/formal_main/sues200/visual_style/seed_3/per_query_arrays/sues200_satellite_to_uav_250m_per_query.npz,1405df95e1a2f611f280c4c4a5b396e8bde2a60c6290990de19a09a4ac28b97b,4263,computed
formal_main/sues200/visual_style/seed_3/resnet18/dim_512,per_query_arrays:sues200_uav_300m_to_satellite,lgm_game_pytorch/evaluations/formal_main/sues200/visual_style/seed_3/per_query_arrays/sues200_uav_300m_to_satellite_per_query.npz,cf25a436db43522034ed8d860bd1f1dd46dca2f0794679b0ef19da99490c8d94,45884,computed
formal_main/sues200/visual_style/seed_3/resnet18/dim_512,per_query_arrays:sues200_satellite_to_uav_300m,lgm_game_pytorch/evaluations/formal_main/sues200/visual_style/seed_3/per_query_arrays/sues200_satellite_to_uav_300m_per_query.npz,8b91dc7e77170a677bd17e69f0effe7e4b5d99ba7d4c8b915d1c55ba27cdd132,4254,computed
formal_main/sues200/full/seed_1/resnet18/dim_512,training_manifest,lgm_game_pytorch/runs/formal_main/sues200/full/seed_1/run_manifest.json,9d51c663dca507de2c2190ab9da839df6ad9472d1ed8eb44ed17219a91c7de64,2578,computed
formal_main/sues200/full/seed_1/resnet18/dim_512,training_run_config.json,lgm_game_pytorch/runs/formal_main/sues200/full/seed_1/run_config.json,655048686b3f37882510f5006a7d8dfc5a687c08c912d2aff0d502fd4c6438f8,9364,computed
formal_main/sues200/full/seed_1/resnet18/dim_512,training_history.json,lgm_game_pytorch/runs/formal_main/sues200/full/seed_1/history.json,7f53f2f9ad7f379ce2adb09e03de5165dbceddfd572bafdf7a8102eb86b1f852,36024,computed
formal_main/sues200/full/seed_1/resnet18/dim_512,selected_checkpoint,lgm_game_pytorch/runs/formal_main/sues200/full/seed_1/best.pt,7478740b013990c83c5c21f619bc89b2664ee70ff90fda18ab3b7ac420c870e9,172338603,computed
formal_main/sues200/full/seed_1/resnet18/dim_512,last_checkpoint,lgm_game_pytorch/runs/formal_main/sues200/full/seed_1/last.pt,7478740b013990c83c5c21f619bc89b2664ee70ff90fda18ab3b7ac420c870e9,172338603,declared_manifest_hash_and_file_presence
formal_main/sues200/full/seed_1/resnet18/dim_512,evaluation_manifest,lgm_game_pytorch/evaluations/formal_main/sues200/full/seed_1/evaluation_manifest.json,02d5860b1ca404e030f8df14e51f99eb024ff0d3625022bcc653c91ac8bc82f9,8985,computed
formal_main/sues200/full/seed_1/resnet18/dim_512,evaluation_metrics,lgm_game_pytorch/evaluations/formal_main/sues200/full/seed_1/metrics.json,97f37be9352a47c842f73899f226175bcb737a5ec5e754b876bf5d400dcff59c,4262,computed
formal_main/sues200/full/seed_1/resnet18/dim_512,evaluation_metrics_csv,lgm_game_pytorch/evaluations/formal_main/sues200/full/seed_1/metrics.csv,541cbefd3cec0877237256cb7fe718774a69935042add854afbf83da7172be7e,1705,computed
formal_main/sues200/full/seed_1/resnet18/dim_512,per_query_arrays:sues200_uav_150m_to_satellite,lgm_game_pytorch/evaluations/formal_main/sues200/full/seed_1/per_query_arrays/sues200_uav_150m_to_satellite_per_query.npz,e31ebb628d1fca6fecc9ef71fd6e14916742f68c477a578ffb0ee8539f06fa02,48102,computed
formal_main/sues200/full/seed_1/resnet18/dim_512,per_query_arrays:sues200_satellite_to_uav_150m,lgm_game_pytorch/evaluations/formal_main/sues200/full/seed_1/per_query_arrays/sues200_satellite_to_uav_150m_per_query.npz,edf55d063af55e51c57eb4ce4363a3b29a876e7e94ec6e8395d979cd429581fe,4325,computed
formal_main/sues200/full/seed_1/resnet18/dim_512,per_query_arrays:sues200_uav_200m_to_satellite,lgm_game_pytorch/evaluations/formal_main/sues200/full/seed_1/per_query_arrays/sues200_uav_200m_to_satellite_per_query.npz,b6e408e14b37cd4d630d41e31c7399f2c144e9443da45879c77efc900a0e99da,47705,computed
formal_main/sues200/full/seed_1/resnet18/dim_512,per_query_arrays:sues200_satellite_to_uav_200m,lgm_game_pytorch/evaluations/formal_main/sues200/full/seed_1/per_query_arrays/sues200_satellite_to_uav_200m_per_query.npz,4165634095b87c76de5366b7d4b4914f33e673a9854bb13cc40ead9dada23fc0,4249,computed
formal_main/sues200/full/seed_1/resnet18/dim_512,per_query_arrays:sues200_uav_250m_to_satellite,lgm_game_pytorch/evaluations/formal_main/sues200/full/seed_1/per_query_arrays/sues200_uav_250m_to_satellite_per_query.npz,4be5583e2c695d4a210adf8180e7f902fcf0b3d35eb2c87df99f6d3e91097dba,46741,computed
formal_main/sues200/full/seed_1/resnet18/dim_512,per_query_arrays:sues200_satellite_to_uav_250m,lgm_game_pytorch/evaluations/formal_main/sues200/full/seed_1/per_query_arrays/sues200_satellite_to_uav_250m_per_query.npz,1fcfe16b01a3ae247289521a221c2c4919ade1180919b1e5711140cb2e1b6129,4242,computed
formal_main/sues200/full/seed_1/resnet18/dim_512,per_query_arrays:sues200_uav_300m_to_satellite,lgm_game_pytorch/evaluations/formal_main/sues200/full/seed_1/per_query_arrays/sues200_uav_300m_to_satellite_per_query.npz,b04159ed48233a0c0411d577108ea1fc54dbabe870f662f2fdd9262588b1efca,46380,computed
formal_main/sues200/full/seed_1/resnet18/dim_512,per_query_arrays:sues200_satellite_to_uav_300m,lgm_game_pytorch/evaluations/formal_main/sues200/full/seed_1/per_query_arrays/sues200_satellite_to_uav_300m_per_query.npz,f51f3a71da8d6ae7a6166d93e7bfd90e2b9502b48e95b4fbb7860c53a6f2a448,4297,computed
formal_main/sues200/full/seed_2/resnet18/dim_512,training_manifest,lgm_game_pytorch/runs/formal_main/sues200/full/seed_2/run_manifest.json,a828a50f07fedce553f22f207a19fad036d3642ac6c0a07d0aba6135ca31da1a,2578,computed
formal_main/sues200/full/seed_2/resnet18/dim_512,training_run_config.json,lgm_game_pytorch/runs/formal_main/sues200/full/seed_2/run_config.json,f061b40923f60790d704cca6f92bf94bc132c53ca61e5ceec21fd39eac98b829,9364,computed
formal_main/sues200/full/seed_2/resnet18/dim_512,training_history.json,lgm_game_pytorch/runs/formal_main/sues200/full/seed_2/history.json,6f2a6861b46098c7917defbde40886b875ccb56ea698890c52cc34ef5dccc7f1,36043,computed
formal_main/sues200/full/seed_2/resnet18/dim_512,selected_checkpoint,lgm_game_pytorch/runs/formal_main/sues200/full/seed_2/best.pt,b92ffcece7107fbce537a7bc003104ee65ee88db8faf12c64ea5bd6f1e2dfa9b,172338603,computed
formal_main/sues200/full/seed_2/resnet18/dim_512,last_checkpoint,lgm_game_pytorch/runs/formal_main/sues200/full/seed_2/last.pt,b92ffcece7107fbce537a7bc003104ee65ee88db8faf12c64ea5bd6f1e2dfa9b,172338603,declared_manifest_hash_and_file_presence
formal_main/sues200/full/seed_2/resnet18/dim_512,evaluation_manifest,lgm_game_pytorch/evaluations/formal_main/sues200/full/seed_2/evaluation_manifest.json,c636c0beec78d8a4a0c29dcc1a57f8fcb6ada26f17151f5d8c55d817dbe59190,8985,computed
formal_main/sues200/full/seed_2/resnet18/dim_512,evaluation_metrics,lgm_game_pytorch/evaluations/formal_main/sues200/full/seed_2/metrics.json,ac9f690cbad3dcd180697703cf8e303d9cef1d74bc8e8d805b4555f70fb6e744,4274,computed
formal_main/sues200/full/seed_2/resnet18/dim_512,evaluation_metrics_csv,lgm_game_pytorch/evaluations/formal_main/sues200/full/seed_2/metrics.csv,a3d89698c7b825c9426b2cd506778770f1e9b2bd00c1648dd0e085da012ed9fd,1717,computed
formal_main/sues200/full/seed_2/resnet18/dim_512,per_query_arrays:sues200_uav_150m_to_satellite,lgm_game_pytorch/evaluations/formal_main/sues200/full/seed_2/per_query_arrays/sues200_uav_150m_to_satellite_per_query.npz,8f2d5eb9a99ebc78c10bdfd0946a12e3a73263fc38ed5079e64a5e56fd31e45e,48764,computed
formal_main/sues200/full/seed_2/resnet18/dim_512,per_query_arrays:sues200_satellite_to_uav_150m,lgm_game_pytorch/evaluations/formal_main/sues200/full/seed_2/per_query_arrays/sues200_satellite_to_uav_150m_per_query.npz,bdc1ec807ce4485db8f6fcfac0d4aa212d5e69c7f016ff843bc2d2d8595fec6d,4313,computed
formal_main/sues200/full/seed_2/resnet18/dim_512,per_query_arrays:sues200_uav_200m_to_satellite,lgm_game_pytorch/evaluations/formal_main/sues200/full/seed_2/per_query_arrays/sues200_uav_200m_to_satellite_per_query.npz,2f02924e10e913858f542a7486270639ece241ee620788592f8c19f1f6b0a90f,47972,computed
formal_main/sues200/full/seed_2/resnet18/dim_512,per_query_arrays:sues200_satellite_to_uav_200m,lgm_game_pytorch/evaluations/formal_main/sues200/full/seed_2/per_query_arrays/sues200_satellite_to_uav_200m_per_query.npz,c428fbce5038f454b115456277ce0a0bb15cbed36e1f6bac8a7d85f701e1b786,4295,computed
formal_main/sues200/full/seed_2/resnet18/dim_512,per_query_arrays:sues200_uav_250m_to_satellite,lgm_game_pytorch/evaluations/formal_main/sues200/full/seed_2/per_query_arrays/sues200_uav_250m_to_satellite_per_query.npz,3e1b1dfce06b17c1e442b894cfa5e3e84ebce146584cce53b32b3beeded2135d,46986,computed
formal_main/sues200/full/seed_2/resnet18/dim_512,per_query_arrays:sues200_satellite_to_uav_250m,lgm_game_pytorch/evaluations/formal_main/sues200/full/seed_2/per_query_arrays/sues200_satellite_to_uav_250m_per_query.npz,60433d6f890520a7ba80b63fb56b625d5d1dc9f92823f321e1ca191a031eb3f3,4274,computed
formal_main/sues200/full/seed_2/resnet18/dim_512,per_query_arrays:sues200_uav_300m_to_satellite,lgm_game_pytorch/evaluations/formal_main/sues200/full/seed_2/per_query_arrays/sues200_uav_300m_to_satellite_per_query.npz,0e30fb2262a421ff4020c0f6a9eabaf4f6fab8fe3818e040a7250d960522cb76,46414,computed
formal_main/sues200/full/seed_2/resnet18/dim_512,per_query_arrays:sues200_satellite_to_uav_300m,lgm_game_pytorch/evaluations/formal_main/sues200/full/seed_2/per_query_arrays/sues200_satellite_to_uav_300m_per_query.npz,34290305b2fadf18f284f01a198c52975562260c74647137486bd2f7c29bafbe,4267,computed
formal_main/sues200/full/seed_3/resnet18/dim_512,training_manifest,lgm_game_pytorch/runs/formal_main/sues200/full/seed_3/run_manifest.json,deccd08adcd70b893aed956256c8383eb745065116513912579b7df6e55697c2,2578,computed
formal_main/sues200/full/seed_3/resnet18/dim_512,training_run_config.json,lgm_game_pytorch/runs/formal_main/sues200/full/seed_3/run_config.json,19e449730406637893139646cd98e45ebf94451900d656b0fea493925048f1fc,9364,computed
formal_main/sues200/full/seed_3/resnet18/dim_512,training_history.json,lgm_game_pytorch/runs/formal_main/sues200/full/seed_3/history.json,7928f5eab32fa50a01523e8b36c9dddca9e7bff13c91c8667988d8088b597b8e,36042,computed
formal_main/sues200/full/seed_3/resnet18/dim_512,selected_checkpoint,lgm_game_pytorch/runs/formal_main/sues200/full/seed_3/best.pt,1864e833999eb8854a3442f74084b16037b5232aeca47fb4e66b41f793eccc9c,172338603,computed
formal_main/sues200/full/seed_3/resnet18/dim_512,last_checkpoint,lgm_game_pytorch/runs/formal_main/sues200/full/seed_3/last.pt,1864e833999eb8854a3442f74084b16037b5232aeca47fb4e66b41f793eccc9c,172338603,declared_manifest_hash_and_file_presence
formal_main/sues200/full/seed_3/resnet18/dim_512,evaluation_manifest,lgm_game_pytorch/evaluations/formal_main/sues200/full/seed_3/evaluation_manifest.json,eff5b092a4b4b229281c486585d1047bd05b44c459c9f5c6fbcdaf10d7774be4,8985,computed
formal_main/sues200/full/seed_3/resnet18/dim_512,evaluation_metrics,lgm_game_pytorch/evaluations/formal_main/sues200/full/seed_3/metrics.json,52da80ebb41747f0419dadc52fae7c0bd40d28b133cf3789d3412db00639c686,4264,computed
formal_main/sues200/full/seed_3/resnet18/dim_512,evaluation_metrics_csv,lgm_game_pytorch/evaluations/formal_main/sues200/full/seed_3/metrics.csv,c23b7b453f88c068d31de5e96f604841bf9b2af4a138d991f9d724d724fe605f,1707,computed
formal_main/sues200/full/seed_3/resnet18/dim_512,per_query_arrays:sues200_uav_150m_to_satellite,lgm_game_pytorch/evaluations/formal_main/sues200/full/seed_3/per_query_arrays/sues200_uav_150m_to_satellite_per_query.npz,4328af99ca5d105f7d7a44189151aec4e75c5a93474a773935cda84efe4785ec,49780,computed
formal_main/sues200/full/seed_3/resnet18/dim_512,per_query_arrays:sues200_satellite_to_uav_150m,lgm_game_pytorch/evaluations/formal_main/sues200/full/seed_3/per_query_arrays/sues200_satellite_to_uav_150m_per_query.npz,1a8769aa885c8dd8a4251422c58a7e695d7820593aa1c1becdbaaa84bf10eb77,4290,computed
formal_main/sues200/full/seed_3/resnet18/dim_512,per_query_arrays:sues200_uav_200m_to_satellite,lgm_game_pytorch/evaluations/formal_main/sues200/full/seed_3/per_query_arrays/sues200_uav_200m_to_satellite_per_query.npz,e21eae27d322e3cd45ef66bd409072aa00edc02f063d89aa9d9e2e8dce43f5e7,48029,computed
formal_main/sues200/full/seed_3/resnet18/dim_512,per_query_arrays:sues200_satellite_to_uav_200m,lgm_game_pytorch/evaluations/formal_main/sues200/full/seed_3/per_query_arrays/sues200_satellite_to_uav_200m_per_query.npz,2eba88160338b4da532a072cb68425ae77ce8428e51042e927c648cd63a59b37,4326,computed
formal_main/sues200/full/seed_3/resnet18/dim_512,per_query_arrays:sues200_uav_250m_to_satellite,lgm_game_pytorch/evaluations/formal_main/sues200/full/seed_3/per_query_arrays/sues200_uav_250m_to_satellite_per_query.npz,91699d2be5ecc154401ed384b47aec2da168d14147a660a52a7d4e2d1e3276d1,47350,computed
formal_main/sues200/full/seed_3/resnet18/dim_512,per_query_arrays:sues200_satellite_to_uav_250m,lgm_game_pytorch/evaluations/formal_main/sues200/full/seed_3/per_query_arrays/sues200_satellite_to_uav_250m_per_query.npz,a73c9ede028dabb4762250d2a7f7eafddf6530c620ad69c97d26e9c88433749e,4306,computed
formal_main/sues200/full/seed_3/resnet18/dim_512,per_query_arrays:sues200_uav_300m_to_satellite,lgm_game_pytorch/evaluations/formal_main/sues200/full/seed_3/per_query_arrays/sues200_uav_300m_to_satellite_per_query.npz,51477f8b170f4dcb5df2ac48d30b3a1b3b02ebe641170cd08e602214840e3cd5,46669,computed
formal_main/sues200/full/seed_3/resnet18/dim_512,per_query_arrays:sues200_satellite_to_uav_300m,lgm_game_pytorch/evaluations/formal_main/sues200/full/seed_3/per_query_arrays/sues200_satellite_to_uav_300m_per_query.npz,c0c2da9bbd963bfb784f671df82c8399888fba4d2dcfa6c08d1ea627e812d25c,4292,computed
formal_sensitivity/university1652/full/seed_1/resnet50/dim_512,training_manifest,lgm_game_pytorch/runs/formal_sensitivity/university1652/backbone_resnet50/seed_1/run_manifest.json,fca74d18545261c117909fb07fb0598164a04119d808de875568a1140c73b08d,2574,computed
formal_sensitivity/university1652/full/seed_1/resnet50/dim_512,training_run_config.json,lgm_game_pytorch/runs/formal_sensitivity/university1652/backbone_resnet50/seed_1/run_config.json,d9a84b91fcc63e0a806a1ab45a94f1a15804cdcfe5e366635c1716a0c211d118,17176,computed
formal_sensitivity/university1652/full/seed_1/resnet50/dim_512,training_history.json,lgm_game_pytorch/runs/formal_sensitivity/university1652/backbone_resnet50/seed_1/history.json,3ac67a58e9b6df28908ae20ac93a76b98aeb2ef4aa8462e17252bf007b6bbe7d,36415,computed
formal_sensitivity/university1652/full/seed_1/resnet50/dim_512,selected_checkpoint,lgm_game_pytorch/runs/formal_sensitivity/university1652/backbone_resnet50/seed_1/best.pt,41ab3d8dde8ed8f26f5f7bd78323427dd8f9085846661c8ecddf7c7401da902f,330089485,computed
formal_sensitivity/university1652/full/seed_1/resnet50/dim_512,last_checkpoint,lgm_game_pytorch/runs/formal_sensitivity/university1652/backbone_resnet50/seed_1/last.pt,41ab3d8dde8ed8f26f5f7bd78323427dd8f9085846661c8ecddf7c7401da902f,330089485,declared_manifest_hash_and_file_presence
formal_sensitivity/university1652/full/seed_1/resnet50/dim_512,evaluation_manifest,lgm_game_pytorch/evaluations/formal_sensitivity/university1652/backbone_resnet50/seed_1/evaluation_manifest.json,e380799e4bf47aefdf3a64519dce2c8361108c8a529188ec32071ff9a2679d8d,6516,computed
formal_sensitivity/university1652/full/seed_1/resnet50/dim_512,evaluation_metrics,lgm_game_pytorch/evaluations/formal_sensitivity/university1652/backbone_resnet50/seed_1/metrics.json,13031c9748bc52940e745eea60549f386914fdad26154cb200eff0ce2f5733a1,1943,computed
formal_sensitivity/university1652/full/seed_1/resnet50/dim_512,evaluation_metrics_csv,lgm_game_pytorch/evaluations/formal_sensitivity/university1652/backbone_resnet50/seed_1/metrics.csv,0621cae0c67ee35b95a267712ccd2efa26d3648bc8f896682f93a828107171d6,871,computed
formal_sensitivity/university1652/full/seed_1/resnet50/dim_512,per_query_arrays:university1652_drone_to_satellite,lgm_game_pytorch/evaluations/formal_sensitivity/university1652/backbone_resnet50/seed_1/per_query_arrays/university1652_drone_to_satellite_per_query.npz,3cef3cdd9b9603fec191dc53b6dc57eb946af5cc60e498fd4f3668c53e09edfb,491630,computed
formal_sensitivity/university1652/full/seed_1/resnet50/dim_512,per_query_arrays:university1652_satellite_to_drone,lgm_game_pytorch/evaluations/formal_sensitivity/university1652/backbone_resnet50/seed_1/per_query_arrays/university1652_satellite_to_drone_per_query.npz,83736098cc6c9db811d68cbb52b953d1c790579ae72693b2357e6d775e4827fd,20731,computed
formal_sensitivity/university1652/full/seed_1/resnet50/dim_512,per_query_arrays:university1652_street_to_satellite,lgm_game_pytorch/evaluations/formal_sensitivity/university1652/backbone_resnet50/seed_1/per_query_arrays/university1652_street_to_satellite_per_query.npz,925a90dda660e3188c94e4947a5a4638dc916ef8d45471ff00e2f4c1fd1da578,62001,computed
formal_sensitivity/university1652/full/seed_1/resnet18/dim_256,training_manifest,lgm_game_pytorch/runs/formal_sensitivity/university1652/embed_dim_256/seed_1/run_manifest.json,19bc08aeaca9c0fbc6db48eed5c0eafe658091a30dd051c00994bfa277f735a1,2575,computed
formal_sensitivity/university1652/full/seed_1/resnet18/dim_256,training_run_config.json,lgm_game_pytorch/runs/formal_sensitivity/university1652/embed_dim_256/seed_1/run_config.json,c5dca1d1ea3680826512ae649fd2d7ca28d1b0c0270c1c17dbef0b07a0359549,17171,computed
formal_sensitivity/university1652/full/seed_1/resnet18/dim_256,training_history.json,lgm_game_pytorch/runs/formal_sensitivity/university1652/embed_dim_256/seed_1/history.json,bfbad52093e82c3c00c6aa5b5efb0e8a62687f2b73aa92d0bb13a99fc1491e42,36404,computed
formal_sensitivity/university1652/full/seed_1/resnet18/dim_256,selected_checkpoint,lgm_game_pytorch/runs/formal_sensitivity/university1652/embed_dim_256/seed_1/best.pt,dc8354496c32785b7751cc062a125b5279895d31cc05e32096a2363a53e92c7b,144686123,computed
formal_sensitivity/university1652/full/seed_1/resnet18/dim_256,last_checkpoint,lgm_game_pytorch/runs/formal_sensitivity/university1652/embed_dim_256/seed_1/last.pt,dc8354496c32785b7751cc062a125b5279895d31cc05e32096a2363a53e92c7b,144686123,declared_manifest_hash_and_file_presence
formal_sensitivity/university1652/full/seed_1/resnet18/dim_256,evaluation_manifest,lgm_game_pytorch/evaluations/formal_sensitivity/university1652/embed_dim_256/seed_1/evaluation_manifest.json,e66750a81b189f83ea03b4f74bff98af60c8294f6d393ef577c32f9c96855c2d,6511,computed
formal_sensitivity/university1652/full/seed_1/resnet18/dim_256,evaluation_metrics,lgm_game_pytorch/evaluations/formal_sensitivity/university1652/embed_dim_256/seed_1/metrics.json,9b92b35172a166830679e66306de60f83690f8b0661481c2f3ed8126feb2a714,1942,computed
formal_sensitivity/university1652/full/seed_1/resnet18/dim_256,evaluation_metrics_csv,lgm_game_pytorch/evaluations/formal_sensitivity/university1652/embed_dim_256/seed_1/metrics.csv,77f7a771c9639da89815a1c1e59d213cf311be161ede97647624bf03456fdbd4,870,computed
formal_sensitivity/university1652/full/seed_1/resnet18/dim_256,per_query_arrays:university1652_drone_to_satellite,lgm_game_pytorch/evaluations/formal_sensitivity/university1652/embed_dim_256/seed_1/per_query_arrays/university1652_drone_to_satellite_per_query.npz,e520b919404e111b6630e5550641d63a92435f34170414f7a6ee2ad65e5aaa0f,505132,computed
formal_sensitivity/university1652/full/seed_1/resnet18/dim_256,per_query_arrays:university1652_satellite_to_drone,lgm_game_pytorch/evaluations/formal_sensitivity/university1652/embed_dim_256/seed_1/per_query_arrays/university1652_satellite_to_drone_per_query.npz,2a442aafe939b5ec8da77696e803148243f53cbe845df4de81b07ada3428eb1e,20924,computed
formal_sensitivity/university1652/full/seed_1/resnet18/dim_256,per_query_arrays:university1652_street_to_satellite,lgm_game_pytorch/evaluations/formal_sensitivity/university1652/embed_dim_256/seed_1/per_query_arrays/university1652_street_to_satellite_per_query.npz,43d15762ffdab7fcc179cc6cd402e1b5476240577f110fbe3206cc18932db5a2,62628,computed
formal_sensitivity/university1652/full/seed_1/resnet18/dim_1024,training_manifest,lgm_game_pytorch/runs/formal_sensitivity/university1652/embed_dim_1024/seed_1/run_manifest.json,38a0eb17e1562721b2ad850325ef748890e6143292376af847780f07197ca640,2580,computed
formal_sensitivity/university1652/full/seed_1/resnet18/dim_1024,training_run_config.json,lgm_game_pytorch/runs/formal_sensitivity/university1652/embed_dim_1024/seed_1/run_config.json,2ca5f5b374ff521478efd923d7f28d752e3332c19a31fb8a544c6214ecb52f77,17174,computed
formal_sensitivity/university1652/full/seed_1/resnet18/dim_1024,training_history.json,lgm_game_pytorch/runs/formal_sensitivity/university1652/embed_dim_1024/seed_1/history.json,67ec14c9d12305a138ea7a872d77c3c6a027526193de31f390e918f3fa915d48,36431,computed
formal_sensitivity/university1652/full/seed_1/resnet18/dim_1024,selected_checkpoint,lgm_game_pytorch/runs/formal_sensitivity/university1652/embed_dim_1024/seed_1/best.pt,10362b38ff672c993725d940026c4fc06fcbd79908af511543d7b44bc825099c,279571499,computed
formal_sensitivity/university1652/full/seed_1/resnet18/dim_1024,last_checkpoint,lgm_game_pytorch/runs/formal_sensitivity/university1652/embed_dim_1024/seed_1/last.pt,10362b38ff672c993725d940026c4fc06fcbd79908af511543d7b44bc825099c,279571499,declared_manifest_hash_and_file_presence
formal_sensitivity/university1652/full/seed_1/resnet18/dim_1024,evaluation_manifest,lgm_game_pytorch/evaluations/formal_sensitivity/university1652/embed_dim_1024/seed_1/evaluation_manifest.json,ba3cf1e3fd99fa32bc24ee9c18fce4eeee23b90f2391dae2db259141278c37ec,6513,computed
formal_sensitivity/university1652/full/seed_1/resnet18/dim_1024,evaluation_metrics,lgm_game_pytorch/evaluations/formal_sensitivity/university1652/embed_dim_1024/seed_1/metrics.json,e7d7f0bebc558a56b97d53c17df46565b7e4cc1c27995700723f672c6d7c38a4,1944,computed
formal_sensitivity/university1652/full/seed_1/resnet18/dim_1024,evaluation_metrics_csv,lgm_game_pytorch/evaluations/formal_sensitivity/university1652/embed_dim_1024/seed_1/metrics.csv,417978d661ffac3c9216531bb65c5938c240454958cd4050162169be2a292c9b,872,computed
formal_sensitivity/university1652/full/seed_1/resnet18/dim_1024,per_query_arrays:university1652_drone_to_satellite,lgm_game_pytorch/evaluations/formal_sensitivity/university1652/embed_dim_1024/seed_1/per_query_arrays/university1652_drone_to_satellite_per_query.npz,aaf2218c1851c56fce8120185cee2e77c32413360cbce7e8ca7cef8beaef0c76,502482,computed
formal_sensitivity/university1652/full/seed_1/resnet18/dim_1024,per_query_arrays:university1652_satellite_to_drone,lgm_game_pytorch/evaluations/formal_sensitivity/university1652/embed_dim_1024/seed_1/per_query_arrays/university1652_satellite_to_drone_per_query.npz,b694207d4cf86b25f048b2ffb89b4f29958b10d601f3081831db9c1ea7522646,20870,computed
formal_sensitivity/university1652/full/seed_1/resnet18/dim_1024,per_query_arrays:university1652_street_to_satellite,lgm_game_pytorch/evaluations/formal_sensitivity/university1652/embed_dim_1024/seed_1/per_query_arrays/university1652_street_to_satellite_per_query.npz,cb1e587ebe89d5aef5e9d740f88f9f80adb16ab654f9707d2f492dcc6d6bdfcc,62260,computed
formal_sensitivity/sues200/full/seed_1/resnet50/dim_512,training_manifest,lgm_game_pytorch/runs/formal_sensitivity/sues200/backbone_resnet50/seed_1/run_manifest.json,6aab4d036c66ae25a405eda746d19d94d63a1480617cfd20a51c08ae9211e8a1,2579,computed
formal_sensitivity/sues200/full/seed_1/resnet50/dim_512,training_run_config.json,lgm_game_pytorch/runs/formal_sensitivity/sues200/backbone_resnet50/seed_1/run_config.json,56e0e4030fc207e7591dd0cdd2e7c8c00803061c47ac68848931ead28f55ae7b,9385,computed
formal_sensitivity/sues200/full/seed_1/resnet50/dim_512,training_history.json,lgm_game_pytorch/runs/formal_sensitivity/sues200/backbone_resnet50/seed_1/history.json,921864d4e39bccd376447843691238004bfc4ba3a4f23357d91c07d33fb702d1,36078,computed
formal_sensitivity/sues200/full/seed_1/resnet50/dim_512,selected_checkpoint,lgm_game_pytorch/runs/formal_sensitivity/sues200/backbone_resnet50/seed_1/best.pt,041d43d8c28e34ebb9bcabac090e2a2f54308763d44b2813c69ae6921a5731e7,330080973,computed
formal_sensitivity/sues200/full/seed_1/resnet50/dim_512,last_checkpoint,lgm_game_pytorch/runs/formal_sensitivity/sues200/backbone_resnet50/seed_1/last.pt,041d43d8c28e34ebb9bcabac090e2a2f54308763d44b2813c69ae6921a5731e7,330080973,declared_manifest_hash_and_file_presence
formal_sensitivity/sues200/full/seed_1/resnet50/dim_512,evaluation_manifest,lgm_game_pytorch/evaluations/formal_sensitivity/sues200/backbone_resnet50/seed_1/evaluation_manifest.json,102324fb8e790a78733ebadd1029c14645bf599d3c35d5f50fec1331bd7698c4,9005,computed
formal_sensitivity/sues200/full/seed_1/resnet50/dim_512,evaluation_metrics,lgm_game_pytorch/evaluations/formal_sensitivity/sues200/backbone_resnet50/seed_1/metrics.json,3d406adf69e3575d684880f78f5037d3ba92555486d0fd7af64f4219740e414e,4257,computed
formal_sensitivity/sues200/full/seed_1/resnet50/dim_512,evaluation_metrics_csv,lgm_game_pytorch/evaluations/formal_sensitivity/sues200/backbone_resnet50/seed_1/metrics.csv,be70b8e44dde008d668dbd3d1410046a66bc64f56b39f05e907b4c676492f7dc,1700,computed
formal_sensitivity/sues200/full/seed_1/resnet50/dim_512,per_query_arrays:sues200_uav_150m_to_satellite,lgm_game_pytorch/evaluations/formal_sensitivity/sues200/backbone_resnet50/seed_1/per_query_arrays/sues200_uav_150m_to_satellite_per_query.npz,28213a2b90d409bea5c91b2254c5162f1cc67f54b1fc3800a6b4d991d9ca719d,49748,computed
formal_sensitivity/sues200/full/seed_1/resnet50/dim_512,per_query_arrays:sues200_satellite_to_uav_150m,lgm_game_pytorch/evaluations/formal_sensitivity/sues200/backbone_resnet50/seed_1/per_query_arrays/sues200_satellite_to_uav_150m_per_query.npz,6c9f3ae1fc320403f1bd1977078fd44c84749a45c2d08f37d11bf4580f3cefa5,4341,computed
formal_sensitivity/sues200/full/seed_1/resnet50/dim_512,per_query_arrays:sues200_uav_200m_to_satellite,lgm_game_pytorch/evaluations/formal_sensitivity/sues200/backbone_resnet50/seed_1/per_query_arrays/sues200_uav_200m_to_satellite_per_query.npz,af661b52ad3ef9d816a7c782a2f700244130cb233fbb17afe4dc035f68500546,49270,computed
formal_sensitivity/sues200/full/seed_1/resnet50/dim_512,per_query_arrays:sues200_satellite_to_uav_200m,lgm_game_pytorch/evaluations/formal_sensitivity/sues200/backbone_resnet50/seed_1/per_query_arrays/sues200_satellite_to_uav_200m_per_query.npz,d0908e1910ad0e9fc79faa7a06489f60a866ca536af528d4fadde78f08d69242,4333,computed
formal_sensitivity/sues200/full/seed_1/resnet50/dim_512,per_query_arrays:sues200_uav_250m_to_satellite,lgm_game_pytorch/evaluations/formal_sensitivity/sues200/backbone_resnet50/seed_1/per_query_arrays/sues200_uav_250m_to_satellite_per_query.npz,dbf06d2e3a3658be49168219c7d54eabc824e5f592086a299854f2b420aec24d,47690,computed
formal_sensitivity/sues200/full/seed_1/resnet50/dim_512,per_query_arrays:sues200_satellite_to_uav_250m,lgm_game_pytorch/evaluations/formal_sensitivity/sues200/backbone_resnet50/seed_1/per_query_arrays/sues200_satellite_to_uav_250m_per_query.npz,93700a7f339671863172bb9f804541c334c271062bfc30b60eafa4ae64b65fee,4293,computed
formal_sensitivity/sues200/full/seed_1/resnet50/dim_512,per_query_arrays:sues200_uav_300m_to_satellite,lgm_game_pytorch/evaluations/formal_sensitivity/sues200/backbone_resnet50/seed_1/per_query_arrays/sues200_uav_300m_to_satellite_per_query.npz,510290f8f3c126a9c51a135ea17eee11deacbd9fd2564a6277f07d6c91e6071f,45979,computed
formal_sensitivity/sues200/full/seed_1/resnet50/dim_512,per_query_arrays:sues200_satellite_to_uav_300m,lgm_game_pytorch/evaluations/formal_sensitivity/sues200/backbone_resnet50/seed_1/per_query_arrays/sues200_satellite_to_uav_300m_per_query.npz,55a0b898302e8dba56369e1b2e235646ed32ae8dc856701752bb08d47b693b2c,4284,computed
formal_sensitivity/sues200/full/seed_1/resnet18/dim_256,training_manifest,lgm_game_pytorch/runs/formal_sensitivity/sues200/embed_dim_256/seed_1/run_manifest.json,301dfabeb402a705a650f9073d0fcc8482015dbf2ef8d1fc710615cec98c87b2,2578,computed
formal_sensitivity/sues200/full/seed_1/resnet18/dim_256,training_run_config.json,lgm_game_pytorch/runs/formal_sensitivity/sues200/embed_dim_256/seed_1/run_config.json,44b5ee8a4ad000e81ee2d0654535b475d8785bdae753beb82310bb520246e7b5,9380,computed
formal_sensitivity/sues200/full/seed_1/resnet18/dim_256,training_history.json,lgm_game_pytorch/runs/formal_sensitivity/sues200/embed_dim_256/seed_1/history.json,02464dcd6b197eece21f306404c1239f0015ec5a6d0a176d906171a4785e4fe8,36031,computed
formal_sensitivity/sues200/full/seed_1/resnet18/dim_256,selected_checkpoint,lgm_game_pytorch/runs/formal_sensitivity/sues200/embed_dim_256/seed_1/best.pt,76deb818b94d4dddfe80efc7d68dad656a4e88a386e837a8bed8ed7eb14c1d82,144678315,computed
formal_sensitivity/sues200/full/seed_1/resnet18/dim_256,last_checkpoint,lgm_game_pytorch/runs/formal_sensitivity/sues200/embed_dim_256/seed_1/last.pt,76deb818b94d4dddfe80efc7d68dad656a4e88a386e837a8bed8ed7eb14c1d82,144678315,declared_manifest_hash_and_file_presence
formal_sensitivity/sues200/full/seed_1/resnet18/dim_256,evaluation_manifest,lgm_game_pytorch/evaluations/formal_sensitivity/sues200/embed_dim_256/seed_1/evaluation_manifest.json,a015ff0b9179b44ba278d31676eff20f01556e19c088dab8cb768844f526c242,9000,computed
formal_sensitivity/sues200/full/seed_1/resnet18/dim_256,evaluation_metrics,lgm_game_pytorch/evaluations/formal_sensitivity/sues200/embed_dim_256/seed_1/metrics.json,36ab6d5ee05ef1e144d31bd032ac0ee9a15a7237646da95e55bba4093e03a208,4263,computed
formal_sensitivity/sues200/full/seed_1/resnet18/dim_256,evaluation_metrics_csv,lgm_game_pytorch/evaluations/formal_sensitivity/sues200/embed_dim_256/seed_1/metrics.csv,e5944ac813236dee23fda1815b223a06376160ca583a8b389581ff509585ed01,1706,computed
formal_sensitivity/sues200/full/seed_1/resnet18/dim_256,per_query_arrays:sues200_uav_150m_to_satellite,lgm_game_pytorch/evaluations/formal_sensitivity/sues200/embed_dim_256/seed_1/per_query_arrays/sues200_uav_150m_to_satellite_per_query.npz,ac263744786fdb6df3b312a0a7c59de48b66fc1bb7ef7b3fd55243cff01fb6f7,48527,computed
formal_sensitivity/sues200/full/seed_1/resnet18/dim_256,per_query_arrays:sues200_satellite_to_uav_150m,lgm_game_pytorch/evaluations/formal_sensitivity/sues200/embed_dim_256/seed_1/per_query_arrays/sues200_satellite_to_uav_150m_per_query.npz,4d03198912d281684ddadd108910364bc4d01c1142c63914f8febe03549411a0,4356,computed
formal_sensitivity/sues200/full/seed_1/resnet18/dim_256,per_query_arrays:sues200_uav_200m_to_satellite,lgm_game_pytorch/evaluations/formal_sensitivity/sues200/embed_dim_256/seed_1/per_query_arrays/sues200_uav_200m_to_satellite_per_query.npz,1a27781e37c50c2e491c5824cbd766857d8b9243e1c44d25773048b3303c4d1a,47565,computed
formal_sensitivity/sues200/full/seed_1/resnet18/dim_256,per_query_arrays:sues200_satellite_to_uav_200m,lgm_game_pytorch/evaluations/formal_sensitivity/sues200/embed_dim_256/seed_1/per_query_arrays/sues200_satellite_to_uav_200m_per_query.npz,24b7ea0b2d1a8f8b3c12df415108977a3ff48e764d82849f8f8a3b4237abe22c,4293,computed
formal_sensitivity/sues200/full/seed_1/resnet18/dim_256,per_query_arrays:sues200_uav_250m_to_satellite,lgm_game_pytorch/evaluations/formal_sensitivity/sues200/embed_dim_256/seed_1/per_query_arrays/sues200_uav_250m_to_satellite_per_query.npz,2647dadc73d53495b6a4e288f22262dd409069947a1ebd2f81e81c88a1cfe128,46555,computed
formal_sensitivity/sues200/full/seed_1/resnet18/dim_256,per_query_arrays:sues200_satellite_to_uav_250m,lgm_game_pytorch/evaluations/formal_sensitivity/sues200/embed_dim_256/seed_1/per_query_arrays/sues200_satellite_to_uav_250m_per_query.npz,3f16540ef1030db375dd8f369272b9f2c065cbb5f5cbf20d0136be0d1eeee509,4324,computed
formal_sensitivity/sues200/full/seed_1/resnet18/dim_256,per_query_arrays:sues200_uav_300m_to_satellite,lgm_game_pytorch/evaluations/formal_sensitivity/sues200/embed_dim_256/seed_1/per_query_arrays/sues200_uav_300m_to_satellite_per_query.npz,47b02a44a8bd04bda7c68825bba0204de4bb61ab138efbe0223c882be415f857,46268,computed
formal_sensitivity/sues200/full/seed_1/resnet18/dim_256,per_query_arrays:sues200_satellite_to_uav_300m,lgm_game_pytorch/evaluations/formal_sensitivity/sues200/embed_dim_256/seed_1/per_query_arrays/sues200_satellite_to_uav_300m_per_query.npz,d9b9e80b2adf460918cf9b89209bf515c2c9e22103dba4b0b6df34a99acc38ac,4295,computed
formal_sensitivity/sues200/full/seed_1/resnet18/dim_1024,training_manifest,lgm_game_pytorch/runs/formal_sensitivity/sues200/embed_dim_1024/seed_1/run_manifest.json,794b1970aa5bb5416effb1d12212e4497afe814d8854872a97654f3678e2c322,2578,computed
formal_sensitivity/sues200/full/seed_1/resnet18/dim_1024,training_run_config.json,lgm_game_pytorch/runs/formal_sensitivity/sues200/embed_dim_1024/seed_1/run_config.json,56b38267227fe07421347f6c9f0ff98b7c54d239c16c614f392e1b7c4ffa07ba,9383,computed
formal_sensitivity/sues200/full/seed_1/resnet18/dim_1024,training_history.json,lgm_game_pytorch/runs/formal_sensitivity/sues200/embed_dim_1024/seed_1/history.json,ce59a16cb9ec79d97b72bc2a43b880ee53820b11f58d8393a6cd0abd3424ee22,36090,computed
formal_sensitivity/sues200/full/seed_1/resnet18/dim_1024,selected_checkpoint,lgm_game_pytorch/runs/formal_sensitivity/sues200/embed_dim_1024/seed_1/best.pt,c8feff53f8b10495107f4917ee1b080e1ca2b02d4956b81951b9919f176b7b76,279563691,computed
formal_sensitivity/sues200/full/seed_1/resnet18/dim_1024,last_checkpoint,lgm_game_pytorch/runs/formal_sensitivity/sues200/embed_dim_1024/seed_1/last.pt,c8feff53f8b10495107f4917ee1b080e1ca2b02d4956b81951b9919f176b7b76,279563691,declared_manifest_hash_and_file_presence
formal_sensitivity/sues200/full/seed_1/resnet18/dim_1024,evaluation_manifest,lgm_game_pytorch/evaluations/formal_sensitivity/sues200/embed_dim_1024/seed_1/evaluation_manifest.json,cc47d45477f01fdf91eb3d8732044948047a2d355cc49a61f2a0c98bce7e6c5e,9002,computed
formal_sensitivity/sues200/full/seed_1/resnet18/dim_1024,evaluation_metrics,lgm_game_pytorch/evaluations/formal_sensitivity/sues200/embed_dim_1024/seed_1/metrics.json,2cc2edb3b985972fbc869d6af7ca3eb306ace1d26f9e7a909857a540e6492cf8,4263,computed
formal_sensitivity/sues200/full/seed_1/resnet18/dim_1024,evaluation_metrics_csv,lgm_game_pytorch/evaluations/formal_sensitivity/sues200/embed_dim_1024/seed_1/metrics.csv,c1f769fd4686e880327b5e32fdc2433f3c06f2f63e3626a93ec76ea090954324,1706,computed
formal_sensitivity/sues200/full/seed_1/resnet18/dim_1024,per_query_arrays:sues200_uav_150m_to_satellite,lgm_game_pytorch/evaluations/formal_sensitivity/sues200/embed_dim_1024/seed_1/per_query_arrays/sues200_uav_150m_to_satellite_per_query.npz,0e8c6e33523d81847e1b83ce07ccdba25b08b0f10dc333c53ba7ece0d9d4bc02,47821,computed
formal_sensitivity/sues200/full/seed_1/resnet18/dim_1024,per_query_arrays:sues200_satellite_to_uav_150m,lgm_game_pytorch/evaluations/formal_sensitivity/sues200/embed_dim_1024/seed_1/per_query_arrays/sues200_satellite_to_uav_150m_per_query.npz,d9146a8b5ca1e9b017bbc0c93c89d6f608968b5d817d363f0fb0a1f2f841caf5,4290,computed
formal_sensitivity/sues200/full/seed_1/resnet18/dim_1024,per_query_arrays:sues200_uav_200m_to_satellite,lgm_game_pytorch/evaluations/formal_sensitivity/sues200/embed_dim_1024/seed_1/per_query_arrays/sues200_uav_200m_to_satellite_per_query.npz,ba940efe65b81e42e42c619c7ebb2b96e61092871d50533b3f723e93062585ac,46828,computed
formal_sensitivity/sues200/full/seed_1/resnet18/dim_1024,per_query_arrays:sues200_satellite_to_uav_200m,lgm_game_pytorch/evaluations/formal_sensitivity/sues200/embed_dim_1024/seed_1/per_query_arrays/sues200_satellite_to_uav_200m_per_query.npz,94fa833b6fd42e913f99b4d397e5d296409eecb2c56bb3e14fa27c63275ec8b0,4313,computed
formal_sensitivity/sues200/full/seed_1/resnet18/dim_1024,per_query_arrays:sues200_uav_250m_to_satellite,lgm_game_pytorch/evaluations/formal_sensitivity/sues200/embed_dim_1024/seed_1/per_query_arrays/sues200_uav_250m_to_satellite_per_query.npz,0e28b33ec3f9f724554f4e8b4a2327c73dd37791494aa3043a70bda607965707,46447,computed
formal_sensitivity/sues200/full/seed_1/resnet18/dim_1024,per_query_arrays:sues200_satellite_to_uav_250m,lgm_game_pytorch/evaluations/formal_sensitivity/sues200/embed_dim_1024/seed_1/per_query_arrays/sues200_satellite_to_uav_250m_per_query.npz,5253be0925f5a8b6235b0e69415beda1c8423b189cf328178bb14dc659ebd592,4289,computed
formal_sensitivity/sues200/full/seed_1/resnet18/dim_1024,per_query_arrays:sues200_uav_300m_to_satellite,lgm_game_pytorch/evaluations/formal_sensitivity/sues200/embed_dim_1024/seed_1/per_query_arrays/sues200_uav_300m_to_satellite_per_query.npz,3330dd7b2c09b74573e62234d8f33ac66c67354d4cc17df2dd8cdbabdae04b88,45308,computed
formal_sensitivity/sues200/full/seed_1/resnet18/dim_1024,per_query_arrays:sues200_satellite_to_uav_300m,lgm_game_pytorch/evaluations/formal_sensitivity/sues200/embed_dim_1024/seed_1/per_query_arrays/sues200_satellite_to_uav_300m_per_query.npz,fc22c75ac71ba99cd77796360a6d1f98ae6443dde82967c14352f8f02fcd9d08,4287,computed
