family,dataset,task,variant,seed,queries,gallery,r_at_1_pct,r_at_5_pct,r_at_10_pct,r_at_20_pct,official_trapezoid_mAP_pct,MRR_pct,mean_top1_margin,backbone,checkpoint_sha256,embed_dim,gallery_identities,metrics_sha256,per_query_arrays_sha256,protocol,protocol_membership_sha256,query_identities,query_membership_sha256,run_config_sha256,setting
formal_main,university1652,university1652_drone_to_satellite,visual,1,37855,951,38.55501254788007,62.6205256901334,71.96143177915731,80.7264562145027,44.24035847187042,49.925702810287476,0.05125166103243828,resnet18,3845e67389e89f600edc8321ff7357341a48ec3ad6e411d8657506fd50b30103,512,951,91013cc273b44152c9777bdc9f00a458c733163c0dd5d414d9ea54d257198d3c,cd219215b49fef80c6c4ea45747354228f00b54dd25a18e90919502c3e100885,official test/query_drone -> test/gallery_satellite,c271b8b342a9642a8ee7bd767ace06f9d934cd58a4c83885d51db2e7b94221df,701,d66087cdc8700b60359995c5da4f13341267ec4c6276d7208f71f2f9d8db4371,ff3bb3dbd6deb7cce7d715ee6797e3f0479097e91418d232cc942976387645fa,visual
formal_main,university1652,university1652_drone_to_satellite,visual,2,37855,951,36.70320961563862,61.62726192048606,71.55725795799762,79.99207502311452,42.556437849998474,48.40966463088989,0.04964941740036011,resnet18,208cdab22c741c9ffa6027137e6cf0063233d2b634ed419c5e163dd283f8cae0,512,951,fb817a788d8a4190a9ad0f08acfc9b3a128c074a1d8442c69b309738f3c578f4,0274d5f00566488b77888f03b2aa7e01d2990e13f6a9a7bc3621cfe4a906012d,official test/query_drone -> test/gallery_satellite,c271b8b342a9642a8ee7bd767ace06f9d934cd58a4c83885d51db2e7b94221df,701,d66087cdc8700b60359995c5da4f13341267ec4c6276d7208f71f2f9d8db4371,e7059c19557f20b60e063074d866fb54e000c6061bddb2296f596458d2a079c9,visual
formal_main,university1652,university1652_drone_to_satellite,visual,3,37855,951,38.33311319508652,63.05639941883503,72.73807951393475,81.29705455025757,44.16097402572632,49.98883605003357,0.04959863796830177,resnet18,64c9679e4eaf472d94fec68e298bfea5799ed47c2ed793df0774484bee478959,512,951,3c5c4f0b91941a1a936dda2566356fcfb5b90cf55b33ad524a298a5d8670a5f8,f23fb22425925d52eb977a7b1eaff581bd1a8bf60adbff15772fdc1ebf63dc70,official test/query_drone -> test/gallery_satellite,c271b8b342a9642a8ee7bd767ace06f9d934cd58a4c83885d51db2e7b94221df,701,d66087cdc8700b60359995c5da4f13341267ec4c6276d7208f71f2f9d8db4371,0da2f9d9f33bd751ba0848a4504298797c931777fa20f9c2c5433d21676ac588,visual
formal_main,university1652,university1652_drone_to_satellite,content,1,37855,951,0.8294809140140007,3.119799233918901,5.449742438251222,8.846915863162067,1.7962338402867317,2.762986905872822,0.0007163683767430484,resnet18,2c33874ae73c18049a06afa6405758e83d9b40d58c1ac8a88935a86a45776441,512,951,9e10c9d8116a8d852f925206095c26a5145d71c3e2688c5436f049265495dd01,d612360096ce220d6538566b5e4eaf2c8ca001bfb1d28fd2e8c25ec92c4b2107,official test/query_drone -> test/gallery_satellite,c271b8b342a9642a8ee7bd767ace06f9d934cd58a4c83885d51db2e7b94221df,701,d66087cdc8700b60359995c5da4f13341267ec4c6276d7208f71f2f9d8db4371,f478284e5e1145f983e03ad424dd2d4cfd51edf099bad33ffff81e9217ef626b,content
formal_main,university1652,university1652_drone_to_satellite,content,2,37855,951,0.8268392550521728,3.096024303262449,5.544842160877031,8.799366001849162,1.796712726354599,2.7665862813591957,0.0007807118236087263,resnet18,342977eb6da5f00fb8b24c1acbc71d840633dbf2b2bd7b5a63a273c778bb91ac,512,951,c4e3027e76099dbb0a3eb06f5d7ef6ad43f8230e83a5f9b20e0fe57abd30bd8f,5decef242cdaf3dcde4fc0def3c5e09b817a23b3e4f4ddb30e729312e6ae99e1,official test/query_drone -> test/gallery_satellite,c271b8b342a9642a8ee7bd767ace06f9d934cd58a4c83885d51db2e7b94221df,701,d66087cdc8700b60359995c5da4f13341267ec4c6276d7208f71f2f9d8db4371,7f0663140d7a1d66251d79e13956a184f974b6ba2c0dbea39056861ac266deba,content
formal_main,university1652,university1652_drone_to_satellite,content,3,37855,951,0.8083476423193766,3.1567824593844933,5.460309074098533,8.862765816933035,1.7707152292132378,2.7330832555890083,0.0006647522677667439,resnet18,f3f30eb5a8650954e09b605bab5fe1b0b382f8e0b509c49a37a5d9271541b865,512,951,f5d401c7048524cb06b8c8bedc148c110386f5964d807af61e753c5a5a712725,19ad4105935c75d84f64fb21dae0d86503460af13fc90246611d01c11e71a073,official test/query_drone -> test/gallery_satellite,c271b8b342a9642a8ee7bd767ace06f9d934cd58a4c83885d51db2e7b94221df,701,d66087cdc8700b60359995c5da4f13341267ec4c6276d7208f71f2f9d8db4371,8cdefb5d62290467075d9a120b3ab664b343202c19480a68a3c8430e4ce85871,content
formal_main,university1652,university1652_drone_to_satellite,style,1,37855,951,0.475498613129045,1.886144498745212,3.2386738872011622,5.486725663716814,1.1562314815819263,1.83696448802948,0.00020220987789798528,resnet18,04083e0477d12ceaceaa93915262e0ea43071cf8c202234268599276c64bb2b5,512,951,29460d53865f2dcd49b2f2a199ce721dd56c91d4d765f53961a373741370ed37,f890eb0b2169dc9e861c7e3b47671d2cfe83ea42cb3264d6c3b2603fa007d0df,official test/query_drone -> test/gallery_satellite,c271b8b342a9642a8ee7bd767ace06f9d934cd58a4c83885d51db2e7b94221df,701,d66087cdc8700b60359995c5da4f13341267ec4c6276d7208f71f2f9d8db4371,6c1f025b024e8801af34cf769f65645fe802fa9605fba7b12f6aaba2417f30c8,style
formal_main,university1652,university1652_drone_to_satellite,style,2,37855,951,0.47814027209087306,1.9416193369436003,3.2862237485140664,5.523708889182406,1.1632151901721954,1.848290115594864,0.00021941679005976766,resnet18,fcfefe59f4ae3f6cefd2dd203c42a90f43c64a60d2298ad293f2f4b3f17d3786,512,951,e38dfbbbe793bee0b0a10fc7e038c2497ca3fac621d57cf432994709d0f50ae9,d43782db1bc2577b87ca9b8b4cd7bd98a474a416ff1ad41d8953a00b5865a1e8,official test/query_drone -> test/gallery_satellite,c271b8b342a9642a8ee7bd767ace06f9d934cd58a4c83885d51db2e7b94221df,701,d66087cdc8700b60359995c5da4f13341267ec4c6276d7208f71f2f9d8db4371,495ed07d41ac11cda107478debe6bc795059c2a32f15c30b8574c47f914337eb,style
formal_main,university1652,university1652_drone_to_satellite,style,3,37855,951,0.470215295205389,1.9574692907145685,3.2175406155065382,5.4312508255184255,1.145458873361349,1.8207024782896042,0.00024133699480444193,resnet18,14b7dc1e7b6c733d0ed3cd8321105711e486d68818b8b238bccf148c4e0fa619,512,951,8386bfd41fc2cb1a400e333aafbe1e58f914550be7c2770b43d5b43209a94638,adfbed8dd426e8edab9ff09fe2408d777f68635f360967f44906476f2016f8f8,official test/query_drone -> test/gallery_satellite,c271b8b342a9642a8ee7bd767ace06f9d934cd58a4c83885d51db2e7b94221df,701,d66087cdc8700b60359995c5da4f13341267ec4c6276d7208f71f2f9d8db4371,416f2727e8bbe0b7b096359f033947e85ec9f7db08f408f30b6d75e6208dca85,style
formal_main,university1652,university1652_drone_to_satellite,visual_content,1,37855,951,32.661471404041734,58.46255448421609,68.87333245278035,78.31197992339189,38.79055380821228,44.919636845588684,0.04474532976746559,resnet18,3766263e40a7a52c2b0107736df535cc24dfd04e9095b13b3f4462fe1f4d8229,512,951,068f9baf0cbeba04859ab16e8d5e8d8f8257c698f9637934cb4471db6a9591d9,b8e711658633cf6294d220c3f8a74a0edd014c66676572ad4466ab077bdeb0b6,official test/query_drone -> test/gallery_satellite,c271b8b342a9642a8ee7bd767ace06f9d934cd58a4c83885d51db2e7b94221df,701,d66087cdc8700b60359995c5da4f13341267ec4c6276d7208f71f2f9d8db4371,4373078d755ba823237b5c0aa27f1e2a61a501b36ce75895d64e8506fd2e4f3b,visual_content
formal_main,university1652,university1652_drone_to_satellite,visual_content,2,37855,951,32.71694624224013,58.47576277902523,68.87069079381853,78.1429137498349,38.78338038921356,44.849807024002075,0.04531407356262207,resnet18,fd251579705eb7654725a6d254ca71908d60d0b519df274decc01ac23dbfecbc,512,951,8220d2d090a226614229696a87585945df3268143b147710e8b647cec247366f,c25128476be411df92190cd5ff091870975765dd4a2e23fbaf2a3c6bef665e3b,official test/query_drone -> test/gallery_satellite,c271b8b342a9642a8ee7bd767ace06f9d934cd58a4c83885d51db2e7b94221df,701,d66087cdc8700b60359995c5da4f13341267ec4c6276d7208f71f2f9d8db4371,6afaedb4bcd525b662f1a24b974694dcf368b5c6cb9754185db1126c29289a24,visual_content
formal_main,university1652,university1652_drone_to_satellite,visual_content,3,37855,951,32.267864218729365,57.936864350812314,68.24990093778894,77.82855633337736,38.28903138637543,44.310203194618225,0.04541359841823578,resnet18,5d8f6fc68324f2a52e4b72a42b2cbd4472d6d72403007642e3100990bb6d9288,512,951,02756f390722a52b16b17abe6c3d444ee35a1be760872c5dc52549cf16228719,35fadd5c2bfd97bff6768f20576689e7bf9d9354b8a477e7f4130fcfd6e3c6c4,official test/query_drone -> test/gallery_satellite,c271b8b342a9642a8ee7bd767ace06f9d934cd58a4c83885d51db2e7b94221df,701,d66087cdc8700b60359995c5da4f13341267ec4c6276d7208f71f2f9d8db4371,908b0e331d438175b770922f30ea3d37b5001e32036eb35a30685e7ad613a3b0,visual_content
formal_main,university1652,university1652_drone_to_satellite,visual_style,1,37855,951,31.372341830669658,57.09417514198917,67.9646017699115,77.97913089420156,37.46524155139923,43.55814456939697,0.04469152167439461,resnet18,15a0a1b9893d3fdd0326c8e04f7abb62569076b13f4880f5daef4bc0501ee434,512,951,29732ed2bcec07d334927e81a80b311b07f6d4a4294cd0b94953f0551407db72,a90f3431c2435c8a611922bf044e9652aff985e306ffba57b7b98522405dd166,official test/query_drone -> test/gallery_satellite,c271b8b342a9642a8ee7bd767ace06f9d934cd58a4c83885d51db2e7b94221df,701,d66087cdc8700b60359995c5da4f13341267ec4c6276d7208f71f2f9d8db4371,37cd817f16b78c070d8bed229cacbf9ad7c962588e35aa27b6d52cc4bb499549,visual_style
formal_main,university1652,university1652_drone_to_satellite,visual_style,2,37855,951,31.044776119402982,55.43257165499934,65.77730814951789,75.80768722757892,36.88676655292511,42.72875487804413,0.044740770012140274,resnet18,4e1d977c636bc7d347ef9b10dc90a6f0f069a4476f810a62a4910306253a0c32,512,951,9d94dd4e56fcfac1d7a38d9c64d15f1a4a1f64adf99255080b2e0ff34f9cef6b,aeb6e32c890bd44b2f485ada224548dfea3c14c45dc946efce56f497a9fc156a,official test/query_drone -> test/gallery_satellite,c271b8b342a9642a8ee7bd767ace06f9d934cd58a4c83885d51db2e7b94221df,701,d66087cdc8700b60359995c5da4f13341267ec4c6276d7208f71f2f9d8db4371,ce71dbaf10c8ae8a1e3aa04b03d35eac275261c52a07d6082dea5d71c3a4a7f5,visual_style
formal_main,university1652,university1652_drone_to_satellite,visual_style,3,37855,951,31.41725003302074,56.745476159027874,67.17738739928674,76.80095099722625,37.385594844818115,43.35394203662872,0.04406760632991791,resnet18,6d58438a33aba7ed9817653535eb9e46c96fcf9459a5a66e4021172e0905c828,512,951,1b7caaceba535fe35a2b315ae2b4973d987b59d978ab4a7e363b317420d0f340,53f83930a71ffdca424fcdbc84a8e551b4c54fcff804b92ea9e6fdbd128f06a7,official test/query_drone -> test/gallery_satellite,c271b8b342a9642a8ee7bd767ace06f9d934cd58a4c83885d51db2e7b94221df,701,d66087cdc8700b60359995c5da4f13341267ec4c6276d7208f71f2f9d8db4371,b8b370bc6c28db81731527ce11e2095c3c981e4029727cadb55b4a32b16be0de,visual_style
formal_main,university1652,university1652_drone_to_satellite,full,1,37855,951,31.905956940958923,58.41764628186501,68.86540747589486,78.62633733984943,38.14201056957245,44.378066062927246,0.04357321560382843,resnet18,581fc1b40e0dc343f3906c8e180bc843a58d37ba97e8fb5833f2c49ac39a9c99,512,951,bc283968cc7d90459fc66a11278df1ae9db3532ff81f0d4f82db7d7596487b81,4b8cb9ff3b6eb4ca8ad387c470c82d72f57a07cecf881497666717ca7af051bf,official test/query_drone -> test/gallery_satellite,c271b8b342a9642a8ee7bd767ace06f9d934cd58a4c83885d51db2e7b94221df,701,d66087cdc8700b60359995c5da4f13341267ec4c6276d7208f71f2f9d8db4371,3bd013e50688919ebd45a45a26cd1eeec417acf239bfd5b476c801c503581d26,full
formal_main,university1652,university1652_drone_to_satellite,full,2,37855,951,32.55580504556861,57.92893937392682,67.8985602958658,77.64892352397305,38.55428993701935,44.55277621746063,0.04412226378917694,resnet18,771fc0ff3daeae4ccbcecd774d63820c7b2bcfd7f214c512c39ce64091cf3309,512,951,b2e35b07efa31fe68e96c42547beb7ced306a46f843b9cef7940b9585347079a,3838e5a15fc499c1d8602090d8159ecf90df4e28ec6f403e39222dce417f0c6f,official test/query_drone -> test/gallery_satellite,c271b8b342a9642a8ee7bd767ace06f9d934cd58a4c83885d51db2e7b94221df,701,d66087cdc8700b60359995c5da4f13341267ec4c6276d7208f71f2f9d8db4371,cccd5853196c6d610f3e9cdffd57fbd54bcfdaacfab82d5205f29a5c8162ccaa,full
formal_main,university1652,university1652_drone_to_satellite,full,3,37855,951,32.439572051248184,58.78747853652093,69.62884691586316,79.0674943864747,38.64814341068268,44.856709241867065,0.043473612517118454,resnet18,0f3f73762f77a11faa11e0c97c4c24def5f493c94158323fbbbac55b42efab53,512,951,1a466359ca0de9873dc18981f5fb86b48f4bac17d85098a9043fe3ebeed02696,3a417fd0b5b3ca26d258745c87a5c185f9feed85c95a3da0a9925681e19d46ad,official test/query_drone -> test/gallery_satellite,c271b8b342a9642a8ee7bd767ace06f9d934cd58a4c83885d51db2e7b94221df,701,d66087cdc8700b60359995c5da4f13341267ec4c6276d7208f71f2f9d8db4371,543c6e1d5f8d76c11a4a3565e033a8d14f74c7b6f1b7163f4d2c4621cc156bfa,full
formal_main,university1652,university1652_satellite_to_drone,visual,1,701,51355,56.490727532097004,69.6148359486448,75.17831669044223,79.17261055634808,36.63662672042847,62.799423933029175,0.015276073478162289,resnet18,3845e67389e89f600edc8321ff7357341a48ec3ad6e411d8657506fd50b30103,512,951,91013cc273b44152c9777bdc9f00a458c733163c0dd5d414d9ea54d257198d3c,b89b92121aaf4758da70179baa2f3be70b8a3390f6da93bda4370f0132b927d8,official test/query_satellite -> test/gallery_drone,c271b8b342a9642a8ee7bd767ace06f9d934cd58a4c83885d51db2e7b94221df,701,e4607da9f50a694dc9277c628d9f1b284533923e32987e687d9348e5bda71d02,ff3bb3dbd6deb7cce7d715ee6797e3f0479097e91418d232cc942976387645fa,visual
formal_main,university1652,university1652_satellite_to_drone,visual,2,701,51355,50.35663338088445,65.04992867332382,72.18259629101283,77.31811697574894,34.123194217681885,57.6785683631897,0.014848785474896431,resnet18,208cdab22c741c9ffa6027137e6cf0063233d2b634ed419c5e163dd283f8cae0,512,951,fb817a788d8a4190a9ad0f08acfc9b3a128c074a1d8442c69b309738f3c578f4,14b99b7b45350842f9f7aad92472455507b3b4bcb521a211e83c3c783d97d28f,official test/query_satellite -> test/gallery_drone,c271b8b342a9642a8ee7bd767ace06f9d934cd58a4c83885d51db2e7b94221df,701,e4607da9f50a694dc9277c628d9f1b284533923e32987e687d9348e5bda71d02,e7059c19557f20b60e063074d866fb54e000c6061bddb2296f596458d2a079c9,visual
formal_main,university1652,university1652_satellite_to_drone,visual,3,701,51355,56.06276747503567,71.61198288159771,75.60627674750357,80.4564907275321,36.09972298145294,63.05084228515625,0.013645528815686703,resnet18,64c9679e4eaf472d94fec68e298bfea5799ed47c2ed793df0774484bee478959,512,951,3c5c4f0b91941a1a936dda2566356fcfb5b90cf55b33ad524a298a5d8670a5f8,e0b80ed2cf14664bdd8465f703a4bf62204778cb460a08ddcbe4233f7f1c3a86,official test/query_satellite -> test/gallery_drone,c271b8b342a9642a8ee7bd767ace06f9d934cd58a4c83885d51db2e7b94221df,701,e4607da9f50a694dc9277c628d9f1b284533923e32987e687d9348e5bda71d02,0da2f9d9f33bd751ba0848a4504298797c931777fa20f9c2c5433d21676ac588,visual
formal_main,university1652,university1652_satellite_to_drone,content,1,701,51355,1.5691868758915835,6.276747503566334,8.7018544935806,12.410841654778887,0.7409377954900265,4.2718663811683655,0.0003692234749905765,resnet18,2c33874ae73c18049a06afa6405758e83d9b40d58c1ac8a88935a86a45776441,512,951,9e10c9d8116a8d852f925206095c26a5145d71c3e2688c5436f049265495dd01,b26f306c21037b44221234c5780b8c30a53be62386d1cf0643ac27cb4d7c4129,official test/query_satellite -> test/gallery_drone,c271b8b342a9642a8ee7bd767ace06f9d934cd58a4c83885d51db2e7b94221df,701,e4607da9f50a694dc9277c628d9f1b284533923e32987e687d9348e5bda71d02,f478284e5e1145f983e03ad424dd2d4cfd51edf099bad33ffff81e9217ef626b,content
formal_main,university1652,university1652_satellite_to_drone,content,2,701,51355,1.7118402282453637,5.848787446504993,9.272467902995722,12.125534950071327,0.7346474099904299,4.293825104832649,0.0004366479115560651,resnet18,342977eb6da5f00fb8b24c1acbc71d840633dbf2b2bd7b5a63a273c778bb91ac,512,951,c4e3027e76099dbb0a3eb06f5d7ef6ad43f8230e83a5f9b20e0fe57abd30bd8f,fd52ede45bf73e6dfcdd72cb284f647175cfca22a1d865a719438abcaa29faf2,official test/query_satellite -> test/gallery_drone,c271b8b342a9642a8ee7bd767ace06f9d934cd58a4c83885d51db2e7b94221df,701,e4607da9f50a694dc9277c628d9f1b284533923e32987e687d9348e5bda71d02,7f0663140d7a1d66251d79e13956a184f974b6ba2c0dbea39056861ac266deba,content
formal_main,university1652,university1652_satellite_to_drone,content,3,701,51355,1.2838801711840229,6.134094151212553,9.700427960057063,12.696148359486447,0.7444529794156551,4.152828082442284,0.0003620162606239319,resnet18,f3f30eb5a8650954e09b605bab5fe1b0b382f8e0b509c49a37a5d9271541b865,512,951,f5d401c7048524cb06b8c8bedc148c110386f5964d807af61e753c5a5a712725,97970d6b6b920dd1ecc24afd2b36b5fef7ef47e811413b668d8236480e1de69d,official test/query_satellite -> test/gallery_drone,c271b8b342a9642a8ee7bd767ace06f9d934cd58a4c83885d51db2e7b94221df,701,e4607da9f50a694dc9277c628d9f1b284533923e32987e687d9348e5bda71d02,8cdefb5d62290467075d9a120b3ab664b343202c19480a68a3c8430e4ce85871,content
formal_main,university1652,university1652_satellite_to_drone,style,1,701,51355,0.14265335235378032,1.5691868758915835,2.710413694721826,5.1355206847360915,0.32896469347178936,1.4171304181218147,0.0004126625135540962,resnet18,04083e0477d12ceaceaa93915262e0ea43071cf8c202234268599276c64bb2b5,512,951,29460d53865f2dcd49b2f2a199ce721dd56c91d4d765f53961a373741370ed37,273b0c272a3ac604ad84c33150de6b7f968d1c1b63d0a5efc667543b278b30da,official test/query_satellite -> test/gallery_drone,c271b8b342a9642a8ee7bd767ace06f9d934cd58a4c83885d51db2e7b94221df,701,e4607da9f50a694dc9277c628d9f1b284533923e32987e687d9348e5bda71d02,6c1f025b024e8801af34cf769f65645fe802fa9605fba7b12f6aaba2417f30c8,style
formal_main,university1652,university1652_satellite_to_drone,style,2,701,51355,0.14265335235378032,1.4265335235378032,3.2810271041369474,5.420827389443652,0.3266425570473075,1.4228626154363155,0.0003794299846049398,resnet18,fcfefe59f4ae3f6cefd2dd203c42a90f43c64a60d2298ad293f2f4b3f17d3786,512,951,e38dfbbbe793bee0b0a10fc7e038c2497ca3fac621d57cf432994709d0f50ae9,2b4cd7505cbd9360a24f07e9a07c745ffd6874cc0cbd8e1f481c019d0aff4d88,official test/query_satellite -> test/gallery_drone,c271b8b342a9642a8ee7bd767ace06f9d934cd58a4c83885d51db2e7b94221df,701,e4607da9f50a694dc9277c628d9f1b284533923e32987e687d9348e5bda71d02,495ed07d41ac11cda107478debe6bc795059c2a32f15c30b8574c47f914337eb,style
formal_main,university1652,university1652_satellite_to_drone,style,3,701,51355,0.0,1.2838801711840229,2.9957203994293864,4.850213980028531,0.3209251444786787,1.302649825811386,0.0004718432028312236,resnet18,14b7dc1e7b6c733d0ed3cd8321105711e486d68818b8b238bccf148c4e0fa619,512,951,8386bfd41fc2cb1a400e333aafbe1e58f914550be7c2770b43d5b43209a94638,25c84498174744d2bd7aacac8013e25ce97bda0affda7ecf3025913d12ca03bc,official test/query_satellite -> test/gallery_drone,c271b8b342a9642a8ee7bd767ace06f9d934cd58a4c83885d51db2e7b94221df,701,e4607da9f50a694dc9277c628d9f1b284533923e32987e687d9348e5bda71d02,416f2727e8bbe0b7b096359f033947e85ec9f7db08f408f30b6d75e6208dca85,style
formal_main,university1652,university1652_satellite_to_drone,visual_content,1,701,51355,46.07703281027104,61.05563480741797,69.472182596291,74.75035663338089,29.48901057243347,53.7570059299469,0.013158063404262066,resnet18,3766263e40a7a52c2b0107736df535cc24dfd04e9095b13b3f4462fe1f4d8229,512,951,068f9baf0cbeba04859ab16e8d5e8d8f8257c698f9637934cb4471db6a9591d9,2124218e16406123ec0ac0fa3be4c032384e2fea60148198a77cb8ea2c670a54,official test/query_satellite -> test/gallery_drone,c271b8b342a9642a8ee7bd767ace06f9d934cd58a4c83885d51db2e7b94221df,701,e4607da9f50a694dc9277c628d9f1b284533923e32987e687d9348e5bda71d02,4373078d755ba823237b5c0aa27f1e2a61a501b36ce75895d64e8506fd2e4f3b,visual_content
formal_main,university1652,university1652_satellite_to_drone,visual_content,2,701,51355,44.935805991440795,62.76747503566333,69.6148359486448,74.46504992867332,29.13685441017151,53.400975465774536,0.013371148146688938,resnet18,fd251579705eb7654725a6d254ca71908d60d0b519df274decc01ac23dbfecbc,512,951,8220d2d090a226614229696a87585945df3268143b147710e8b647cec247366f,09a71677dede8b5809a68961e5a138e1ecc89a749fd593961fc4c1091ca743ba,official test/query_satellite -> test/gallery_drone,c271b8b342a9642a8ee7bd767ace06f9d934cd58a4c83885d51db2e7b94221df,701,e4607da9f50a694dc9277c628d9f1b284533923e32987e687d9348e5bda71d02,6afaedb4bcd525b662f1a24b974694dcf368b5c6cb9754185db1126c29289a24,visual_content
formal_main,university1652,university1652_satellite_to_drone,visual_content,3,701,51355,45.07845934379458,61.34094151212553,66.19115549215407,72.61055634807418,28.672924637794495,52.54683494567871,0.012679562903940678,resnet18,5d8f6fc68324f2a52e4b72a42b2cbd4472d6d72403007642e3100990bb6d9288,512,951,02756f390722a52b16b17abe6c3d444ee35a1be760872c5dc52549cf16228719,feb30c40920f4dbb171fd0fe0ee393146a4426249150229ad03fbe777ea60179,official test/query_satellite -> test/gallery_drone,c271b8b342a9642a8ee7bd767ace06f9d934cd58a4c83885d51db2e7b94221df,701,e4607da9f50a694dc9277c628d9f1b284533923e32987e687d9348e5bda71d02,908b0e331d438175b770922f30ea3d37b5001e32036eb35a30685e7ad613a3b0,visual_content
formal_main,university1652,university1652_satellite_to_drone,visual_style,1,701,51355,45.93437945791726,61.911554921540656,68.188302425107,74.32239657631953,29.013249278068542,53.73379588127136,0.013468983583152294,resnet18,15a0a1b9893d3fdd0326c8e04f7abb62569076b13f4880f5daef4bc0501ee434,512,951,29732ed2bcec07d334927e81a80b311b07f6d4a4294cd0b94953f0551407db72,9bfb915950e0de873c5936f256a57117dcb7508a5073ea96b218ff4840a9725a,official test/query_satellite -> test/gallery_drone,c271b8b342a9642a8ee7bd767ace06f9d934cd58a4c83885d51db2e7b94221df,701,e4607da9f50a694dc9277c628d9f1b284533923e32987e687d9348e5bda71d02,37cd817f16b78c070d8bed229cacbf9ad7c962588e35aa27b6d52cc4bb499549,visual_style
formal_main,university1652,university1652_satellite_to_drone,visual_style,2,701,51355,41.36947218259629,58.77318116975749,64.33666191155493,70.47075606276746,27.865079045295715,49.26126003265381,0.014134968630969524,resnet18,4e1d977c636bc7d347ef9b10dc90a6f0f069a4476f810a62a4910306253a0c32,512,951,9d94dd4e56fcfac1d7a38d9c64d15f1a4a1f64adf99255080b2e0ff34f9cef6b,aeb8c25054a41d67af285a21073e529211e6b0eded0071ddd9c1e6d60486b5f9,official test/query_satellite -> test/gallery_drone,c271b8b342a9642a8ee7bd767ace06f9d934cd58a4c83885d51db2e7b94221df,701,e4607da9f50a694dc9277c628d9f1b284533923e32987e687d9348e5bda71d02,ce71dbaf10c8ae8a1e3aa04b03d35eac275261c52a07d6082dea5d71c3a4a7f5,visual_style
formal_main,university1652,university1652_satellite_to_drone,visual_style,3,701,51355,45.36376604850214,63.052781740370904,70.18544935805991,75.89158345221114,28.775086998939514,53.5366952419281,0.013527778908610344,resnet18,6d58438a33aba7ed9817653535eb9e46c96fcf9459a5a66e4021172e0905c828,512,951,1b7caaceba535fe35a2b315ae2b4973d987b59d978ab4a7e363b317420d0f340,efc0ba88a6fcf7ba79a95804a746d7fddbc5251e176cd765c7b77aff57b6f01e,official test/query_satellite -> test/gallery_drone,c271b8b342a9642a8ee7bd767ace06f9d934cd58a4c83885d51db2e7b94221df,701,e4607da9f50a694dc9277c628d9f1b284533923e32987e687d9348e5bda71d02,b8b370bc6c28db81731527ce11e2095c3c981e4029727cadb55b4a32b16be0de,visual_style
formal_main,university1652,university1652_satellite_to_drone,full,1,701,51355,45.93437945791726,61.911554921540656,67.76034236804564,75.17831669044223,29.24031913280487,53.810954093933105,0.012498866766691208,resnet18,581fc1b40e0dc343f3906c8e180bc843a58d37ba97e8fb5833f2c49ac39a9c99,512,951,bc283968cc7d90459fc66a11278df1ae9db3532ff81f0d4f82db7d7596487b81,1a100682e151b7327bcd4d4cebd16cba1ed6c8141f0cc07ce662d6e69644fcd0,official test/query_satellite -> test/gallery_drone,c271b8b342a9642a8ee7bd767ace06f9d934cd58a4c83885d51db2e7b94221df,701,e4607da9f50a694dc9277c628d9f1b284533923e32987e687d9348e5bda71d02,3bd013e50688919ebd45a45a26cd1eeec417acf239bfd5b476c801c503581d26,full
formal_main,university1652,university1652_satellite_to_drone,full,2,701,51355,43.081312410841655,60.62767475035663,66.19115549215407,73.32382310984308,28.96919548511505,51.34024620056152,0.013391237705945969,resnet18,771fc0ff3daeae4ccbcecd774d63820c7b2bcfd7f214c512c39ce64091cf3309,512,951,b2e35b07efa31fe68e96c42547beb7ced306a46f843b9cef7940b9585347079a,98202d2e0cbee46193153b27475f489cd44f2491c55d987ac8c41148f8f96263,official test/query_satellite -> test/gallery_drone,c271b8b342a9642a8ee7bd767ace06f9d934cd58a4c83885d51db2e7b94221df,701,e4607da9f50a694dc9277c628d9f1b284533923e32987e687d9348e5bda71d02,cccd5853196c6d610f3e9cdffd57fbd54bcfdaacfab82d5205f29a5c8162ccaa,full
formal_main,university1652,university1652_satellite_to_drone,full,3,701,51355,43.509272467902996,61.911554921540656,69.90014265335235,76.0342368045649,28.701066970825195,52.25502848625183,0.013234262354671955,resnet18,0f3f73762f77a11faa11e0c97c4c24def5f493c94158323fbbbac55b42efab53,512,951,1a466359ca0de9873dc18981f5fb86b48f4bac17d85098a9043fe3ebeed02696,da3011887c7879327b4b28154434bde7841a1edd6f60258846d5259e16c94bab,official test/query_satellite -> test/gallery_drone,c271b8b342a9642a8ee7bd767ace06f9d934cd58a4c83885d51db2e7b94221df,701,e4607da9f50a694dc9277c628d9f1b284533923e32987e687d9348e5bda71d02,543c6e1d5f8d76c11a4a3565e033a8d14f74c7b6f1b7163f4d2c4621cc156bfa,full
formal_main,university1652,university1652_street_to_satellite,visual,1,2579,951,0.5428460643660333,3.722373012795657,5.8937572702597905,10.158976347421481,1.7087440937757492,2.874642051756382,0.03290534391999245,resnet18,3845e67389e89f600edc8321ff7357341a48ec3ad6e411d8657506fd50b30103,512,951,91013cc273b44152c9777bdc9f00a458c733163c0dd5d414d9ea54d257198d3c,fa102b542b99295eaada24ad39b0c53aaf2ee3607b483fd2369d4f8decb9bf20,official test/query_street -> test/gallery_satellite,c271b8b342a9642a8ee7bd767ace06f9d934cd58a4c83885d51db2e7b94221df,701,7a9c2d19c8e46fbd0315d8a22ee640fd64cd987a66fa4e28b9ab005c8e51fc17,ff3bb3dbd6deb7cce7d715ee6797e3f0479097e91418d232cc942976387645fa,visual
formal_main,university1652,university1652_street_to_satellite,visual,2,2579,951,0.8142690965490499,3.3346258239627766,5.622334238076774,10.430399379604498,1.8864555284380913,2.9586419463157654,0.032468389719724655,resnet18,208cdab22c741c9ffa6027137e6cf0063233d2b634ed419c5e163dd283f8cae0,512,951,fb817a788d8a4190a9ad0f08acfc9b3a128c074a1d8442c69b309738f3c578f4,e89783dc5faa747308d9de56a7a7b955057cd99133f56f1e4f118d088ee7a573,official test/query_street -> test/gallery_satellite,c271b8b342a9642a8ee7bd767ace06f9d934cd58a4c83885d51db2e7b94221df,701,7a9c2d19c8e46fbd0315d8a22ee640fd64cd987a66fa4e28b9ab005c8e51fc17,e7059c19557f20b60e063074d866fb54e000c6061bddb2296f596458d2a079c9,visual
formal_main,university1652,university1652_street_to_satellite,visual,3,2579,951,1.0081426909654905,3.3346258239627766,6.087630864676232,10.546723536254362,2.1242599934339523,3.2403770834207535,0.031957753002643585,resnet18,64c9679e4eaf472d94fec68e298bfea5799ed47c2ed793df0774484bee478959,512,951,3c5c4f0b91941a1a936dda2566356fcfb5b90cf55b33ad524a298a5d8670a5f8,a1910fb9ae825ca831a623ad7920f071fa81e4d95c999d13900baa332c41249f,official test/query_street -> test/gallery_satellite,c271b8b342a9642a8ee7bd767ace06f9d934cd58a4c83885d51db2e7b94221df,701,7a9c2d19c8e46fbd0315d8a22ee640fd64cd987a66fa4e28b9ab005c8e51fc17,0da2f9d9f33bd751ba0848a4504298797c931777fa20f9c2c5433d21676ac588,visual
formal_main,university1652,university1652_street_to_satellite,content,1,2579,951,0.11632415664986429,0.8142690965490499,1.8611865063978286,3.683598293912369,0.6556667387485504,1.1950092390179634,0.00605691596865654,resnet18,2c33874ae73c18049a06afa6405758e83d9b40d58c1ac8a88935a86a45776441,512,951,9e10c9d8116a8d852f925206095c26a5145d71c3e2688c5436f049265495dd01,617c4ea5ed291c742801002b3ed00b895443cd9dfc3d3e0099b560022d0e91b1,official test/query_street -> test/gallery_satellite,c271b8b342a9642a8ee7bd767ace06f9d934cd58a4c83885d51db2e7b94221df,701,7a9c2d19c8e46fbd0315d8a22ee640fd64cd987a66fa4e28b9ab005c8e51fc17,f478284e5e1145f983e03ad424dd2d4cfd51edf099bad33ffff81e9217ef626b,content
formal_main,university1652,university1652_street_to_satellite,content,2,2579,951,0.11632415664986429,0.8530438154323382,1.9387359441644048,3.8386971694455214,0.6619380787014961,1.2075519189238548,0.006723623722791672,resnet18,342977eb6da5f00fb8b24c1acbc71d840633dbf2b2bd7b5a63a273c778bb91ac,512,951,c4e3027e76099dbb0a3eb06f5d7ef6ad43f8230e83a5f9b20e0fe57abd30bd8f,c06b1f9db20f581eb5437dfebd2f96aa9afe382dba927701252feced19ca1aa8,official test/query_street -> test/gallery_satellite,c271b8b342a9642a8ee7bd767ace06f9d934cd58a4c83885d51db2e7b94221df,701,7a9c2d19c8e46fbd0315d8a22ee640fd64cd987a66fa4e28b9ab005c8e51fc17,7f0663140d7a1d66251d79e13956a184f974b6ba2c0dbea39056861ac266deba,content
formal_main,university1652,university1652_street_to_satellite,content,3,2579,951,0.15509887553315238,0.9305932531989143,2.055060100814269,3.8386971694455214,0.6923459470272064,1.2295931577682495,0.006256246939301491,resnet18,f3f30eb5a8650954e09b605bab5fe1b0b382f8e0b509c49a37a5d9271541b865,512,951,f5d401c7048524cb06b8c8bedc148c110386f5964d807af61e753c5a5a712725,7adc7611bbf09c779a348cb848ebabc2a107e2afcf0fe73f9ede8c0a383f254f,official test/query_street -> test/gallery_satellite,c271b8b342a9642a8ee7bd767ace06f9d934cd58a4c83885d51db2e7b94221df,701,7a9c2d19c8e46fbd0315d8a22ee640fd64cd987a66fa4e28b9ab005c8e51fc17,8cdefb5d62290467075d9a120b3ab664b343202c19480a68a3c8430e4ce85871,content
formal_main,university1652,university1652_street_to_satellite,style,1,2579,951,0.038774718883288095,0.6979449398991857,1.3958898797983714,2.481582008530438,0.4405572544783354,0.8423398248851299,0.0009380503906868398,resnet18,04083e0477d12ceaceaa93915262e0ea43071cf8c202234268599276c64bb2b5,512,951,29460d53865f2dcd49b2f2a199ce721dd56c91d4d765f53961a373741370ed37,744692fd2ce8d41b56c142b7d54622dad1f1ecad2f992f4c83f80f643ae22661,official test/query_street -> test/gallery_satellite,c271b8b342a9642a8ee7bd767ace06f9d934cd58a4c83885d51db2e7b94221df,701,7a9c2d19c8e46fbd0315d8a22ee640fd64cd987a66fa4e28b9ab005c8e51fc17,6c1f025b024e8801af34cf769f65645fe802fa9605fba7b12f6aaba2417f30c8,style
formal_main,university1652,university1652_street_to_satellite,style,2,2579,951,0.0,0.5816207832493214,1.240791004265219,2.44280728964715,0.39836782962083817,0.7967356592416763,0.001128703006543219,resnet18,fcfefe59f4ae3f6cefd2dd203c42a90f43c64a60d2298ad293f2f4b3f17d3786,512,951,e38dfbbbe793bee0b0a10fc7e038c2497ca3fac621d57cf432994709d0f50ae9,fcaf926e1202f2bfbf5e6026f9db6f16eb45cf9c2c307979225a8ef02bf62cba,official test/query_street -> test/gallery_satellite,c271b8b342a9642a8ee7bd767ace06f9d934cd58a4c83885d51db2e7b94221df,701,7a9c2d19c8e46fbd0315d8a22ee640fd64cd987a66fa4e28b9ab005c8e51fc17,495ed07d41ac11cda107478debe6bc795059c2a32f15c30b8574c47f914337eb,style
formal_main,university1652,university1652_street_to_satellite,style,3,2579,951,0.038774718883288095,0.7367196587824738,1.5122140364482357,2.5979061651803024,0.45564216561615467,0.872509554028511,0.0014721174957230687,resnet18,14b7dc1e7b6c733d0ed3cd8321105711e486d68818b8b238bccf148c4e0fa619,512,951,8386bfd41fc2cb1a400e333aafbe1e58f914550be7c2770b43d5b43209a94638,2b5cc68e23a017f73a219176ae9c432e68b705f6a0d6de937066d9f8165b37f3,official test/query_street -> test/gallery_satellite,c271b8b342a9642a8ee7bd767ace06f9d934cd58a4c83885d51db2e7b94221df,701,7a9c2d19c8e46fbd0315d8a22ee640fd64cd987a66fa4e28b9ab005c8e51fc17,416f2727e8bbe0b7b096359f033947e85ec9f7db08f408f30b6d75e6208dca85,style
formal_main,university1652,university1652_street_to_satellite,visual_content,1,2579,951,0.9305932531989143,4.148894920511826,6.940674680108569,11.671190383869718,2.2172652184963226,3.503936529159546,0.030054714530706406,resnet18,3766263e40a7a52c2b0107736df535cc24dfd04e9095b13b3f4462fe1f4d8229,512,951,068f9baf0cbeba04859ab16e8d5e8d8f8257c698f9637934cb4471db6a9591d9,f56af2bea925174e983134d80c4e24e49343fb9e50ffbd4a434cedf9ca4ea33a,official test/query_street -> test/gallery_satellite,c271b8b342a9642a8ee7bd767ace06f9d934cd58a4c83885d51db2e7b94221df,701,7a9c2d19c8e46fbd0315d8a22ee640fd64cd987a66fa4e28b9ab005c8e51fc17,4373078d755ba823237b5c0aa27f1e2a61a501b36ce75895d64e8506fd2e4f3b,visual_content
formal_main,university1652,university1652_street_to_satellite,visual_content,2,2579,951,1.4346645986816595,4.303993796044979,7.173322993408298,12.058937572702598,2.588120847940445,3.7415772676467896,0.02956022322177887,resnet18,fd251579705eb7654725a6d254ca71908d60d0b519df274decc01ac23dbfecbc,512,951,8220d2d090a226614229696a87585945df3268143b147710e8b647cec247366f,d3a3df869e830b5bab5fa87b145a7bad3c3d902e4fd91279d1b47c192707a4a1,official test/query_street -> test/gallery_satellite,c271b8b342a9642a8ee7bd767ace06f9d934cd58a4c83885d51db2e7b94221df,701,7a9c2d19c8e46fbd0315d8a22ee640fd64cd987a66fa4e28b9ab005c8e51fc17,6afaedb4bcd525b662f1a24b974694dcf368b5c6cb9754185db1126c29289a24,visual_content
formal_main,university1652,university1652_street_to_satellite,visual_content,3,2579,951,0.9693679720822024,3.8386971694455214,6.746801085692129,11.477316789453276,2.1668152883648872,3.364262357354164,0.029799649491906166,resnet18,5d8f6fc68324f2a52e4b72a42b2cbd4472d6d72403007642e3100990bb6d9288,512,951,02756f390722a52b16b17abe6c3d444ee35a1be760872c5dc52549cf16228719,29341659419b795df56c3252c5bfacc94eafe4f59ebc1da491b6489f6beaff59,official test/query_street -> test/gallery_satellite,c271b8b342a9642a8ee7bd767ace06f9d934cd58a4c83885d51db2e7b94221df,701,7a9c2d19c8e46fbd0315d8a22ee640fd64cd987a66fa4e28b9ab005c8e51fc17,908b0e331d438175b770922f30ea3d37b5001e32036eb35a30685e7ad613a3b0,visual_content
formal_main,university1652,university1652_street_to_satellite,visual_style,1,2579,951,1.1632415664986429,3.993796044978674,6.669251647925553,11.360992632803413,2.3584380745887756,3.5536348819732666,0.029288414865732193,resnet18,15a0a1b9893d3fdd0326c8e04f7abb62569076b13f4880f5daef4bc0501ee434,512,951,29732ed2bcec07d334927e81a80b311b07f6d4a4294cd0b94953f0551407db72,6749b2257122e6190a832443452def525a791f9558237653655144b48ced82e4,official test/query_street -> test/gallery_satellite,c271b8b342a9642a8ee7bd767ace06f9d934cd58a4c83885d51db2e7b94221df,701,7a9c2d19c8e46fbd0315d8a22ee640fd64cd987a66fa4e28b9ab005c8e51fc17,37cd817f16b78c070d8bed229cacbf9ad7c962588e35aa27b6d52cc4bb499549,visual_style
formal_main,university1652,university1652_street_to_satellite,visual_style,2,2579,951,1.0081426909654905,3.644823575029081,6.010081426909655,10.77937184955409,2.126813679933548,3.2454844564199448,0.02886582538485527,resnet18,4e1d977c636bc7d347ef9b10dc90a6f0f069a4476f810a62a4910306253a0c32,512,951,9d94dd4e56fcfac1d7a38d9c64d15f1a4a1f64adf99255080b2e0ff34f9cef6b,68a6e5acc64396f8e62e6680c7a500d219d30b1e1a140cdb6fdfa3c069d850bd,official test/query_street -> test/gallery_satellite,c271b8b342a9642a8ee7bd767ace06f9d934cd58a4c83885d51db2e7b94221df,701,7a9c2d19c8e46fbd0315d8a22ee640fd64cd987a66fa4e28b9ab005c8e51fc17,ce71dbaf10c8ae8a1e3aa04b03d35eac275261c52a07d6082dea5d71c3a4a7f5,visual_style
formal_main,university1652,university1652_street_to_satellite,visual_style,3,2579,951,1.1632415664986429,4.187669639395114,6.669251647925553,11.244668476153548,2.3339951410889626,3.5047486424446106,0.029680658131837845,resnet18,6d58438a33aba7ed9817653535eb9e46c96fcf9459a5a66e4021172e0905c828,512,951,1b7caaceba535fe35a2b315ae2b4973d987b59d978ab4a7e363b317420d0f340,95825a46c2b2a4850d2e72ab8cf6c88976a3f450eb6d06c0b13bc6c0e42e46ab,official test/query_street -> test/gallery_satellite,c271b8b342a9642a8ee7bd767ace06f9d934cd58a4c83885d51db2e7b94221df,701,7a9c2d19c8e46fbd0315d8a22ee640fd64cd987a66fa4e28b9ab005c8e51fc17,b8b370bc6c28db81731527ce11e2095c3c981e4029727cadb55b4a32b16be0de,visual_style
formal_main,university1652,university1652_street_to_satellite,full,1,2579,951,0.9305932531989143,4.420317952694843,6.863125242341993,12.175261729352464,2.184932120144367,3.4392710775136948,0.028151368722319603,resnet18,581fc1b40e0dc343f3906c8e180bc843a58d37ba97e8fb5833f2c49ac39a9c99,512,951,bc283968cc7d90459fc66a11278df1ae9db3532ff81f0d4f82db7d7596487b81,508aa804f4ed6a7bf139252fd97ebc35a0c8fa6496b7a3d33cf5f3a5cb107580,official test/query_street -> test/gallery_satellite,c271b8b342a9642a8ee7bd767ace06f9d934cd58a4c83885d51db2e7b94221df,701,7a9c2d19c8e46fbd0315d8a22ee640fd64cd987a66fa4e28b9ab005c8e51fc17,3bd013e50688919ebd45a45a26cd1eeec417acf239bfd5b476c801c503581d26,full
formal_main,university1652,university1652_street_to_satellite,full,2,2579,951,0.9693679720822024,4.846839860411012,7.638619620007756,12.873206669251648,2.3912686854600906,3.813169151544571,0.028327960520982742,resnet18,771fc0ff3daeae4ccbcecd774d63820c7b2bcfd7f214c512c39ce64091cf3309,512,951,b2e35b07efa31fe68e96c42547beb7ced306a46f843b9cef7940b9585347079a,b343910f3f1a8cf39b06c97f28a80d15e2c0c3e92dad9a000a18eb3d2573dfe8,official test/query_street -> test/gallery_satellite,c271b8b342a9642a8ee7bd767ace06f9d934cd58a4c83885d51db2e7b94221df,701,7a9c2d19c8e46fbd0315d8a22ee640fd64cd987a66fa4e28b9ab005c8e51fc17,cccd5853196c6d610f3e9cdffd57fbd54bcfdaacfab82d5205f29a5c8162ccaa,full
formal_main,university1652,university1652_street_to_satellite,full,3,2579,951,1.0081426909654905,3.8774718883288095,6.746801085692129,11.128344319503682,2.2238237783312798,3.4395046532154083,0.030601752921938896,resnet18,0f3f73762f77a11faa11e0c97c4c24def5f493c94158323fbbbac55b42efab53,512,951,1a466359ca0de9873dc18981f5fb86b48f4bac17d85098a9043fe3ebeed02696,696c855ec670cb36a45dc747eeb03f4372053880070fa8ac836e55e961c56f01,official test/query_street -> test/gallery_satellite,c271b8b342a9642a8ee7bd767ace06f9d934cd58a4c83885d51db2e7b94221df,701,7a9c2d19c8e46fbd0315d8a22ee640fd64cd987a66fa4e28b9ab005c8e51fc17,543c6e1d5f8d76c11a4a3565e033a8d14f74c7b6f1b7163f4d2c4621cc156bfa,full
formal_main,sues200,sues200_uav_150m_to_satellite,visual,1,4000,200,34.075,72.35000000000001,85.5,94.175,42.56778061389923,51.06055736541748,0.06405044347047806,resnet18,b9da9c88f13541f05c17848eab9c43a2f332adbd22ee8880b82149ee8cc03a7a,512,200,ebdd4bcdb67d376fc13a7d60f936ca69966f368bb6372aaabaa3b77788db97d0,2e349c149c4e965a7384d68fb220d2d45cd4c171dd2449d470fec42ba0bc1ec4,official 80 test IDs as query; all 200 satellite IDs in gallery,1f543fb48416204dacfb5ac48b3bbf3ce4080ce164e75e7a86be748e3d798772,80,57dc33cac810a66f1c276b8dc68466a2562826bfa3d96a19a4e94af56fd0392a,af58d1bfe504df2be63a7aa228b8edb10f2ebdbb9060b075b4038e3eae8701a0,visual
formal_main,sues200,sues200_uav_150m_to_satellite,visual,2,4000,200,33.85,70.875,82.45,90.05,42.206573486328125,50.56315064430237,0.06785473227500916,resnet18,a38a8f1d8143e8a404742b59a1bccb81263012b6cbbc0c7047ceba43fb51a996,512,200,ac912b39d7fcc402d9a8354673ce7d018af81e2a49251fff105816eb191b7240,4c6f20df1b0d28d9bf7f882ce4b3dabb925ae5343aa8982b75ce2b6e6a1c2a9f,official 80 test IDs as query; all 200 satellite IDs in gallery,1f543fb48416204dacfb5ac48b3bbf3ce4080ce164e75e7a86be748e3d798772,80,57dc33cac810a66f1c276b8dc68466a2562826bfa3d96a19a4e94af56fd0392a,7caf4137d67782292b0df639c551b5192c7156c37e80981ab71637c75de60eed,visual
formal_main,sues200,sues200_uav_150m_to_satellite,visual,3,4000,200,38.75,75.25,85.55,93.0,46.9262421131134,55.1024854183197,0.06386654824018478,resnet18,9b5be26cc36cf0822ef97559fdfbc569aa6f67b47413f21feebd2e91373d557e,512,200,881480ea0a3e0e303b44da22b9ab4b385a4e12f6816c2d0ed7da85eff211411d,2514fa1a67ef6639d7591292d9ebc6c43944ddbee8f790b804e7f25c179ebde8,official 80 test IDs as query; all 200 satellite IDs in gallery,1f543fb48416204dacfb5ac48b3bbf3ce4080ce164e75e7a86be748e3d798772,80,57dc33cac810a66f1c276b8dc68466a2562826bfa3d96a19a4e94af56fd0392a,1294385c181345f8d065b5d6080c11e2f9411e0c8fea25b3c2e37631d7f4e1ee,visual
formal_main,sues200,sues200_uav_150m_to_satellite,content,1,4000,200,1.775,12.625,22.025,37.75,5.309104174375534,8.843208104372025,0.034098971635103226,resnet18,a6e4cac189b7a1f99bc48a7e26530800e44c473ef9a6b09a2ff33490e955b218,512,200,1e26582a3136f24f3acbebe47fc938be437970a2376e3e5b66608021b6ffa022,de42d4d71149f21b66ca909be290124ba9a66217ebcece5f5779f0edb1a16858,official 80 test IDs as query; all 200 satellite IDs in gallery,1f543fb48416204dacfb5ac48b3bbf3ce4080ce164e75e7a86be748e3d798772,80,57dc33cac810a66f1c276b8dc68466a2562826bfa3d96a19a4e94af56fd0392a,ea266ef4aef13fc140166d674aab7c117984e6c6d1e0573d38f49a063bacd320,content
formal_main,sues200,sues200_uav_150m_to_satellite,content,2,4000,200,1.775,11.425,21.25,38.800000000000004,5.247550830245018,8.720101416110992,0.032476309686899185,resnet18,2f4d69d433ec5363c4c155954994f5fac20ba369bd52e591a994c984413f0822,512,200,5e013283eb8e8b3216a170bc18bc742a7f6faf205928c2b2eacc305ccc2d254d,cc75864da30507786658b8220105ce64121f085b68eb53ea8faf4a029c8b36ec,official 80 test IDs as query; all 200 satellite IDs in gallery,1f543fb48416204dacfb5ac48b3bbf3ce4080ce164e75e7a86be748e3d798772,80,57dc33cac810a66f1c276b8dc68466a2562826bfa3d96a19a4e94af56fd0392a,aa70f75893966e9d842cb55fef1815067ba0f01b2a1554083069536a86e98d3e,content
formal_main,sues200,sues200_uav_150m_to_satellite,content,3,4000,200,1.725,12.6,22.475,38.75,5.282678082585335,8.840356767177582,0.03116641752421856,resnet18,0604d8d400a7980ebb2d1fd55d44da9b858e09f60db40924de1d7f0685795b7e,512,200,36defb97e71c592c434e268fbce376cf71555f0a7fe1de19525a08707b0bcc7c,8e338097e6b32846e72ec1546d99585af8f5e5dfeefceeb19b6f1cbccbbb8517,official 80 test IDs as query; all 200 satellite IDs in gallery,1f543fb48416204dacfb5ac48b3bbf3ce4080ce164e75e7a86be748e3d798772,80,57dc33cac810a66f1c276b8dc68466a2562826bfa3d96a19a4e94af56fd0392a,3ab4dfd278a1db8ea5f0cabf9cfc4c045dad48c7c257ec6007462af8e289c72a,content
formal_main,sues200,sues200_uav_150m_to_satellite,style,1,4000,200,0.15,2.25,6.0,13.750000000000002,1.6589289531111717,3.167857602238655,0.020085394382476807,resnet18,ee8a2baf567640ba061ec7f9a7565d783ddd606f92bd08a91253db4c54b50e8b,512,200,1fedf4a744a4698df34b31992eb0884805ffcb54e60c5c16b2dd86d07ac2ea74,03c56fecdbdd68c21d01dd8c997bdc46cd21a90569300e211d753092ec44178d,official 80 test IDs as query; all 200 satellite IDs in gallery,1f543fb48416204dacfb5ac48b3bbf3ce4080ce164e75e7a86be748e3d798772,80,57dc33cac810a66f1c276b8dc68466a2562826bfa3d96a19a4e94af56fd0392a,7c678b6f8f3cec9de0a8d6b84e54bc68b589d9a223c6989cd4944b749b93bb80,style
formal_main,sues200,sues200_uav_150m_to_satellite,style,2,4000,200,0.17500000000000002,2.75,6.45,13.25,1.747708022594452,3.3204160630702972,0.022626010701060295,resnet18,308068cec253be7a600387dac1720cb8a4a34d33208573324e9e8eb830113140,512,200,1ddfd170dfcd86122af3fd346b11ea02c45a7130b33f681ae20e1abc70772ac1,966673216a04c2704b6d0188c0be43dea02f43f1c9cfa983a0a3408f705a96a1,official 80 test IDs as query; all 200 satellite IDs in gallery,1f543fb48416204dacfb5ac48b3bbf3ce4080ce164e75e7a86be748e3d798772,80,57dc33cac810a66f1c276b8dc68466a2562826bfa3d96a19a4e94af56fd0392a,d7e520133b06d37221561a5cf193ad79778e9fc8ea3b04c82569f47a8547fe06,style
formal_main,sues200,sues200_uav_150m_to_satellite,style,3,4000,200,0.2,1.925,6.35,13.825000000000001,1.6800690442323685,3.1601380556821823,0.020260239019989967,resnet18,06322bb64f167f6685fd68ba2fe5f5f39e34b407fe44f12059a39319715eac45,512,200,67c9b676b3a3e8bd2d25e6cc509e1149d6756277ed7e62b8cf8c25abeca73cef,dad899fb54bf03ff6ba975c31b999ff6209b2852e7a586a10433d4dd67e9b167,official 80 test IDs as query; all 200 satellite IDs in gallery,1f543fb48416204dacfb5ac48b3bbf3ce4080ce164e75e7a86be748e3d798772,80,57dc33cac810a66f1c276b8dc68466a2562826bfa3d96a19a4e94af56fd0392a,93adc10d7f89de3968862e439d9d2c665bc7d3fe0a24e9c458352d1fb9f4e1f6,style
formal_main,sues200,sues200_uav_150m_to_satellite,visual_content,1,4000,200,31.574999999999996,68.875,81.5,90.14999999999999,40.02153277397156,48.46806824207306,0.06477361172437668,resnet18,7be2c9f073bbf26aab684f4fe9f03122fb4641ccd3792739548a05abba2ae29d,512,200,a3493989a25ee973a620f0b5832f736c1ae992c14504a6f4c34ee9c8c9f2a84b,bea0923df8719c0af55aafa84b717cddc7dc466f30c4ef3015d133f47978a4a7,official 80 test IDs as query; all 200 satellite IDs in gallery,1f543fb48416204dacfb5ac48b3bbf3ce4080ce164e75e7a86be748e3d798772,80,57dc33cac810a66f1c276b8dc68466a2562826bfa3d96a19a4e94af56fd0392a,32dbf04e268235a0e34ba73bac4926cdacc188a07a2bd9cfaf5f13e49774b848,visual_content
formal_main,sues200,sues200_uav_150m_to_satellite,visual_content,2,4000,200,28.525,67.5,80.27499999999999,89.275,37.29341924190521,46.061840653419495,0.06634071469306946,resnet18,47003fd14ca81cba6e3b33d3a49867e6d211cafd77767a8efd4f05285e11784b,512,200,1a625fea46ba00af9300b0c416edb1ae6988b51313752b6de7aa237cf236afdb,2c58082419b45b517ef5b4257d75c213e46ef26bb1942924163321583a06800c,official 80 test IDs as query; all 200 satellite IDs in gallery,1f543fb48416204dacfb5ac48b3bbf3ce4080ce164e75e7a86be748e3d798772,80,57dc33cac810a66f1c276b8dc68466a2562826bfa3d96a19a4e94af56fd0392a,5496387e7ed75a3197a4a1f95a02dc653c30063527f4004578cbae70a8c5f682,visual_content
formal_main,sues200,sues200_uav_150m_to_satellite,visual_content,3,4000,200,23.95,62.6,77.25,89.575,32.73879885673523,41.52759909629822,0.060669589787721634,resnet18,5f00a2749500502ce2ce805725c7b31f2aa866f6894640b16a8a1b0695267cdf,512,200,36cfd8ffc55e258926c4fac54c2db7e656915c9804fa24915f552344ea4b3c5f,417aab700f106b669fd1df1b09a186963165445e03e7ea4d5a8c50a80ac1ca9e,official 80 test IDs as query; all 200 satellite IDs in gallery,1f543fb48416204dacfb5ac48b3bbf3ce4080ce164e75e7a86be748e3d798772,80,57dc33cac810a66f1c276b8dc68466a2562826bfa3d96a19a4e94af56fd0392a,8d31ee08fc967b4a3bbd573f3fabe6f68ddfcc4f2a45bce936eb510fc4db69cb,visual_content
formal_main,sues200,sues200_uav_150m_to_satellite,visual_style,1,4000,200,27.575,62.35000000000001,77.625,90.925,35.74117124080658,43.9073383808136,0.06639021635055542,resnet18,74c9669451b99e530232bea09fa6a76f3c41659d6946e7ea68cac36a15e3d9d5,512,200,999f304550380fd6ebac9a90fd01184e2f9889dcecd6daefc332e6885ffa3c7c,137846ab93e783cb8ef94abc4bee688ec95d8e21946d3c797317932cebc3fc6b,official 80 test IDs as query; all 200 satellite IDs in gallery,1f543fb48416204dacfb5ac48b3bbf3ce4080ce164e75e7a86be748e3d798772,80,57dc33cac810a66f1c276b8dc68466a2562826bfa3d96a19a4e94af56fd0392a,b5a86db00a57dc59d986ebb109319afacb4a13a076008171a55dac8911aa16f5,visual_style
formal_main,sues200,sues200_uav_150m_to_satellite,visual_style,2,4000,200,26.525,63.349999999999994,77.05,87.425,34.93305146694183,43.34109425544739,0.06475257873535156,resnet18,5f0aba7c8cd4cf1ee17f44be59838c5cac9325f216506deaebc96908636b11df,512,200,75e197814c3544b968cf1722a6abe9ebf8cab95b37d4789810573cee71356d36,7908361a2a0dc13fd02d09963cfdb1e9bc352d1f4684057ef14e7dab0f093429,official 80 test IDs as query; all 200 satellite IDs in gallery,1f543fb48416204dacfb5ac48b3bbf3ce4080ce164e75e7a86be748e3d798772,80,57dc33cac810a66f1c276b8dc68466a2562826bfa3d96a19a4e94af56fd0392a,24f34f6e0b74d6ea42abaef7e812b9a3db4389d9a4725da8df8600fa49400e14,visual_style
formal_main,sues200,sues200_uav_150m_to_satellite,visual_style,3,4000,200,27.1,62.475,78.05,89.55,35.384464263916016,43.66892874240875,0.06407907605171204,resnet18,8ebb43d5e756a16c789a67f47f56d6d06d8f14b8f9d3fdbaea39cdd51900271a,512,200,26164ba49459666e9a7153905182766e0334738f1e2d375f45325ca6995efd00,f6275bfdb40c1d55b95fa62459b6a920cdc8ed6c83a7e600d9da99e3e34777ef,official 80 test IDs as query; all 200 satellite IDs in gallery,1f543fb48416204dacfb5ac48b3bbf3ce4080ce164e75e7a86be748e3d798772,80,57dc33cac810a66f1c276b8dc68466a2562826bfa3d96a19a4e94af56fd0392a,279a332ad50de157bc7ae165330cee899640dd7802d1712913a119c53f200ee3,visual_style
formal_main,sues200,sues200_uav_150m_to_satellite,full,1,4000,200,28.7,65.3,79.45,91.05,37.15789318084717,45.61578333377838,0.06461402773857117,resnet18,7478740b013990c83c5c21f619bc89b2664ee70ff90fda18ab3b7ac420c870e9,512,200,97f37be9352a47c842f73899f226175bcb737a5ec5e754b876bf5d400dcff59c,e31ebb628d1fca6fecc9ef71fd6e14916742f68c477a578ffb0ee8539f06fa02,official 80 test IDs as query; all 200 satellite IDs in gallery,1f543fb48416204dacfb5ac48b3bbf3ce4080ce164e75e7a86be748e3d798772,80,57dc33cac810a66f1c276b8dc68466a2562826bfa3d96a19a4e94af56fd0392a,33d9d19b607d969866608e9fbbf8c547d9425d1ffbd40f4445944a8fadb8eb1c,full
formal_main,sues200,sues200_uav_150m_to_satellite,full,2,4000,200,26.85,64.25,80.22500000000001,90.25,35.24997532367706,43.64995062351227,0.06896102428436279,resnet18,b92ffcece7107fbce537a7bc003104ee65ee88db8faf12c64ea5bd6f1e2dfa9b,512,200,ac9f690cbad3dcd180697703cf8e303d9cef1d74bc8e8d805b4555f70fb6e744,8f2d5eb9a99ebc78c10bdfd0946a12e3a73263fc38ed5079e64a5e56fd31e45e,official 80 test IDs as query; all 200 satellite IDs in gallery,1f543fb48416204dacfb5ac48b3bbf3ce4080ce164e75e7a86be748e3d798772,80,57dc33cac810a66f1c276b8dc68466a2562826bfa3d96a19a4e94af56fd0392a,52f56fe4ad3192dca6993d71b8b83305abdaf418b8a9c90008a5a353ea176619,full
formal_main,sues200,sues200_uav_150m_to_satellite,full,3,4000,200,29.75,63.1,75.47500000000001,87.55,37.493956089019775,45.23791968822479,0.06854412704706192,resnet18,1864e833999eb8854a3442f74084b16037b5232aeca47fb4e66b41f793eccc9c,512,200,52da80ebb41747f0419dadc52fae7c0bd40d28b133cf3789d3412db00639c686,4328af99ca5d105f7d7a44189151aec4e75c5a93474a773935cda84efe4785ec,official 80 test IDs as query; all 200 satellite IDs in gallery,1f543fb48416204dacfb5ac48b3bbf3ce4080ce164e75e7a86be748e3d798772,80,57dc33cac810a66f1c276b8dc68466a2562826bfa3d96a19a4e94af56fd0392a,f7cf33c6f305ed7a752c3362213c836c2aa2afd3cb497bacce2627851d7ac4e1,full
formal_main,sues200,sues200_satellite_to_uav_150m,visual,1,80,10000,53.75,68.75,77.5,78.75,39.360737800598145,60.36795377731323,0.009374866262078285,resnet18,b9da9c88f13541f05c17848eab9c43a2f332adbd22ee8880b82149ee8cc03a7a,512,200,ebdd4bcdb67d376fc13a7d60f936ca69966f368bb6372aaabaa3b77788db97d0,14e905c5cda86cfeda677865ed9312692429a542bccec25797e3ca0128488018,official 80 test IDs as query; all 200 150m UAV IDs in gallery,1f543fb48416204dacfb5ac48b3bbf3ce4080ce164e75e7a86be748e3d798772,80,a0024554fabfdcd03efe8d46da3c80414baa16d26cf6a40d05e521ce55eeaddc,af58d1bfe504df2be63a7aa228b8edb10f2ebdbb9060b075b4038e3eae8701a0,visual
formal_main,sues200,sues200_satellite_to_uav_150m,visual,2,80,10000,57.49999999999999,72.5,76.25,81.25,37.47456669807434,65.45518636703491,0.013502860441803932,resnet18,a38a8f1d8143e8a404742b59a1bccb81263012b6cbbc0c7047ceba43fb51a996,512,200,ac912b39d7fcc402d9a8354673ce7d018af81e2a49251fff105816eb191b7240,ef96e250078480f2bb128d1cdb1dfc269bea28d4f374a5e7eec755cfe093f708,official 80 test IDs as query; all 200 150m UAV IDs in gallery,1f543fb48416204dacfb5ac48b3bbf3ce4080ce164e75e7a86be748e3d798772,80,a0024554fabfdcd03efe8d46da3c80414baa16d26cf6a40d05e521ce55eeaddc,7caf4137d67782292b0df639c551b5192c7156c37e80981ab71637c75de60eed,visual
formal_main,sues200,sues200_satellite_to_uav_150m,visual,3,80,10000,61.25000000000001,71.25,80.0,88.75,41.73313081264496,66.66885614395142,0.011400251649320126,resnet18,9b5be26cc36cf0822ef97559fdfbc569aa6f67b47413f21feebd2e91373d557e,512,200,881480ea0a3e0e303b44da22b9ab4b385a4e12f6816c2d0ed7da85eff211411d,4a6336f129a6c3ec6e744489413a6e96def948c576095782754e49e859c92330,official 80 test IDs as query; all 200 150m UAV IDs in gallery,1f543fb48416204dacfb5ac48b3bbf3ce4080ce164e75e7a86be748e3d798772,80,a0024554fabfdcd03efe8d46da3c80414baa16d26cf6a40d05e521ce55eeaddc,1294385c181345f8d065b5d6080c11e2f9411e0c8fea25b3c2e37631d7f4e1ee,visual
formal_main,sues200,sues200_satellite_to_uav_150m,content,1,80,10000,5.0,10.0,18.75,23.75,4.063986241817474,8.889979869127274,0.021703943610191345,resnet18,a6e4cac189b7a1f99bc48a7e26530800e44c473ef9a6b09a2ff33490e955b218,512,200,1e26582a3136f24f3acbebe47fc938be437970a2376e3e5b66608021b6ffa022,da52e88732200406b692f799eec148ce09256456bff3fa01e8b7d6ad072a79f8,official 80 test IDs as query; all 200 150m UAV IDs in gallery,1f543fb48416204dacfb5ac48b3bbf3ce4080ce164e75e7a86be748e3d798772,80,a0024554fabfdcd03efe8d46da3c80414baa16d26cf6a40d05e521ce55eeaddc,ea266ef4aef13fc140166d674aab7c117984e6c6d1e0573d38f49a063bacd320,content
formal_main,sues200,sues200_satellite_to_uav_150m,content,2,80,10000,5.0,10.0,20.0,23.75,4.028074815869331,8.946739137172699,0.021014465019106865,resnet18,2f4d69d433ec5363c4c155954994f5fac20ba369bd52e591a994c984413f0822,512,200,5e013283eb8e8b3216a170bc18bc742a7f6faf205928c2b2eacc305ccc2d254d,6ee0db66f36a1242ad0dc9b321cc6e85bfe3870f72e44065138987ef02cf4402,official 80 test IDs as query; all 200 150m UAV IDs in gallery,1f543fb48416204dacfb5ac48b3bbf3ce4080ce164e75e7a86be748e3d798772,80,a0024554fabfdcd03efe8d46da3c80414baa16d26cf6a40d05e521ce55eeaddc,aa70f75893966e9d842cb55fef1815067ba0f01b2a1554083069536a86e98d3e,content
formal_main,sues200,sues200_satellite_to_uav_150m,content,3,80,10000,3.75,15.0,17.5,26.25,4.061110690236092,8.273104578256607,0.020082497969269753,resnet18,0604d8d400a7980ebb2d1fd55d44da9b858e09f60db40924de1d7f0685795b7e,512,200,36defb97e71c592c434e268fbce376cf71555f0a7fe1de19525a08707b0bcc7c,293679819de730c5bc39b9950399db74825210aff9188c3e174d9b44c2327617,official 80 test IDs as query; all 200 150m UAV IDs in gallery,1f543fb48416204dacfb5ac48b3bbf3ce4080ce164e75e7a86be748e3d798772,80,a0024554fabfdcd03efe8d46da3c80414baa16d26cf6a40d05e521ce55eeaddc,3ab4dfd278a1db8ea5f0cabf9cfc4c045dad48c7c257ec6007462af8e289c72a,content
formal_main,sues200,sues200_satellite_to_uav_150m,style,1,80,10000,0.0,3.75,7.5,15.0,1.4623907394707203,2.521195448935032,0.012148333713412285,resnet18,ee8a2baf567640ba061ec7f9a7565d783ddd606f92bd08a91253db4c54b50e8b,512,200,1fedf4a744a4698df34b31992eb0884805ffcb54e60c5c16b2dd86d07ac2ea74,d9093301e4d16a279e616257ae2654c652574718e38f0094ea9a45e41839bcce,official 80 test IDs as query; all 200 150m UAV IDs in gallery,1f543fb48416204dacfb5ac48b3bbf3ce4080ce164e75e7a86be748e3d798772,80,a0024554fabfdcd03efe8d46da3c80414baa16d26cf6a40d05e521ce55eeaddc,7c678b6f8f3cec9de0a8d6b84e54bc68b589d9a223c6989cd4944b749b93bb80,style
formal_main,sues200,sues200_satellite_to_uav_150m,style,2,80,10000,0.0,6.25,11.25,13.750000000000002,1.4725463464856148,3.1919337809085846,0.01483221910893917,resnet18,308068cec253be7a600387dac1720cb8a4a34d33208573324e9e8eb830113140,512,200,1ddfd170dfcd86122af3fd346b11ea02c45a7130b33f681ae20e1abc70772ac1,20609b77099cdd433fab3827f2b9a0dd6b59b03a9bb7fb3e82fe37acab99317d,official 80 test IDs as query; all 200 150m UAV IDs in gallery,1f543fb48416204dacfb5ac48b3bbf3ce4080ce164e75e7a86be748e3d798772,80,a0024554fabfdcd03efe8d46da3c80414baa16d26cf6a40d05e521ce55eeaddc,d7e520133b06d37221561a5cf193ad79778e9fc8ea3b04c82569f47a8547fe06,style
formal_main,sues200,sues200_satellite_to_uav_150m,style,3,80,10000,0.0,5.0,8.75,15.0,1.3821640983223915,2.9207896441221237,0.011789060197770596,resnet18,06322bb64f167f6685fd68ba2fe5f5f39e34b407fe44f12059a39319715eac45,512,200,67c9b676b3a3e8bd2d25e6cc509e1149d6756277ed7e62b8cf8c25abeca73cef,a5346552e0ce3562e192830b4500944d39655a2fa0d8e29ab02dc835fa86d8aa,official 80 test IDs as query; all 200 150m UAV IDs in gallery,1f543fb48416204dacfb5ac48b3bbf3ce4080ce164e75e7a86be748e3d798772,80,a0024554fabfdcd03efe8d46da3c80414baa16d26cf6a40d05e521ce55eeaddc,93adc10d7f89de3968862e439d9d2c665bc7d3fe0a24e9c458352d1fb9f4e1f6,style
formal_main,sues200,sues200_satellite_to_uav_150m,visual_content,1,80,10000,38.75,58.75,63.74999999999999,70.0,31.917697191238403,47.82610535621643,0.014145324006676674,resnet18,7be2c9f073bbf26aab684f4fe9f03122fb4641ccd3792739548a05abba2ae29d,512,200,a3493989a25ee973a620f0b5832f736c1ae992c14504a6f4c34ee9c8c9f2a84b,ff52ac7c63ea2f1bbb8aa79b5b878a0e907468d51cec69f074d095135936e63f,official 80 test IDs as query; all 200 150m UAV IDs in gallery,1f543fb48416204dacfb5ac48b3bbf3ce4080ce164e75e7a86be748e3d798772,80,a0024554fabfdcd03efe8d46da3c80414baa16d26cf6a40d05e521ce55eeaddc,32dbf04e268235a0e34ba73bac4926cdacc188a07a2bd9cfaf5f13e49774b848,visual_content
formal_main,sues200,sues200_satellite_to_uav_150m,visual_content,2,80,10000,50.0,60.0,61.25000000000001,72.5,31.739339232444763,56.05144500732422,0.011427875608205795,resnet18,47003fd14ca81cba6e3b33d3a49867e6d211cafd77767a8efd4f05285e11784b,512,200,1a625fea46ba00af9300b0c416edb1ae6988b51313752b6de7aa237cf236afdb,cffea6da7e1d47ad76f1aa87f64722563200f3bd24bc90b5236cd0890677babf,official 80 test IDs as query; all 200 150m UAV IDs in gallery,1f543fb48416204dacfb5ac48b3bbf3ce4080ce164e75e7a86be748e3d798772,80,a0024554fabfdcd03efe8d46da3c80414baa16d26cf6a40d05e521ce55eeaddc,5496387e7ed75a3197a4a1f95a02dc653c30063527f4004578cbae70a8c5f682,visual_content
formal_main,sues200,sues200_satellite_to_uav_150m,visual_content,3,80,10000,43.75,53.75,65.0,67.5,28.638964891433716,49.350446462631226,0.01209394633769989,resnet18,5f00a2749500502ce2ce805725c7b31f2aa866f6894640b16a8a1b0695267cdf,512,200,36cfd8ffc55e258926c4fac54c2db7e656915c9804fa24915f552344ea4b3c5f,a6fa383183197ae0d87516687afd3ccdffacdbf85d88975e0a3a5ffb3bd7badc,official 80 test IDs as query; all 200 150m UAV IDs in gallery,1f543fb48416204dacfb5ac48b3bbf3ce4080ce164e75e7a86be748e3d798772,80,a0024554fabfdcd03efe8d46da3c80414baa16d26cf6a40d05e521ce55eeaddc,8d31ee08fc967b4a3bbd573f3fabe6f68ddfcc4f2a45bce936eb510fc4db69cb,visual_content
formal_main,sues200,sues200_satellite_to_uav_150m,visual_style,1,80,10000,45.0,58.75,67.5,71.25,30.626481771469116,51.6726016998291,0.015379789285361767,resnet18,74c9669451b99e530232bea09fa6a76f3c41659d6946e7ea68cac36a15e3d9d5,512,200,999f304550380fd6ebac9a90fd01184e2f9889dcecd6daefc332e6885ffa3c7c,cba39c2574981e58c5ed7933352a92bdf7481fa7e0de1548072f0488a1d1995a,official 80 test IDs as query; all 200 150m UAV IDs in gallery,1f543fb48416204dacfb5ac48b3bbf3ce4080ce164e75e7a86be748e3d798772,80,a0024554fabfdcd03efe8d46da3c80414baa16d26cf6a40d05e521ce55eeaddc,b5a86db00a57dc59d986ebb109319afacb4a13a076008171a55dac8911aa16f5,visual_style
formal_main,sues200,sues200_satellite_to_uav_150m,visual_style,2,80,10000,46.25,63.74999999999999,71.25,73.75,31.329405307769775,54.31567430496216,0.011998051777482033,resnet18,5f0aba7c8cd4cf1ee17f44be59838c5cac9325f216506deaebc96908636b11df,512,200,75e197814c3544b968cf1722a6abe9ebf8cab95b37d4789810573cee71356d36,1b5174e7988657a8a31d99b8c283faecba0b5ba3e00a258f741b1c3e792be8d5,official 80 test IDs as query; all 200 150m UAV IDs in gallery,1f543fb48416204dacfb5ac48b3bbf3ce4080ce164e75e7a86be748e3d798772,80,a0024554fabfdcd03efe8d46da3c80414baa16d26cf6a40d05e521ce55eeaddc,24f34f6e0b74d6ea42abaef7e812b9a3db4389d9a4725da8df8600fa49400e14,visual_style
formal_main,sues200,sues200_satellite_to_uav_150m,visual_style,3,80,10000,48.75,61.25000000000001,65.0,72.5,30.714505910873413,55.38013577461243,0.013420596718788147,resnet18,8ebb43d5e756a16c789a67f47f56d6d06d8f14b8f9d3fdbaea39cdd51900271a,512,200,26164ba49459666e9a7153905182766e0334738f1e2d375f45325ca6995efd00,de5eddfa7fcfc018b63a24836ea1182e83a4cd5cc493175ff14b628cd1904383,official 80 test IDs as query; all 200 150m UAV IDs in gallery,1f543fb48416204dacfb5ac48b3bbf3ce4080ce164e75e7a86be748e3d798772,80,a0024554fabfdcd03efe8d46da3c80414baa16d26cf6a40d05e521ce55eeaddc,279a332ad50de157bc7ae165330cee899640dd7802d1712913a119c53f200ee3,visual_style
formal_main,sues200,sues200_satellite_to_uav_150m,full,1,80,10000,47.5,62.5,70.0,72.5,34.2816561460495,54.14367914199829,0.011567121371626854,resnet18,7478740b013990c83c5c21f619bc89b2664ee70ff90fda18ab3b7ac420c870e9,512,200,97f37be9352a47c842f73899f226175bcb737a5ec5e754b876bf5d400dcff59c,edf55d063af55e51c57eb4ce4363a3b29a876e7e94ec6e8395d979cd429581fe,official 80 test IDs as query; all 200 150m UAV IDs in gallery,1f543fb48416204dacfb5ac48b3bbf3ce4080ce164e75e7a86be748e3d798772,80,a0024554fabfdcd03efe8d46da3c80414baa16d26cf6a40d05e521ce55eeaddc,33d9d19b607d969866608e9fbbf8c547d9425d1ffbd40f4445944a8fadb8eb1c,full
formal_main,sues200,sues200_satellite_to_uav_150m,full,2,80,10000,47.5,58.75,63.74999999999999,75.0,31.990543007850647,53.511059284210205,0.010208801366388798,resnet18,b92ffcece7107fbce537a7bc003104ee65ee88db8faf12c64ea5bd6f1e2dfa9b,512,200,ac9f690cbad3dcd180697703cf8e303d9cef1d74bc8e8d805b4555f70fb6e744,bdc1ec807ce4485db8f6fcfac0d4aa212d5e69c7f016ff843bc2d2d8595fec6d,official 80 test IDs as query; all 200 150m UAV IDs in gallery,1f543fb48416204dacfb5ac48b3bbf3ce4080ce164e75e7a86be748e3d798772,80,a0024554fabfdcd03efe8d46da3c80414baa16d26cf6a40d05e521ce55eeaddc,52f56fe4ad3192dca6993d71b8b83305abdaf418b8a9c90008a5a353ea176619,full
formal_main,sues200,sues200_satellite_to_uav_150m,full,3,80,10000,48.75,62.5,66.25,68.75,33.26033353805542,54.83151078224182,0.011143917217850685,resnet18,1864e833999eb8854a3442f74084b16037b5232aeca47fb4e66b41f793eccc9c,512,200,52da80ebb41747f0419dadc52fae7c0bd40d28b133cf3789d3412db00639c686,1a8769aa885c8dd8a4251422c58a7e695d7820593aa1c1becdbaaa84bf10eb77,official 80 test IDs as query; all 200 150m UAV IDs in gallery,1f543fb48416204dacfb5ac48b3bbf3ce4080ce164e75e7a86be748e3d798772,80,a0024554fabfdcd03efe8d46da3c80414baa16d26cf6a40d05e521ce55eeaddc,f7cf33c6f305ed7a752c3362213c836c2aa2afd3cb497bacce2627851d7ac4e1,full
formal_main,sues200,sues200_uav_200m_to_satellite,visual,1,4000,200,41.449999999999996,81.69999999999999,91.175,96.625,50.187379121780396,58.924758434295654,0.07048945873975754,resnet18,b9da9c88f13541f05c17848eab9c43a2f332adbd22ee8880b82149ee8cc03a7a,512,200,ebdd4bcdb67d376fc13a7d60f936ca69966f368bb6372aaabaa3b77788db97d0,91856714c6314b1411f9280625e8bf0ee5f7795a517073f9acfa0ba35498d9e0,official 80 test IDs as query; all 200 satellite IDs in gallery,1f543fb48416204dacfb5ac48b3bbf3ce4080ce164e75e7a86be748e3d798772,80,1c63f0c6b60ebe4da0355b53ff295adff78f798586c3e712f31f03804171e221,af58d1bfe504df2be63a7aa228b8edb10f2ebdbb9060b075b4038e3eae8701a0,visual
formal_main,sues200,sues200_uav_200m_to_satellite,visual,2,4000,200,42.725,76.925,86.5,93.675,50.454992055892944,58.18498134613037,0.06967692822217941,resnet18,a38a8f1d8143e8a404742b59a1bccb81263012b6cbbc0c7047ceba43fb51a996,512,200,ac912b39d7fcc402d9a8354673ce7d018af81e2a49251fff105816eb191b7240,0a5ab7819458a47c73803c92622453d644954405219d78018dcdb7d4ef16e191,official 80 test IDs as query; all 200 satellite IDs in gallery,1f543fb48416204dacfb5ac48b3bbf3ce4080ce164e75e7a86be748e3d798772,80,1c63f0c6b60ebe4da0355b53ff295adff78f798586c3e712f31f03804171e221,7caf4137d67782292b0df639c551b5192c7156c37e80981ab71637c75de60eed,visual
formal_main,sues200,sues200_uav_200m_to_satellite,visual,3,4000,200,44.75,79.875,89.3,95.15,52.57871150970459,60.40741801261902,0.06969981640577316,resnet18,9b5be26cc36cf0822ef97559fdfbc569aa6f67b47413f21feebd2e91373d557e,512,200,881480ea0a3e0e303b44da22b9ab4b385a4e12f6816c2d0ed7da85eff211411d,50ec9c92f73c719a417a2d98eadbfb3bf9a9c0991be52705e9dcbdfd616ad2f6,official 80 test IDs as query; all 200 satellite IDs in gallery,1f543fb48416204dacfb5ac48b3bbf3ce4080ce164e75e7a86be748e3d798772,80,1c63f0c6b60ebe4da0355b53ff295adff78f798586c3e712f31f03804171e221,1294385c181345f8d065b5d6080c11e2f9411e0c8fea25b3c2e37631d7f4e1ee,visual
formal_main,sues200,sues200_uav_200m_to_satellite,content,1,4000,200,2.45,13.900000000000002,22.625,39.35,6.1070989817380905,9.764198213815689,0.03256994113326073,resnet18,a6e4cac189b7a1f99bc48a7e26530800e44c473ef9a6b09a2ff33490e955b218,512,200,1e26582a3136f24f3acbebe47fc938be437970a2376e3e5b66608021b6ffa022,e0ce7b3ffc49b23e8469b58e35744a8e4ceae26d593258c33d47ab2dd3f8325f,official 80 test IDs as query; all 200 satellite IDs in gallery,1f543fb48416204dacfb5ac48b3bbf3ce4080ce164e75e7a86be748e3d798772,80,1c63f0c6b60ebe4da0355b53ff295adff78f798586c3e712f31f03804171e221,ea266ef4aef13fc140166d674aab7c117984e6c6d1e0573d38f49a063bacd320,content
formal_main,sues200,sues200_uav_200m_to_satellite,content,2,4000,200,2.4250000000000003,12.775,23.150000000000002,41.225,6.07236884534359,9.719738364219666,0.031403228640556335,resnet18,2f4d69d433ec5363c4c155954994f5fac20ba369bd52e591a994c984413f0822,512,200,5e013283eb8e8b3216a170bc18bc742a7f6faf205928c2b2eacc305ccc2d254d,3541e7f1a8a46b65e399a478faeaf645af767796153b61038a0083a260598777,official 80 test IDs as query; all 200 satellite IDs in gallery,1f543fb48416204dacfb5ac48b3bbf3ce4080ce164e75e7a86be748e3d798772,80,1c63f0c6b60ebe4da0355b53ff295adff78f798586c3e712f31f03804171e221,aa70f75893966e9d842cb55fef1815067ba0f01b2a1554083069536a86e98d3e,content
formal_main,sues200,sues200_uav_200m_to_satellite,content,3,4000,200,2.375,13.5,23.400000000000002,40.825,6.036960706114769,9.69892144203186,0.02942141517996788,resnet18,0604d8d400a7980ebb2d1fd55d44da9b858e09f60db40924de1d7f0685795b7e,512,200,36defb97e71c592c434e268fbce376cf71555f0a7fe1de19525a08707b0bcc7c,35e18b25629084743cf8821e8a7d6af5ce52d0d62cfe504438042dfcca1a9190,official 80 test IDs as query; all 200 satellite IDs in gallery,1f543fb48416204dacfb5ac48b3bbf3ce4080ce164e75e7a86be748e3d798772,80,1c63f0c6b60ebe4da0355b53ff295adff78f798586c3e712f31f03804171e221,3ab4dfd278a1db8ea5f0cabf9cfc4c045dad48c7c257ec6007462af8e289c72a,content
formal_main,sues200,sues200_uav_200m_to_satellite,style,1,4000,200,0.1,2.25,6.3,14.025000000000002,1.6092486679553986,3.1184975057840347,0.02028685063123703,resnet18,ee8a2baf567640ba061ec7f9a7565d783ddd606f92bd08a91253db4c54b50e8b,512,200,1fedf4a744a4698df34b31992eb0884805ffcb54e60c5c16b2dd86d07ac2ea74,0be20fc8dfdd4aa8033fb3e9699e9c518b45357f835e765310c5aed8dba6103f,official 80 test IDs as query; all 200 satellite IDs in gallery,1f543fb48416204dacfb5ac48b3bbf3ce4080ce164e75e7a86be748e3d798772,80,1c63f0c6b60ebe4da0355b53ff295adff78f798586c3e712f31f03804171e221,7c678b6f8f3cec9de0a8d6b84e54bc68b589d9a223c6989cd4944b749b93bb80,style
formal_main,sues200,sues200_uav_200m_to_satellite,style,2,4000,200,0.15,3.0,7.225,13.100000000000001,1.7550820484757423,3.360164165496826,0.024103231728076935,resnet18,308068cec253be7a600387dac1720cb8a4a34d33208573324e9e8eb830113140,512,200,1ddfd170dfcd86122af3fd346b11ea02c45a7130b33f681ae20e1abc70772ac1,8939dd3e5345d593c8836094b6e84b6cd715db9b323b83440e71fc646021e97e,official 80 test IDs as query; all 200 satellite IDs in gallery,1f543fb48416204dacfb5ac48b3bbf3ce4080ce164e75e7a86be748e3d798772,80,1c63f0c6b60ebe4da0355b53ff295adff78f798586c3e712f31f03804171e221,d7e520133b06d37221561a5cf193ad79778e9fc8ea3b04c82569f47a8547fe06,style
formal_main,sues200,sues200_uav_200m_to_satellite,style,3,4000,200,0.1,2.45,7.049999999999999,13.325000000000001,1.646646112203598,3.1932923942804337,0.020890647545456886,resnet18,06322bb64f167f6685fd68ba2fe5f5f39e34b407fe44f12059a39319715eac45,512,200,67c9b676b3a3e8bd2d25e6cc509e1149d6756277ed7e62b8cf8c25abeca73cef,e9982668f1836c1bf1974f01a787b1b72a939bc55aafa3d43172715f4a7649c6,official 80 test IDs as query; all 200 satellite IDs in gallery,1f543fb48416204dacfb5ac48b3bbf3ce4080ce164e75e7a86be748e3d798772,80,1c63f0c6b60ebe4da0355b53ff295adff78f798586c3e712f31f03804171e221,93adc10d7f89de3968862e439d9d2c665bc7d3fe0a24e9c458352d1fb9f4e1f6,style
formal_main,sues200,sues200_uav_200m_to_satellite,visual_content,1,4000,200,38.125,73.1,84.925,92.875,46.199944615364075,54.274892807006836,0.06903326511383057,resnet18,7be2c9f073bbf26aab684f4fe9f03122fb4641ccd3792739548a05abba2ae29d,512,200,a3493989a25ee973a620f0b5832f736c1ae992c14504a6f4c34ee9c8c9f2a84b,3a1e1a11c45594e2170b5cba29995552b3d0c8fd30ea2ebeb1daf2ab0f9d3983,official 80 test IDs as query; all 200 satellite IDs in gallery,1f543fb48416204dacfb5ac48b3bbf3ce4080ce164e75e7a86be748e3d798772,80,1c63f0c6b60ebe4da0355b53ff295adff78f798586c3e712f31f03804171e221,32dbf04e268235a0e34ba73bac4926cdacc188a07a2bd9cfaf5f13e49774b848,visual_content
formal_main,sues200,sues200_uav_200m_to_satellite,visual_content,2,4000,200,34.525,72.89999999999999,84.025,91.875,43.09741258621216,51.66982412338257,0.06737086921930313,resnet18,47003fd14ca81cba6e3b33d3a49867e6d211cafd77767a8efd4f05285e11784b,512,200,1a625fea46ba00af9300b0c416edb1ae6988b51313752b6de7aa237cf236afdb,c402d41703301c21fc7dac2550ddc67c2aaff353979ab87c866d4939247e5c87,official 80 test IDs as query; all 200 satellite IDs in gallery,1f543fb48416204dacfb5ac48b3bbf3ce4080ce164e75e7a86be748e3d798772,80,1c63f0c6b60ebe4da0355b53ff295adff78f798586c3e712f31f03804171e221,5496387e7ed75a3197a4a1f95a02dc653c30063527f4004578cbae70a8c5f682,visual_content
formal_main,sues200,sues200_uav_200m_to_satellite,visual_content,3,4000,200,29.599999999999998,66.07499999999999,81.525,92.60000000000001,38.05208504199982,46.504172682762146,0.06111297756433487,resnet18,5f00a2749500502ce2ce805725c7b31f2aa866f6894640b16a8a1b0695267cdf,512,200,36cfd8ffc55e258926c4fac54c2db7e656915c9804fa24915f552344ea4b3c5f,b6b4d3359b9a7a59aa51b86acc0c662e858240b38f32bfe06b3fa84dcf14cc57,official 80 test IDs as query; all 200 satellite IDs in gallery,1f543fb48416204dacfb5ac48b3bbf3ce4080ce164e75e7a86be748e3d798772,80,1c63f0c6b60ebe4da0355b53ff295adff78f798586c3e712f31f03804171e221,8d31ee08fc967b4a3bbd573f3fabe6f68ddfcc4f2a45bce936eb510fc4db69cb,visual_content
formal_main,sues200,sues200_uav_200m_to_satellite,visual_style,1,4000,200,36.075,67.675,82.5,94.575,43.48798990249634,50.900983810424805,0.06676587462425232,resnet18,74c9669451b99e530232bea09fa6a76f3c41659d6946e7ea68cac36a15e3d9d5,512,200,999f304550380fd6ebac9a90fd01184e2f9889dcecd6daefc332e6885ffa3c7c,e89d56e51a4aff523ffe5b3b0b836517931ca39b1bd61dbd4a47857b9a2f75a7,official 80 test IDs as query; all 200 satellite IDs in gallery,1f543fb48416204dacfb5ac48b3bbf3ce4080ce164e75e7a86be748e3d798772,80,1c63f0c6b60ebe4da0355b53ff295adff78f798586c3e712f31f03804171e221,b5a86db00a57dc59d986ebb109319afacb4a13a076008171a55dac8911aa16f5,visual_style
formal_main,sues200,sues200_uav_200m_to_satellite,visual_style,2,4000,200,35.199999999999996,67.2,80.675,90.47500000000001,42.75467395782471,50.30934810638428,0.06795090436935425,resnet18,5f0aba7c8cd4cf1ee17f44be59838c5cac9325f216506deaebc96908636b11df,512,200,75e197814c3544b968cf1722a6abe9ebf8cab95b37d4789810573cee71356d36,a7473e525dc3fe0a6dae1e4d6c1f84ff22ba4d1adab643c7f16d30f05f04ab14,official 80 test IDs as query; all 200 satellite IDs in gallery,1f543fb48416204dacfb5ac48b3bbf3ce4080ce164e75e7a86be748e3d798772,80,1c63f0c6b60ebe4da0355b53ff295adff78f798586c3e712f31f03804171e221,24f34f6e0b74d6ea42abaef7e812b9a3db4389d9a4725da8df8600fa49400e14,visual_style
formal_main,sues200,sues200_uav_200m_to_satellite,visual_style,3,4000,200,34.975,67.575,81.10000000000001,91.3,42.54825413227081,50.12151002883911,0.06172370910644531,resnet18,8ebb43d5e756a16c789a67f47f56d6d06d8f14b8f9d3fdbaea39cdd51900271a,512,200,26164ba49459666e9a7153905182766e0334738f1e2d375f45325ca6995efd00,f6a80c995726efb6b17d97bdce622629e3e77d2eb124edfe59ff3a7ce5455735,official 80 test IDs as query; all 200 satellite IDs in gallery,1f543fb48416204dacfb5ac48b3bbf3ce4080ce164e75e7a86be748e3d798772,80,1c63f0c6b60ebe4da0355b53ff295adff78f798586c3e712f31f03804171e221,279a332ad50de157bc7ae165330cee899640dd7802d1712913a119c53f200ee3,visual_style
formal_main,sues200,sues200_uav_200m_to_satellite,full,1,4000,200,33.15,69.575,82.45,92.925,41.46501421928406,49.78003203868866,0.0665510892868042,resnet18,7478740b013990c83c5c21f619bc89b2664ee70ff90fda18ab3b7ac420c870e9,512,200,97f37be9352a47c842f73899f226175bcb737a5ec5e754b876bf5d400dcff59c,b6e408e14b37cd4d630d41e31c7399f2c144e9443da45879c77efc900a0e99da,official 80 test IDs as query; all 200 satellite IDs in gallery,1f543fb48416204dacfb5ac48b3bbf3ce4080ce164e75e7a86be748e3d798772,80,1c63f0c6b60ebe4da0355b53ff295adff78f798586c3e712f31f03804171e221,33d9d19b607d969866608e9fbbf8c547d9425d1ffbd40f4445944a8fadb8eb1c,full
formal_main,sues200,sues200_uav_200m_to_satellite,full,2,4000,200,32.725,69.27499999999999,84.325,92.675,40.947338938713074,49.16968047618866,0.06860082596540451,resnet18,b92ffcece7107fbce537a7bc003104ee65ee88db8faf12c64ea5bd6f1e2dfa9b,512,200,ac9f690cbad3dcd180697703cf8e303d9cef1d74bc8e8d805b4555f70fb6e744,2f02924e10e913858f542a7486270639ece241ee620788592f8c19f1f6b0a90f,official 80 test IDs as query; all 200 satellite IDs in gallery,1f543fb48416204dacfb5ac48b3bbf3ce4080ce164e75e7a86be748e3d798772,80,1c63f0c6b60ebe4da0355b53ff295adff78f798586c3e712f31f03804171e221,52f56fe4ad3192dca6993d71b8b83305abdaf418b8a9c90008a5a353ea176619,full
formal_main,sues200,sues200_uav_200m_to_satellite,full,3,4000,200,35.0,67.825,81.125,90.925,42.49405562877655,49.98810887336731,0.07365034520626068,resnet18,1864e833999eb8854a3442f74084b16037b5232aeca47fb4e66b41f793eccc9c,512,200,52da80ebb41747f0419dadc52fae7c0bd40d28b133cf3789d3412db00639c686,e21eae27d322e3cd45ef66bd409072aa00edc02f063d89aa9d9e2e8dce43f5e7,official 80 test IDs as query; all 200 satellite IDs in gallery,1f543fb48416204dacfb5ac48b3bbf3ce4080ce164e75e7a86be748e3d798772,80,1c63f0c6b60ebe4da0355b53ff295adff78f798586c3e712f31f03804171e221,f7cf33c6f305ed7a752c3362213c836c2aa2afd3cb497bacce2627851d7ac4e1,full
formal_main,sues200,sues200_satellite_to_uav_200m,visual,1,80,10000,61.25000000000001,73.75,77.5,85.0,48.776775598526,67.23050475120544,0.013203675858676434,resnet18,b9da9c88f13541f05c17848eab9c43a2f332adbd22ee8880b82149ee8cc03a7a,512,200,ebdd4bcdb67d376fc13a7d60f936ca69966f368bb6372aaabaa3b77788db97d0,588609b48807a6379293265a542825c0a30be632d408c9997628f59450e0ef84,official 80 test IDs as query; all 200 200m UAV IDs in gallery,1f543fb48416204dacfb5ac48b3bbf3ce4080ce164e75e7a86be748e3d798772,80,a0024554fabfdcd03efe8d46da3c80414baa16d26cf6a40d05e521ce55eeaddc,af58d1bfe504df2be63a7aa228b8edb10f2ebdbb9060b075b4038e3eae8701a0,visual
formal_main,sues200,sues200_satellite_to_uav_200m,visual,2,80,10000,66.25,82.5,85.0,90.0,47.54766523838043,74.25771951675415,0.011929379776120186,resnet18,a38a8f1d8143e8a404742b59a1bccb81263012b6cbbc0c7047ceba43fb51a996,512,200,ac912b39d7fcc402d9a8354673ce7d018af81e2a49251fff105816eb191b7240,5f93e88bd45000f20fd439cc736696f504e55796249608db7d87b3c41103b3b0,official 80 test IDs as query; all 200 200m UAV IDs in gallery,1f543fb48416204dacfb5ac48b3bbf3ce4080ce164e75e7a86be748e3d798772,80,a0024554fabfdcd03efe8d46da3c80414baa16d26cf6a40d05e521ce55eeaddc,7caf4137d67782292b0df639c551b5192c7156c37e80981ab71637c75de60eed,visual
formal_main,sues200,sues200_satellite_to_uav_200m,visual,3,80,10000,62.5,85.0,87.5,90.0,49.94126260280609,72.36945629119873,0.01187233254313469,resnet18,9b5be26cc36cf0822ef97559fdfbc569aa6f67b47413f21feebd2e91373d557e,512,200,881480ea0a3e0e303b44da22b9ab4b385a4e12f6816c2d0ed7da85eff211411d,e52a4a60f4729183f98c1605257bb23eee5dcc9520ff1e2b330adddbcafdd5e2,official 80 test IDs as query; all 200 200m UAV IDs in gallery,1f543fb48416204dacfb5ac48b3bbf3ce4080ce164e75e7a86be748e3d798772,80,a0024554fabfdcd03efe8d46da3c80414baa16d26cf6a40d05e521ce55eeaddc,1294385c181345f8d065b5d6080c11e2f9411e0c8fea25b3c2e37631d7f4e1ee,visual
formal_main,sues200,sues200_satellite_to_uav_200m,content,1,80,10000,5.0,11.25,16.25,22.5,4.18815016746521,9.769518673419952,0.018968326970934868,resnet18,a6e4cac189b7a1f99bc48a7e26530800e44c473ef9a6b09a2ff33490e955b218,512,200,1e26582a3136f24f3acbebe47fc938be437970a2376e3e5b66608021b6ffa022,74ebaf064754e407c840fe18a652e8bef194734490f82fc56934a996e825ee2f,official 80 test IDs as query; all 200 200m UAV IDs in gallery,1f543fb48416204dacfb5ac48b3bbf3ce4080ce164e75e7a86be748e3d798772,80,a0024554fabfdcd03efe8d46da3c80414baa16d26cf6a40d05e521ce55eeaddc,ea266ef4aef13fc140166d674aab7c117984e6c6d1e0573d38f49a063bacd320,content
formal_main,sues200,sues200_satellite_to_uav_200m,content,2,80,10000,7.5,12.5,17.5,25.0,4.304575175046921,10.948508977890015,0.01663806661963463,resnet18,2f4d69d433ec5363c4c155954994f5fac20ba369bd52e591a994c984413f0822,512,200,5e013283eb8e8b3216a170bc18bc742a7f6faf205928c2b2eacc305ccc2d254d,34cf242d601a858af05212c67959357476763a457ce9b14d4481c32116ab9390,official 80 test IDs as query; all 200 200m UAV IDs in gallery,1f543fb48416204dacfb5ac48b3bbf3ce4080ce164e75e7a86be748e3d798772,80,a0024554fabfdcd03efe8d46da3c80414baa16d26cf6a40d05e521ce55eeaddc,aa70f75893966e9d842cb55fef1815067ba0f01b2a1554083069536a86e98d3e,content
formal_main,sues200,sues200_satellite_to_uav_200m,content,3,80,10000,6.25,12.5,13.750000000000002,21.25,4.307125136256218,10.059664398431778,0.015693554654717445,resnet18,0604d8d400a7980ebb2d1fd55d44da9b858e09f60db40924de1d7f0685795b7e,512,200,36defb97e71c592c434e268fbce376cf71555f0a7fe1de19525a08707b0bcc7c,0560672c632ab3340bba27258829ac2e233b617af98836c11af8a60b03bd486a,official 80 test IDs as query; all 200 200m UAV IDs in gallery,1f543fb48416204dacfb5ac48b3bbf3ce4080ce164e75e7a86be748e3d798772,80,a0024554fabfdcd03efe8d46da3c80414baa16d26cf6a40d05e521ce55eeaddc,3ab4dfd278a1db8ea5f0cabf9cfc4c045dad48c7c257ec6007462af8e289c72a,content
formal_main,sues200,sues200_satellite_to_uav_200m,style,1,80,10000,0.0,3.75,5.0,7.5,1.3602696359157562,2.1845635026693344,0.03148404881358147,resnet18,ee8a2baf567640ba061ec7f9a7565d783ddd606f92bd08a91253db4c54b50e8b,512,200,1fedf4a744a4698df34b31992eb0884805ffcb54e60c5c16b2dd86d07ac2ea74,f0f6334c76b87cc39947d7c968a65817fb3955a2d97daf7e38b3f717311cb933,official 80 test IDs as query; all 200 200m UAV IDs in gallery,1f543fb48416204dacfb5ac48b3bbf3ce4080ce164e75e7a86be748e3d798772,80,a0024554fabfdcd03efe8d46da3c80414baa16d26cf6a40d05e521ce55eeaddc,7c678b6f8f3cec9de0a8d6b84e54bc68b589d9a223c6989cd4944b749b93bb80,style
formal_main,sues200,sues200_satellite_to_uav_200m,style,2,80,10000,1.25,3.75,7.5,8.75,1.5175017528235912,3.058941289782524,0.04096488282084465,resnet18,308068cec253be7a600387dac1720cb8a4a34d33208573324e9e8eb830113140,512,200,1ddfd170dfcd86122af3fd346b11ea02c45a7130b33f681ae20e1abc70772ac1,742c760332f7527ff46dfb62ff1c5ba048d5ece95b6ff76724add082a6c3b064,official 80 test IDs as query; all 200 200m UAV IDs in gallery,1f543fb48416204dacfb5ac48b3bbf3ce4080ce164e75e7a86be748e3d798772,80,a0024554fabfdcd03efe8d46da3c80414baa16d26cf6a40d05e521ce55eeaddc,d7e520133b06d37221561a5cf193ad79778e9fc8ea3b04c82569f47a8547fe06,style
formal_main,sues200,sues200_satellite_to_uav_200m,style,3,80,10000,1.25,3.75,8.75,8.75,1.4446444809436798,2.965676411986351,0.03544905036687851,resnet18,06322bb64f167f6685fd68ba2fe5f5f39e34b407fe44f12059a39319715eac45,512,200,67c9b676b3a3e8bd2d25e6cc509e1149d6756277ed7e62b8cf8c25abeca73cef,a3a1119f0431c10de08877cdf66a669cb7fd1385755b31290069a98527afe5c8,official 80 test IDs as query; all 200 200m UAV IDs in gallery,1f543fb48416204dacfb5ac48b3bbf3ce4080ce164e75e7a86be748e3d798772,80,a0024554fabfdcd03efe8d46da3c80414baa16d26cf6a40d05e521ce55eeaddc,93adc10d7f89de3968862e439d9d2c665bc7d3fe0a24e9c458352d1fb9f4e1f6,style
formal_main,sues200,sues200_satellite_to_uav_200m,visual_content,1,80,10000,53.75,62.5,67.5,77.5,37.4307781457901,58.87039303779602,0.011012236587703228,resnet18,7be2c9f073bbf26aab684f4fe9f03122fb4641ccd3792739548a05abba2ae29d,512,200,a3493989a25ee973a620f0b5832f736c1ae992c14504a6f4c34ee9c8c9f2a84b,89dab004fe553ef632f49de4cd23f3b8a35c11b758c36ca9cffdc3ecfdfb7227,official 80 test IDs as query; all 200 200m UAV IDs in gallery,1f543fb48416204dacfb5ac48b3bbf3ce4080ce164e75e7a86be748e3d798772,80,a0024554fabfdcd03efe8d46da3c80414baa16d26cf6a40d05e521ce55eeaddc,32dbf04e268235a0e34ba73bac4926cdacc188a07a2bd9cfaf5f13e49774b848,visual_content
formal_main,sues200,sues200_satellite_to_uav_200m,visual_content,2,80,10000,52.5,66.25,73.75,77.5,39.21242654323578,60.21725535392761,0.01001220103353262,resnet18,47003fd14ca81cba6e3b33d3a49867e6d211cafd77767a8efd4f05285e11784b,512,200,1a625fea46ba00af9300b0c416edb1ae6988b51313752b6de7aa237cf236afdb,fb42ea311c926aa9a91dc6aa28098c8f8d30dd14869cb464d84eb3c2d83ea3d9,official 80 test IDs as query; all 200 200m UAV IDs in gallery,1f543fb48416204dacfb5ac48b3bbf3ce4080ce164e75e7a86be748e3d798772,80,a0024554fabfdcd03efe8d46da3c80414baa16d26cf6a40d05e521ce55eeaddc,5496387e7ed75a3197a4a1f95a02dc653c30063527f4004578cbae70a8c5f682,visual_content
formal_main,sues200,sues200_satellite_to_uav_200m,visual_content,3,80,10000,45.0,56.25,65.0,71.25,33.12148153781891,51.238077878952026,0.01341933012008667,resnet18,5f00a2749500502ce2ce805725c7b31f2aa866f6894640b16a8a1b0695267cdf,512,200,36cfd8ffc55e258926c4fac54c2db7e656915c9804fa24915f552344ea4b3c5f,104a1a9e3c6f2ab1eddb8969b7cbadf780f36b5f7b7ad839217ddcfdbbf5ea94,official 80 test IDs as query; all 200 200m UAV IDs in gallery,1f543fb48416204dacfb5ac48b3bbf3ce4080ce164e75e7a86be748e3d798772,80,a0024554fabfdcd03efe8d46da3c80414baa16d26cf6a40d05e521ce55eeaddc,8d31ee08fc967b4a3bbd573f3fabe6f68ddfcc4f2a45bce936eb510fc4db69cb,visual_content
formal_main,sues200,sues200_satellite_to_uav_200m,visual_style,1,80,10000,46.25,60.0,67.5,75.0,36.97909712791443,53.26002240180969,0.010680725798010826,resnet18,74c9669451b99e530232bea09fa6a76f3c41659d6946e7ea68cac36a15e3d9d5,512,200,999f304550380fd6ebac9a90fd01184e2f9889dcecd6daefc332e6885ffa3c7c,652bd3275dead66b5b8320af249cbe39396dfbce30009dc18e5ac79575639a98,official 80 test IDs as query; all 200 200m UAV IDs in gallery,1f543fb48416204dacfb5ac48b3bbf3ce4080ce164e75e7a86be748e3d798772,80,a0024554fabfdcd03efe8d46da3c80414baa16d26cf6a40d05e521ce55eeaddc,b5a86db00a57dc59d986ebb109319afacb4a13a076008171a55dac8911aa16f5,visual_style
formal_main,sues200,sues200_satellite_to_uav_200m,visual_style,2,80,10000,47.5,68.75,71.25,80.0,38.644060492515564,56.1801552772522,0.011374014429748058,resnet18,5f0aba7c8cd4cf1ee17f44be59838c5cac9325f216506deaebc96908636b11df,512,200,75e197814c3544b968cf1722a6abe9ebf8cab95b37d4789810573cee71356d36,8a248c5d0e37d00165344040c8939d5ede2c6ea48c421531ff2c4b038244f979,official 80 test IDs as query; all 200 200m UAV IDs in gallery,1f543fb48416204dacfb5ac48b3bbf3ce4080ce164e75e7a86be748e3d798772,80,a0024554fabfdcd03efe8d46da3c80414baa16d26cf6a40d05e521ce55eeaddc,24f34f6e0b74d6ea42abaef7e812b9a3db4389d9a4725da8df8600fa49400e14,visual_style
formal_main,sues200,sues200_satellite_to_uav_200m,visual_style,3,80,10000,53.75,73.75,76.25,80.0,37.73120939731598,62.4292254447937,0.011928396299481392,resnet18,8ebb43d5e756a16c789a67f47f56d6d06d8f14b8f9d3fdbaea39cdd51900271a,512,200,26164ba49459666e9a7153905182766e0334738f1e2d375f45325ca6995efd00,fb185a1659a0280333d1f0ca015a64b500fadc2793578c47ef2b095c54a85a22,official 80 test IDs as query; all 200 200m UAV IDs in gallery,1f543fb48416204dacfb5ac48b3bbf3ce4080ce164e75e7a86be748e3d798772,80,a0024554fabfdcd03efe8d46da3c80414baa16d26cf6a40d05e521ce55eeaddc,279a332ad50de157bc7ae165330cee899640dd7802d1712913a119c53f200ee3,visual_style
formal_main,sues200,sues200_satellite_to_uav_200m,full,1,80,10000,61.25000000000001,71.25,75.0,78.75,40.24636149406433,66.24315977096558,0.011378319002687931,resnet18,7478740b013990c83c5c21f619bc89b2664ee70ff90fda18ab3b7ac420c870e9,512,200,97f37be9352a47c842f73899f226175bcb737a5ec5e754b876bf5d400dcff59c,4165634095b87c76de5366b7d4b4914f33e673a9854bb13cc40ead9dada23fc0,official 80 test IDs as query; all 200 200m UAV IDs in gallery,1f543fb48416204dacfb5ac48b3bbf3ce4080ce164e75e7a86be748e3d798772,80,a0024554fabfdcd03efe8d46da3c80414baa16d26cf6a40d05e521ce55eeaddc,33d9d19b607d969866608e9fbbf8c547d9425d1ffbd40f4445944a8fadb8eb1c,full
formal_main,sues200,sues200_satellite_to_uav_200m,full,2,80,10000,52.5,63.74999999999999,67.5,80.0,38.56751024723053,58.63944888114929,0.011926439590752125,resnet18,b92ffcece7107fbce537a7bc003104ee65ee88db8faf12c64ea5bd6f1e2dfa9b,512,200,ac9f690cbad3dcd180697703cf8e303d9cef1d74bc8e8d805b4555f70fb6e744,c428fbce5038f454b115456277ce0a0bb15cbed36e1f6bac8a7d85f701e1b786,official 80 test IDs as query; all 200 200m UAV IDs in gallery,1f543fb48416204dacfb5ac48b3bbf3ce4080ce164e75e7a86be748e3d798772,80,a0024554fabfdcd03efe8d46da3c80414baa16d26cf6a40d05e521ce55eeaddc,52f56fe4ad3192dca6993d71b8b83305abdaf418b8a9c90008a5a353ea176619,full
formal_main,sues200,sues200_satellite_to_uav_200m,full,3,80,10000,51.24999999999999,62.5,67.5,73.75,38.07740807533264,57.056158781051636,0.01350076962262392,resnet18,1864e833999eb8854a3442f74084b16037b5232aeca47fb4e66b41f793eccc9c,512,200,52da80ebb41747f0419dadc52fae7c0bd40d28b133cf3789d3412db00639c686,2eba88160338b4da532a072cb68425ae77ce8428e51042e927c648cd63a59b37,official 80 test IDs as query; all 200 200m UAV IDs in gallery,1f543fb48416204dacfb5ac48b3bbf3ce4080ce164e75e7a86be748e3d798772,80,a0024554fabfdcd03efe8d46da3c80414baa16d26cf6a40d05e521ce55eeaddc,f7cf33c6f305ed7a752c3362213c836c2aa2afd3cb497bacce2627851d7ac4e1,full
formal_main,sues200,sues200_uav_250m_to_satellite,visual,1,4000,200,48.1,84.89999999999999,92.65,96.8,55.96025586128235,63.82049322128296,0.07284995168447495,resnet18,b9da9c88f13541f05c17848eab9c43a2f332adbd22ee8880b82149ee8cc03a7a,512,200,ebdd4bcdb67d376fc13a7d60f936ca69966f368bb6372aaabaa3b77788db97d0,8e0a0dc48bff48eab51c2854e777ac4c944e461d262fcb2240a57954fe056159,official 80 test IDs as query; all 200 satellite IDs in gallery,1f543fb48416204dacfb5ac48b3bbf3ce4080ce164e75e7a86be748e3d798772,80,df64ad73d2ea80e1dd0b23fc8074aecd3cbd909b0f4363e60e11a61eb4ffbff8,af58d1bfe504df2be63a7aa228b8edb10f2ebdbb9060b075b4038e3eae8701a0,visual
formal_main,sues200,sues200_uav_250m_to_satellite,visual,2,4000,200,45.45,79.025,88.725,94.72500000000001,53.04859280586243,60.64717769622803,0.07372711598873138,resnet18,a38a8f1d8143e8a404742b59a1bccb81263012b6cbbc0c7047ceba43fb51a996,512,200,ac912b39d7fcc402d9a8354673ce7d018af81e2a49251fff105816eb191b7240,e86e1e9aceabaef8b33d8cbbc62739e737d3eb548b3369a68c97c4dc7386e3c8,official 80 test IDs as query; all 200 satellite IDs in gallery,1f543fb48416204dacfb5ac48b3bbf3ce4080ce164e75e7a86be748e3d798772,80,df64ad73d2ea80e1dd0b23fc8074aecd3cbd909b0f4363e60e11a61eb4ffbff8,7caf4137d67782292b0df639c551b5192c7156c37e80981ab71637c75de60eed,visual
formal_main,sues200,sues200_uav_250m_to_satellite,visual,3,4000,200,47.325,81.925,90.925,96.15,54.957008361816406,62.58901357650757,0.0742415338754654,resnet18,9b5be26cc36cf0822ef97559fdfbc569aa6f67b47413f21feebd2e91373d557e,512,200,881480ea0a3e0e303b44da22b9ab4b385a4e12f6816c2d0ed7da85eff211411d,b2db80bccb180a974e7a505b0f874dbebe455c18c525900a83a683e25a69be59,official 80 test IDs as query; all 200 satellite IDs in gallery,1f543fb48416204dacfb5ac48b3bbf3ce4080ce164e75e7a86be748e3d798772,80,df64ad73d2ea80e1dd0b23fc8074aecd3cbd909b0f4363e60e11a61eb4ffbff8,1294385c181345f8d065b5d6080c11e2f9411e0c8fea25b3c2e37631d7f4e1ee,visual
formal_main,sues200,sues200_uav_250m_to_satellite,content,1,4000,200,2.9250000000000003,14.524999999999999,24.55,41.3,6.709907948970795,10.494817793369293,0.0333440825343132,resnet18,a6e4cac189b7a1f99bc48a7e26530800e44c473ef9a6b09a2ff33490e955b218,512,200,1e26582a3136f24f3acbebe47fc938be437970a2376e3e5b66608021b6ffa022,8334a76357e8b36b0f3d7ed9844e535d5940d34a77c13e88e2e70e0067f2f0bc,official 80 test IDs as query; all 200 satellite IDs in gallery,1f543fb48416204dacfb5ac48b3bbf3ce4080ce164e75e7a86be748e3d798772,80,df64ad73d2ea80e1dd0b23fc8074aecd3cbd909b0f4363e60e11a61eb4ffbff8,ea266ef4aef13fc140166d674aab7c117984e6c6d1e0573d38f49a063bacd320,content
formal_main,sues200,sues200_uav_250m_to_satellite,content,2,4000,200,2.775,13.925,25.5,43.675000000000004,6.643625348806381,10.512250661849976,0.03207404911518097,resnet18,2f4d69d433ec5363c4c155954994f5fac20ba369bd52e591a994c984413f0822,512,200,5e013283eb8e8b3216a170bc18bc742a7f6faf205928c2b2eacc305ccc2d254d,9f82326955c15405568672c1bbfe70cc03c5ffff15ad4492a0130607100f928b,official 80 test IDs as query; all 200 satellite IDs in gallery,1f543fb48416204dacfb5ac48b3bbf3ce4080ce164e75e7a86be748e3d798772,80,df64ad73d2ea80e1dd0b23fc8074aecd3cbd909b0f4363e60e11a61eb4ffbff8,aa70f75893966e9d842cb55fef1815067ba0f01b2a1554083069536a86e98d3e,content
formal_main,sues200,sues200_uav_250m_to_satellite,content,3,4000,200,2.9250000000000003,14.549999999999999,25.374999999999996,42.075,6.753569096326828,10.58213785290718,0.02998432144522667,resnet18,0604d8d400a7980ebb2d1fd55d44da9b858e09f60db40924de1d7f0685795b7e,512,200,36defb97e71c592c434e268fbce376cf71555f0a7fe1de19525a08707b0bcc7c,ca2cfd227e650796b0ab372d24b7bc727fbcb040f1b7469400d6d5aa89c71804,official 80 test IDs as query; all 200 satellite IDs in gallery,1f543fb48416204dacfb5ac48b3bbf3ce4080ce164e75e7a86be748e3d798772,80,df64ad73d2ea80e1dd0b23fc8074aecd3cbd909b0f4363e60e11a61eb4ffbff8,3ab4dfd278a1db8ea5f0cabf9cfc4c045dad48c7c257ec6007462af8e289c72a,content
formal_main,sues200,sues200_uav_250m_to_satellite,style,1,4000,200,0.325,2.8000000000000003,6.9750000000000005,13.850000000000001,1.880187913775444,3.435375913977623,0.021079976111650467,resnet18,ee8a2baf567640ba061ec7f9a7565d783ddd606f92bd08a91253db4c54b50e8b,512,200,1fedf4a744a4698df34b31992eb0884805ffcb54e60c5c16b2dd86d07ac2ea74,44576c8f1c2bdde880c29bba0a23b8964e15e36a9d4a76d5a622a29547947856,official 80 test IDs as query; all 200 satellite IDs in gallery,1f543fb48416204dacfb5ac48b3bbf3ce4080ce164e75e7a86be748e3d798772,80,df64ad73d2ea80e1dd0b23fc8074aecd3cbd909b0f4363e60e11a61eb4ffbff8,7c678b6f8f3cec9de0a8d6b84e54bc68b589d9a223c6989cd4944b749b93bb80,style
formal_main,sues200,sues200_uav_250m_to_satellite,style,2,4000,200,0.44999999999999996,3.375,7.9,13.525,2.0593011751770973,3.668602555990219,0.02393459342420101,resnet18,308068cec253be7a600387dac1720cb8a4a34d33208573324e9e8eb830113140,512,200,1ddfd170dfcd86122af3fd346b11ea02c45a7130b33f681ae20e1abc70772ac1,a1bd4f18e946b61138f06c1f87c85f6671bb26a79580f4c678fbe114f51354b3,official 80 test IDs as query; all 200 satellite IDs in gallery,1f543fb48416204dacfb5ac48b3bbf3ce4080ce164e75e7a86be748e3d798772,80,df64ad73d2ea80e1dd0b23fc8074aecd3cbd909b0f4363e60e11a61eb4ffbff8,d7e520133b06d37221561a5cf193ad79778e9fc8ea3b04c82569f47a8547fe06,style
formal_main,sues200,sues200_uav_250m_to_satellite,style,3,4000,200,0.42500000000000004,3.05,7.5249999999999995,13.4,2.0003458485007286,3.5756915807724,0.020692886784672737,resnet18,06322bb64f167f6685fd68ba2fe5f5f39e34b407fe44f12059a39319715eac45,512,200,67c9b676b3a3e8bd2d25e6cc509e1149d6756277ed7e62b8cf8c25abeca73cef,943fedf4aea40e465ec08c80f27105a10157bfdaa214447f1bf2df7258c0fe95,official 80 test IDs as query; all 200 satellite IDs in gallery,1f543fb48416204dacfb5ac48b3bbf3ce4080ce164e75e7a86be748e3d798772,80,df64ad73d2ea80e1dd0b23fc8074aecd3cbd909b0f4363e60e11a61eb4ffbff8,93adc10d7f89de3968862e439d9d2c665bc7d3fe0a24e9c458352d1fb9f4e1f6,style
formal_main,sues200,sues200_uav_250m_to_satellite,visual_content,1,4000,200,42.175000000000004,74.325,85.82499999999999,93.72500000000001,49.69368278980255,57.21237659454346,0.07043284922838211,resnet18,7be2c9f073bbf26aab684f4fe9f03122fb4641ccd3792739548a05abba2ae29d,512,200,a3493989a25ee973a620f0b5832f736c1ae992c14504a6f4c34ee9c8c9f2a84b,afe55f7ce6b307f17a4fdb47209337a5bf7108cbb3150f9f465f804edfda68c8,official 80 test IDs as query; all 200 satellite IDs in gallery,1f543fb48416204dacfb5ac48b3bbf3ce4080ce164e75e7a86be748e3d798772,80,df64ad73d2ea80e1dd0b23fc8074aecd3cbd909b0f4363e60e11a61eb4ffbff8,32dbf04e268235a0e34ba73bac4926cdacc188a07a2bd9cfaf5f13e49774b848,visual_content
formal_main,sues200,sues200_uav_250m_to_satellite,visual_content,2,4000,200,37.625,74.825,85.95,94.075,46.00914120674133,54.39327955245972,0.06868022680282593,resnet18,47003fd14ca81cba6e3b33d3a49867e6d211cafd77767a8efd4f05285e11784b,512,200,1a625fea46ba00af9300b0c416edb1ae6988b51313752b6de7aa237cf236afdb,d147efbc327f5091b6418440f790718bb3e01481558391215fba4690a77093e6,official 80 test IDs as query; all 200 satellite IDs in gallery,1f543fb48416204dacfb5ac48b3bbf3ce4080ce164e75e7a86be748e3d798772,80,df64ad73d2ea80e1dd0b23fc8074aecd3cbd909b0f4363e60e11a61eb4ffbff8,5496387e7ed75a3197a4a1f95a02dc653c30063527f4004578cbae70a8c5f682,visual_content
formal_main,sues200,sues200_uav_250m_to_satellite,visual_content,3,4000,200,33.125,68.025,82.175,92.65,41.24975502490997,49.37451481819153,0.06273877620697021,resnet18,5f00a2749500502ce2ce805725c7b31f2aa866f6894640b16a8a1b0695267cdf,512,200,36cfd8ffc55e258926c4fac54c2db7e656915c9804fa24915f552344ea4b3c5f,66ddc420966cd0edf108c2488fdc1815aa4e5de8674a29b8f9ce88d8a0c1138b,official 80 test IDs as query; all 200 satellite IDs in gallery,1f543fb48416204dacfb5ac48b3bbf3ce4080ce164e75e7a86be748e3d798772,80,df64ad73d2ea80e1dd0b23fc8074aecd3cbd909b0f4363e60e11a61eb4ffbff8,8d31ee08fc967b4a3bbd573f3fabe6f68ddfcc4f2a45bce936eb510fc4db69cb,visual_content
formal_main,sues200,sues200_uav_250m_to_satellite,visual_style,1,4000,200,40.475,70.8,84.89999999999999,95.7,47.65729308128357,54.83958721160889,0.0698104053735733,resnet18,74c9669451b99e530232bea09fa6a76f3c41659d6946e7ea68cac36a15e3d9d5,512,200,999f304550380fd6ebac9a90fd01184e2f9889dcecd6daefc332e6885ffa3c7c,3a5d780ae2561e8215c476e2c226bd9004d607672f8d913b0902032a0892b1e7,official 80 test IDs as query; all 200 satellite IDs in gallery,1f543fb48416204dacfb5ac48b3bbf3ce4080ce164e75e7a86be748e3d798772,80,df64ad73d2ea80e1dd0b23fc8074aecd3cbd909b0f4363e60e11a61eb4ffbff8,b5a86db00a57dc59d986ebb109319afacb4a13a076008171a55dac8911aa16f5,visual_style
formal_main,sues200,sues200_uav_250m_to_satellite,visual_style,2,4000,200,36.725,71.05,82.25,91.60000000000001,44.52042281627655,52.31584906578064,0.07277558743953705,resnet18,5f0aba7c8cd4cf1ee17f44be59838c5cac9325f216506deaebc96908636b11df,512,200,75e197814c3544b968cf1722a6abe9ebf8cab95b37d4789810573cee71356d36,0d8c2aa53c321b392b06ec0a5dcd83c8dd9a3296234146f9e8ebc1d86ecf1f54,official 80 test IDs as query; all 200 satellite IDs in gallery,1f543fb48416204dacfb5ac48b3bbf3ce4080ce164e75e7a86be748e3d798772,80,df64ad73d2ea80e1dd0b23fc8074aecd3cbd909b0f4363e60e11a61eb4ffbff8,24f34f6e0b74d6ea42abaef7e812b9a3db4389d9a4725da8df8600fa49400e14,visual_style
formal_main,sues200,sues200_uav_250m_to_satellite,visual_style,3,4000,200,36.525,69.65,83.3,92.7,44.212889671325684,51.90078020095825,0.06645378470420837,resnet18,8ebb43d5e756a16c789a67f47f56d6d06d8f14b8f9d3fdbaea39cdd51900271a,512,200,26164ba49459666e9a7153905182766e0334738f1e2d375f45325ca6995efd00,49779219b5704877f0143bfd2619b6e95e6a9d0ad6fb2d7c2e231124bb48f1af,official 80 test IDs as query; all 200 satellite IDs in gallery,1f543fb48416204dacfb5ac48b3bbf3ce4080ce164e75e7a86be748e3d798772,80,df64ad73d2ea80e1dd0b23fc8074aecd3cbd909b0f4363e60e11a61eb4ffbff8,279a332ad50de157bc7ae165330cee899640dd7802d1712913a119c53f200ee3,visual_style
formal_main,sues200,sues200_uav_250m_to_satellite,full,1,4000,200,35.975,73.575,86.175,94.375,44.43421959877014,52.89343595504761,0.06480024755001068,resnet18,7478740b013990c83c5c21f619bc89b2664ee70ff90fda18ab3b7ac420c870e9,512,200,97f37be9352a47c842f73899f226175bcb737a5ec5e754b876bf5d400dcff59c,4be5583e2c695d4a210adf8180e7f902fcf0b3d35eb2c87df99f6d3e91097dba,official 80 test IDs as query; all 200 satellite IDs in gallery,1f543fb48416204dacfb5ac48b3bbf3ce4080ce164e75e7a86be748e3d798772,80,df64ad73d2ea80e1dd0b23fc8074aecd3cbd909b0f4363e60e11a61eb4ffbff8,33d9d19b607d969866608e9fbbf8c547d9425d1ffbd40f4445944a8fadb8eb1c,full
formal_main,sues200,sues200_uav_250m_to_satellite,full,2,4000,200,38.574999999999996,73.175,86.02499999999999,93.30000000000001,46.252548694610596,53.930097818374634,0.06929574906826019,resnet18,b92ffcece7107fbce537a7bc003104ee65ee88db8faf12c64ea5bd6f1e2dfa9b,512,200,ac9f690cbad3dcd180697703cf8e303d9cef1d74bc8e8d805b4555f70fb6e744,3e1b1dfce06b17c1e442b894cfa5e3e84ebce146584cce53b32b3beeded2135d,official 80 test IDs as query; all 200 satellite IDs in gallery,1f543fb48416204dacfb5ac48b3bbf3ce4080ce164e75e7a86be748e3d798772,80,df64ad73d2ea80e1dd0b23fc8074aecd3cbd909b0f4363e60e11a61eb4ffbff8,52f56fe4ad3192dca6993d71b8b83305abdaf418b8a9c90008a5a353ea176619,full
formal_main,sues200,sues200_uav_250m_to_satellite,full,3,4000,200,35.525,68.65,81.45,91.0,43.08339059352875,50.64178109169006,0.07632788270711899,resnet18,1864e833999eb8854a3442f74084b16037b5232aeca47fb4e66b41f793eccc9c,512,200,52da80ebb41747f0419dadc52fae7c0bd40d28b133cf3789d3412db00639c686,91699d2be5ecc154401ed384b47aec2da168d14147a660a52a7d4e2d1e3276d1,official 80 test IDs as query; all 200 satellite IDs in gallery,1f543fb48416204dacfb5ac48b3bbf3ce4080ce164e75e7a86be748e3d798772,80,df64ad73d2ea80e1dd0b23fc8074aecd3cbd909b0f4363e60e11a61eb4ffbff8,f7cf33c6f305ed7a752c3362213c836c2aa2afd3cb497bacce2627851d7ac4e1,full
formal_main,sues200,sues200_satellite_to_uav_250m,visual,1,80,10000,68.75,76.25,82.5,88.75,52.841347455978394,73.01042079925537,0.011561204679310322,resnet18,b9da9c88f13541f05c17848eab9c43a2f332adbd22ee8880b82149ee8cc03a7a,512,200,ebdd4bcdb67d376fc13a7d60f936ca69966f368bb6372aaabaa3b77788db97d0,6e5fd5565c7d2f7cbf571b3ae61317766e7f1e6637dd7591c67996eed8be3d05,official 80 test IDs as query; all 200 250m UAV IDs in gallery,1f543fb48416204dacfb5ac48b3bbf3ce4080ce164e75e7a86be748e3d798772,80,a0024554fabfdcd03efe8d46da3c80414baa16d26cf6a40d05e521ce55eeaddc,af58d1bfe504df2be63a7aa228b8edb10f2ebdbb9060b075b4038e3eae8701a0,visual
formal_main,sues200,sues200_satellite_to_uav_250m,visual,2,80,10000,66.25,80.0,88.75,90.0,50.5293607711792,72.86827564239502,0.012113642878830433,resnet18,a38a8f1d8143e8a404742b59a1bccb81263012b6cbbc0c7047ceba43fb51a996,512,200,ac912b39d7fcc402d9a8354673ce7d018af81e2a49251fff105816eb191b7240,7981b8559cf86b57fdfbf1ea21a64e0f2a9a7ca7238cf00f8d20c111a3e6f45c,official 80 test IDs as query; all 200 250m UAV IDs in gallery,1f543fb48416204dacfb5ac48b3bbf3ce4080ce164e75e7a86be748e3d798772,80,a0024554fabfdcd03efe8d46da3c80414baa16d26cf6a40d05e521ce55eeaddc,7caf4137d67782292b0df639c551b5192c7156c37e80981ab71637c75de60eed,visual
formal_main,sues200,sues200_satellite_to_uav_250m,visual,3,80,10000,72.5,87.5,88.75,90.0,53.52352857589722,78.30405831336975,0.012301905080676079,resnet18,9b5be26cc36cf0822ef97559fdfbc569aa6f67b47413f21feebd2e91373d557e,512,200,881480ea0a3e0e303b44da22b9ab4b385a4e12f6816c2d0ed7da85eff211411d,506366ea85c01525213996a165b659f27d9f38c97ff9ea49ffa5c0240d87b1b6,official 80 test IDs as query; all 200 250m UAV IDs in gallery,1f543fb48416204dacfb5ac48b3bbf3ce4080ce164e75e7a86be748e3d798772,80,a0024554fabfdcd03efe8d46da3c80414baa16d26cf6a40d05e521ce55eeaddc,1294385c181345f8d065b5d6080c11e2f9411e0c8fea25b3c2e37631d7f4e1ee,visual
formal_main,sues200,sues200_satellite_to_uav_250m,content,1,80,10000,6.25,12.5,20.0,31.25,3.612687811255455,11.174525320529938,0.013390624895691872,resnet18,a6e4cac189b7a1f99bc48a7e26530800e44c473ef9a6b09a2ff33490e955b218,512,200,1e26582a3136f24f3acbebe47fc938be437970a2376e3e5b66608021b6ffa022,f2e5fbb0ed14195405fdfe051f56b6d3004e3b8e7aaa50a4ba0e90c9c4fc0fb2,official 80 test IDs as query; all 200 250m UAV IDs in gallery,1f543fb48416204dacfb5ac48b3bbf3ce4080ce164e75e7a86be748e3d798772,80,a0024554fabfdcd03efe8d46da3c80414baa16d26cf6a40d05e521ce55eeaddc,ea266ef4aef13fc140166d674aab7c117984e6c6d1e0573d38f49a063bacd320,content
formal_main,sues200,sues200_satellite_to_uav_250m,content,2,80,10000,5.0,11.25,21.25,33.75,3.826960176229477,10.392985492944717,0.013407871127128601,resnet18,2f4d69d433ec5363c4c155954994f5fac20ba369bd52e591a994c984413f0822,512,200,5e013283eb8e8b3216a170bc18bc742a7f6faf205928c2b2eacc305ccc2d254d,66be3b7ab3966860f1dc5f45ea4ad857b50f8bb08360d1d23b2937c202735eec,official 80 test IDs as query; all 200 250m UAV IDs in gallery,1f543fb48416204dacfb5ac48b3bbf3ce4080ce164e75e7a86be748e3d798772,80,a0024554fabfdcd03efe8d46da3c80414baa16d26cf6a40d05e521ce55eeaddc,aa70f75893966e9d842cb55fef1815067ba0f01b2a1554083069536a86e98d3e,content
formal_main,sues200,sues200_satellite_to_uav_250m,content,3,80,10000,6.25,12.5,20.0,32.5,3.726395219564438,11.206064373254776,0.011891975998878479,resnet18,0604d8d400a7980ebb2d1fd55d44da9b858e09f60db40924de1d7f0685795b7e,512,200,36defb97e71c592c434e268fbce376cf71555f0a7fe1de19525a08707b0bcc7c,edf0bebd7fd95393b52beed9539d8fa4819e5a7219abd45f8d0f733fe5b5f011,official 80 test IDs as query; all 200 250m UAV IDs in gallery,1f543fb48416204dacfb5ac48b3bbf3ce4080ce164e75e7a86be748e3d798772,80,a0024554fabfdcd03efe8d46da3c80414baa16d26cf6a40d05e521ce55eeaddc,3ab4dfd278a1db8ea5f0cabf9cfc4c045dad48c7c257ec6007462af8e289c72a,content
formal_main,sues200,sues200_satellite_to_uav_250m,style,1,80,10000,1.25,5.0,5.0,6.25,1.4711454510688782,2.9666855931282043,0.02409065142273903,resnet18,ee8a2baf567640ba061ec7f9a7565d783ddd606f92bd08a91253db4c54b50e8b,512,200,1fedf4a744a4698df34b31992eb0884805ffcb54e60c5c16b2dd86d07ac2ea74,e7d1848a27bae498a44502e412c3c9a25394aa75ba834efbcf64244472414ddb,official 80 test IDs as query; all 200 250m UAV IDs in gallery,1f543fb48416204dacfb5ac48b3bbf3ce4080ce164e75e7a86be748e3d798772,80,a0024554fabfdcd03efe8d46da3c80414baa16d26cf6a40d05e521ce55eeaddc,7c678b6f8f3cec9de0a8d6b84e54bc68b589d9a223c6989cd4944b749b93bb80,style
formal_main,sues200,sues200_satellite_to_uav_250m,style,2,80,10000,2.5,5.0,7.5,7.5,1.622377522289753,4.229374602437019,0.030602281913161278,resnet18,308068cec253be7a600387dac1720cb8a4a34d33208573324e9e8eb830113140,512,200,1ddfd170dfcd86122af3fd346b11ea02c45a7130b33f681ae20e1abc70772ac1,40e53f28d41284ea2891a84506ebc97f201157745bc1ed88d28fa6af5bddf24e,official 80 test IDs as query; all 200 250m UAV IDs in gallery,1f543fb48416204dacfb5ac48b3bbf3ce4080ce164e75e7a86be748e3d798772,80,a0024554fabfdcd03efe8d46da3c80414baa16d26cf6a40d05e521ce55eeaddc,d7e520133b06d37221561a5cf193ad79778e9fc8ea3b04c82569f47a8547fe06,style
formal_main,sues200,sues200_satellite_to_uav_250m,style,3,80,10000,2.5,5.0,5.0,6.25,1.577434316277504,4.083666205406189,0.026423132047057152,resnet18,06322bb64f167f6685fd68ba2fe5f5f39e34b407fe44f12059a39319715eac45,512,200,67c9b676b3a3e8bd2d25e6cc509e1149d6756277ed7e62b8cf8c25abeca73cef,7bb58828a9fff7df2507d5d504cf17f7c02f8e3b7b3b1259fa8cd05d6caa8a26,official 80 test IDs as query; all 200 250m UAV IDs in gallery,1f543fb48416204dacfb5ac48b3bbf3ce4080ce164e75e7a86be748e3d798772,80,a0024554fabfdcd03efe8d46da3c80414baa16d26cf6a40d05e521ce55eeaddc,93adc10d7f89de3968862e439d9d2c665bc7d3fe0a24e9c458352d1fb9f4e1f6,style
formal_main,sues200,sues200_satellite_to_uav_250m,visual_content,1,80,10000,53.75,62.5,67.5,73.75,41.371870040893555,59.039777517318726,0.008747321553528309,resnet18,7be2c9f073bbf26aab684f4fe9f03122fb4641ccd3792739548a05abba2ae29d,512,200,a3493989a25ee973a620f0b5832f736c1ae992c14504a6f4c34ee9c8c9f2a84b,a255c09a86c71805674a8f30edda1343865446a09e6d14926581d4b7c2b034e6,official 80 test IDs as query; all 200 250m UAV IDs in gallery,1f543fb48416204dacfb5ac48b3bbf3ce4080ce164e75e7a86be748e3d798772,80,a0024554fabfdcd03efe8d46da3c80414baa16d26cf6a40d05e521ce55eeaddc,32dbf04e268235a0e34ba73bac4926cdacc188a07a2bd9cfaf5f13e49774b848,visual_content
formal_main,sues200,sues200_satellite_to_uav_250m,visual_content,2,80,10000,56.25,70.0,73.75,78.75,43.47188472747803,63.590240478515625,0.011036362498998642,resnet18,47003fd14ca81cba6e3b33d3a49867e6d211cafd77767a8efd4f05285e11784b,512,200,1a625fea46ba00af9300b0c416edb1ae6988b51313752b6de7aa237cf236afdb,1fa3346b8f311fc5a7af01e81121c4cd3869064dae99d249f55cccb4a16e6422,official 80 test IDs as query; all 200 250m UAV IDs in gallery,1f543fb48416204dacfb5ac48b3bbf3ce4080ce164e75e7a86be748e3d798772,80,a0024554fabfdcd03efe8d46da3c80414baa16d26cf6a40d05e521ce55eeaddc,5496387e7ed75a3197a4a1f95a02dc653c30063527f4004578cbae70a8c5f682,visual_content
formal_main,sues200,sues200_satellite_to_uav_250m,visual_content,3,80,10000,47.5,56.25,63.74999999999999,71.25,37.749916315078735,52.9092013835907,0.01151308137923479,resnet18,5f00a2749500502ce2ce805725c7b31f2aa866f6894640b16a8a1b0695267cdf,512,200,36cfd8ffc55e258926c4fac54c2db7e656915c9804fa24915f552344ea4b3c5f,72fb097ea950d7d03d0875d63a0a49dc1d7ab73dfde832dbdd04ec048a2d4098,official 80 test IDs as query; all 200 250m UAV IDs in gallery,1f543fb48416204dacfb5ac48b3bbf3ce4080ce164e75e7a86be748e3d798772,80,a0024554fabfdcd03efe8d46da3c80414baa16d26cf6a40d05e521ce55eeaddc,8d31ee08fc967b4a3bbd573f3fabe6f68ddfcc4f2a45bce936eb510fc4db69cb,visual_content
formal_main,sues200,sues200_satellite_to_uav_250m,visual_style,1,80,10000,53.75,67.5,71.25,76.25,41.445595026016235,60.126978158950806,0.010546907782554626,resnet18,74c9669451b99e530232bea09fa6a76f3c41659d6946e7ea68cac36a15e3d9d5,512,200,999f304550380fd6ebac9a90fd01184e2f9889dcecd6daefc332e6885ffa3c7c,beec95fbee247f991b59bc08e9d463d93044ea7197ec16fb1ea934875aab4358,official 80 test IDs as query; all 200 250m UAV IDs in gallery,1f543fb48416204dacfb5ac48b3bbf3ce4080ce164e75e7a86be748e3d798772,80,a0024554fabfdcd03efe8d46da3c80414baa16d26cf6a40d05e521ce55eeaddc,b5a86db00a57dc59d986ebb109319afacb4a13a076008171a55dac8911aa16f5,visual_style
formal_main,sues200,sues200_satellite_to_uav_250m,visual_style,2,80,10000,55.00000000000001,71.25,80.0,86.25,40.18779695034027,62.49196529388428,0.013481239788234234,resnet18,5f0aba7c8cd4cf1ee17f44be59838c5cac9325f216506deaebc96908636b11df,512,200,75e197814c3544b968cf1722a6abe9ebf8cab95b37d4789810573cee71356d36,6e96197f9bf99c2c302326f4156db2325d6f97e55b7f9e31265cb3f5c53b3e7f,official 80 test IDs as query; all 200 250m UAV IDs in gallery,1f543fb48416204dacfb5ac48b3bbf3ce4080ce164e75e7a86be748e3d798772,80,a0024554fabfdcd03efe8d46da3c80414baa16d26cf6a40d05e521ce55eeaddc,24f34f6e0b74d6ea42abaef7e812b9a3db4389d9a4725da8df8600fa49400e14,visual_style
formal_main,sues200,sues200_satellite_to_uav_250m,visual_style,3,80,10000,58.75,71.25,76.25,83.75,39.768314361572266,65.27117490768433,0.011671698652207851,resnet18,8ebb43d5e756a16c789a67f47f56d6d06d8f14b8f9d3fdbaea39cdd51900271a,512,200,26164ba49459666e9a7153905182766e0334738f1e2d375f45325ca6995efd00,1405df95e1a2f611f280c4c4a5b396e8bde2a60c6290990de19a09a4ac28b97b,official 80 test IDs as query; all 200 250m UAV IDs in gallery,1f543fb48416204dacfb5ac48b3bbf3ce4080ce164e75e7a86be748e3d798772,80,a0024554fabfdcd03efe8d46da3c80414baa16d26cf6a40d05e521ce55eeaddc,279a332ad50de157bc7ae165330cee899640dd7802d1712913a119c53f200ee3,visual_style
formal_main,sues200,sues200_satellite_to_uav_250m,full,1,80,10000,60.0,73.75,76.25,78.75,43.99617314338684,66.5847897529602,0.011518211103975773,resnet18,7478740b013990c83c5c21f619bc89b2664ee70ff90fda18ab3b7ac420c870e9,512,200,97f37be9352a47c842f73899f226175bcb737a5ec5e754b876bf5d400dcff59c,1fcfe16b01a3ae247289521a221c2c4919ade1180919b1e5711140cb2e1b6129,official 80 test IDs as query; all 200 250m UAV IDs in gallery,1f543fb48416204dacfb5ac48b3bbf3ce4080ce164e75e7a86be748e3d798772,80,a0024554fabfdcd03efe8d46da3c80414baa16d26cf6a40d05e521ce55eeaddc,33d9d19b607d969866608e9fbbf8c547d9425d1ffbd40f4445944a8fadb8eb1c,full
formal_main,sues200,sues200_satellite_to_uav_250m,full,2,80,10000,58.75,68.75,76.25,81.25,42.94479489326477,64.06509280204773,0.013352304697036743,resnet18,b92ffcece7107fbce537a7bc003104ee65ee88db8faf12c64ea5bd6f1e2dfa9b,512,200,ac9f690cbad3dcd180697703cf8e303d9cef1d74bc8e8d805b4555f70fb6e744,60433d6f890520a7ba80b63fb56b625d5d1dc9f92823f321e1ca191a031eb3f3,official 80 test IDs as query; all 200 250m UAV IDs in gallery,1f543fb48416204dacfb5ac48b3bbf3ce4080ce164e75e7a86be748e3d798772,80,a0024554fabfdcd03efe8d46da3c80414baa16d26cf6a40d05e521ce55eeaddc,52f56fe4ad3192dca6993d71b8b83305abdaf418b8a9c90008a5a353ea176619,full
formal_main,sues200,sues200_satellite_to_uav_250m,full,3,80,10000,52.5,65.0,72.5,75.0,41.29810333251953,58.59432816505432,0.010861456394195557,resnet18,1864e833999eb8854a3442f74084b16037b5232aeca47fb4e66b41f793eccc9c,512,200,52da80ebb41747f0419dadc52fae7c0bd40d28b133cf3789d3412db00639c686,a73c9ede028dabb4762250d2a7f7eafddf6530c620ad69c97d26e9c88433749e,official 80 test IDs as query; all 200 250m UAV IDs in gallery,1f543fb48416204dacfb5ac48b3bbf3ce4080ce164e75e7a86be748e3d798772,80,a0024554fabfdcd03efe8d46da3c80414baa16d26cf6a40d05e521ce55eeaddc,f7cf33c6f305ed7a752c3362213c836c2aa2afd3cb497bacce2627851d7ac4e1,full
formal_main,sues200,sues200_uav_300m_to_satellite,visual,1,4000,200,49.675000000000004,86.47500000000001,93.22500000000001,96.6,57.609254121780396,65.54350852966309,0.07205415517091751,resnet18,b9da9c88f13541f05c17848eab9c43a2f332adbd22ee8880b82149ee8cc03a7a,512,200,ebdd4bcdb67d376fc13a7d60f936ca69966f368bb6372aaabaa3b77788db97d0,52ca297e56d642b3ae3649c9c3a2e1fcae358ed052d8219fa376d008c4bd35f4,official 80 test IDs as query; all 200 satellite IDs in gallery,1f543fb48416204dacfb5ac48b3bbf3ce4080ce164e75e7a86be748e3d798772,80,9ed2f51f15e95d86a8b1b19b92bdfafbe954e6ca69c281ff55a8fd5cdcac0fd0,af58d1bfe504df2be63a7aa228b8edb10f2ebdbb9060b075b4038e3eae8701a0,visual
formal_main,sues200,sues200_uav_300m_to_satellite,visual,2,4000,200,49.4,81.27499999999999,88.97500000000001,94.625,56.48753643035889,63.57507109642029,0.074531190097332,resnet18,a38a8f1d8143e8a404742b59a1bccb81263012b6cbbc0c7047ceba43fb51a996,512,200,ac912b39d7fcc402d9a8354673ce7d018af81e2a49251fff105816eb191b7240,45830285c26a96cd16d7ec09c64dbc41d621624552010d12298b248b0a52808f,official 80 test IDs as query; all 200 satellite IDs in gallery,1f543fb48416204dacfb5ac48b3bbf3ce4080ce164e75e7a86be748e3d798772,80,9ed2f51f15e95d86a8b1b19b92bdfafbe954e6ca69c281ff55a8fd5cdcac0fd0,7caf4137d67782292b0df639c551b5192c7156c37e80981ab71637c75de60eed,visual
formal_main,sues200,sues200_uav_300m_to_satellite,visual,3,4000,200,50.05,83.25,90.9,95.7,57.51365423202515,64.97730612754822,0.07674625515937805,resnet18,9b5be26cc36cf0822ef97559fdfbc569aa6f67b47413f21feebd2e91373d557e,512,200,881480ea0a3e0e303b44da22b9ab4b385a4e12f6816c2d0ed7da85eff211411d,6b8a91202ef7ca2bc177f7ccada34a8e36b3394a751b3ffd2af200328597a2ce,official 80 test IDs as query; all 200 satellite IDs in gallery,1f543fb48416204dacfb5ac48b3bbf3ce4080ce164e75e7a86be748e3d798772,80,9ed2f51f15e95d86a8b1b19b92bdfafbe954e6ca69c281ff55a8fd5cdcac0fd0,1294385c181345f8d065b5d6080c11e2f9411e0c8fea25b3c2e37631d7f4e1ee,visual
formal_main,sues200,sues200_uav_300m_to_satellite,content,1,4000,200,3.55,17.0,29.225,46.775,7.771638780832291,11.993277072906494,0.03512369468808174,resnet18,a6e4cac189b7a1f99bc48a7e26530800e44c473ef9a6b09a2ff33490e955b218,512,200,1e26582a3136f24f3acbebe47fc938be437970a2376e3e5b66608021b6ffa022,d3dbafc91e02ab26b836e876e42c5db2b605d8834c0256823d3b386c9301f79a,official 80 test IDs as query; all 200 satellite IDs in gallery,1f543fb48416204dacfb5ac48b3bbf3ce4080ce164e75e7a86be748e3d798772,80,9ed2f51f15e95d86a8b1b19b92bdfafbe954e6ca69c281ff55a8fd5cdcac0fd0,ea266ef4aef13fc140166d674aab7c117984e6c6d1e0573d38f49a063bacd320,content
formal_main,sues200,sues200_uav_300m_to_satellite,content,2,4000,200,3.9,17.175,29.925,48.65,8.1898994743824,12.4797984957695,0.03394847735762596,resnet18,2f4d69d433ec5363c4c155954994f5fac20ba369bd52e591a994c984413f0822,512,200,5e013283eb8e8b3216a170bc18bc742a7f6faf205928c2b2eacc305ccc2d254d,069a1a61915c26308bb5bda2590dcd2bca67c371e2230ac3bbf1ad5ca23eed11,official 80 test IDs as query; all 200 satellite IDs in gallery,1f543fb48416204dacfb5ac48b3bbf3ce4080ce164e75e7a86be748e3d798772,80,9ed2f51f15e95d86a8b1b19b92bdfafbe954e6ca69c281ff55a8fd5cdcac0fd0,aa70f75893966e9d842cb55fef1815067ba0f01b2a1554083069536a86e98d3e,content
formal_main,sues200,sues200_uav_300m_to_satellite,content,3,4000,200,3.325,17.375,30.375000000000004,47.9,7.689545303583145,12.054090946912766,0.03146214783191681,resnet18,0604d8d400a7980ebb2d1fd55d44da9b858e09f60db40924de1d7f0685795b7e,512,200,36defb97e71c592c434e268fbce376cf71555f0a7fe1de19525a08707b0bcc7c,b8172f03cb815b01d1de963dcb161b92da46ebb99929f48f4b7ad15271839c01,official 80 test IDs as query; all 200 satellite IDs in gallery,1f543fb48416204dacfb5ac48b3bbf3ce4080ce164e75e7a86be748e3d798772,80,9ed2f51f15e95d86a8b1b19b92bdfafbe954e6ca69c281ff55a8fd5cdcac0fd0,3ab4dfd278a1db8ea5f0cabf9cfc4c045dad48c7c257ec6007462af8e289c72a,content
formal_main,sues200,sues200_uav_300m_to_satellite,style,1,4000,200,0.525,3.45,7.9,14.325,2.124522067606449,3.7240441888570786,0.022504661232233047,resnet18,ee8a2baf567640ba061ec7f9a7565d783ddd606f92bd08a91253db4c54b50e8b,512,200,1fedf4a744a4698df34b31992eb0884805ffcb54e60c5c16b2dd86d07ac2ea74,31350357a80ab0800be6c7688e368f4568e252ea0bf70e81d2a3eb499a4fa888,official 80 test IDs as query; all 200 satellite IDs in gallery,1f543fb48416204dacfb5ac48b3bbf3ce4080ce164e75e7a86be748e3d798772,80,9ed2f51f15e95d86a8b1b19b92bdfafbe954e6ca69c281ff55a8fd5cdcac0fd0,7c678b6f8f3cec9de0a8d6b84e54bc68b589d9a223c6989cd4944b749b93bb80,style
formal_main,sues200,sues200_uav_300m_to_satellite,style,2,4000,200,0.475,3.9,8.75,13.675,2.170446701347828,3.865893930196762,0.024820229038596153,resnet18,308068cec253be7a600387dac1720cb8a4a34d33208573324e9e8eb830113140,512,200,1ddfd170dfcd86122af3fd346b11ea02c45a7130b33f681ae20e1abc70772ac1,17f2bad845b541f3e2291a416e10be8113b83aa9d33ac7f130624eb6aa6c7993,official 80 test IDs as query; all 200 satellite IDs in gallery,1f543fb48416204dacfb5ac48b3bbf3ce4080ce164e75e7a86be748e3d798772,80,9ed2f51f15e95d86a8b1b19b92bdfafbe954e6ca69c281ff55a8fd5cdcac0fd0,d7e520133b06d37221561a5cf193ad79778e9fc8ea3b04c82569f47a8547fe06,style
formal_main,sues200,sues200_uav_300m_to_satellite,style,3,4000,200,0.42500000000000004,3.7249999999999996,7.95,13.675,2.0909447222948074,3.7568893283605576,0.02175297774374485,resnet18,06322bb64f167f6685fd68ba2fe5f5f39e34b407fe44f12059a39319715eac45,512,200,67c9b676b3a3e8bd2d25e6cc509e1149d6756277ed7e62b8cf8c25abeca73cef,b35f843dcbbaba2b98723ea6970f8993c2798e329b202e3cfcd3e660329a9f79,official 80 test IDs as query; all 200 satellite IDs in gallery,1f543fb48416204dacfb5ac48b3bbf3ce4080ce164e75e7a86be748e3d798772,80,9ed2f51f15e95d86a8b1b19b92bdfafbe954e6ca69c281ff55a8fd5cdcac0fd0,93adc10d7f89de3968862e439d9d2c665bc7d3fe0a24e9c458352d1fb9f4e1f6,style
formal_main,sues200,sues200_uav_300m_to_satellite,visual_content,1,4000,200,43.275000000000006,77.14999999999999,86.95,94.69999999999999,50.80490708351135,58.33481550216675,0.0693737342953682,resnet18,7be2c9f073bbf26aab684f4fe9f03122fb4641ccd3792739548a05abba2ae29d,512,200,a3493989a25ee973a620f0b5832f736c1ae992c14504a6f4c34ee9c8c9f2a84b,1366a4c6bf653b479ca2e2ea21ca432db08ab9e0c0c7b46dc5651d1193fe78e8,official 80 test IDs as query; all 200 satellite IDs in gallery,1f543fb48416204dacfb5ac48b3bbf3ce4080ce164e75e7a86be748e3d798772,80,9ed2f51f15e95d86a8b1b19b92bdfafbe954e6ca69c281ff55a8fd5cdcac0fd0,32dbf04e268235a0e34ba73bac4926cdacc188a07a2bd9cfaf5f13e49774b848,visual_content
formal_main,sues200,sues200_uav_300m_to_satellite,visual_content,2,4000,200,41.375,77.2,88.225,95.1,49.49218034744263,57.60936141014099,0.06874582171440125,resnet18,47003fd14ca81cba6e3b33d3a49867e6d211cafd77767a8efd4f05285e11784b,512,200,1a625fea46ba00af9300b0c416edb1ae6988b51313752b6de7aa237cf236afdb,ab8e2f1903db69b0b7a4cbc8bd18f5c70f6879fa0029e781fce08db2df60e654,official 80 test IDs as query; all 200 satellite IDs in gallery,1f543fb48416204dacfb5ac48b3bbf3ce4080ce164e75e7a86be748e3d798772,80,9ed2f51f15e95d86a8b1b19b92bdfafbe954e6ca69c281ff55a8fd5cdcac0fd0,5496387e7ed75a3197a4a1f95a02dc653c30063527f4004578cbae70a8c5f682,visual_content
formal_main,sues200,sues200_uav_300m_to_satellite,visual_content,3,4000,200,35.25,68.525,83.45,93.675,43.06489825248718,50.879788398742676,0.06657344847917557,resnet18,5f00a2749500502ce2ce805725c7b31f2aa866f6894640b16a8a1b0695267cdf,512,200,36cfd8ffc55e258926c4fac54c2db7e656915c9804fa24915f552344ea4b3c5f,d7d8c6e14abab356bea304b70a6ceca01e5915462d72f78456c10236ac0dd93d,official 80 test IDs as query; all 200 satellite IDs in gallery,1f543fb48416204dacfb5ac48b3bbf3ce4080ce164e75e7a86be748e3d798772,80,9ed2f51f15e95d86a8b1b19b92bdfafbe954e6ca69c281ff55a8fd5cdcac0fd0,8d31ee08fc967b4a3bbd573f3fabe6f68ddfcc4f2a45bce936eb510fc4db69cb,visual_content
formal_main,sues200,sues200_uav_300m_to_satellite,visual_style,1,4000,200,40.849999999999994,74.275,87.275,96.22500000000001,48.514729738235474,56.17946982383728,0.07079771906137466,resnet18,74c9669451b99e530232bea09fa6a76f3c41659d6946e7ea68cac36a15e3d9d5,512,200,999f304550380fd6ebac9a90fd01184e2f9889dcecd6daefc332e6885ffa3c7c,6531ed30fd07c1ec19c6cd6c5d803d0ecb8dd3af04649931b4af105ab1d4da6a,official 80 test IDs as query; all 200 satellite IDs in gallery,1f543fb48416204dacfb5ac48b3bbf3ce4080ce164e75e7a86be748e3d798772,80,9ed2f51f15e95d86a8b1b19b92bdfafbe954e6ca69c281ff55a8fd5cdcac0fd0,b5a86db00a57dc59d986ebb109319afacb4a13a076008171a55dac8911aa16f5,visual_style
formal_main,sues200,sues200_uav_300m_to_satellite,visual_style,2,4000,200,39.475,73.25,84.8,92.675,47.09799885749817,54.72099781036377,0.07287648320198059,resnet18,5f0aba7c8cd4cf1ee17f44be59838c5cac9325f216506deaebc96908636b11df,512,200,75e197814c3544b968cf1722a6abe9ebf8cab95b37d4789810573cee71356d36,0839f14a1c8006ec9ac8347b3cdc9c766532470edf2ef513fde7896346916aca,official 80 test IDs as query; all 200 satellite IDs in gallery,1f543fb48416204dacfb5ac48b3bbf3ce4080ce164e75e7a86be748e3d798772,80,9ed2f51f15e95d86a8b1b19b92bdfafbe954e6ca69c281ff55a8fd5cdcac0fd0,24f34f6e0b74d6ea42abaef7e812b9a3db4389d9a4725da8df8600fa49400e14,visual_style
formal_main,sues200,sues200_uav_300m_to_satellite,visual_style,3,4000,200,37.225,71.6,86.35000000000001,94.8,45.120373368263245,53.01574468612671,0.06813231110572815,resnet18,8ebb43d5e756a16c789a67f47f56d6d06d8f14b8f9d3fdbaea39cdd51900271a,512,200,26164ba49459666e9a7153905182766e0334738f1e2d375f45325ca6995efd00,cf25a436db43522034ed8d860bd1f1dd46dca2f0794679b0ef19da99490c8d94,official 80 test IDs as query; all 200 satellite IDs in gallery,1f543fb48416204dacfb5ac48b3bbf3ce4080ce164e75e7a86be748e3d798772,80,9ed2f51f15e95d86a8b1b19b92bdfafbe954e6ca69c281ff55a8fd5cdcac0fd0,279a332ad50de157bc7ae165330cee899640dd7802d1712913a119c53f200ee3,visual_style
formal_main,sues200,sues200_uav_300m_to_satellite,full,1,4000,200,38.775,75.1,88.125,95.92500000000001,47.10761606693268,55.44023513793945,0.06393842399120331,resnet18,7478740b013990c83c5c21f619bc89b2664ee70ff90fda18ab3b7ac420c870e9,512,200,97f37be9352a47c842f73899f226175bcb737a5ec5e754b876bf5d400dcff59c,b04159ed48233a0c0411d577108ea1fc54dbabe870f662f2fdd9262588b1efca,official 80 test IDs as query; all 200 satellite IDs in gallery,1f543fb48416204dacfb5ac48b3bbf3ce4080ce164e75e7a86be748e3d798772,80,9ed2f51f15e95d86a8b1b19b92bdfafbe954e6ca69c281ff55a8fd5cdcac0fd0,33d9d19b607d969866608e9fbbf8c547d9425d1ffbd40f4445944a8fadb8eb1c,full
formal_main,sues200,sues200_uav_300m_to_satellite,full,2,4000,200,39.025,75.52499999999999,88.325,94.975,47.19243049621582,55.359864234924316,0.07295392453670502,resnet18,b92ffcece7107fbce537a7bc003104ee65ee88db8faf12c64ea5bd6f1e2dfa9b,512,200,ac9f690cbad3dcd180697703cf8e303d9cef1d74bc8e8d805b4555f70fb6e744,0e30fb2262a421ff4020c0f6a9eabaf4f6fab8fe3818e040a7250d960522cb76,official 80 test IDs as query; all 200 satellite IDs in gallery,1f543fb48416204dacfb5ac48b3bbf3ce4080ce164e75e7a86be748e3d798772,80,9ed2f51f15e95d86a8b1b19b92bdfafbe954e6ca69c281ff55a8fd5cdcac0fd0,52f56fe4ad3192dca6993d71b8b83305abdaf418b8a9c90008a5a353ea176619,full
formal_main,sues200,sues200_uav_300m_to_satellite,full,3,4000,200,37.5,70.325,83.075,92.25,44.935181736946106,52.37036347389221,0.07616964727640152,resnet18,1864e833999eb8854a3442f74084b16037b5232aeca47fb4e66b41f793eccc9c,512,200,52da80ebb41747f0419dadc52fae7c0bd40d28b133cf3789d3412db00639c686,51477f8b170f4dcb5df2ac48d30b3a1b3b02ebe641170cd08e602214840e3cd5,official 80 test IDs as query; all 200 satellite IDs in gallery,1f543fb48416204dacfb5ac48b3bbf3ce4080ce164e75e7a86be748e3d798772,80,9ed2f51f15e95d86a8b1b19b92bdfafbe954e6ca69c281ff55a8fd5cdcac0fd0,f7cf33c6f305ed7a752c3362213c836c2aa2afd3cb497bacce2627851d7ac4e1,full
formal_main,sues200,sues200_satellite_to_uav_300m,visual,1,80,10000,70.0,81.25,85.0,88.75,54.84744906425476,75.63536763191223,0.012081208638846874,resnet18,b9da9c88f13541f05c17848eab9c43a2f332adbd22ee8880b82149ee8cc03a7a,512,200,ebdd4bcdb67d376fc13a7d60f936ca69966f368bb6372aaabaa3b77788db97d0,f5d892d0a526b0558c86c17a92fa1b155f9328893e41be2d650f95f1f68a597c,official 80 test IDs as query; all 200 300m UAV IDs in gallery,1f543fb48416204dacfb5ac48b3bbf3ce4080ce164e75e7a86be748e3d798772,80,a0024554fabfdcd03efe8d46da3c80414baa16d26cf6a40d05e521ce55eeaddc,af58d1bfe504df2be63a7aa228b8edb10f2ebdbb9060b075b4038e3eae8701a0,visual
formal_main,sues200,sues200_satellite_to_uav_300m,visual,2,80,10000,73.75,82.5,86.25,91.25,54.867810010910034,78.00930738449097,0.011726425029337406,resnet18,a38a8f1d8143e8a404742b59a1bccb81263012b6cbbc0c7047ceba43fb51a996,512,200,ac912b39d7fcc402d9a8354673ce7d018af81e2a49251fff105816eb191b7240,29499e7564d952e3c6b2719b90739cb74fb68e3d5529d31566a8bf7995a80441,official 80 test IDs as query; all 200 300m UAV IDs in gallery,1f543fb48416204dacfb5ac48b3bbf3ce4080ce164e75e7a86be748e3d798772,80,a0024554fabfdcd03efe8d46da3c80414baa16d26cf6a40d05e521ce55eeaddc,7caf4137d67782292b0df639c551b5192c7156c37e80981ab71637c75de60eed,visual
formal_main,sues200,sues200_satellite_to_uav_300m,visual,3,80,10000,77.5,86.25,87.5,91.25,55.496156215667725,81.73922300338745,0.012216603383421898,resnet18,9b5be26cc36cf0822ef97559fdfbc569aa6f67b47413f21feebd2e91373d557e,512,200,881480ea0a3e0e303b44da22b9ab4b385a4e12f6816c2d0ed7da85eff211411d,e336733d0be21854d92ab97dbcadc071083163373d33981cb8357171f638b14c,official 80 test IDs as query; all 200 300m UAV IDs in gallery,1f543fb48416204dacfb5ac48b3bbf3ce4080ce164e75e7a86be748e3d798772,80,a0024554fabfdcd03efe8d46da3c80414baa16d26cf6a40d05e521ce55eeaddc,1294385c181345f8d065b5d6080c11e2f9411e0c8fea25b3c2e37631d7f4e1ee,visual
formal_main,sues200,sues200_satellite_to_uav_300m,content,1,80,10000,10.0,16.25,20.0,27.500000000000004,4.309609532356262,14.36891257762909,0.015129324980080128,resnet18,a6e4cac189b7a1f99bc48a7e26530800e44c473ef9a6b09a2ff33490e955b218,512,200,1e26582a3136f24f3acbebe47fc938be437970a2376e3e5b66608021b6ffa022,18eec8c0c37f2a565d7219cd2f3e7efe0f96a9612bb55e43620471e99eaca590,official 80 test IDs as query; all 200 300m UAV IDs in gallery,1f543fb48416204dacfb5ac48b3bbf3ce4080ce164e75e7a86be748e3d798772,80,a0024554fabfdcd03efe8d46da3c80414baa16d26cf6a40d05e521ce55eeaddc,ea266ef4aef13fc140166d674aab7c117984e6c6d1e0573d38f49a063bacd320,content
formal_main,sues200,sues200_satellite_to_uav_300m,content,2,80,10000,10.0,16.25,23.75,30.0,4.567687958478928,14.150777459144592,0.014456802979111671,resnet18,2f4d69d433ec5363c4c155954994f5fac20ba369bd52e591a994c984413f0822,512,200,5e013283eb8e8b3216a170bc18bc742a7f6faf205928c2b2eacc305ccc2d254d,85a26c41e693e61b044ee124b92e8cc62080b53588aa62a35abae77f89dd5747,official 80 test IDs as query; all 200 300m UAV IDs in gallery,1f543fb48416204dacfb5ac48b3bbf3ce4080ce164e75e7a86be748e3d798772,80,a0024554fabfdcd03efe8d46da3c80414baa16d26cf6a40d05e521ce55eeaddc,aa70f75893966e9d842cb55fef1815067ba0f01b2a1554083069536a86e98d3e,content
formal_main,sues200,sues200_satellite_to_uav_300m,content,3,80,10000,8.75,15.0,20.0,35.0,4.3929919600486755,13.896283507347107,0.013834511861205101,resnet18,0604d8d400a7980ebb2d1fd55d44da9b858e09f60db40924de1d7f0685795b7e,512,200,36defb97e71c592c434e268fbce376cf71555f0a7fe1de19525a08707b0bcc7c,76d918edd949378038a51dc3f5f9daae06e52ace39d381c8f3a68dc73a884ac2,official 80 test IDs as query; all 200 300m UAV IDs in gallery,1f543fb48416204dacfb5ac48b3bbf3ce4080ce164e75e7a86be748e3d798772,80,a0024554fabfdcd03efe8d46da3c80414baa16d26cf6a40d05e521ce55eeaddc,3ab4dfd278a1db8ea5f0cabf9cfc4c045dad48c7c257ec6007462af8e289c72a,content
formal_main,sues200,sues200_satellite_to_uav_300m,style,1,80,10000,0.0,3.75,3.75,5.0,1.528034545481205,1.7639538273215294,0.013096031732857227,resnet18,ee8a2baf567640ba061ec7f9a7565d783ddd606f92bd08a91253db4c54b50e8b,512,200,1fedf4a744a4698df34b31992eb0884805ffcb54e60c5c16b2dd86d07ac2ea74,d02a79de837fa61d07b203cb0a8c33f5c1e7ef30ab50aab3426fb98acc99fa3f,official 80 test IDs as query; all 200 300m UAV IDs in gallery,1f543fb48416204dacfb5ac48b3bbf3ce4080ce164e75e7a86be748e3d798772,80,a0024554fabfdcd03efe8d46da3c80414baa16d26cf6a40d05e521ce55eeaddc,7c678b6f8f3cec9de0a8d6b84e54bc68b589d9a223c6989cd4944b749b93bb80,style
formal_main,sues200,sues200_satellite_to_uav_300m,style,2,80,10000,0.0,3.75,3.75,5.0,1.6072649508714676,2.0407723262906075,0.013253244571387768,resnet18,308068cec253be7a600387dac1720cb8a4a34d33208573324e9e8eb830113140,512,200,1ddfd170dfcd86122af3fd346b11ea02c45a7130b33f681ae20e1abc70772ac1,671f14c42b273c61f08844f0308c21425e22b589b3a5dfd0c2a00a9dd088466b,official 80 test IDs as query; all 200 300m UAV IDs in gallery,1f543fb48416204dacfb5ac48b3bbf3ce4080ce164e75e7a86be748e3d798772,80,a0024554fabfdcd03efe8d46da3c80414baa16d26cf6a40d05e521ce55eeaddc,d7e520133b06d37221561a5cf193ad79778e9fc8ea3b04c82569f47a8547fe06,style
formal_main,sues200,sues200_satellite_to_uav_300m,style,3,80,10000,0.0,3.75,3.75,6.25,1.5522914938628674,2.2377019748091698,0.01151545625180006,resnet18,06322bb64f167f6685fd68ba2fe5f5f39e34b407fe44f12059a39319715eac45,512,200,67c9b676b3a3e8bd2d25e6cc509e1149d6756277ed7e62b8cf8c25abeca73cef,021a026169640a2b7640377291496a03c03fc5a4f7b21ac80cb86a26acfa8d04,official 80 test IDs as query; all 200 300m UAV IDs in gallery,1f543fb48416204dacfb5ac48b3bbf3ce4080ce164e75e7a86be748e3d798772,80,a0024554fabfdcd03efe8d46da3c80414baa16d26cf6a40d05e521ce55eeaddc,93adc10d7f89de3968862e439d9d2c665bc7d3fe0a24e9c458352d1fb9f4e1f6,style
formal_main,sues200,sues200_satellite_to_uav_300m,visual_content,1,80,10000,57.49999999999999,61.25000000000001,72.5,80.0,45.306649804115295,61.624228954315186,0.01013953611254692,resnet18,7be2c9f073bbf26aab684f4fe9f03122fb4641ccd3792739548a05abba2ae29d,512,200,a3493989a25ee973a620f0b5832f736c1ae992c14504a6f4c34ee9c8c9f2a84b,8e84f3a9150c222b4492fa47834d20181b815ec9872348b3e9b31a76f9f58d85,official 80 test IDs as query; all 200 300m UAV IDs in gallery,1f543fb48416204dacfb5ac48b3bbf3ce4080ce164e75e7a86be748e3d798772,80,a0024554fabfdcd03efe8d46da3c80414baa16d26cf6a40d05e521ce55eeaddc,32dbf04e268235a0e34ba73bac4926cdacc188a07a2bd9cfaf5f13e49774b848,visual_content
formal_main,sues200,sues200_satellite_to_uav_300m,visual_content,2,80,10000,61.25000000000001,67.5,71.25,80.0,47.789230942726135,65.40745496749878,0.010345440357923508,resnet18,47003fd14ca81cba6e3b33d3a49867e6d211cafd77767a8efd4f05285e11784b,512,200,1a625fea46ba00af9300b0c416edb1ae6988b51313752b6de7aa237cf236afdb,06c03787c111177f55436f7df54d6406df7785c740c03871dbb27a1a17441844,official 80 test IDs as query; all 200 300m UAV IDs in gallery,1f543fb48416204dacfb5ac48b3bbf3ce4080ce164e75e7a86be748e3d798772,80,a0024554fabfdcd03efe8d46da3c80414baa16d26cf6a40d05e521ce55eeaddc,5496387e7ed75a3197a4a1f95a02dc653c30063527f4004578cbae70a8c5f682,visual_content
formal_main,sues200,sues200_satellite_to_uav_300m,visual_content,3,80,10000,56.25,62.5,66.25,71.25,39.61785435676575,59.69865322113037,0.01261833030730486,resnet18,5f00a2749500502ce2ce805725c7b31f2aa866f6894640b16a8a1b0695267cdf,512,200,36cfd8ffc55e258926c4fac54c2db7e656915c9804fa24915f552344ea4b3c5f,40648272fe787f942855e62f13485f34f27823d5abff9abad640e766ea61ff40,official 80 test IDs as query; all 200 300m UAV IDs in gallery,1f543fb48416204dacfb5ac48b3bbf3ce4080ce164e75e7a86be748e3d798772,80,a0024554fabfdcd03efe8d46da3c80414baa16d26cf6a40d05e521ce55eeaddc,8d31ee08fc967b4a3bbd573f3fabe6f68ddfcc4f2a45bce936eb510fc4db69cb,visual_content
formal_main,sues200,sues200_satellite_to_uav_300m,visual_style,1,80,10000,58.75,67.5,73.75,77.5,43.25069487094879,63.072460889816284,0.011180251836776733,resnet18,74c9669451b99e530232bea09fa6a76f3c41659d6946e7ea68cac36a15e3d9d5,512,200,999f304550380fd6ebac9a90fd01184e2f9889dcecd6daefc332e6885ffa3c7c,3ae41748fa6a853a24e7f4a533959a4a9629515e087daf8e3a710e4f0a0b97c5,official 80 test IDs as query; all 200 300m UAV IDs in gallery,1f543fb48416204dacfb5ac48b3bbf3ce4080ce164e75e7a86be748e3d798772,80,a0024554fabfdcd03efe8d46da3c80414baa16d26cf6a40d05e521ce55eeaddc,b5a86db00a57dc59d986ebb109319afacb4a13a076008171a55dac8911aa16f5,visual_style
formal_main,sues200,sues200_satellite_to_uav_300m,visual_style,2,80,10000,58.75,75.0,76.25,82.5,43.188151717185974,65.40053486824036,0.0122521398589015,resnet18,5f0aba7c8cd4cf1ee17f44be59838c5cac9325f216506deaebc96908636b11df,512,200,75e197814c3544b968cf1722a6abe9ebf8cab95b37d4789810573cee71356d36,1a23a7b1571600c90dbe88b8955012862c3563c92b511b83a5f6fe6c2cbb1a5c,official 80 test IDs as query; all 200 300m UAV IDs in gallery,1f543fb48416204dacfb5ac48b3bbf3ce4080ce164e75e7a86be748e3d798772,80,a0024554fabfdcd03efe8d46da3c80414baa16d26cf6a40d05e521ce55eeaddc,24f34f6e0b74d6ea42abaef7e812b9a3db4389d9a4725da8df8600fa49400e14,visual_style
formal_main,sues200,sues200_satellite_to_uav_300m,visual_style,3,80,10000,58.75,72.5,77.5,82.5,41.13069474697113,64.67022895812988,0.01014365442097187,resnet18,8ebb43d5e756a16c789a67f47f56d6d06d8f14b8f9d3fdbaea39cdd51900271a,512,200,26164ba49459666e9a7153905182766e0334738f1e2d375f45325ca6995efd00,8b91dc7e77170a677bd17e69f0effe7e4b5d99ba7d4c8b915d1c55ba27cdd132,official 80 test IDs as query; all 200 300m UAV IDs in gallery,1f543fb48416204dacfb5ac48b3bbf3ce4080ce164e75e7a86be748e3d798772,80,a0024554fabfdcd03efe8d46da3c80414baa16d26cf6a40d05e521ce55eeaddc,279a332ad50de157bc7ae165330cee899640dd7802d1712913a119c53f200ee3,visual_style
formal_main,sues200,sues200_satellite_to_uav_300m,full,1,80,10000,60.0,68.75,75.0,78.75,45.246824622154236,64.75752592086792,0.011771034449338913,resnet18,7478740b013990c83c5c21f619bc89b2664ee70ff90fda18ab3b7ac420c870e9,512,200,97f37be9352a47c842f73899f226175bcb737a5ec5e754b876bf5d400dcff59c,f51f3a71da8d6ae7a6166d93e7bfd90e2b9502b48e95b4fbb7860c53a6f2a448,official 80 test IDs as query; all 200 300m UAV IDs in gallery,1f543fb48416204dacfb5ac48b3bbf3ce4080ce164e75e7a86be748e3d798772,80,a0024554fabfdcd03efe8d46da3c80414baa16d26cf6a40d05e521ce55eeaddc,33d9d19b607d969866608e9fbbf8c547d9425d1ffbd40f4445944a8fadb8eb1c,full
formal_main,sues200,sues200_satellite_to_uav_300m,full,2,80,10000,57.49999999999999,68.75,80.0,85.0,44.048672914505005,64.12292718887329,0.00995886605232954,resnet18,b92ffcece7107fbce537a7bc003104ee65ee88db8faf12c64ea5bd6f1e2dfa9b,512,200,ac9f690cbad3dcd180697703cf8e303d9cef1d74bc8e8d805b4555f70fb6e744,34290305b2fadf18f284f01a198c52975562260c74647137486bd2f7c29bafbe,official 80 test IDs as query; all 200 300m UAV IDs in gallery,1f543fb48416204dacfb5ac48b3bbf3ce4080ce164e75e7a86be748e3d798772,80,a0024554fabfdcd03efe8d46da3c80414baa16d26cf6a40d05e521ce55eeaddc,52f56fe4ad3192dca6993d71b8b83305abdaf418b8a9c90008a5a353ea176619,full
formal_main,sues200,sues200_satellite_to_uav_300m,full,3,80,10000,57.49999999999999,67.5,68.75,77.5,44.20315623283386,62.65588998794556,0.010679035447537899,resnet18,1864e833999eb8854a3442f74084b16037b5232aeca47fb4e66b41f793eccc9c,512,200,52da80ebb41747f0419dadc52fae7c0bd40d28b133cf3789d3412db00639c686,c0c2da9bbd963bfb784f671df82c8399888fba4d2dcfa6c08d1ea627e812d25c,official 80 test IDs as query; all 200 300m UAV IDs in gallery,1f543fb48416204dacfb5ac48b3bbf3ce4080ce164e75e7a86be748e3d798772,80,a0024554fabfdcd03efe8d46da3c80414baa16d26cf6a40d05e521ce55eeaddc,f7cf33c6f305ed7a752c3362213c836c2aa2afd3cb497bacce2627851d7ac4e1,full
