corruption,severity_index,parameter,value,units,task,metric,clean,corrupted,absolute_drop_fraction,percentage_point_drop,relative_drop_fraction,relative_drop_percent
gaussian_noise,1,standard_deviation,0.02,"fraction of the [0,1] RGB intensity range",sues200_uav_150m_to_satellite,r_at_1,0.287,0.2795,0.007499999999999951,0.7499999999999951,0.0261324041811845,2.61324041811845
gaussian_noise,1,standard_deviation,0.02,"fraction of the [0,1] RGB intensity range",sues200_uav_150m_to_satellite,r_at_5,0.653,0.65475,-0.0017500000000000293,-0.17500000000000293,-0.0026799387442573187,-0.2679938744257319
gaussian_noise,1,standard_deviation,0.02,"fraction of the [0,1] RGB intensity range",sues200_uav_150m_to_satellite,r_at_10,0.7945,0.79225,0.0022499999999999742,0.22499999999999742,0.002831969792322183,0.28319697923221826
gaussian_noise,1,standard_deviation,0.02,"fraction of the [0,1] RGB intensity range",sues200_uav_150m_to_satellite,r_at_20,0.9105,0.90425,0.006249999999999978,0.6249999999999978,0.0068643602416254565,0.6864360241625457
gaussian_noise,1,standard_deviation,0.02,"fraction of the [0,1] RGB intensity range",sues200_uav_150m_to_satellite,official_trapezoid_mAP,0.3715789318084717,0.3643897771835327,0.007189154624938965,0.7189154624938965,0.019347584078433636,1.9347584078433637
gaussian_noise,1,standard_deviation,0.02,"fraction of the [0,1] RGB intensity range",sues200_uav_150m_to_satellite,MRR,0.4561578333377838,0.4492795765399933,0.006878256797790527,0.6878256797790527,0.015078677368009143,1.5078677368009143
gaussian_noise,1,standard_deviation,0.02,"fraction of the [0,1] RGB intensity range",sues200_satellite_to_uav_150m,r_at_1,0.475,0.425,0.04999999999999999,4.999999999999999,0.10526315789473682,10.526315789473683
gaussian_noise,1,standard_deviation,0.02,"fraction of the [0,1] RGB intensity range",sues200_satellite_to_uav_150m,r_at_5,0.625,0.5625,0.0625,6.25,0.1,10.0
gaussian_noise,1,standard_deviation,0.02,"fraction of the [0,1] RGB intensity range",sues200_satellite_to_uav_150m,r_at_10,0.7,0.6375,0.0625,6.25,0.08928571428571429,8.928571428571429
gaussian_noise,1,standard_deviation,0.02,"fraction of the [0,1] RGB intensity range",sues200_satellite_to_uav_150m,r_at_20,0.725,0.7,0.025000000000000022,2.500000000000002,0.03448275862068969,3.448275862068969
gaussian_noise,1,standard_deviation,0.02,"fraction of the [0,1] RGB intensity range",sues200_satellite_to_uav_150m,official_trapezoid_mAP,0.34278807044029236,0.3375682234764099,0.005219846963882446,0.5219846963882446,0.015227621419782318,1.5227621419782318
gaussian_noise,1,standard_deviation,0.02,"fraction of the [0,1] RGB intensity range",sues200_satellite_to_uav_150m,MRR,0.5414365530014038,0.4964783787727356,0.04495817422866821,4.495817422866821,0.0830349816233254,8.30349816233254
gaussian_noise,1,standard_deviation,0.02,"fraction of the [0,1] RGB intensity range",sues200_uav_200m_to_satellite,r_at_1,0.3315,0.321,0.01050000000000001,1.050000000000001,0.031674208144796406,3.1674208144796405
gaussian_noise,1,standard_deviation,0.02,"fraction of the [0,1] RGB intensity range",sues200_uav_200m_to_satellite,r_at_5,0.69575,0.6865,0.00924999999999998,0.924999999999998,0.013295005389867023,1.3295005389867023
gaussian_noise,1,standard_deviation,0.02,"fraction of the [0,1] RGB intensity range",sues200_uav_200m_to_satellite,r_at_10,0.8245,0.81925,0.005249999999999977,0.5249999999999977,0.006367495451788935,0.6367495451788935
gaussian_noise,1,standard_deviation,0.02,"fraction of the [0,1] RGB intensity range",sues200_uav_200m_to_satellite,r_at_20,0.92925,0.9245,0.004750000000000032,0.4750000000000032,0.005111649179445824,0.5111649179445824
gaussian_noise,1,standard_deviation,0.02,"fraction of the [0,1] RGB intensity range",sues200_uav_200m_to_satellite,official_trapezoid_mAP,0.4146501421928406,0.4050067067146301,0.00964343547821045,0.9643435478210449,0.023256800123622277,2.3256800123622274
gaussian_noise,1,standard_deviation,0.02,"fraction of the [0,1] RGB intensity range",sues200_uav_200m_to_satellite,MRR,0.4978003203868866,0.4890134632587433,0.00878685712814331,0.878685712814331,0.017651368969216878,1.7651368969216878
gaussian_noise,1,standard_deviation,0.02,"fraction of the [0,1] RGB intensity range",sues200_satellite_to_uav_200m,r_at_1,0.6125,0.575,0.03750000000000009,3.750000000000009,0.061224489795918505,6.122448979591851
gaussian_noise,1,standard_deviation,0.02,"fraction of the [0,1] RGB intensity range",sues200_satellite_to_uav_200m,r_at_5,0.7125,0.6875,0.025000000000000022,2.500000000000002,0.03508771929824565,3.5087719298245643
gaussian_noise,1,standard_deviation,0.02,"fraction of the [0,1] RGB intensity range",sues200_satellite_to_uav_200m,r_at_10,0.75,0.7375,0.012499999999999956,1.2499999999999956,0.016666666666666607,1.6666666666666607
gaussian_noise,1,standard_deviation,0.02,"fraction of the [0,1] RGB intensity range",sues200_satellite_to_uav_200m,r_at_20,0.7875,0.7875,0.0,0.0,0.0,0.0
gaussian_noise,1,standard_deviation,0.02,"fraction of the [0,1] RGB intensity range",sues200_satellite_to_uav_200m,official_trapezoid_mAP,0.402458518743515,0.3950214385986328,0.007437080144882202,0.7437080144882202,0.018479122191526573,1.8479122191526574
gaussian_noise,1,standard_deviation,0.02,"fraction of the [0,1] RGB intensity range",sues200_satellite_to_uav_200m,MRR,0.6624575257301331,0.6265045404434204,0.035952985286712646,3.5952985286712646,0.054272136537488594,5.42721365374886
gaussian_noise,1,standard_deviation,0.02,"fraction of the [0,1] RGB intensity range",sues200_uav_250m_to_satellite,r_at_1,0.35975,0.34225,0.017500000000000016,1.7500000000000016,0.04864489228630998,4.8644892286309975
gaussian_noise,1,standard_deviation,0.02,"fraction of the [0,1] RGB intensity range",sues200_uav_250m_to_satellite,r_at_5,0.73575,0.727,0.008750000000000036,0.8750000000000036,0.011892626571525702,1.1892626571525702
gaussian_noise,1,standard_deviation,0.02,"fraction of the [0,1] RGB intensity range",sues200_uav_250m_to_satellite,r_at_10,0.86175,0.86025,0.0015000000000000568,0.15000000000000568,0.0017406440382942347,0.17406440382942348
gaussian_noise,1,standard_deviation,0.02,"fraction of the [0,1] RGB intensity range",sues200_uav_250m_to_satellite,r_at_20,0.94375,0.94075,0.0030000000000000027,0.30000000000000027,0.0031788079470198706,0.31788079470198705
gaussian_noise,1,standard_deviation,0.02,"fraction of the [0,1] RGB intensity range",sues200_uav_250m_to_satellite,official_trapezoid_mAP,0.4443421959877014,0.42975276708602905,0.014589428901672363,1.4589428901672363,0.03283376873367249,3.283376873367249
gaussian_noise,1,standard_deviation,0.02,"fraction of the [0,1] RGB intensity range",sues200_uav_250m_to_satellite,MRR,0.5289343595504761,0.5172556042671204,0.011678755283355713,1.1678755283355713,0.02207978187176402,2.2079781871764017
gaussian_noise,1,standard_deviation,0.02,"fraction of the [0,1] RGB intensity range",sues200_satellite_to_uav_250m,r_at_1,0.6,0.5875,0.012499999999999956,1.2499999999999956,0.02083333333333326,2.083333333333326
gaussian_noise,1,standard_deviation,0.02,"fraction of the [0,1] RGB intensity range",sues200_satellite_to_uav_250m,r_at_5,0.7375,0.75,-0.012499999999999956,-1.2499999999999956,-0.01694915254237282,-1.694915254237282
gaussian_noise,1,standard_deviation,0.02,"fraction of the [0,1] RGB intensity range",sues200_satellite_to_uav_250m,r_at_10,0.7625,0.7625,0.0,0.0,0.0,0.0
gaussian_noise,1,standard_deviation,0.02,"fraction of the [0,1] RGB intensity range",sues200_satellite_to_uav_250m,r_at_20,0.7875,0.8,-0.012500000000000067,-1.2500000000000067,-0.01587301587301596,-1.5873015873015959
gaussian_noise,1,standard_deviation,0.02,"fraction of the [0,1] RGB intensity range",sues200_satellite_to_uav_250m,official_trapezoid_mAP,0.4399527907371521,0.42548808455467224,0.014464706182479858,1.4464706182479858,0.03287785982274115,3.2877859822741153
gaussian_noise,1,standard_deviation,0.02,"fraction of the [0,1] RGB intensity range",sues200_satellite_to_uav_250m,MRR,0.6658704876899719,0.6532551050186157,0.012615382671356201,1.2615382671356201,0.018945700259402246,1.8945700259402245
gaussian_noise,1,standard_deviation,0.02,"fraction of the [0,1] RGB intensity range",sues200_uav_300m_to_satellite,r_at_1,0.38775,0.36325,0.024499999999999966,2.4499999999999966,0.06318504190844608,6.318504190844608
gaussian_noise,1,standard_deviation,0.02,"fraction of the [0,1] RGB intensity range",sues200_uav_300m_to_satellite,r_at_5,0.751,0.75425,-0.003249999999999975,-0.3249999999999975,-0.004327563249001298,-0.43275632490012983
gaussian_noise,1,standard_deviation,0.02,"fraction of the [0,1] RGB intensity range",sues200_uav_300m_to_satellite,r_at_10,0.88125,0.874,0.007249999999999979,0.7249999999999979,0.008226950354609906,0.8226950354609905
gaussian_noise,1,standard_deviation,0.02,"fraction of the [0,1] RGB intensity range",sues200_uav_300m_to_satellite,r_at_20,0.95925,0.95425,0.0050000000000000044,0.5000000000000004,0.005212405525149861,0.5212405525149861
gaussian_noise,1,standard_deviation,0.02,"fraction of the [0,1] RGB intensity range",sues200_uav_300m_to_satellite,official_trapezoid_mAP,0.4710761606693268,0.45194292068481445,0.01913323998451233,1.913323998451233,0.04061602259245498,4.061602259245498
gaussian_noise,1,standard_deviation,0.02,"fraction of the [0,1] RGB intensity range",sues200_uav_300m_to_satellite,MRR,0.5544023513793945,0.540635883808136,0.013766467571258545,1.3766467571258545,0.0248311853963219,2.48311853963219
gaussian_noise,1,standard_deviation,0.02,"fraction of the [0,1] RGB intensity range",sues200_satellite_to_uav_300m,r_at_1,0.6,0.6,0.0,0.0,0.0,0.0
gaussian_noise,1,standard_deviation,0.02,"fraction of the [0,1] RGB intensity range",sues200_satellite_to_uav_300m,r_at_5,0.6875,0.625,0.0625,6.25,0.09090909090909091,9.090909090909092
gaussian_noise,1,standard_deviation,0.02,"fraction of the [0,1] RGB intensity range",sues200_satellite_to_uav_300m,r_at_10,0.75,0.7375,0.012499999999999956,1.2499999999999956,0.016666666666666607,1.6666666666666607
gaussian_noise,1,standard_deviation,0.02,"fraction of the [0,1] RGB intensity range",sues200_satellite_to_uav_300m,r_at_20,0.7875,0.7875,0.0,0.0,0.0,0.0
gaussian_noise,1,standard_deviation,0.02,"fraction of the [0,1] RGB intensity range",sues200_satellite_to_uav_300m,official_trapezoid_mAP,0.452476441860199,0.4307253360748291,0.021751105785369873,2.1751105785369873,0.048071244761269324,4.8071244761269325
gaussian_noise,1,standard_deviation,0.02,"fraction of the [0,1] RGB intensity range",sues200_satellite_to_uav_300m,MRR,0.6475752592086792,0.6345047354698181,0.013070523738861084,1.3070523738861084,0.020183791077554348,2.0183791077554347
gaussian_noise,2,standard_deviation,0.04,"fraction of the [0,1] RGB intensity range",sues200_uav_150m_to_satellite,r_at_1,0.287,0.263,0.023999999999999966,2.399999999999997,0.08362369337979082,8.362369337979084
gaussian_noise,2,standard_deviation,0.04,"fraction of the [0,1] RGB intensity range",sues200_uav_150m_to_satellite,r_at_5,0.653,0.6315,0.021500000000000075,2.1500000000000075,0.03292496171516091,3.292496171516091
gaussian_noise,2,standard_deviation,0.04,"fraction of the [0,1] RGB intensity range",sues200_uav_150m_to_satellite,r_at_10,0.7945,0.76925,0.025249999999999995,2.5249999999999995,0.03178099433606041,3.178099433606041
gaussian_noise,2,standard_deviation,0.04,"fraction of the [0,1] RGB intensity range",sues200_uav_150m_to_satellite,r_at_20,0.9105,0.89925,0.011249999999999982,1.1249999999999982,0.012355848434925846,1.2355848434925847
gaussian_noise,2,standard_deviation,0.04,"fraction of the [0,1] RGB intensity range",sues200_uav_150m_to_satellite,official_trapezoid_mAP,0.3715789318084717,0.3467569053173065,0.02482202649116516,2.482202649116516,0.06680149052142584,6.680149052142585
gaussian_noise,2,standard_deviation,0.04,"fraction of the [0,1] RGB intensity range",sues200_uav_150m_to_satellite,MRR,0.4561578333377838,0.430513858795166,0.025643974542617798,2.56439745426178,0.056217328013368775,5.6217328013368775
gaussian_noise,2,standard_deviation,0.04,"fraction of the [0,1] RGB intensity range",sues200_satellite_to_uav_150m,r_at_1,0.475,0.425,0.04999999999999999,4.999999999999999,0.10526315789473682,10.526315789473683
gaussian_noise,2,standard_deviation,0.04,"fraction of the [0,1] RGB intensity range",sues200_satellite_to_uav_150m,r_at_5,0.625,0.525,0.09999999999999998,9.999999999999998,0.15999999999999998,15.999999999999996
gaussian_noise,2,standard_deviation,0.04,"fraction of the [0,1] RGB intensity range",sues200_satellite_to_uav_150m,r_at_10,0.7,0.575,0.125,12.5,0.17857142857142858,17.857142857142858
gaussian_noise,2,standard_deviation,0.04,"fraction of the [0,1] RGB intensity range",sues200_satellite_to_uav_150m,r_at_20,0.725,0.65,0.07499999999999996,7.499999999999996,0.10344827586206891,10.344827586206891
gaussian_noise,2,standard_deviation,0.04,"fraction of the [0,1] RGB intensity range",sues200_satellite_to_uav_150m,official_trapezoid_mAP,0.34278807044029236,0.3032107949256897,0.03957727551460266,3.957727551460266,0.11545698035456087,11.545698035456086
gaussian_noise,2,standard_deviation,0.04,"fraction of the [0,1] RGB intensity range",sues200_satellite_to_uav_150m,MRR,0.5414365530014038,0.48190635442733765,0.05953019857406616,5.953019857406616,0.10994861400484687,10.994861400484687
gaussian_noise,2,standard_deviation,0.04,"fraction of the [0,1] RGB intensity range",sues200_uav_200m_to_satellite,r_at_1,0.3315,0.29875,0.03275,3.2750000000000004,0.09879336349924585,9.879336349924586
gaussian_noise,2,standard_deviation,0.04,"fraction of the [0,1] RGB intensity range",sues200_uav_200m_to_satellite,r_at_5,0.69575,0.66425,0.03149999999999997,3.1499999999999972,0.045274883219547216,4.5274883219547215
gaussian_noise,2,standard_deviation,0.04,"fraction of the [0,1] RGB intensity range",sues200_uav_200m_to_satellite,r_at_10,0.8245,0.79775,0.02675000000000005,2.675000000000005,0.032443905397210496,3.2443905397210493
gaussian_noise,2,standard_deviation,0.04,"fraction of the [0,1] RGB intensity range",sues200_uav_200m_to_satellite,r_at_20,0.92925,0.9155,0.01375000000000004,1.375000000000004,0.014796879203658908,1.4796879203658908
gaussian_noise,2,standard_deviation,0.04,"fraction of the [0,1] RGB intensity range",sues200_uav_200m_to_satellite,official_trapezoid_mAP,0.4146501421928406,0.3834612965583801,0.03118884563446045,3.118884563446045,0.07521725536984264,7.521725536984263
gaussian_noise,2,standard_deviation,0.04,"fraction of the [0,1] RGB intensity range",sues200_uav_200m_to_satellite,MRR,0.4978003203868866,0.4681726098060608,0.029627710580825806,2.9627710580825806,0.05951725896399459,5.951725896399459
gaussian_noise,2,standard_deviation,0.04,"fraction of the [0,1] RGB intensity range",sues200_satellite_to_uav_200m,r_at_1,0.6125,0.4875,0.12500000000000006,12.500000000000005,0.2040816326530613,20.40816326530613
gaussian_noise,2,standard_deviation,0.04,"fraction of the [0,1] RGB intensity range",sues200_satellite_to_uav_200m,r_at_5,0.7125,0.5625,0.15000000000000002,15.000000000000002,0.2105263157894737,21.05263157894737
gaussian_noise,2,standard_deviation,0.04,"fraction of the [0,1] RGB intensity range",sues200_satellite_to_uav_200m,r_at_10,0.75,0.65,0.09999999999999998,9.999999999999998,0.1333333333333333,13.33333333333333
gaussian_noise,2,standard_deviation,0.04,"fraction of the [0,1] RGB intensity range",sues200_satellite_to_uav_200m,r_at_20,0.7875,0.7,0.08750000000000002,8.750000000000002,0.11111111111111115,11.111111111111114
gaussian_noise,2,standard_deviation,0.04,"fraction of the [0,1] RGB intensity range",sues200_satellite_to_uav_200m,official_trapezoid_mAP,0.402458518743515,0.3466804027557373,0.05577811598777771,5.577811598777771,0.1385934534617836,13.85934534617836
gaussian_noise,2,standard_deviation,0.04,"fraction of the [0,1] RGB intensity range",sues200_satellite_to_uav_200m,MRR,0.6624575257301331,0.5379689931869507,0.12448853254318237,12.448853254318237,0.18791926683295854,18.791926683295856
gaussian_noise,2,standard_deviation,0.04,"fraction of the [0,1] RGB intensity range",sues200_uav_250m_to_satellite,r_at_1,0.35975,0.32975,0.030000000000000027,3.0000000000000027,0.08339124391938854,8.339124391938853
gaussian_noise,2,standard_deviation,0.04,"fraction of the [0,1] RGB intensity range",sues200_uav_250m_to_satellite,r_at_5,0.73575,0.71075,0.025000000000000022,2.500000000000002,0.0339789330615019,3.39789330615019
gaussian_noise,2,standard_deviation,0.04,"fraction of the [0,1] RGB intensity range",sues200_uav_250m_to_satellite,r_at_10,0.86175,0.8465,0.015249999999999986,1.5249999999999986,0.017696547722657368,1.7696547722657365
gaussian_noise,2,standard_deviation,0.04,"fraction of the [0,1] RGB intensity range",sues200_uav_250m_to_satellite,r_at_20,0.94375,0.93625,0.007499999999999951,0.7499999999999951,0.007947019867549617,0.7947019867549617
gaussian_noise,2,standard_deviation,0.04,"fraction of the [0,1] RGB intensity range",sues200_uav_250m_to_satellite,official_trapezoid_mAP,0.4443421959877014,0.4160744547843933,0.028267741203308105,2.8267741203308105,0.06361705338488831,6.361705338488831
gaussian_noise,2,standard_deviation,0.04,"fraction of the [0,1] RGB intensity range",sues200_uav_250m_to_satellite,MRR,0.5289343595504761,0.5023988485336304,0.026535511016845703,2.6535511016845703,0.050167871566137924,5.016787156613793
gaussian_noise,2,standard_deviation,0.04,"fraction of the [0,1] RGB intensity range",sues200_satellite_to_uav_250m,r_at_1,0.6,0.4375,0.16249999999999998,16.249999999999996,0.2708333333333333,27.08333333333333
gaussian_noise,2,standard_deviation,0.04,"fraction of the [0,1] RGB intensity range",sues200_satellite_to_uav_250m,r_at_5,0.7375,0.5875,0.15000000000000002,15.000000000000002,0.2033898305084746,20.33898305084746
gaussian_noise,2,standard_deviation,0.04,"fraction of the [0,1] RGB intensity range",sues200_satellite_to_uav_250m,r_at_10,0.7625,0.675,0.08749999999999991,8.749999999999991,0.11475409836065563,11.475409836065563
gaussian_noise,2,standard_deviation,0.04,"fraction of the [0,1] RGB intensity range",sues200_satellite_to_uav_250m,r_at_20,0.7875,0.7125,0.07499999999999996,7.499999999999996,0.09523809523809519,9.523809523809518
gaussian_noise,2,standard_deviation,0.04,"fraction of the [0,1] RGB intensity range",sues200_satellite_to_uav_250m,official_trapezoid_mAP,0.4399527907371521,0.35979849100112915,0.08015429973602295,8.015429973602295,0.1821884107195283,18.21884107195283
gaussian_noise,2,standard_deviation,0.04,"fraction of the [0,1] RGB intensity range",sues200_satellite_to_uav_250m,MRR,0.6658704876899719,0.5084536075592041,0.15741688013076782,15.741688013076782,0.23640765440269945,23.640765440269945
gaussian_noise,2,standard_deviation,0.04,"fraction of the [0,1] RGB intensity range",sues200_uav_300m_to_satellite,r_at_1,0.38775,0.35025,0.03749999999999998,3.749999999999998,0.09671179883945837,9.671179883945836
gaussian_noise,2,standard_deviation,0.04,"fraction of the [0,1] RGB intensity range",sues200_uav_300m_to_satellite,r_at_5,0.751,0.73975,0.011249999999999982,1.1249999999999982,0.014980026631158432,1.4980026631158432
gaussian_noise,2,standard_deviation,0.04,"fraction of the [0,1] RGB intensity range",sues200_uav_300m_to_satellite,r_at_10,0.88125,0.86775,0.013499999999999956,1.3499999999999956,0.015319148936170163,1.5319148936170164
gaussian_noise,2,standard_deviation,0.04,"fraction of the [0,1] RGB intensity range",sues200_uav_300m_to_satellite,r_at_20,0.95925,0.94875,0.010500000000000065,1.0500000000000065,0.010946051602814767,1.0946051602814766
gaussian_noise,2,standard_deviation,0.04,"fraction of the [0,1] RGB intensity range",sues200_uav_300m_to_satellite,official_trapezoid_mAP,0.4710761606693268,0.438782662153244,0.032293498516082764,3.2293498516082764,0.06855260616499606,6.8552606164996055
gaussian_noise,2,standard_deviation,0.04,"fraction of the [0,1] RGB intensity range",sues200_uav_300m_to_satellite,MRR,0.5544023513793945,0.5273153781890869,0.027086973190307617,2.7086973190307617,0.048857969528652255,4.885796952865225
gaussian_noise,2,standard_deviation,0.04,"fraction of the [0,1] RGB intensity range",sues200_satellite_to_uav_300m,r_at_1,0.6,0.45,0.14999999999999997,14.999999999999996,0.24999999999999994,24.999999999999996
gaussian_noise,2,standard_deviation,0.04,"fraction of the [0,1] RGB intensity range",sues200_satellite_to_uav_300m,r_at_5,0.6875,0.6,0.08750000000000002,8.750000000000002,0.12727272727272732,12.72727272727273
gaussian_noise,2,standard_deviation,0.04,"fraction of the [0,1] RGB intensity range",sues200_satellite_to_uav_300m,r_at_10,0.75,0.6625,0.08750000000000002,8.750000000000002,0.1166666666666667,11.66666666666667
gaussian_noise,2,standard_deviation,0.04,"fraction of the [0,1] RGB intensity range",sues200_satellite_to_uav_300m,r_at_20,0.7875,0.725,0.0625,6.25,0.07936507936507936,7.936507936507937
gaussian_noise,2,standard_deviation,0.04,"fraction of the [0,1] RGB intensity range",sues200_satellite_to_uav_300m,official_trapezoid_mAP,0.452476441860199,0.3612141013145447,0.0912623405456543,9.12623405456543,0.20169523118255844,20.169523118255846
gaussian_noise,2,standard_deviation,0.04,"fraction of the [0,1] RGB intensity range",sues200_satellite_to_uav_300m,MRR,0.6475752592086792,0.5328319668769836,0.11474329233169556,11.474329233169556,0.17718912311737944,17.71891231173794
gaussian_noise,3,standard_deviation,0.08,"fraction of the [0,1] RGB intensity range",sues200_uav_150m_to_satellite,r_at_1,0.287,0.22775,0.05924999999999997,5.924999999999997,0.2064459930313588,20.64459930313588
gaussian_noise,3,standard_deviation,0.08,"fraction of the [0,1] RGB intensity range",sues200_uav_150m_to_satellite,r_at_5,0.653,0.554,0.09899999999999998,9.899999999999999,0.15160796324655432,15.160796324655434
gaussian_noise,3,standard_deviation,0.08,"fraction of the [0,1] RGB intensity range",sues200_uav_150m_to_satellite,r_at_10,0.7945,0.6965,0.09799999999999998,9.799999999999997,0.12334801762114535,12.334801762114534
gaussian_noise,3,standard_deviation,0.08,"fraction of the [0,1] RGB intensity range",sues200_uav_150m_to_satellite,r_at_20,0.9105,0.84875,0.06174999999999997,6.174999999999997,0.06781987918725972,6.781987918725972
gaussian_noise,3,standard_deviation,0.08,"fraction of the [0,1] RGB intensity range",sues200_uav_150m_to_satellite,official_trapezoid_mAP,0.3715789318084717,0.30516186356544495,0.06641706824302673,6.641706824302673,0.17874282570267208,17.87428257026721
gaussian_noise,3,standard_deviation,0.08,"fraction of the [0,1] RGB intensity range",sues200_uav_150m_to_satellite,MRR,0.4561578333377838,0.38257378339767456,0.07358404994010925,7.358404994010925,0.16131269609398646,16.131269609398647
gaussian_noise,3,standard_deviation,0.08,"fraction of the [0,1] RGB intensity range",sues200_satellite_to_uav_150m,r_at_1,0.475,0.225,0.24999999999999997,24.999999999999996,0.5263157894736842,52.63157894736842
gaussian_noise,3,standard_deviation,0.08,"fraction of the [0,1] RGB intensity range",sues200_satellite_to_uav_150m,r_at_5,0.625,0.3875,0.2375,23.75,0.38,38.0
gaussian_noise,3,standard_deviation,0.08,"fraction of the [0,1] RGB intensity range",sues200_satellite_to_uav_150m,r_at_10,0.7,0.4,0.29999999999999993,29.999999999999993,0.4285714285714285,42.85714285714285
gaussian_noise,3,standard_deviation,0.08,"fraction of the [0,1] RGB intensity range",sues200_satellite_to_uav_150m,r_at_20,0.725,0.475,0.25,25.0,0.3448275862068966,34.48275862068966
gaussian_noise,3,standard_deviation,0.08,"fraction of the [0,1] RGB intensity range",sues200_satellite_to_uav_150m,official_trapezoid_mAP,0.34278807044029236,0.19415628910064697,0.14863178133964539,14.863178133964539,0.43359671516204185,43.35967151620419
gaussian_noise,3,standard_deviation,0.08,"fraction of the [0,1] RGB intensity range",sues200_satellite_to_uav_150m,MRR,0.5414365530014038,0.2922326624393463,0.2492038905620575,24.92038905620575,0.4602642529039065,46.02642529039065
gaussian_noise,3,standard_deviation,0.08,"fraction of the [0,1] RGB intensity range",sues200_uav_200m_to_satellite,r_at_1,0.3315,0.26225,0.06925000000000003,6.925000000000003,0.20889894419306193,20.88989441930619
gaussian_noise,3,standard_deviation,0.08,"fraction of the [0,1] RGB intensity range",sues200_uav_200m_to_satellite,r_at_5,0.69575,0.585,0.11075000000000002,11.075000000000001,0.15918074020840822,15.918074020840821
gaussian_noise,3,standard_deviation,0.08,"fraction of the [0,1] RGB intensity range",sues200_uav_200m_to_satellite,r_at_10,0.8245,0.7225,0.10199999999999998,10.199999999999998,0.12371134020618554,12.371134020618554
gaussian_noise,3,standard_deviation,0.08,"fraction of the [0,1] RGB intensity range",sues200_uav_200m_to_satellite,r_at_20,0.92925,0.86725,0.062000000000000055,6.2000000000000055,0.06672047350013458,6.672047350013457
gaussian_noise,3,standard_deviation,0.08,"fraction of the [0,1] RGB intensity range",sues200_uav_200m_to_satellite,official_trapezoid_mAP,0.4146501421928406,0.33939915895462036,0.07525098323822021,7.5250983238220215,0.18148066425411566,18.148066425411564
gaussian_noise,3,standard_deviation,0.08,"fraction of the [0,1] RGB intensity range",sues200_uav_200m_to_satellite,MRR,0.4978003203868866,0.41654834151268005,0.08125197887420654,8.125197887420654,0.16322203009242367,16.322203009242365
gaussian_noise,3,standard_deviation,0.08,"fraction of the [0,1] RGB intensity range",sues200_satellite_to_uav_200m,r_at_1,0.6125,0.2375,0.37500000000000006,37.50000000000001,0.6122448979591837,61.22448979591837
gaussian_noise,3,standard_deviation,0.08,"fraction of the [0,1] RGB intensity range",sues200_satellite_to_uav_200m,r_at_5,0.7125,0.3125,0.4,40.0,0.5614035087719298,56.14035087719298
gaussian_noise,3,standard_deviation,0.08,"fraction of the [0,1] RGB intensity range",sues200_satellite_to_uav_200m,r_at_10,0.75,0.4375,0.3125,31.25,0.4166666666666667,41.666666666666664
gaussian_noise,3,standard_deviation,0.08,"fraction of the [0,1] RGB intensity range",sues200_satellite_to_uav_200m,r_at_20,0.7875,0.5,0.2875,28.749999999999996,0.36507936507936506,36.507936507936506
gaussian_noise,3,standard_deviation,0.08,"fraction of the [0,1] RGB intensity range",sues200_satellite_to_uav_200m,official_trapezoid_mAP,0.402458518743515,0.21292062103748322,0.1895378977060318,18.95378977060318,0.4709501448690255,47.09501448690255
gaussian_noise,3,standard_deviation,0.08,"fraction of the [0,1] RGB intensity range",sues200_satellite_to_uav_200m,MRR,0.6624575257301331,0.29337263107299805,0.369084894657135,36.9084894657135,0.5571449946928221,55.7144994692822
gaussian_noise,3,standard_deviation,0.08,"fraction of the [0,1] RGB intensity range",sues200_uav_250m_to_satellite,r_at_1,0.35975,0.27675,0.08300000000000002,8.300000000000002,0.23071577484364145,23.07157748436415
gaussian_noise,3,standard_deviation,0.08,"fraction of the [0,1] RGB intensity range",sues200_uav_250m_to_satellite,r_at_5,0.73575,0.626,0.10975000000000001,10.975000000000001,0.1491675161399932,14.916751613999322
gaussian_noise,3,standard_deviation,0.08,"fraction of the [0,1] RGB intensity range",sues200_uav_250m_to_satellite,r_at_10,0.86175,0.77675,0.08499999999999996,8.499999999999996,0.0986364955033362,9.86364955033362
gaussian_noise,3,standard_deviation,0.08,"fraction of the [0,1] RGB intensity range",sues200_uav_250m_to_satellite,r_at_20,0.94375,0.893,0.05074999999999996,5.074999999999996,0.053774834437086055,5.377483443708605
gaussian_noise,3,standard_deviation,0.08,"fraction of the [0,1] RGB intensity range",sues200_uav_250m_to_satellite,official_trapezoid_mAP,0.4443421959877014,0.35662275552749634,0.08771944046020508,8.771944046020508,0.19741415794468684,19.741415794468683
gaussian_noise,3,standard_deviation,0.08,"fraction of the [0,1] RGB intensity range",sues200_uav_250m_to_satellite,MRR,0.5289343595504761,0.43649551272392273,0.09243884682655334,9.243884682655334,0.17476430705903484,17.476430705903486
gaussian_noise,3,standard_deviation,0.08,"fraction of the [0,1] RGB intensity range",sues200_satellite_to_uav_250m,r_at_1,0.6,0.2625,0.33749999999999997,33.75,0.5625,56.25
gaussian_noise,3,standard_deviation,0.08,"fraction of the [0,1] RGB intensity range",sues200_satellite_to_uav_250m,r_at_5,0.7375,0.3375,0.4,40.0,0.5423728813559322,54.23728813559322
gaussian_noise,3,standard_deviation,0.08,"fraction of the [0,1] RGB intensity range",sues200_satellite_to_uav_250m,r_at_10,0.7625,0.4625,0.29999999999999993,29.999999999999993,0.3934426229508196,39.34426229508196
gaussian_noise,3,standard_deviation,0.08,"fraction of the [0,1] RGB intensity range",sues200_satellite_to_uav_250m,r_at_20,0.7875,0.55,0.23749999999999993,23.749999999999993,0.3015873015873015,30.15873015873015
gaussian_noise,3,standard_deviation,0.08,"fraction of the [0,1] RGB intensity range",sues200_satellite_to_uav_250m,official_trapezoid_mAP,0.4399527907371521,0.22208106517791748,0.21787172555923462,21.787172555923462,0.49521614624647564,49.52161462464757
gaussian_noise,3,standard_deviation,0.08,"fraction of the [0,1] RGB intensity range",sues200_satellite_to_uav_250m,MRR,0.6658704876899719,0.31737786531448364,0.3484926223754883,34.84926223754883,0.5233639706491179,52.336397064911786
gaussian_noise,3,standard_deviation,0.08,"fraction of the [0,1] RGB intensity range",sues200_uav_300m_to_satellite,r_at_1,0.38775,0.28175,0.10599999999999998,10.599999999999998,0.2733720180528691,27.337201805286906
gaussian_noise,3,standard_deviation,0.08,"fraction of the [0,1] RGB intensity range",sues200_uav_300m_to_satellite,r_at_5,0.751,0.65575,0.09524999999999995,9.524999999999995,0.1268308921438082,12.68308921438082
gaussian_noise,3,standard_deviation,0.08,"fraction of the [0,1] RGB intensity range",sues200_uav_300m_to_satellite,r_at_10,0.88125,0.81025,0.07099999999999995,7.099999999999995,0.08056737588652477,8.056737588652478
gaussian_noise,3,standard_deviation,0.08,"fraction of the [0,1] RGB intensity range",sues200_uav_300m_to_satellite,r_at_20,0.95925,0.91925,0.040000000000000036,4.0000000000000036,0.04169924420119889,4.169924420119889
gaussian_noise,3,standard_deviation,0.08,"fraction of the [0,1] RGB intensity range",sues200_uav_300m_to_satellite,official_trapezoid_mAP,0.4710761606693268,0.36642345786094666,0.10465270280838013,10.465270280838013,0.2221566522485127,22.21566522485127
gaussian_noise,3,standard_deviation,0.08,"fraction of the [0,1] RGB intensity range",sues200_uav_300m_to_satellite,MRR,0.5544023513793945,0.4510968327522278,0.10330551862716675,10.330551862716675,0.18633672525041586,18.633672525041586
gaussian_noise,3,standard_deviation,0.08,"fraction of the [0,1] RGB intensity range",sues200_satellite_to_uav_300m,r_at_1,0.6,0.275,0.32499999999999996,32.49999999999999,0.5416666666666666,54.16666666666666
gaussian_noise,3,standard_deviation,0.08,"fraction of the [0,1] RGB intensity range",sues200_satellite_to_uav_300m,r_at_5,0.6875,0.375,0.3125,31.25,0.45454545454545453,45.45454545454545
gaussian_noise,3,standard_deviation,0.08,"fraction of the [0,1] RGB intensity range",sues200_satellite_to_uav_300m,r_at_10,0.75,0.4375,0.3125,31.25,0.4166666666666667,41.666666666666664
gaussian_noise,3,standard_deviation,0.08,"fraction of the [0,1] RGB intensity range",sues200_satellite_to_uav_300m,r_at_20,0.7875,0.5125,0.275,27.500000000000004,0.34920634920634924,34.920634920634924
gaussian_noise,3,standard_deviation,0.08,"fraction of the [0,1] RGB intensity range",sues200_satellite_to_uav_300m,official_trapezoid_mAP,0.452476441860199,0.24075765907764435,0.21171878278255463,21.171878278255463,0.4679111732583176,46.791117325831756
gaussian_noise,3,standard_deviation,0.08,"fraction of the [0,1] RGB intensity range",sues200_satellite_to_uav_300m,MRR,0.6475752592086792,0.33376345038414,0.3138118088245392,31.38118088245392,0.4845951174972456,48.45951174972456
gaussian_noise,4,standard_deviation,0.12,"fraction of the [0,1] RGB intensity range",sues200_uav_150m_to_satellite,r_at_1,0.287,0.1685,0.11849999999999997,11.849999999999996,0.4128919860627177,41.28919860627177
gaussian_noise,4,standard_deviation,0.12,"fraction of the [0,1] RGB intensity range",sues200_uav_150m_to_satellite,r_at_5,0.653,0.4735,0.17950000000000005,17.950000000000006,0.274885145482389,27.488514548238907
gaussian_noise,4,standard_deviation,0.12,"fraction of the [0,1] RGB intensity range",sues200_uav_150m_to_satellite,r_at_10,0.7945,0.61675,0.17774999999999996,17.774999999999995,0.22372561359345497,22.372561359345493
gaussian_noise,4,standard_deviation,0.12,"fraction of the [0,1] RGB intensity range",sues200_uav_150m_to_satellite,r_at_20,0.9105,0.7755,0.135,13.5,0.1482701812191104,14.827018121911038
gaussian_noise,4,standard_deviation,0.12,"fraction of the [0,1] RGB intensity range",sues200_uav_150m_to_satellite,official_trapezoid_mAP,0.3715789318084717,0.24089163541793823,0.13068729639053345,13.068729639053345,0.3517080361754619,35.17080361754619
gaussian_noise,4,standard_deviation,0.12,"fraction of the [0,1] RGB intensity range",sues200_uav_150m_to_satellite,MRR,0.4561578333377838,0.3132832646369934,0.1428745687007904,14.28745687007904,0.3132130115038321,31.32130115038321
gaussian_noise,4,standard_deviation,0.12,"fraction of the [0,1] RGB intensity range",sues200_satellite_to_uav_150m,r_at_1,0.475,0.15,0.32499999999999996,32.49999999999999,0.6842105263157894,68.42105263157893
gaussian_noise,4,standard_deviation,0.12,"fraction of the [0,1] RGB intensity range",sues200_satellite_to_uav_150m,r_at_5,0.625,0.25,0.375,37.5,0.6,60.0
gaussian_noise,4,standard_deviation,0.12,"fraction of the [0,1] RGB intensity range",sues200_satellite_to_uav_150m,r_at_10,0.7,0.3,0.39999999999999997,40.0,0.5714285714285714,57.142857142857146
gaussian_noise,4,standard_deviation,0.12,"fraction of the [0,1] RGB intensity range",sues200_satellite_to_uav_150m,r_at_20,0.725,0.375,0.35,35.0,0.48275862068965514,48.275862068965516
gaussian_noise,4,standard_deviation,0.12,"fraction of the [0,1] RGB intensity range",sues200_satellite_to_uav_150m,official_trapezoid_mAP,0.34278807044029236,0.14085295796394348,0.20193511247634888,20.193511247634888,0.5890960914041564,58.90960914041564
gaussian_noise,4,standard_deviation,0.12,"fraction of the [0,1] RGB intensity range",sues200_satellite_to_uav_150m,MRR,0.5414365530014038,0.20737627148628235,0.33406028151512146,33.406028151512146,0.61698878596816,61.698878596816
gaussian_noise,4,standard_deviation,0.12,"fraction of the [0,1] RGB intensity range",sues200_uav_200m_to_satellite,r_at_1,0.3315,0.191,0.1405,14.05,0.4238310708898944,42.38310708898944
gaussian_noise,4,standard_deviation,0.12,"fraction of the [0,1] RGB intensity range",sues200_uav_200m_to_satellite,r_at_5,0.69575,0.49675,0.19899999999999995,19.899999999999995,0.2860222781171397,28.60222781171397
gaussian_noise,4,standard_deviation,0.12,"fraction of the [0,1] RGB intensity range",sues200_uav_200m_to_satellite,r_at_10,0.8245,0.63175,0.19274999999999998,19.275,0.23377804730139476,23.377804730139477
gaussian_noise,4,standard_deviation,0.12,"fraction of the [0,1] RGB intensity range",sues200_uav_200m_to_satellite,r_at_20,0.92925,0.78775,0.14150000000000007,14.150000000000007,0.15227333871401674,15.227333871401676
gaussian_noise,4,standard_deviation,0.12,"fraction of the [0,1] RGB intensity range",sues200_uav_200m_to_satellite,official_trapezoid_mAP,0.4146501421928406,0.2658926248550415,0.14875751733779907,14.875751733779907,0.35875428994454966,35.875428994454964
gaussian_noise,4,standard_deviation,0.12,"fraction of the [0,1] RGB intensity range",sues200_uav_200m_to_satellite,MRR,0.4978003203868866,0.34078526496887207,0.15701505541801453,15.701505541801453,0.3154177468105758,31.541774681057582
gaussian_noise,4,standard_deviation,0.12,"fraction of the [0,1] RGB intensity range",sues200_satellite_to_uav_200m,r_at_1,0.6125,0.175,0.43750000000000006,43.75000000000001,0.7142857142857143,71.42857142857143
gaussian_noise,4,standard_deviation,0.12,"fraction of the [0,1] RGB intensity range",sues200_satellite_to_uav_200m,r_at_5,0.7125,0.2625,0.45,45.0,0.631578947368421,63.1578947368421
gaussian_noise,4,standard_deviation,0.12,"fraction of the [0,1] RGB intensity range",sues200_satellite_to_uav_200m,r_at_10,0.75,0.2875,0.4625,46.25,0.6166666666666667,61.666666666666664
gaussian_noise,4,standard_deviation,0.12,"fraction of the [0,1] RGB intensity range",sues200_satellite_to_uav_200m,r_at_20,0.7875,0.3875,0.39999999999999997,40.0,0.5079365079365079,50.7936507936508
gaussian_noise,4,standard_deviation,0.12,"fraction of the [0,1] RGB intensity range",sues200_satellite_to_uav_200m,official_trapezoid_mAP,0.402458518743515,0.15235549211502075,0.25010302662849426,25.010302662849426,0.6214380239964153,62.14380239964154
gaussian_noise,4,standard_deviation,0.12,"fraction of the [0,1] RGB intensity range",sues200_satellite_to_uav_200m,MRR,0.6624575257301331,0.22504743933677673,0.4374100863933563,43.74100863933563,0.6602839720346767,66.02839720346768
gaussian_noise,4,standard_deviation,0.12,"fraction of the [0,1] RGB intensity range",sues200_uav_250m_to_satellite,r_at_1,0.35975,0.1885,0.17125,17.125,0.4760250173731758,47.60250173731758
gaussian_noise,4,standard_deviation,0.12,"fraction of the [0,1] RGB intensity range",sues200_uav_250m_to_satellite,r_at_5,0.73575,0.5035,0.23225000000000007,23.22500000000001,0.31566428814135244,31.566428814135246
gaussian_noise,4,standard_deviation,0.12,"fraction of the [0,1] RGB intensity range",sues200_uav_250m_to_satellite,r_at_10,0.86175,0.66725,0.1945,19.45,0.22570351029881056,22.570351029881056
gaussian_noise,4,standard_deviation,0.12,"fraction of the [0,1] RGB intensity range",sues200_uav_250m_to_satellite,r_at_20,0.94375,0.827,0.11675000000000002,11.675000000000002,0.1237086092715232,12.370860927152322
gaussian_noise,4,standard_deviation,0.12,"fraction of the [0,1] RGB intensity range",sues200_uav_250m_to_satellite,official_trapezoid_mAP,0.4443421959877014,0.26624244451522827,0.17809975147247314,17.809975147247314,0.4008166523023679,40.081665230236794
gaussian_noise,4,standard_deviation,0.12,"fraction of the [0,1] RGB intensity range",sues200_uav_250m_to_satellite,MRR,0.5289343595504761,0.3439848721027374,0.18494948744773865,18.494948744773865,0.34966434701825977,34.966434701825975
gaussian_noise,4,standard_deviation,0.12,"fraction of the [0,1] RGB intensity range",sues200_satellite_to_uav_250m,r_at_1,0.6,0.125,0.475,47.5,0.7916666666666666,79.16666666666667
gaussian_noise,4,standard_deviation,0.12,"fraction of the [0,1] RGB intensity range",sues200_satellite_to_uav_250m,r_at_5,0.7375,0.25,0.48750000000000004,48.75000000000001,0.6610169491525424,66.10169491525424
gaussian_noise,4,standard_deviation,0.12,"fraction of the [0,1] RGB intensity range",sues200_satellite_to_uav_250m,r_at_10,0.7625,0.3125,0.44999999999999996,44.99999999999999,0.5901639344262295,59.01639344262294
gaussian_noise,4,standard_deviation,0.12,"fraction of the [0,1] RGB intensity range",sues200_satellite_to_uav_250m,r_at_20,0.7875,0.35,0.4375,43.75,0.5555555555555556,55.55555555555556
gaussian_noise,4,standard_deviation,0.12,"fraction of the [0,1] RGB intensity range",sues200_satellite_to_uav_250m,official_trapezoid_mAP,0.4399527907371521,0.15113860368728638,0.2888141870498657,28.881418704986572,0.6564663144105762,65.64663144105762
gaussian_noise,4,standard_deviation,0.12,"fraction of the [0,1] RGB intensity range",sues200_satellite_to_uav_250m,MRR,0.6658704876899719,0.1927637755870819,0.47310671210289,47.310671210289,0.7105086061768331,71.0508606176833
gaussian_noise,4,standard_deviation,0.12,"fraction of the [0,1] RGB intensity range",sues200_uav_300m_to_satellite,r_at_1,0.38775,0.1945,0.19324999999999998,19.325,0.498388136686009,49.838813668600906
gaussian_noise,4,standard_deviation,0.12,"fraction of the [0,1] RGB intensity range",sues200_uav_300m_to_satellite,r_at_5,0.751,0.52375,0.22724999999999995,22.724999999999994,0.3025965379494007,30.25965379494007
gaussian_noise,4,standard_deviation,0.12,"fraction of the [0,1] RGB intensity range",sues200_uav_300m_to_satellite,r_at_10,0.88125,0.691,0.19025000000000003,19.025000000000002,0.21588652482269508,21.588652482269506
gaussian_noise,4,standard_deviation,0.12,"fraction of the [0,1] RGB intensity range",sues200_uav_300m_to_satellite,r_at_20,0.95925,0.8415,0.11775000000000002,11.775000000000002,0.12275215011727914,12.275215011727914
gaussian_noise,4,standard_deviation,0.12,"fraction of the [0,1] RGB intensity range",sues200_uav_300m_to_satellite,official_trapezoid_mAP,0.4710761606693268,0.27226531505584717,0.19881084561347961,19.88108456134796,0.42203546307883627,42.20354630788363
gaussian_noise,4,standard_deviation,0.12,"fraction of the [0,1] RGB intensity range",sues200_uav_300m_to_satellite,MRR,0.5544023513793945,0.3500306308269501,0.20437172055244446,20.437172055244446,0.3686342960919129,36.86342960919129
gaussian_noise,4,standard_deviation,0.12,"fraction of the [0,1] RGB intensity range",sues200_satellite_to_uav_300m,r_at_1,0.6,0.1875,0.4125,41.25,0.6875,68.75
gaussian_noise,4,standard_deviation,0.12,"fraction of the [0,1] RGB intensity range",sues200_satellite_to_uav_300m,r_at_5,0.6875,0.3,0.3875,38.75,0.5636363636363636,56.36363636363637
gaussian_noise,4,standard_deviation,0.12,"fraction of the [0,1] RGB intensity range",sues200_satellite_to_uav_300m,r_at_10,0.75,0.3375,0.4125,41.25,0.5499999999999999,55.0
gaussian_noise,4,standard_deviation,0.12,"fraction of the [0,1] RGB intensity range",sues200_satellite_to_uav_300m,r_at_20,0.7875,0.3625,0.425,42.5,0.5396825396825397,53.96825396825397
gaussian_noise,4,standard_deviation,0.12,"fraction of the [0,1] RGB intensity range",sues200_satellite_to_uav_300m,official_trapezoid_mAP,0.452476441860199,0.16907188296318054,0.28340455889701843,28.340455889701843,0.626341026135857,62.63410261358569
gaussian_noise,4,standard_deviation,0.12,"fraction of the [0,1] RGB intensity range",sues200_satellite_to_uav_300m,MRR,0.6475752592086792,0.2422962188720703,0.4052790403366089,40.52790403366089,0.6258408340551024,62.584083405510235
gaussian_noise,5,standard_deviation,0.18,"fraction of the [0,1] RGB intensity range",sues200_uav_150m_to_satellite,r_at_1,0.287,0.09975,0.18724999999999997,18.724999999999998,0.6524390243902438,65.24390243902438
gaussian_noise,5,standard_deviation,0.18,"fraction of the [0,1] RGB intensity range",sues200_uav_150m_to_satellite,r_at_5,0.653,0.33275,0.32025000000000003,32.025000000000006,0.4904287901990812,49.04287901990812
gaussian_noise,5,standard_deviation,0.18,"fraction of the [0,1] RGB intensity range",sues200_uav_150m_to_satellite,r_at_10,0.7945,0.4985,0.296,29.599999999999998,0.37256135934550033,37.25613593455003
gaussian_noise,5,standard_deviation,0.18,"fraction of the [0,1] RGB intensity range",sues200_uav_150m_to_satellite,r_at_20,0.9105,0.6615,0.249,24.9,0.27347611202635913,27.347611202635914
gaussian_noise,5,standard_deviation,0.18,"fraction of the [0,1] RGB intensity range",sues200_uav_150m_to_satellite,official_trapezoid_mAP,0.3715789318084717,0.16034573316574097,0.2112331986427307,21.12331986427307,0.568474637716031,56.847463771603095
gaussian_noise,5,standard_deviation,0.18,"fraction of the [0,1] RGB intensity range",sues200_uav_150m_to_satellite,MRR,0.4561578333377838,0.22094149887561798,0.23521633446216583,23.521633446216583,0.5156468162369332,51.564681623693325
gaussian_noise,5,standard_deviation,0.18,"fraction of the [0,1] RGB intensity range",sues200_satellite_to_uav_150m,r_at_1,0.475,0.1125,0.3625,36.25,0.7631578947368421,76.31578947368422
gaussian_noise,5,standard_deviation,0.18,"fraction of the [0,1] RGB intensity range",sues200_satellite_to_uav_150m,r_at_5,0.625,0.1125,0.5125,51.24999999999999,0.82,81.99999999999999
gaussian_noise,5,standard_deviation,0.18,"fraction of the [0,1] RGB intensity range",sues200_satellite_to_uav_150m,r_at_10,0.7,0.15,0.5499999999999999,54.99999999999999,0.7857142857142857,78.57142857142857
gaussian_noise,5,standard_deviation,0.18,"fraction of the [0,1] RGB intensity range",sues200_satellite_to_uav_150m,r_at_20,0.725,0.2125,0.5125,51.24999999999999,0.7068965517241379,70.68965517241378
gaussian_noise,5,standard_deviation,0.18,"fraction of the [0,1] RGB intensity range",sues200_satellite_to_uav_150m,official_trapezoid_mAP,0.34278807044029236,0.08169267326593399,0.26109539717435837,26.109539717435837,0.761681691078093,76.1681691078093
gaussian_noise,5,standard_deviation,0.18,"fraction of the [0,1] RGB intensity range",sues200_satellite_to_uav_150m,MRR,0.5414365530014038,0.12712419033050537,0.41431236267089844,41.431236267089844,0.7652094421298228,76.52094421298229
gaussian_noise,5,standard_deviation,0.18,"fraction of the [0,1] RGB intensity range",sues200_uav_200m_to_satellite,r_at_1,0.3315,0.1005,0.231,23.1,0.6968325791855203,69.68325791855203
gaussian_noise,5,standard_deviation,0.18,"fraction of the [0,1] RGB intensity range",sues200_uav_200m_to_satellite,r_at_5,0.69575,0.36275,0.33299999999999996,33.3,0.4786201940352138,47.86201940352138
gaussian_noise,5,standard_deviation,0.18,"fraction of the [0,1] RGB intensity range",sues200_uav_200m_to_satellite,r_at_10,0.8245,0.4995,0.325,32.5,0.3941782898726501,39.41782898726501
gaussian_noise,5,standard_deviation,0.18,"fraction of the [0,1] RGB intensity range",sues200_uav_200m_to_satellite,r_at_20,0.92925,0.66325,0.266,26.6,0.2862523540489642,28.625235404896422
gaussian_noise,5,standard_deviation,0.18,"fraction of the [0,1] RGB intensity range",sues200_uav_200m_to_satellite,official_trapezoid_mAP,0.4146501421928406,0.16451923549175262,0.25013090670108795,25.013090670108795,0.6032336209467886,60.32336209467885
gaussian_noise,5,standard_deviation,0.18,"fraction of the [0,1] RGB intensity range",sues200_uav_200m_to_satellite,MRR,0.4978003203868866,0.22853851318359375,0.26926180720329285,26.926180720329285,0.5409032420751048,54.09032420751048
gaussian_noise,5,standard_deviation,0.18,"fraction of the [0,1] RGB intensity range",sues200_satellite_to_uav_200m,r_at_1,0.6125,0.1125,0.5,50.0,0.8163265306122448,81.63265306122449
gaussian_noise,5,standard_deviation,0.18,"fraction of the [0,1] RGB intensity range",sues200_satellite_to_uav_200m,r_at_5,0.7125,0.15,0.5625,56.25,0.7894736842105263,78.94736842105263
gaussian_noise,5,standard_deviation,0.18,"fraction of the [0,1] RGB intensity range",sues200_satellite_to_uav_200m,r_at_10,0.75,0.1625,0.5875,58.75,0.7833333333333333,78.33333333333333
gaussian_noise,5,standard_deviation,0.18,"fraction of the [0,1] RGB intensity range",sues200_satellite_to_uav_200m,r_at_20,0.7875,0.2,0.5874999999999999,58.74999999999999,0.7460317460317459,74.6031746031746
gaussian_noise,5,standard_deviation,0.18,"fraction of the [0,1] RGB intensity range",sues200_satellite_to_uav_200m,official_trapezoid_mAP,0.402458518743515,0.08948436379432678,0.31297415494918823,31.297415494918823,0.7776556846809975,77.76556846809974
gaussian_noise,5,standard_deviation,0.18,"fraction of the [0,1] RGB intensity range",sues200_satellite_to_uav_200m,MRR,0.6624575257301331,0.13799479603767395,0.5244627296924591,52.44627296924591,0.7916926132198712,79.16926132198712
gaussian_noise,5,standard_deviation,0.18,"fraction of the [0,1] RGB intensity range",sues200_uav_250m_to_satellite,r_at_1,0.35975,0.09425,0.2655,26.55,0.738012508686588,73.80125086865878
gaussian_noise,5,standard_deviation,0.18,"fraction of the [0,1] RGB intensity range",sues200_uav_250m_to_satellite,r_at_5,0.73575,0.36325,0.3725,37.25,0.5062861026163779,50.62861026163778
gaussian_noise,5,standard_deviation,0.18,"fraction of the [0,1] RGB intensity range",sues200_uav_250m_to_satellite,r_at_10,0.86175,0.50325,0.35850000000000004,35.85,0.4160139251523064,41.601392515230636
gaussian_noise,5,standard_deviation,0.18,"fraction of the [0,1] RGB intensity range",sues200_uav_250m_to_satellite,r_at_20,0.94375,0.6705,0.27325,27.325,0.2895364238410596,28.95364238410596
gaussian_noise,5,standard_deviation,0.18,"fraction of the [0,1] RGB intensity range",sues200_uav_250m_to_satellite,official_trapezoid_mAP,0.4443421959877014,0.15997344255447388,0.28436875343322754,28.436875343322754,0.6399769276944798,63.99769276944797
gaussian_noise,5,standard_deviation,0.18,"fraction of the [0,1] RGB intensity range",sues200_uav_250m_to_satellite,MRR,0.5289343595504761,0.22569693624973297,0.3032374233007431,30.32374233007431,0.573298780511167,57.32987805111671
gaussian_noise,5,standard_deviation,0.18,"fraction of the [0,1] RGB intensity range",sues200_satellite_to_uav_250m,r_at_1,0.6,0.1,0.5,50.0,0.8333333333333334,83.33333333333334
gaussian_noise,5,standard_deviation,0.18,"fraction of the [0,1] RGB intensity range",sues200_satellite_to_uav_250m,r_at_5,0.7375,0.125,0.6125,61.25000000000001,0.8305084745762712,83.05084745762713
gaussian_noise,5,standard_deviation,0.18,"fraction of the [0,1] RGB intensity range",sues200_satellite_to_uav_250m,r_at_10,0.7625,0.1625,0.6,60.0,0.7868852459016393,78.68852459016394
gaussian_noise,5,standard_deviation,0.18,"fraction of the [0,1] RGB intensity range",sues200_satellite_to_uav_250m,r_at_20,0.7875,0.1625,0.625,62.5,0.7936507936507937,79.36507936507937
gaussian_noise,5,standard_deviation,0.18,"fraction of the [0,1] RGB intensity range",sues200_satellite_to_uav_250m,official_trapezoid_mAP,0.4399527907371521,0.09136452525854111,0.348588265478611,34.8588265478611,0.7923310701008226,79.23310701008226
gaussian_noise,5,standard_deviation,0.18,"fraction of the [0,1] RGB intensity range",sues200_satellite_to_uav_250m,MRR,0.6658704876899719,0.11852024495601654,0.5473502427339554,54.73502427339554,0.8220070612121807,82.20070612121808
gaussian_noise,5,standard_deviation,0.18,"fraction of the [0,1] RGB intensity range",sues200_uav_300m_to_satellite,r_at_1,0.38775,0.09,0.29774999999999996,29.774999999999995,0.7678916827852997,76.78916827852997
gaussian_noise,5,standard_deviation,0.18,"fraction of the [0,1] RGB intensity range",sues200_uav_300m_to_satellite,r_at_5,0.751,0.35775,0.39325,39.324999999999996,0.5236351531291611,52.36351531291611
gaussian_noise,5,standard_deviation,0.18,"fraction of the [0,1] RGB intensity range",sues200_uav_300m_to_satellite,r_at_10,0.88125,0.51425,0.367,36.7,0.41645390070921984,41.64539007092199
gaussian_noise,5,standard_deviation,0.18,"fraction of the [0,1] RGB intensity range",sues200_uav_300m_to_satellite,r_at_20,0.95925,0.67525,0.28400000000000003,28.400000000000002,0.2960646338285119,29.606463382851185
gaussian_noise,5,standard_deviation,0.18,"fraction of the [0,1] RGB intensity range",sues200_uav_300m_to_satellite,official_trapezoid_mAP,0.4710761606693268,0.15753918886184692,0.31353697180747986,31.353697180747986,0.6655759683572016,66.55759683572016
gaussian_noise,5,standard_deviation,0.18,"fraction of the [0,1] RGB intensity range",sues200_uav_300m_to_satellite,MRR,0.5544023513793945,0.22507837414741516,0.32932397723197937,32.93239772319794,0.5940161985471322,59.40161985471322
gaussian_noise,5,standard_deviation,0.18,"fraction of the [0,1] RGB intensity range",sues200_satellite_to_uav_300m,r_at_1,0.6,0.1375,0.46249999999999997,46.25,0.7708333333333333,77.08333333333334
gaussian_noise,5,standard_deviation,0.18,"fraction of the [0,1] RGB intensity range",sues200_satellite_to_uav_300m,r_at_5,0.6875,0.1625,0.525,52.5,0.7636363636363637,76.36363636363636
gaussian_noise,5,standard_deviation,0.18,"fraction of the [0,1] RGB intensity range",sues200_satellite_to_uav_300m,r_at_10,0.75,0.1625,0.5875,58.75,0.7833333333333333,78.33333333333333
gaussian_noise,5,standard_deviation,0.18,"fraction of the [0,1] RGB intensity range",sues200_satellite_to_uav_300m,r_at_20,0.7875,0.175,0.6125,61.25000000000001,0.7777777777777779,77.77777777777779
gaussian_noise,5,standard_deviation,0.18,"fraction of the [0,1] RGB intensity range",sues200_satellite_to_uav_300m,official_trapezoid_mAP,0.452476441860199,0.10202319920063019,0.3504532426595688,35.04532426595688,0.7745226275622276,77.45226275622275
gaussian_noise,5,standard_deviation,0.18,"fraction of the [0,1] RGB intensity range",sues200_satellite_to_uav_300m,MRR,0.6475752592086792,0.1552148461341858,0.4923604130744934,49.23604130744934,0.7603138107471022,76.03138107471023
gaussian_blur,1,radius,0.5,pixels in the decoded source image,sues200_uav_150m_to_satellite,r_at_1,0.287,0.2885,-0.0015000000000000013,-0.15000000000000013,-0.0052264808362369386,-0.5226480836236939
gaussian_blur,1,radius,0.5,pixels in the decoded source image,sues200_uav_150m_to_satellite,r_at_5,0.653,0.66175,-0.008749999999999925,-0.8749999999999925,-0.013399693721286254,-1.3399693721286254
gaussian_blur,1,radius,0.5,pixels in the decoded source image,sues200_uav_150m_to_satellite,r_at_10,0.7945,0.80325,-0.008750000000000036,-0.8750000000000036,-0.011013215859030883,-1.1013215859030883
gaussian_blur,1,radius,0.5,pixels in the decoded source image,sues200_uav_150m_to_satellite,r_at_20,0.9105,0.915,-0.0045000000000000595,-0.45000000000000595,-0.0049423393739704115,-0.49423393739704113
gaussian_blur,1,radius,0.5,pixels in the decoded source image,sues200_uav_150m_to_satellite,official_trapezoid_mAP,0.3715789318084717,0.37445464730262756,-0.002875715494155884,-0.2875715494155884,-0.007739177999570104,-0.7739177999570104
gaussian_blur,1,radius,0.5,pixels in the decoded source image,sues200_uav_150m_to_satellite,MRR,0.4561578333377838,0.4604093134403229,-0.0042514801025390625,-0.42514801025390625,-0.009320195317989534,-0.9320195317989534
gaussian_blur,1,radius,0.5,pixels in the decoded source image,sues200_satellite_to_uav_150m,r_at_1,0.475,0.4625,0.012499999999999956,1.2499999999999956,0.02631578947368412,2.631578947368412
gaussian_blur,1,radius,0.5,pixels in the decoded source image,sues200_satellite_to_uav_150m,r_at_5,0.625,0.6125,0.012499999999999956,1.2499999999999956,0.019999999999999928,1.999999999999993
gaussian_blur,1,radius,0.5,pixels in the decoded source image,sues200_satellite_to_uav_150m,r_at_10,0.7,0.675,0.02499999999999991,2.499999999999991,0.03571428571428559,3.571428571428559
gaussian_blur,1,radius,0.5,pixels in the decoded source image,sues200_satellite_to_uav_150m,r_at_20,0.725,0.7,0.025000000000000022,2.500000000000002,0.03448275862068969,3.448275862068969
gaussian_blur,1,radius,0.5,pixels in the decoded source image,sues200_satellite_to_uav_150m,official_trapezoid_mAP,0.34278807044029236,0.3368731141090393,0.005914956331253052,0.5914956331253052,0.01725543226651854,1.7255432266518542
gaussian_blur,1,radius,0.5,pixels in the decoded source image,sues200_satellite_to_uav_150m,MRR,0.5414365530014038,0.5359421968460083,0.005494356155395508,0.5494356155395508,0.010147737763433314,1.0147737763433313
gaussian_blur,1,radius,0.5,pixels in the decoded source image,sues200_uav_200m_to_satellite,r_at_1,0.3315,0.33575,-0.004249999999999976,-0.4249999999999976,-0.012820512820512747,-1.2820512820512748
gaussian_blur,1,radius,0.5,pixels in the decoded source image,sues200_uav_200m_to_satellite,r_at_5,0.69575,0.706,-0.010249999999999981,-1.0249999999999981,-0.014732303269852651,-1.4732303269852651
gaussian_blur,1,radius,0.5,pixels in the decoded source image,sues200_uav_200m_to_satellite,r_at_10,0.8245,0.8345,-0.010000000000000009,-1.0000000000000009,-0.012128562765312321,-1.212856276531232
gaussian_blur,1,radius,0.5,pixels in the decoded source image,sues200_uav_200m_to_satellite,r_at_20,0.92925,0.9365,-0.007249999999999979,-0.7249999999999979,-0.007801990852838287,-0.7801990852838288
gaussian_blur,1,radius,0.5,pixels in the decoded source image,sues200_uav_200m_to_satellite,official_trapezoid_mAP,0.4146501421928406,0.42041870951652527,-0.005768567323684692,-0.5768567323684692,-0.013911890378665095,-1.3911890378665095
gaussian_blur,1,radius,0.5,pixels in the decoded source image,sues200_uav_200m_to_satellite,MRR,0.4978003203868866,0.5050873756408691,-0.007287055253982544,-0.7287055253982544,-0.014638510574519318,-1.463851057451932
gaussian_blur,1,radius,0.5,pixels in the decoded source image,sues200_satellite_to_uav_200m,r_at_1,0.6125,0.6125,0.0,0.0,0.0,0.0
gaussian_blur,1,radius,0.5,pixels in the decoded source image,sues200_satellite_to_uav_200m,r_at_5,0.7125,0.675,0.03749999999999998,3.749999999999998,0.05263157894736839,5.263157894736839
gaussian_blur,1,radius,0.5,pixels in the decoded source image,sues200_satellite_to_uav_200m,r_at_10,0.75,0.7375,0.012499999999999956,1.2499999999999956,0.016666666666666607,1.6666666666666607
gaussian_blur,1,radius,0.5,pixels in the decoded source image,sues200_satellite_to_uav_200m,r_at_20,0.7875,0.7875,0.0,0.0,0.0,0.0
gaussian_blur,1,radius,0.5,pixels in the decoded source image,sues200_satellite_to_uav_200m,official_trapezoid_mAP,0.402458518743515,0.3961043357849121,0.006354182958602905,0.6354182958602905,0.015788417098092034,1.5788417098092034
gaussian_blur,1,radius,0.5,pixels in the decoded source image,sues200_satellite_to_uav_200m,MRR,0.6624575257301331,0.6553510427474976,0.007106482982635498,0.7106482982635498,0.010727454525938141,1.072745452593814
gaussian_blur,1,radius,0.5,pixels in the decoded source image,sues200_uav_250m_to_satellite,r_at_1,0.35975,0.367,-0.007249999999999979,-0.7249999999999979,-0.020152883947185486,-2.0152883947185485
gaussian_blur,1,radius,0.5,pixels in the decoded source image,sues200_uav_250m_to_satellite,r_at_5,0.73575,0.75,-0.014249999999999985,-1.4249999999999985,-0.019367991845056044,-1.9367991845056045
gaussian_blur,1,radius,0.5,pixels in the decoded source image,sues200_uav_250m_to_satellite,r_at_10,0.86175,0.872,-0.010249999999999981,-1.0249999999999981,-0.011894400928343466,-1.1894400928343465
gaussian_blur,1,radius,0.5,pixels in the decoded source image,sues200_uav_250m_to_satellite,r_at_20,0.94375,0.94975,-0.006000000000000005,-0.6000000000000005,-0.006357615894039741,-0.6357615894039741
gaussian_blur,1,radius,0.5,pixels in the decoded source image,sues200_uav_250m_to_satellite,official_trapezoid_mAP,0.4443421959877014,0.45290741324424744,-0.00856521725654602,-0.856521725654602,-0.019276173484957727,-1.9276173484957728
gaussian_blur,1,radius,0.5,pixels in the decoded source image,sues200_uav_250m_to_satellite,MRR,0.5289343595504761,0.5388148427009583,-0.009880483150482178,-0.9880483150482178,-0.01867997979726497,-1.8679979797264967
gaussian_blur,1,radius,0.5,pixels in the decoded source image,sues200_satellite_to_uav_250m,r_at_1,0.6,0.575,0.025000000000000022,2.500000000000002,0.041666666666666706,4.1666666666666705
gaussian_blur,1,radius,0.5,pixels in the decoded source image,sues200_satellite_to_uav_250m,r_at_5,0.7375,0.725,0.012500000000000067,1.2500000000000067,0.01694915254237297,1.6949152542372972
gaussian_blur,1,radius,0.5,pixels in the decoded source image,sues200_satellite_to_uav_250m,r_at_10,0.7625,0.725,0.03749999999999998,3.749999999999998,0.04918032786885243,4.918032786885243
gaussian_blur,1,radius,0.5,pixels in the decoded source image,sues200_satellite_to_uav_250m,r_at_20,0.7875,0.8125,-0.025000000000000022,-2.500000000000002,-0.03174603174603177,-3.1746031746031775
gaussian_blur,1,radius,0.5,pixels in the decoded source image,sues200_satellite_to_uav_250m,official_trapezoid_mAP,0.4399527907371521,0.43130379915237427,0.008648991584777832,0.8648991584777832,0.019658908334883447,1.9658908334883447
gaussian_blur,1,radius,0.5,pixels in the decoded source image,sues200_satellite_to_uav_250m,MRR,0.6658704876899719,0.645359218120575,0.020511269569396973,2.0511269569396973,0.0308036922323354,3.08036922323354
gaussian_blur,1,radius,0.5,pixels in the decoded source image,sues200_uav_300m_to_satellite,r_at_1,0.38775,0.3895,-0.0017500000000000293,-0.17500000000000293,-0.004513217279174802,-0.45132172791748015
gaussian_blur,1,radius,0.5,pixels in the decoded source image,sues200_uav_300m_to_satellite,r_at_5,0.751,0.7715,-0.020499999999999963,-2.0499999999999963,-0.02729693741677758,-2.729693741677758
gaussian_blur,1,radius,0.5,pixels in the decoded source image,sues200_uav_300m_to_satellite,r_at_10,0.88125,0.889,-0.007750000000000035,-0.7750000000000035,-0.00879432624113479,-0.8794326241134791
gaussian_blur,1,radius,0.5,pixels in the decoded source image,sues200_uav_300m_to_satellite,r_at_20,0.95925,0.965,-0.005749999999999922,-0.5749999999999922,-0.005994266353922253,-0.5994266353922253
gaussian_blur,1,radius,0.5,pixels in the decoded source image,sues200_uav_300m_to_satellite,official_trapezoid_mAP,0.4710761606693268,0.47537943720817566,-0.004303276538848877,-0.4303276538848877,-0.009134991107880693,-0.9134991107880693
gaussian_blur,1,radius,0.5,pixels in the decoded source image,sues200_uav_300m_to_satellite,MRR,0.5544023513793945,0.561258852481842,-0.00685650110244751,-0.685650110244751,-0.012367373777163864,-1.2367373777163864
gaussian_blur,1,radius,0.5,pixels in the decoded source image,sues200_satellite_to_uav_300m,r_at_1,0.6,0.5875,0.012499999999999956,1.2499999999999956,0.02083333333333326,2.083333333333326
gaussian_blur,1,radius,0.5,pixels in the decoded source image,sues200_satellite_to_uav_300m,r_at_5,0.6875,0.6875,0.0,0.0,0.0,0.0
gaussian_blur,1,radius,0.5,pixels in the decoded source image,sues200_satellite_to_uav_300m,r_at_10,0.75,0.75,0.0,0.0,0.0,0.0
gaussian_blur,1,radius,0.5,pixels in the decoded source image,sues200_satellite_to_uav_300m,r_at_20,0.7875,0.8,-0.012500000000000067,-1.2500000000000067,-0.01587301587301596,-1.5873015873015959
gaussian_blur,1,radius,0.5,pixels in the decoded source image,sues200_satellite_to_uav_300m,official_trapezoid_mAP,0.452476441860199,0.4441903233528137,0.008286118507385254,0.8286118507385254,0.018312817510055927,1.8312817510055925
gaussian_blur,1,radius,0.5,pixels in the decoded source image,sues200_satellite_to_uav_300m,MRR,0.6475752592086792,0.6366860270500183,0.010889232158660889,1.0889232158660889,0.016815392502745177,1.6815392502745177
gaussian_blur,2,radius,1.0,pixels in the decoded source image,sues200_uav_150m_to_satellite,r_at_1,0.287,0.29875,-0.011750000000000038,-1.1750000000000038,-0.040940766550522784,-4.0940766550522785
gaussian_blur,2,radius,1.0,pixels in the decoded source image,sues200_uav_150m_to_satellite,r_at_5,0.653,0.67675,-0.023749999999999938,-2.374999999999994,-0.03637059724349148,-3.637059724349148
gaussian_blur,2,radius,1.0,pixels in the decoded source image,sues200_uav_150m_to_satellite,r_at_10,0.7945,0.8145,-0.020000000000000018,-2.0000000000000018,-0.025173064820641935,-2.5173064820641935
gaussian_blur,2,radius,1.0,pixels in the decoded source image,sues200_uav_150m_to_satellite,r_at_20,0.9105,0.92325,-0.012750000000000039,-1.275000000000004,-0.014003294892916024,-1.4003294892916023
gaussian_blur,2,radius,1.0,pixels in the decoded source image,sues200_uav_150m_to_satellite,official_trapezoid_mAP,0.3715789318084717,0.38520610332489014,-0.013627171516418457,-1.3627171516418457,-0.03667369258557024,-3.6673692585570237
gaussian_blur,2,radius,1.0,pixels in the decoded source image,sues200_uav_150m_to_satellite,MRR,0.4561578333377838,0.4716622233390808,-0.015504390001296997,-1.5504390001296997,-0.03398909076678298,-3.398909076678298
gaussian_blur,2,radius,1.0,pixels in the decoded source image,sues200_satellite_to_uav_150m,r_at_1,0.475,0.3625,0.11249999999999999,11.249999999999998,0.23684210526315788,23.684210526315788
gaussian_blur,2,radius,1.0,pixels in the decoded source image,sues200_satellite_to_uav_150m,r_at_5,0.625,0.5,0.125,12.5,0.2,20.0
gaussian_blur,2,radius,1.0,pixels in the decoded source image,sues200_satellite_to_uav_150m,r_at_10,0.7,0.5875,0.11249999999999993,11.249999999999993,0.16071428571428564,16.071428571428562
gaussian_blur,2,radius,1.0,pixels in the decoded source image,sues200_satellite_to_uav_150m,r_at_20,0.725,0.625,0.09999999999999998,9.999999999999998,0.1379310344827586,13.79310344827586
gaussian_blur,2,radius,1.0,pixels in the decoded source image,sues200_satellite_to_uav_150m,official_trapezoid_mAP,0.34278807044029236,0.2921043038368225,0.05068376660346985,5.068376660346985,0.14785744013311009,14.785744013311009
gaussian_blur,2,radius,1.0,pixels in the decoded source image,sues200_satellite_to_uav_150m,MRR,0.5414365530014038,0.43967121839523315,0.10176533460617065,10.176533460617065,0.18795431162163667,18.795431162163666
gaussian_blur,2,radius,1.0,pixels in the decoded source image,sues200_uav_200m_to_satellite,r_at_1,0.3315,0.339,-0.007500000000000007,-0.7500000000000007,-0.02262443438914029,-2.262443438914029
gaussian_blur,2,radius,1.0,pixels in the decoded source image,sues200_uav_200m_to_satellite,r_at_5,0.69575,0.72725,-0.03149999999999997,-3.1499999999999972,-0.045274883219547216,-4.5274883219547215
gaussian_blur,2,radius,1.0,pixels in the decoded source image,sues200_uav_200m_to_satellite,r_at_10,0.8245,0.848,-0.023499999999999965,-2.3499999999999965,-0.028502122498483887,-2.8502122498483886
gaussian_blur,2,radius,1.0,pixels in the decoded source image,sues200_uav_200m_to_satellite,r_at_20,0.92925,0.94375,-0.014499999999999957,-1.4499999999999957,-0.015603981705676574,-1.5603981705676575
gaussian_blur,2,radius,1.0,pixels in the decoded source image,sues200_uav_200m_to_satellite,official_trapezoid_mAP,0.4146501421928406,0.4254916310310364,-0.0108414888381958,-1.08414888381958,-0.02614611146848171,-2.614611146848171
gaussian_blur,2,radius,1.0,pixels in the decoded source image,sues200_uav_200m_to_satellite,MRR,0.4978003203868866,0.5119832754135132,-0.014182955026626587,-1.4182955026626587,-0.028491253311375336,-2.8491253311375337
gaussian_blur,2,radius,1.0,pixels in the decoded source image,sues200_satellite_to_uav_200m,r_at_1,0.6125,0.5,0.11250000000000004,11.250000000000004,0.18367346938775517,18.367346938775515
gaussian_blur,2,radius,1.0,pixels in the decoded source image,sues200_satellite_to_uav_200m,r_at_5,0.7125,0.5875,0.125,12.5,0.17543859649122806,17.543859649122805
gaussian_blur,2,radius,1.0,pixels in the decoded source image,sues200_satellite_to_uav_200m,r_at_10,0.75,0.65,0.09999999999999998,9.999999999999998,0.1333333333333333,13.33333333333333
gaussian_blur,2,radius,1.0,pixels in the decoded source image,sues200_satellite_to_uav_200m,r_at_20,0.7875,0.7,0.08750000000000002,8.750000000000002,0.11111111111111115,11.111111111111114
gaussian_blur,2,radius,1.0,pixels in the decoded source image,sues200_satellite_to_uav_200m,official_trapezoid_mAP,0.402458518743515,0.3393479585647583,0.06311056017875671,6.311056017875671,0.15681258375593432,15.681258375593433
gaussian_blur,2,radius,1.0,pixels in the decoded source image,sues200_satellite_to_uav_200m,MRR,0.6624575257301331,0.5493093729019165,0.11314815282821655,11.314815282821655,0.17080061503340818,17.08006150334082
gaussian_blur,2,radius,1.0,pixels in the decoded source image,sues200_uav_250m_to_satellite,r_at_1,0.35975,0.37125,-0.01150000000000001,-1.150000000000001,-0.03196664350243227,-3.196664350243227
gaussian_blur,2,radius,1.0,pixels in the decoded source image,sues200_uav_250m_to_satellite,r_at_5,0.73575,0.7665,-0.030749999999999944,-3.0749999999999944,-0.04179408766564722,-4.179408766564722
gaussian_blur,2,radius,1.0,pixels in the decoded source image,sues200_uav_250m_to_satellite,r_at_10,0.86175,0.88025,-0.01849999999999996,-1.849999999999996,-0.02146794313896137,-2.146794313896137
gaussian_blur,2,radius,1.0,pixels in the decoded source image,sues200_uav_250m_to_satellite,r_at_20,0.94375,0.9545,-0.010750000000000037,-1.0750000000000037,-0.011390728476821231,-1.1390728476821232
gaussian_blur,2,radius,1.0,pixels in the decoded source image,sues200_uav_250m_to_satellite,official_trapezoid_mAP,0.4443421959877014,0.4587249159812927,-0.014382719993591309,-1.4382719993591309,-0.03236856666655488,-3.236856666655488
gaussian_blur,2,radius,1.0,pixels in the decoded source image,sues200_uav_250m_to_satellite,MRR,0.5289343595504761,0.5461998581886292,-0.017265498638153076,-1.7265498638153076,-0.03264204400112418,-3.2642044001124177
gaussian_blur,2,radius,1.0,pixels in the decoded source image,sues200_satellite_to_uav_250m,r_at_1,0.6,0.5375,0.0625,6.25,0.10416666666666667,10.416666666666668
gaussian_blur,2,radius,1.0,pixels in the decoded source image,sues200_satellite_to_uav_250m,r_at_5,0.7375,0.6125,0.125,12.5,0.1694915254237288,16.94915254237288
gaussian_blur,2,radius,1.0,pixels in the decoded source image,sues200_satellite_to_uav_250m,r_at_10,0.7625,0.675,0.08749999999999991,8.749999999999991,0.11475409836065563,11.475409836065563
gaussian_blur,2,radius,1.0,pixels in the decoded source image,sues200_satellite_to_uav_250m,r_at_20,0.7875,0.7125,0.07499999999999996,7.499999999999996,0.09523809523809519,9.523809523809518
gaussian_blur,2,radius,1.0,pixels in the decoded source image,sues200_satellite_to_uav_250m,official_trapezoid_mAP,0.4399527907371521,0.37524014711380005,0.06471264362335205,6.471264362335205,0.14708997189203954,14.708997189203952
gaussian_blur,2,radius,1.0,pixels in the decoded source image,sues200_satellite_to_uav_250m,MRR,0.6658704876899719,0.5843248963356018,0.08154559135437012,8.154559135437012,0.12246464269240537,12.246464269240537
gaussian_blur,2,radius,1.0,pixels in the decoded source image,sues200_uav_300m_to_satellite,r_at_1,0.38775,0.37375,0.013999999999999957,1.3999999999999957,0.036105738233397695,3.6105738233397697
gaussian_blur,2,radius,1.0,pixels in the decoded source image,sues200_uav_300m_to_satellite,r_at_5,0.751,0.7885,-0.03749999999999998,-3.749999999999998,-0.04993342210386149,-4.993342210386149
gaussian_blur,2,radius,1.0,pixels in the decoded source image,sues200_uav_300m_to_satellite,r_at_10,0.88125,0.89275,-0.011500000000000066,-1.1500000000000066,-0.013049645390070997,-1.3049645390070996
gaussian_blur,2,radius,1.0,pixels in the decoded source image,sues200_uav_300m_to_satellite,r_at_20,0.95925,0.9555,0.003750000000000031,0.3750000000000031,0.003909304143862424,0.3909304143862425
gaussian_blur,2,radius,1.0,pixels in the decoded source image,sues200_uav_300m_to_satellite,official_trapezoid_mAP,0.4710761606693268,0.46551811695098877,0.005558043718338013,0.5558043718338013,0.0117986096142944,1.17986096142944
gaussian_blur,2,radius,1.0,pixels in the decoded source image,sues200_uav_300m_to_satellite,MRR,0.5544023513793945,0.557286262512207,-0.0028839111328125,-0.28839111328125,-0.005201837845090507,-0.5201837845090508
gaussian_blur,2,radius,1.0,pixels in the decoded source image,sues200_satellite_to_uav_300m,r_at_1,0.6,0.55,0.04999999999999993,4.999999999999993,0.08333333333333323,8.333333333333321
gaussian_blur,2,radius,1.0,pixels in the decoded source image,sues200_satellite_to_uav_300m,r_at_5,0.6875,0.6,0.08750000000000002,8.750000000000002,0.12727272727272732,12.72727272727273
gaussian_blur,2,radius,1.0,pixels in the decoded source image,sues200_satellite_to_uav_300m,r_at_10,0.75,0.7,0.050000000000000044,5.000000000000004,0.06666666666666672,6.666666666666672
gaussian_blur,2,radius,1.0,pixels in the decoded source image,sues200_satellite_to_uav_300m,r_at_20,0.7875,0.75,0.03749999999999998,3.749999999999998,0.047619047619047596,4.761904761904759
gaussian_blur,2,radius,1.0,pixels in the decoded source image,sues200_satellite_to_uav_300m,official_trapezoid_mAP,0.452476441860199,0.3862072825431824,0.0662691593170166,6.62691593170166,0.14645880577687997,14.645880577687997
gaussian_blur,2,radius,1.0,pixels in the decoded source image,sues200_satellite_to_uav_300m,MRR,0.6475752592086792,0.5902191400527954,0.05735611915588379,5.735611915588379,0.0885705844073962,8.85705844073962
gaussian_blur,3,radius,2.0,pixels in the decoded source image,sues200_uav_150m_to_satellite,r_at_1,0.287,0.24725,0.03974999999999998,3.974999999999998,0.1385017421602787,13.850174216027868
gaussian_blur,3,radius,2.0,pixels in the decoded source image,sues200_uav_150m_to_satellite,r_at_5,0.653,0.618,0.03500000000000003,3.500000000000003,0.05359877488514553,5.359877488514552
gaussian_blur,3,radius,2.0,pixels in the decoded source image,sues200_uav_150m_to_satellite,r_at_10,0.7945,0.76675,0.02774999999999994,2.774999999999994,0.03492762743864058,3.4927627438640583
gaussian_blur,3,radius,2.0,pixels in the decoded source image,sues200_uav_150m_to_satellite,r_at_20,0.9105,0.88575,0.02474999999999994,2.474999999999994,0.027182866556836837,2.7182866556836838
gaussian_blur,3,radius,2.0,pixels in the decoded source image,sues200_uav_150m_to_satellite,official_trapezoid_mAP,0.3715789318084717,0.33285069465637207,0.03872823715209961,3.872823715209961,0.10422613834323058,10.422613834323057
gaussian_blur,3,radius,2.0,pixels in the decoded source image,sues200_uav_150m_to_satellite,MRR,0.4561578333377838,0.4184514582157135,0.03770637512207031,3.7706375122070312,0.08266080809391435,8.266080809391434
gaussian_blur,3,radius,2.0,pixels in the decoded source image,sues200_satellite_to_uav_150m,r_at_1,0.475,0.25,0.22499999999999998,22.499999999999996,0.47368421052631576,47.368421052631575
gaussian_blur,3,radius,2.0,pixels in the decoded source image,sues200_satellite_to_uav_150m,r_at_5,0.625,0.3375,0.2875,28.749999999999996,0.45999999999999996,45.99999999999999
gaussian_blur,3,radius,2.0,pixels in the decoded source image,sues200_satellite_to_uav_150m,r_at_10,0.7,0.4125,0.2875,28.749999999999996,0.4107142857142857,41.07142857142857
gaussian_blur,3,radius,2.0,pixels in the decoded source image,sues200_satellite_to_uav_150m,r_at_20,0.725,0.4875,0.2375,23.75,0.3275862068965517,32.758620689655174
gaussian_blur,3,radius,2.0,pixels in the decoded source image,sues200_satellite_to_uav_150m,official_trapezoid_mAP,0.34278807044029236,0.19864049553871155,0.1441475749015808,14.414757490158081,0.4205151442885139,42.05151442885139
gaussian_blur,3,radius,2.0,pixels in the decoded source image,sues200_satellite_to_uav_150m,MRR,0.5414365530014038,0.3038933575153351,0.23754319548606873,23.754319548606873,0.4387276665553329,43.87276665553329
gaussian_blur,3,radius,2.0,pixels in the decoded source image,sues200_uav_200m_to_satellite,r_at_1,0.3315,0.275,0.056499999999999995,5.6499999999999995,0.17043740573152336,17.043740573152334
gaussian_blur,3,radius,2.0,pixels in the decoded source image,sues200_uav_200m_to_satellite,r_at_5,0.69575,0.6385,0.05725000000000002,5.725000000000002,0.08228530362917719,8.228530362917718
gaussian_blur,3,radius,2.0,pixels in the decoded source image,sues200_uav_200m_to_satellite,r_at_10,0.8245,0.77925,0.04525000000000001,4.525000000000001,0.05488174651303822,5.488174651303822
gaussian_blur,3,radius,2.0,pixels in the decoded source image,sues200_uav_200m_to_satellite,r_at_20,0.92925,0.88825,0.041000000000000036,4.100000000000003,0.04412160344363738,4.412160344363738
gaussian_blur,3,radius,2.0,pixels in the decoded source image,sues200_uav_200m_to_satellite,official_trapezoid_mAP,0.4146501421928406,0.357723593711853,0.05692654848098755,5.692654848098755,0.13728814412057486,13.728814412057485
gaussian_blur,3,radius,2.0,pixels in the decoded source image,sues200_uav_200m_to_satellite,MRR,0.4978003203868866,0.44044721126556396,0.05735310912132263,5.735310912132263,0.11521308197782644,11.521308197782645
gaussian_blur,3,radius,2.0,pixels in the decoded source image,sues200_satellite_to_uav_200m,r_at_1,0.6125,0.2625,0.35000000000000003,35.0,0.5714285714285714,57.14285714285714
gaussian_blur,3,radius,2.0,pixels in the decoded source image,sues200_satellite_to_uav_200m,r_at_5,0.7125,0.45,0.2625,26.25,0.3684210526315789,36.84210526315789
gaussian_blur,3,radius,2.0,pixels in the decoded source image,sues200_satellite_to_uav_200m,r_at_10,0.75,0.4625,0.2875,28.749999999999996,0.3833333333333333,38.33333333333333
gaussian_blur,3,radius,2.0,pixels in the decoded source image,sues200_satellite_to_uav_200m,r_at_20,0.7875,0.5875,0.19999999999999996,19.999999999999996,0.2539682539682539,25.396825396825392
gaussian_blur,3,radius,2.0,pixels in the decoded source image,sues200_satellite_to_uav_200m,official_trapezoid_mAP,0.402458518743515,0.22787034511566162,0.1745881736278534,17.45881736278534,0.4338041450157939,43.38041450157939
gaussian_blur,3,radius,2.0,pixels in the decoded source image,sues200_satellite_to_uav_200m,MRR,0.6624575257301331,0.3439590036869049,0.31849852204322815,31.849852204322815,0.48078331013326836,48.07833101332683
gaussian_blur,3,radius,2.0,pixels in the decoded source image,sues200_uav_250m_to_satellite,r_at_1,0.35975,0.28475,0.07500000000000001,7.500000000000001,0.20847810979847117,20.847810979847118
gaussian_blur,3,radius,2.0,pixels in the decoded source image,sues200_uav_250m_to_satellite,r_at_5,0.73575,0.66225,0.07350000000000001,7.350000000000001,0.09989806320081551,9.98980632008155
gaussian_blur,3,radius,2.0,pixels in the decoded source image,sues200_uav_250m_to_satellite,r_at_10,0.86175,0.80075,0.061000000000000054,6.100000000000005,0.0707861908906296,7.078619089062959
gaussian_blur,3,radius,2.0,pixels in the decoded source image,sues200_uav_250m_to_satellite,r_at_20,0.94375,0.90375,0.039999999999999925,3.9999999999999925,0.042384105960264824,4.238410596026482
gaussian_blur,3,radius,2.0,pixels in the decoded source image,sues200_uav_250m_to_satellite,official_trapezoid_mAP,0.4443421959877014,0.3702666163444519,0.07407557964324951,7.407557964324951,0.16670840697132394,16.670840697132395
gaussian_blur,3,radius,2.0,pixels in the decoded source image,sues200_uav_250m_to_satellite,MRR,0.5289343595504761,0.4557831883430481,0.07315117120742798,7.315117120742798,0.1382991478745997,13.82991478745997
gaussian_blur,3,radius,2.0,pixels in the decoded source image,sues200_satellite_to_uav_250m,r_at_1,0.6,0.3375,0.26249999999999996,26.249999999999996,0.43749999999999994,43.74999999999999
gaussian_blur,3,radius,2.0,pixels in the decoded source image,sues200_satellite_to_uav_250m,r_at_5,0.7375,0.425,0.31250000000000006,31.250000000000007,0.42372881355932207,42.37288135593221
gaussian_blur,3,radius,2.0,pixels in the decoded source image,sues200_satellite_to_uav_250m,r_at_10,0.7625,0.525,0.23749999999999993,23.749999999999993,0.31147540983606553,31.14754098360655
gaussian_blur,3,radius,2.0,pixels in the decoded source image,sues200_satellite_to_uav_250m,r_at_20,0.7875,0.55,0.23749999999999993,23.749999999999993,0.3015873015873015,30.15873015873015
gaussian_blur,3,radius,2.0,pixels in the decoded source image,sues200_satellite_to_uav_250m,official_trapezoid_mAP,0.4399527907371521,0.25664639472961426,0.18330639600753784,18.330639600753784,0.4166501494408146,41.665014944081456
gaussian_blur,3,radius,2.0,pixels in the decoded source image,sues200_satellite_to_uav_250m,MRR,0.6658704876899719,0.399105966091156,0.2667645215988159,26.676452159881592,0.4006252364844573,40.06252364844573
gaussian_blur,3,radius,2.0,pixels in the decoded source image,sues200_uav_300m_to_satellite,r_at_1,0.38775,0.2985,0.08925,8.924999999999999,0.23017408123791103,23.0174081237911
gaussian_blur,3,radius,2.0,pixels in the decoded source image,sues200_uav_300m_to_satellite,r_at_5,0.751,0.695,0.05600000000000005,5.600000000000005,0.07456724367509994,7.4567243675099935
gaussian_blur,3,radius,2.0,pixels in the decoded source image,sues200_uav_300m_to_satellite,r_at_10,0.88125,0.827,0.05425000000000002,5.4250000000000025,0.061560283687943286,6.156028368794329
gaussian_blur,3,radius,2.0,pixels in the decoded source image,sues200_uav_300m_to_satellite,r_at_20,0.95925,0.91525,0.04400000000000004,4.400000000000004,0.045869168621318776,4.586916862131877
gaussian_blur,3,radius,2.0,pixels in the decoded source image,sues200_uav_300m_to_satellite,official_trapezoid_mAP,0.4710761606693268,0.38559895753860474,0.08547720313072205,8.547720313072205,0.18145092082195813,18.145092082195813
gaussian_blur,3,radius,2.0,pixels in the decoded source image,sues200_uav_300m_to_satellite,MRR,0.5544023513793945,0.4726979434490204,0.08170440793037415,8.170440793037415,0.14737384812147256,14.737384812147255
gaussian_blur,3,radius,2.0,pixels in the decoded source image,sues200_satellite_to_uav_300m,r_at_1,0.6,0.3625,0.2375,23.75,0.3958333333333333,39.583333333333336
gaussian_blur,3,radius,2.0,pixels in the decoded source image,sues200_satellite_to_uav_300m,r_at_5,0.6875,0.425,0.2625,26.25,0.38181818181818183,38.18181818181818
gaussian_blur,3,radius,2.0,pixels in the decoded source image,sues200_satellite_to_uav_300m,r_at_10,0.75,0.5375,0.21250000000000002,21.250000000000004,0.2833333333333334,28.33333333333334
gaussian_blur,3,radius,2.0,pixels in the decoded source image,sues200_satellite_to_uav_300m,r_at_20,0.7875,0.55,0.23749999999999993,23.749999999999993,0.3015873015873015,30.15873015873015
gaussian_blur,3,radius,2.0,pixels in the decoded source image,sues200_satellite_to_uav_300m,official_trapezoid_mAP,0.452476441860199,0.2758878767490387,0.17658856511116028,17.658856511116028,0.39027129099843966,39.02712909984397
gaussian_blur,3,radius,2.0,pixels in the decoded source image,sues200_satellite_to_uav_300m,MRR,0.6475752592086792,0.40792450308799744,0.23965075612068176,23.965075612068176,0.3700739840084827,37.00739840084827
gaussian_blur,4,radius,3.0,pixels in the decoded source image,sues200_uav_150m_to_satellite,r_at_1,0.287,0.19025,0.09674999999999997,9.674999999999997,0.3371080139372822,33.71080139372822
gaussian_blur,4,radius,3.0,pixels in the decoded source image,sues200_uav_150m_to_satellite,r_at_5,0.653,0.514,0.139,13.900000000000002,0.21286370597243492,21.286370597243494
gaussian_blur,4,radius,3.0,pixels in the decoded source image,sues200_uav_150m_to_satellite,r_at_10,0.7945,0.6635,0.131,13.100000000000001,0.16488357457520453,16.488357457520454
gaussian_blur,4,radius,3.0,pixels in the decoded source image,sues200_uav_150m_to_satellite,r_at_20,0.9105,0.8135,0.09699999999999998,9.699999999999998,0.10653487095002744,10.653487095002744
gaussian_blur,4,radius,3.0,pixels in the decoded source image,sues200_uav_150m_to_satellite,official_trapezoid_mAP,0.3715789318084717,0.26850900053977966,0.10306993126869202,10.306993126869202,0.27738367933577796,27.7383679335778
gaussian_blur,4,radius,3.0,pixels in the decoded source image,sues200_uav_150m_to_satellite,MRR,0.4561578333377838,0.34676802158355713,0.10938981175422668,10.938981175422668,0.2398069347046021,23.98069347046021
gaussian_blur,4,radius,3.0,pixels in the decoded source image,sues200_satellite_to_uav_150m,r_at_1,0.475,0.2125,0.26249999999999996,26.249999999999996,0.5526315789473684,55.263157894736835
gaussian_blur,4,radius,3.0,pixels in the decoded source image,sues200_satellite_to_uav_150m,r_at_5,0.625,0.2625,0.3625,36.25,0.58,58.0
gaussian_blur,4,radius,3.0,pixels in the decoded source image,sues200_satellite_to_uav_150m,r_at_10,0.7,0.3125,0.38749999999999996,38.74999999999999,0.5535714285714285,55.35714285714285
gaussian_blur,4,radius,3.0,pixels in the decoded source image,sues200_satellite_to_uav_150m,r_at_20,0.725,0.3625,0.3625,36.25,0.5,50.0
gaussian_blur,4,radius,3.0,pixels in the decoded source image,sues200_satellite_to_uav_150m,official_trapezoid_mAP,0.34278807044029236,0.13991673290729523,0.20287133753299713,20.287133753299713,0.5918272980515923,59.182729805159234
gaussian_blur,4,radius,3.0,pixels in the decoded source image,sues200_satellite_to_uav_150m,MRR,0.5414365530014038,0.24404311180114746,0.29739344120025635,29.739344120025635,0.5492673879361915,54.926738793619144
gaussian_blur,4,radius,3.0,pixels in the decoded source image,sues200_uav_200m_to_satellite,r_at_1,0.3315,0.20875,0.12275000000000003,12.275000000000002,0.3702865761689292,37.028657616892914
gaussian_blur,4,radius,3.0,pixels in the decoded source image,sues200_uav_200m_to_satellite,r_at_5,0.69575,0.53025,0.16549999999999998,16.549999999999997,0.23787279913762124,23.787279913762124
gaussian_blur,4,radius,3.0,pixels in the decoded source image,sues200_uav_200m_to_satellite,r_at_10,0.8245,0.6725,0.15200000000000002,15.200000000000003,0.18435415403274716,18.435415403274714
gaussian_blur,4,radius,3.0,pixels in the decoded source image,sues200_uav_200m_to_satellite,r_at_20,0.92925,0.816,0.11325000000000007,11.325000000000006,0.12187247780468127,12.187247780468127
gaussian_blur,4,radius,3.0,pixels in the decoded source image,sues200_uav_200m_to_satellite,official_trapezoid_mAP,0.4146501421928406,0.2855660915374756,0.129084050655365,12.908405065536499,0.3113083477379639,31.13083477379639
gaussian_blur,4,radius,3.0,pixels in the decoded source image,sues200_uav_200m_to_satellite,MRR,0.4978003203868866,0.3623822033405304,0.1354181170463562,13.54181170463562,0.27203300500311106,27.203300500311105
gaussian_blur,4,radius,3.0,pixels in the decoded source image,sues200_satellite_to_uav_200m,r_at_1,0.6125,0.25,0.36250000000000004,36.25000000000001,0.5918367346938775,59.18367346938776
gaussian_blur,4,radius,3.0,pixels in the decoded source image,sues200_satellite_to_uav_200m,r_at_5,0.7125,0.3375,0.375,37.5,0.5263157894736842,52.63157894736842
gaussian_blur,4,radius,3.0,pixels in the decoded source image,sues200_satellite_to_uav_200m,r_at_10,0.75,0.3875,0.3625,36.25,0.48333333333333334,48.333333333333336
gaussian_blur,4,radius,3.0,pixels in the decoded source image,sues200_satellite_to_uav_200m,r_at_20,0.7875,0.45,0.33749999999999997,33.75,0.42857142857142855,42.85714285714286
gaussian_blur,4,radius,3.0,pixels in the decoded source image,sues200_satellite_to_uav_200m,official_trapezoid_mAP,0.402458518743515,0.16695895791053772,0.2354995608329773,23.54995608329773,0.5851523818360522,58.51523818360523
gaussian_blur,4,radius,3.0,pixels in the decoded source image,sues200_satellite_to_uav_200m,MRR,0.6624575257301331,0.301232248544693,0.36122527718544006,36.122527718544006,0.5452806605031962,54.52806605031962
gaussian_blur,4,radius,3.0,pixels in the decoded source image,sues200_uav_250m_to_satellite,r_at_1,0.35975,0.217,0.14275000000000002,14.275000000000002,0.3968033356497568,39.68033356497568
gaussian_blur,4,radius,3.0,pixels in the decoded source image,sues200_uav_250m_to_satellite,r_at_5,0.73575,0.5555,0.18025000000000002,18.025000000000002,0.2449881073734285,24.49881073734285
gaussian_blur,4,radius,3.0,pixels in the decoded source image,sues200_uav_250m_to_satellite,r_at_10,0.86175,0.69825,0.16349999999999998,16.349999999999998,0.18973020017406436,18.973020017406437
gaussian_blur,4,radius,3.0,pixels in the decoded source image,sues200_uav_250m_to_satellite,r_at_20,0.94375,0.833,0.11075000000000002,11.075000000000001,0.11735099337748346,11.735099337748347
gaussian_blur,4,radius,3.0,pixels in the decoded source image,sues200_uav_250m_to_satellite,official_trapezoid_mAP,0.4443421959877014,0.29482170939445496,0.14952048659324646,14.952048659324646,0.3364985093546797,33.64985093546797
gaussian_blur,4,radius,3.0,pixels in the decoded source image,sues200_uav_250m_to_satellite,MRR,0.5289343595504761,0.3726434111595154,0.1562909483909607,15.62909483909607,0.2954826918859785,29.54826918859785
gaussian_blur,4,radius,3.0,pixels in the decoded source image,sues200_satellite_to_uav_250m,r_at_1,0.6,0.2625,0.33749999999999997,33.75,0.5625,56.25
gaussian_blur,4,radius,3.0,pixels in the decoded source image,sues200_satellite_to_uav_250m,r_at_5,0.7375,0.3375,0.4,40.0,0.5423728813559322,54.23728813559322
gaussian_blur,4,radius,3.0,pixels in the decoded source image,sues200_satellite_to_uav_250m,r_at_10,0.7625,0.3375,0.42499999999999993,42.49999999999999,0.5573770491803278,55.73770491803278
gaussian_blur,4,radius,3.0,pixels in the decoded source image,sues200_satellite_to_uav_250m,r_at_20,0.7875,0.3875,0.39999999999999997,40.0,0.5079365079365079,50.7936507936508
gaussian_blur,4,radius,3.0,pixels in the decoded source image,sues200_satellite_to_uav_250m,official_trapezoid_mAP,0.4399527907371521,0.18734031915664673,0.25261247158050537,25.261247158050537,0.5741808596264312,57.41808596264312
gaussian_blur,4,radius,3.0,pixels in the decoded source image,sues200_satellite_to_uav_250m,MRR,0.6658704876899719,0.3000691533088684,0.3658013343811035,36.58013343811035,0.5493580826057273,54.93580826057273
gaussian_blur,4,radius,3.0,pixels in the decoded source image,sues200_uav_300m_to_satellite,r_at_1,0.38775,0.209,0.17875,17.875,0.46099290780141844,46.09929078014184
gaussian_blur,4,radius,3.0,pixels in the decoded source image,sues200_uav_300m_to_satellite,r_at_5,0.751,0.56375,0.18725000000000003,18.725,0.24933422103861522,24.93342210386152
gaussian_blur,4,radius,3.0,pixels in the decoded source image,sues200_uav_300m_to_satellite,r_at_10,0.88125,0.714,0.16725,16.725,0.1897872340425532,18.978723404255323
gaussian_blur,4,radius,3.0,pixels in the decoded source image,sues200_uav_300m_to_satellite,r_at_20,0.95925,0.8515,0.10775000000000001,10.775000000000002,0.11232733906697942,11.232733906697943
gaussian_blur,4,radius,3.0,pixels in the decoded source image,sues200_uav_300m_to_satellite,official_trapezoid_mAP,0.4710761606693268,0.2905387282371521,0.18053743243217468,18.05374324321747,0.38324467995930583,38.32446799593058
gaussian_blur,4,radius,3.0,pixels in the decoded source image,sues200_uav_300m_to_satellite,MRR,0.5544023513793945,0.37207746505737305,0.18232488632202148,18.23248863220215,0.3288674477450962,32.886744774509616
gaussian_blur,4,radius,3.0,pixels in the decoded source image,sues200_satellite_to_uav_300m,r_at_1,0.6,0.225,0.375,37.5,0.625,62.5
gaussian_blur,4,radius,3.0,pixels in the decoded source image,sues200_satellite_to_uav_300m,r_at_5,0.6875,0.35,0.3375,33.75,0.49090909090909096,49.09090909090909
gaussian_blur,4,radius,3.0,pixels in the decoded source image,sues200_satellite_to_uav_300m,r_at_10,0.75,0.3875,0.3625,36.25,0.48333333333333334,48.333333333333336
gaussian_blur,4,radius,3.0,pixels in the decoded source image,sues200_satellite_to_uav_300m,r_at_20,0.7875,0.425,0.3625,36.25,0.4603174603174603,46.03174603174603
gaussian_blur,4,radius,3.0,pixels in the decoded source image,sues200_satellite_to_uav_300m,official_trapezoid_mAP,0.452476441860199,0.1949308216571808,0.2575456202030182,25.75456202030182,0.5691912249491029,56.91912249491029
gaussian_blur,4,radius,3.0,pixels in the decoded source image,sues200_satellite_to_uav_300m,MRR,0.6475752592086792,0.2783622741699219,0.3692129850387573,36.92129850387573,0.5701468358904359,57.01468358904359
gaussian_blur,5,radius,4.0,pixels in the decoded source image,sues200_uav_150m_to_satellite,r_at_1,0.287,0.15375,0.13324999999999998,13.324999999999998,0.46428571428571425,46.42857142857142
gaussian_blur,5,radius,4.0,pixels in the decoded source image,sues200_uav_150m_to_satellite,r_at_5,0.653,0.4305,0.22250000000000003,22.250000000000004,0.3407350689127106,34.07350689127106
gaussian_blur,5,radius,4.0,pixels in the decoded source image,sues200_uav_150m_to_satellite,r_at_10,0.7945,0.569,0.22550000000000003,22.550000000000004,0.2838263058527376,28.382630585273763
gaussian_blur,5,radius,4.0,pixels in the decoded source image,sues200_uav_150m_to_satellite,r_at_20,0.9105,0.72625,0.18425000000000002,18.425000000000004,0.2023613399231192,20.23613399231192
gaussian_blur,5,radius,4.0,pixels in the decoded source image,sues200_uav_150m_to_satellite,official_trapezoid_mAP,0.3715789318084717,0.22322887182235718,0.1483500599861145,14.83500599861145,0.39924238778580895,39.92423877858089
gaussian_blur,5,radius,4.0,pixels in the decoded source image,sues200_uav_150m_to_satellite,MRR,0.4561578333377838,0.29270777106285095,0.16345006227493286,16.345006227493286,0.358319095561598,35.8319095561598
gaussian_blur,5,radius,4.0,pixels in the decoded source image,sues200_satellite_to_uav_150m,r_at_1,0.475,0.1625,0.3125,31.25,0.6578947368421053,65.78947368421053
gaussian_blur,5,radius,4.0,pixels in the decoded source image,sues200_satellite_to_uav_150m,r_at_5,0.625,0.25,0.375,37.5,0.6,60.0
gaussian_blur,5,radius,4.0,pixels in the decoded source image,sues200_satellite_to_uav_150m,r_at_10,0.7,0.25,0.44999999999999996,44.99999999999999,0.6428571428571428,64.28571428571428
gaussian_blur,5,radius,4.0,pixels in the decoded source image,sues200_satellite_to_uav_150m,r_at_20,0.725,0.2875,0.4375,43.75,0.603448275862069,60.3448275862069
gaussian_blur,5,radius,4.0,pixels in the decoded source image,sues200_satellite_to_uav_150m,official_trapezoid_mAP,0.34278807044029236,0.10810716450214386,0.2346809059381485,23.46809059381485,0.6846239008163669,68.46239008163668
gaussian_blur,5,radius,4.0,pixels in the decoded source image,sues200_satellite_to_uav_150m,MRR,0.5414365530014038,0.19912835955619812,0.3423081934452057,34.23081934452057,0.6322221718272467,63.22221718272467
gaussian_blur,5,radius,4.0,pixels in the decoded source image,sues200_uav_200m_to_satellite,r_at_1,0.3315,0.15025,0.18125000000000002,18.125000000000004,0.5467571644042233,54.67571644042233
gaussian_blur,5,radius,4.0,pixels in the decoded source image,sues200_uav_200m_to_satellite,r_at_5,0.69575,0.427,0.26875,26.875,0.38627380524613725,38.62738052461373
gaussian_blur,5,radius,4.0,pixels in the decoded source image,sues200_uav_200m_to_satellite,r_at_10,0.8245,0.57875,0.24575000000000002,24.575000000000003,0.2980594299575501,29.805942995755007
gaussian_blur,5,radius,4.0,pixels in the decoded source image,sues200_uav_200m_to_satellite,r_at_20,0.92925,0.732,0.19725000000000004,19.725000000000005,0.21226795803066992,21.226795803066995
gaussian_blur,5,radius,4.0,pixels in the decoded source image,sues200_uav_200m_to_satellite,official_trapezoid_mAP,0.4146501421928406,0.22012993693351746,0.19452020525932312,19.452020525932312,0.46911886784994267,46.911886784994266
gaussian_blur,5,radius,4.0,pixels in the decoded source image,sues200_uav_200m_to_satellite,MRR,0.4978003203868866,0.29000988602638245,0.20779043436050415,20.779043436050415,0.4174172370942048,41.74172370942048
gaussian_blur,5,radius,4.0,pixels in the decoded source image,sues200_satellite_to_uav_200m,r_at_1,0.6125,0.175,0.43750000000000006,43.75000000000001,0.7142857142857143,71.42857142857143
gaussian_blur,5,radius,4.0,pixels in the decoded source image,sues200_satellite_to_uav_200m,r_at_5,0.7125,0.2375,0.47500000000000003,47.5,0.6666666666666667,66.66666666666667
gaussian_blur,5,radius,4.0,pixels in the decoded source image,sues200_satellite_to_uav_200m,r_at_10,0.75,0.3125,0.4375,43.75,0.5833333333333334,58.333333333333336
gaussian_blur,5,radius,4.0,pixels in the decoded source image,sues200_satellite_to_uav_200m,r_at_20,0.7875,0.3625,0.425,42.5,0.5396825396825397,53.96825396825397
gaussian_blur,5,radius,4.0,pixels in the decoded source image,sues200_satellite_to_uav_200m,official_trapezoid_mAP,0.402458518743515,0.12260081619024277,0.27985770255327225,27.985770255327225,0.6953703040675958,69.53703040675958
gaussian_blur,5,radius,4.0,pixels in the decoded source image,sues200_satellite_to_uav_200m,MRR,0.6624575257301331,0.21703755855560303,0.44541996717453003,44.541996717453,0.672375133309274,67.2375133309274
gaussian_blur,5,radius,4.0,pixels in the decoded source image,sues200_uav_250m_to_satellite,r_at_1,0.35975,0.1555,0.20425000000000001,20.425,0.5677553856845031,56.775538568450315
gaussian_blur,5,radius,4.0,pixels in the decoded source image,sues200_uav_250m_to_satellite,r_at_5,0.73575,0.42925,0.3065,30.65,0.4165817193340129,41.65817193340129
gaussian_blur,5,radius,4.0,pixels in the decoded source image,sues200_uav_250m_to_satellite,r_at_10,0.86175,0.584,0.27775000000000005,27.775000000000006,0.322309254424137,32.2309254424137
gaussian_blur,5,radius,4.0,pixels in the decoded source image,sues200_uav_250m_to_satellite,r_at_20,0.94375,0.749,0.19474999999999998,19.474999999999998,0.20635761589403973,20.635761589403973
gaussian_blur,5,radius,4.0,pixels in the decoded source image,sues200_uav_250m_to_satellite,official_trapezoid_mAP,0.4443421959877014,0.22381636500358582,0.2205258309841156,22.05258309841156,0.4962972973879333,49.62972973879333
gaussian_blur,5,radius,4.0,pixels in the decoded source image,sues200_uav_250m_to_satellite,MRR,0.5289343595504761,0.29213273525238037,0.2368016242980957,23.68016242980957,0.4476956734278817,44.76956734278817
gaussian_blur,5,radius,4.0,pixels in the decoded source image,sues200_satellite_to_uav_250m,r_at_1,0.6,0.175,0.425,42.5,0.7083333333333334,70.83333333333334
gaussian_blur,5,radius,4.0,pixels in the decoded source image,sues200_satellite_to_uav_250m,r_at_5,0.7375,0.2625,0.47500000000000003,47.5,0.6440677966101696,64.40677966101694
gaussian_blur,5,radius,4.0,pixels in the decoded source image,sues200_satellite_to_uav_250m,r_at_10,0.7625,0.3,0.46249999999999997,46.25,0.6065573770491803,60.65573770491804
gaussian_blur,5,radius,4.0,pixels in the decoded source image,sues200_satellite_to_uav_250m,r_at_20,0.7875,0.3625,0.425,42.5,0.5396825396825397,53.96825396825397
gaussian_blur,5,radius,4.0,pixels in the decoded source image,sues200_satellite_to_uav_250m,official_trapezoid_mAP,0.4399527907371521,0.13132897019386292,0.3086238205432892,30.86238205432892,0.7014930398013435,70.14930398013435
gaussian_blur,5,radius,4.0,pixels in the decoded source image,sues200_satellite_to_uav_250m,MRR,0.6658704876899719,0.224512979388237,0.4413575083017349,44.13575083017349,0.6628278568598015,66.28278568598014
gaussian_blur,5,radius,4.0,pixels in the decoded source image,sues200_uav_300m_to_satellite,r_at_1,0.38775,0.13525,0.25249999999999995,25.249999999999993,0.6511927788523532,65.11927788523532
gaussian_blur,5,radius,4.0,pixels in the decoded source image,sues200_uav_300m_to_satellite,r_at_5,0.751,0.423,0.328,32.800000000000004,0.4367509986684421,43.675099866844214
gaussian_blur,5,radius,4.0,pixels in the decoded source image,sues200_uav_300m_to_satellite,r_at_10,0.88125,0.58,0.30125,30.125,0.3418439716312057,34.184397163120565
gaussian_blur,5,radius,4.0,pixels in the decoded source image,sues200_uav_300m_to_satellite,r_at_20,0.95925,0.74525,0.21400000000000008,21.40000000000001,0.22309095647641394,22.309095647641396
gaussian_blur,5,radius,4.0,pixels in the decoded source image,sues200_uav_300m_to_satellite,official_trapezoid_mAP,0.4710761606693268,0.20622941851615906,0.2648467421531677,26.484674215316772,0.5622163978259083,56.22163978259083
gaussian_blur,5,radius,4.0,pixels in the decoded source image,sues200_uav_300m_to_satellite,MRR,0.5544023513793945,0.2772088348865509,0.27719351649284363,27.719351649284363,0.4999861847684546,49.99861847684546
gaussian_blur,5,radius,4.0,pixels in the decoded source image,sues200_satellite_to_uav_300m,r_at_1,0.6,0.1875,0.4125,41.25,0.6875,68.75
gaussian_blur,5,radius,4.0,pixels in the decoded source image,sues200_satellite_to_uav_300m,r_at_5,0.6875,0.2625,0.425,42.5,0.6181818181818182,61.81818181818182
gaussian_blur,5,radius,4.0,pixels in the decoded source image,sues200_satellite_to_uav_300m,r_at_10,0.75,0.3125,0.4375,43.75,0.5833333333333334,58.333333333333336
gaussian_blur,5,radius,4.0,pixels in the decoded source image,sues200_satellite_to_uav_300m,r_at_20,0.7875,0.375,0.4125,41.25,0.5238095238095238,52.38095238095238
gaussian_blur,5,radius,4.0,pixels in the decoded source image,sues200_satellite_to_uav_300m,official_trapezoid_mAP,0.452476441860199,0.15242619812488556,0.3000502437353134,30.00502437353134,0.6631289852390139,66.3128985239014
gaussian_blur,5,radius,4.0,pixels in the decoded source image,sues200_satellite_to_uav_300m,MRR,0.6475752592086792,0.2300175130367279,0.4175577461719513,41.75577461719513,0.6448018824594942,64.48018824594942
brightness,1,factor,0.8,multiplicative Pillow brightness factor,sues200_uav_150m_to_satellite,r_at_1,0.287,0.2995,-0.012500000000000011,-1.250000000000001,-0.04355400696864116,-4.355400696864116
brightness,1,factor,0.8,multiplicative Pillow brightness factor,sues200_uav_150m_to_satellite,r_at_5,0.653,0.6605,-0.007499999999999951,-0.7499999999999951,-0.011485451761102529,-1.1485451761102528
brightness,1,factor,0.8,multiplicative Pillow brightness factor,sues200_uav_150m_to_satellite,r_at_10,0.7945,0.80375,-0.00924999999999998,-0.924999999999998,-0.011642542479546861,-1.164254247954686
brightness,1,factor,0.8,multiplicative Pillow brightness factor,sues200_uav_150m_to_satellite,r_at_20,0.9105,0.91475,-0.004249999999999976,-0.4249999999999976,-0.0046677649643053,-0.46677649643053004
brightness,1,factor,0.8,multiplicative Pillow brightness factor,sues200_uav_150m_to_satellite,official_trapezoid_mAP,0.3715789318084717,0.38234463334083557,-0.010765701532363892,-1.0765701532363892,-0.02897285236266574,-2.8972852362665744
brightness,1,factor,0.8,multiplicative Pillow brightness factor,sues200_uav_150m_to_satellite,MRR,0.4561578333377838,0.4651893079280853,-0.009031474590301514,-0.9031474590301514,-0.019799012381781743,-1.9799012381781742
brightness,1,factor,0.8,multiplicative Pillow brightness factor,sues200_satellite_to_uav_150m,r_at_1,0.475,0.4375,0.03749999999999998,3.749999999999998,0.07894736842105259,7.894736842105259
brightness,1,factor,0.8,multiplicative Pillow brightness factor,sues200_satellite_to_uav_150m,r_at_5,0.625,0.625,0.0,0.0,0.0,0.0
brightness,1,factor,0.8,multiplicative Pillow brightness factor,sues200_satellite_to_uav_150m,r_at_10,0.7,0.6875,0.012499999999999956,1.2499999999999956,0.017857142857142794,1.7857142857142796
brightness,1,factor,0.8,multiplicative Pillow brightness factor,sues200_satellite_to_uav_150m,r_at_20,0.725,0.725,0.0,0.0,0.0,0.0
brightness,1,factor,0.8,multiplicative Pillow brightness factor,sues200_satellite_to_uav_150m,official_trapezoid_mAP,0.34278807044029236,0.32545000314712524,0.017338067293167114,1.7338067293167114,0.050579552756597757,5.057955275659776
brightness,1,factor,0.8,multiplicative Pillow brightness factor,sues200_satellite_to_uav_150m,MRR,0.5414365530014038,0.5203322172164917,0.02110433578491211,2.110433578491211,0.03897840969162899,3.897840969162899
brightness,1,factor,0.8,multiplicative Pillow brightness factor,sues200_uav_200m_to_satellite,r_at_1,0.3315,0.33975,-0.00824999999999998,-0.824999999999998,-0.024886877828054235,-2.4886877828054237
brightness,1,factor,0.8,multiplicative Pillow brightness factor,sues200_uav_200m_to_satellite,r_at_5,0.69575,0.70225,-0.006500000000000061,-0.6500000000000061,-0.009342436219906663,-0.9342436219906664
brightness,1,factor,0.8,multiplicative Pillow brightness factor,sues200_uav_200m_to_satellite,r_at_10,0.8245,0.8305,-0.006000000000000005,-0.6000000000000005,-0.0072771376591873925,-0.7277137659187393
brightness,1,factor,0.8,multiplicative Pillow brightness factor,sues200_uav_200m_to_satellite,r_at_20,0.92925,0.9365,-0.007249999999999979,-0.7249999999999979,-0.007801990852838287,-0.7801990852838288
brightness,1,factor,0.8,multiplicative Pillow brightness factor,sues200_uav_200m_to_satellite,official_trapezoid_mAP,0.4146501421928406,0.4229740500450134,-0.008323907852172852,-0.8323907852172852,-0.020074532732950727,-2.0074532732950727
brightness,1,factor,0.8,multiplicative Pillow brightness factor,sues200_uav_200m_to_satellite,MRR,0.4978003203868866,0.5061981678009033,-0.008397847414016724,-0.8397847414016724,-0.016869911629405904,-1.6869911629405905
brightness,1,factor,0.8,multiplicative Pillow brightness factor,sues200_satellite_to_uav_200m,r_at_1,0.6125,0.525,0.08750000000000002,8.750000000000002,0.14285714285714288,14.285714285714288
brightness,1,factor,0.8,multiplicative Pillow brightness factor,sues200_satellite_to_uav_200m,r_at_5,0.7125,0.65,0.0625,6.25,0.08771929824561403,8.771929824561402
brightness,1,factor,0.8,multiplicative Pillow brightness factor,sues200_satellite_to_uav_200m,r_at_10,0.75,0.6875,0.0625,6.25,0.08333333333333333,8.333333333333334
brightness,1,factor,0.8,multiplicative Pillow brightness factor,sues200_satellite_to_uav_200m,r_at_20,0.7875,0.725,0.0625,6.25,0.07936507936507936,7.936507936507937
brightness,1,factor,0.8,multiplicative Pillow brightness factor,sues200_satellite_to_uav_200m,official_trapezoid_mAP,0.402458518743515,0.3739212155342102,0.02853730320930481,2.853730320930481,0.0709074398484568,7.090743984845679
brightness,1,factor,0.8,multiplicative Pillow brightness factor,sues200_satellite_to_uav_200m,MRR,0.6624575257301331,0.5841960906982422,0.07826143503189087,7.826143503189087,0.11813804205127623,11.813804205127624
brightness,1,factor,0.8,multiplicative Pillow brightness factor,sues200_uav_250m_to_satellite,r_at_1,0.35975,0.3835,-0.023749999999999993,-2.374999999999999,-0.06601806810284917,-6.601806810284917
brightness,1,factor,0.8,multiplicative Pillow brightness factor,sues200_uav_250m_to_satellite,r_at_5,0.73575,0.74675,-0.01100000000000001,-1.100000000000001,-0.014950730547060835,-1.4950730547060835
brightness,1,factor,0.8,multiplicative Pillow brightness factor,sues200_uav_250m_to_satellite,r_at_10,0.86175,0.86675,-0.0050000000000000044,-0.5000000000000004,-0.005802146794313901,-0.5802146794313902
brightness,1,factor,0.8,multiplicative Pillow brightness factor,sues200_uav_250m_to_satellite,r_at_20,0.94375,0.9505,-0.006750000000000034,-0.6750000000000034,-0.0071523178807947375,-0.7152317880794737
brightness,1,factor,0.8,multiplicative Pillow brightness factor,sues200_uav_250m_to_satellite,official_trapezoid_mAP,0.4443421959877014,0.4656904637813568,-0.021348267793655396,-2.1348267793655396,-0.048044655642486576,-4.804465564248658
brightness,1,factor,0.8,multiplicative Pillow brightness factor,sues200_uav_250m_to_satellite,MRR,0.5289343595504761,0.5478809475898743,-0.018946588039398193,-1.8946588039398193,-0.035820301134341655,-3.582030113434165
brightness,1,factor,0.8,multiplicative Pillow brightness factor,sues200_satellite_to_uav_250m,r_at_1,0.6,0.5625,0.03749999999999998,3.749999999999998,0.062499999999999965,6.2499999999999964
brightness,1,factor,0.8,multiplicative Pillow brightness factor,sues200_satellite_to_uav_250m,r_at_5,0.7375,0.6875,0.050000000000000044,5.000000000000004,0.06779661016949158,6.7796610169491585
brightness,1,factor,0.8,multiplicative Pillow brightness factor,sues200_satellite_to_uav_250m,r_at_10,0.7625,0.7125,0.04999999999999993,4.999999999999993,0.0655737704918032,6.557377049180319
brightness,1,factor,0.8,multiplicative Pillow brightness factor,sues200_satellite_to_uav_250m,r_at_20,0.7875,0.7625,0.025000000000000022,2.500000000000002,0.03174603174603177,3.1746031746031775
brightness,1,factor,0.8,multiplicative Pillow brightness factor,sues200_satellite_to_uav_250m,official_trapezoid_mAP,0.4399527907371521,0.4064158499240875,0.033536940813064575,3.3536940813064575,0.07622849887341906,7.622849887341907
brightness,1,factor,0.8,multiplicative Pillow brightness factor,sues200_satellite_to_uav_250m,MRR,0.6658704876899719,0.6210811734199524,0.04478931427001953,4.478931427001953,0.06726430304097417,6.726430304097417
brightness,1,factor,0.8,multiplicative Pillow brightness factor,sues200_uav_300m_to_satellite,r_at_1,0.38775,0.39625,-0.008500000000000008,-0.8500000000000008,-0.02192134107027726,-2.192134107027726
brightness,1,factor,0.8,multiplicative Pillow brightness factor,sues200_uav_300m_to_satellite,r_at_5,0.751,0.76375,-0.012750000000000039,-1.275000000000004,-0.016977363515312968,-1.6977363515312969
brightness,1,factor,0.8,multiplicative Pillow brightness factor,sues200_uav_300m_to_satellite,r_at_10,0.88125,0.8835,-0.0022499999999999742,-0.22499999999999742,-0.002553191489361673,-0.2553191489361673
brightness,1,factor,0.8,multiplicative Pillow brightness factor,sues200_uav_300m_to_satellite,r_at_20,0.95925,0.9635,-0.004249999999999976,-0.4249999999999976,-0.004430544696377353,-0.4430544696377353
brightness,1,factor,0.8,multiplicative Pillow brightness factor,sues200_uav_300m_to_satellite,official_trapezoid_mAP,0.4710761606693268,0.47946950793266296,-0.008393347263336182,-0.8393347263336182,-0.017817389127504406,-1.7817389127504406
brightness,1,factor,0.8,multiplicative Pillow brightness factor,sues200_uav_300m_to_satellite,MRR,0.5544023513793945,0.5626890659332275,-0.008286714553833008,-0.8286714553833008,-0.014947112928390441,-1.494711292839044
brightness,1,factor,0.8,multiplicative Pillow brightness factor,sues200_satellite_to_uav_300m,r_at_1,0.6,0.575,0.025000000000000022,2.500000000000002,0.041666666666666706,4.1666666666666705
brightness,1,factor,0.8,multiplicative Pillow brightness factor,sues200_satellite_to_uav_300m,r_at_5,0.6875,0.7125,-0.025000000000000022,-2.500000000000002,-0.0363636363636364,-3.63636363636364
brightness,1,factor,0.8,multiplicative Pillow brightness factor,sues200_satellite_to_uav_300m,r_at_10,0.75,0.7375,0.012499999999999956,1.2499999999999956,0.016666666666666607,1.6666666666666607
brightness,1,factor,0.8,multiplicative Pillow brightness factor,sues200_satellite_to_uav_300m,r_at_20,0.7875,0.7625,0.025000000000000022,2.500000000000002,0.03174603174603177,3.1746031746031775
brightness,1,factor,0.8,multiplicative Pillow brightness factor,sues200_satellite_to_uav_300m,official_trapezoid_mAP,0.452476441860199,0.40982335805892944,0.04265308380126953,4.265308380126953,0.09426586636403934,9.426586636403934
brightness,1,factor,0.8,multiplicative Pillow brightness factor,sues200_satellite_to_uav_300m,MRR,0.6475752592086792,0.6293169856071472,0.018258273601531982,1.8258273601531982,0.028194828851002024,2.8194828851002023
brightness,2,factor,0.65,multiplicative Pillow brightness factor,sues200_uav_150m_to_satellite,r_at_1,0.287,0.30425,-0.017250000000000043,-1.7250000000000043,-0.06010452961672489,-6.010452961672489
brightness,2,factor,0.65,multiplicative Pillow brightness factor,sues200_uav_150m_to_satellite,r_at_5,0.653,0.65625,-0.003249999999999975,-0.3249999999999975,-0.004977029096477756,-0.49770290964777564
brightness,2,factor,0.65,multiplicative Pillow brightness factor,sues200_uav_150m_to_satellite,r_at_10,0.7945,0.806,-0.011500000000000066,-1.1500000000000066,-0.014474512271869184,-1.4474512271869182
brightness,2,factor,0.65,multiplicative Pillow brightness factor,sues200_uav_150m_to_satellite,r_at_20,0.9105,0.9225,-0.01200000000000001,-1.200000000000001,-0.013179571663920935,-1.3179571663920935
brightness,2,factor,0.65,multiplicative Pillow brightness factor,sues200_uav_150m_to_satellite,official_trapezoid_mAP,0.3715789318084717,0.385823130607605,-0.0142441987991333,-1.42441987991333,-0.038334247665245444,-3.8334247665245442
brightness,2,factor,0.65,multiplicative Pillow brightness factor,sues200_uav_150m_to_satellite,MRR,0.4561578333377838,0.4673962891101837,-0.011238455772399902,-1.1238455772399902,-0.02463720877084632,-2.4637208770846324
brightness,2,factor,0.65,multiplicative Pillow brightness factor,sues200_satellite_to_uav_150m,r_at_1,0.475,0.4,0.07499999999999996,7.499999999999996,0.15789473684210517,15.789473684210519
brightness,2,factor,0.65,multiplicative Pillow brightness factor,sues200_satellite_to_uav_150m,r_at_5,0.625,0.4875,0.1375,13.750000000000002,0.22000000000000003,22.000000000000004
brightness,2,factor,0.65,multiplicative Pillow brightness factor,sues200_satellite_to_uav_150m,r_at_10,0.7,0.6125,0.08749999999999991,8.749999999999991,0.12499999999999988,12.499999999999988
brightness,2,factor,0.65,multiplicative Pillow brightness factor,sues200_satellite_to_uav_150m,r_at_20,0.725,0.7,0.025000000000000022,2.500000000000002,0.03448275862068969,3.448275862068969
brightness,2,factor,0.65,multiplicative Pillow brightness factor,sues200_satellite_to_uav_150m,official_trapezoid_mAP,0.34278807044029236,0.29282885789871216,0.0499592125415802,4.99592125415802,0.14574373162231213,14.574373162231215
brightness,2,factor,0.65,multiplicative Pillow brightness factor,sues200_satellite_to_uav_150m,MRR,0.5414365530014038,0.4628753662109375,0.07856118679046631,7.856118679046631,0.14509767830592446,14.509767830592446
brightness,2,factor,0.65,multiplicative Pillow brightness factor,sues200_uav_200m_to_satellite,r_at_1,0.3315,0.3465,-0.014999999999999958,-1.4999999999999958,-0.04524886877828041,-4.524886877828042
brightness,2,factor,0.65,multiplicative Pillow brightness factor,sues200_uav_200m_to_satellite,r_at_5,0.69575,0.70725,-0.011500000000000066,-1.1500000000000066,-0.016528925619834805,-1.6528925619834807
brightness,2,factor,0.65,multiplicative Pillow brightness factor,sues200_uav_200m_to_satellite,r_at_10,0.8245,0.83975,-0.015249999999999986,-1.5249999999999986,-0.018496058217101256,-1.8496058217101257
brightness,2,factor,0.65,multiplicative Pillow brightness factor,sues200_uav_200m_to_satellite,r_at_20,0.92925,0.93675,-0.007499999999999951,-0.7499999999999951,-0.00807102502017751,-0.807102502017751
brightness,2,factor,0.65,multiplicative Pillow brightness factor,sues200_uav_200m_to_satellite,official_trapezoid_mAP,0.4146501421928406,0.4283004403114319,-0.013650298118591309,-1.3650298118591309,-0.032920037230429765,-3.292003723042977
brightness,2,factor,0.65,multiplicative Pillow brightness factor,sues200_uav_200m_to_satellite,MRR,0.4978003203868866,0.5101009011268616,-0.012300580739974976,-1.2300580739974976,-0.024709869070423777,-2.4709869070423776
brightness,2,factor,0.65,multiplicative Pillow brightness factor,sues200_satellite_to_uav_200m,r_at_1,0.6125,0.475,0.13750000000000007,13.750000000000007,0.22448979591836743,22.448979591836746
brightness,2,factor,0.65,multiplicative Pillow brightness factor,sues200_satellite_to_uav_200m,r_at_5,0.7125,0.575,0.13750000000000007,13.750000000000007,0.19298245614035098,19.298245614035096
brightness,2,factor,0.65,multiplicative Pillow brightness factor,sues200_satellite_to_uav_200m,r_at_10,0.75,0.65,0.09999999999999998,9.999999999999998,0.1333333333333333,13.33333333333333
brightness,2,factor,0.65,multiplicative Pillow brightness factor,sues200_satellite_to_uav_200m,r_at_20,0.7875,0.7375,0.04999999999999993,4.999999999999993,0.0634920634920634,6.34920634920634
brightness,2,factor,0.65,multiplicative Pillow brightness factor,sues200_satellite_to_uav_200m,official_trapezoid_mAP,0.402458518743515,0.3393338620662689,0.0631246566772461,6.312465667724609,0.15684760972217152,15.684760972217152
brightness,2,factor,0.65,multiplicative Pillow brightness factor,sues200_satellite_to_uav_200m,MRR,0.6624575257301331,0.5305513739585876,0.1319061517715454,13.190615177154541,0.1991163910866043,19.91163910866043
brightness,2,factor,0.65,multiplicative Pillow brightness factor,sues200_uav_250m_to_satellite,r_at_1,0.35975,0.381,-0.02124999999999999,-2.124999999999999,-0.059068797776233466,-5.906879777623347
brightness,2,factor,0.65,multiplicative Pillow brightness factor,sues200_uav_250m_to_satellite,r_at_5,0.73575,0.75225,-0.01649999999999996,-1.649999999999996,-0.02242609582059118,-2.2426095820591176
brightness,2,factor,0.65,multiplicative Pillow brightness factor,sues200_uav_250m_to_satellite,r_at_10,0.86175,0.86825,-0.00649999999999995,-0.649999999999995,-0.0075427908326080075,-0.7542790832608007
brightness,2,factor,0.65,multiplicative Pillow brightness factor,sues200_uav_250m_to_satellite,r_at_20,0.94375,0.95,-0.006249999999999978,-0.6249999999999978,-0.006622516556291367,-0.6622516556291367
brightness,2,factor,0.65,multiplicative Pillow brightness factor,sues200_uav_250m_to_satellite,official_trapezoid_mAP,0.4443421959877014,0.46529620885849,-0.020954012870788574,-2.0954012870788574,-0.04715737793979067,-4.715737793979067
brightness,2,factor,0.65,multiplicative Pillow brightness factor,sues200_uav_250m_to_satellite,MRR,0.5289343595504761,0.5495924353599548,-0.02065807580947876,-2.065807580947876,-0.03905602923401569,-3.905602923401569
brightness,2,factor,0.65,multiplicative Pillow brightness factor,sues200_satellite_to_uav_250m,r_at_1,0.6,0.5125,0.08750000000000002,8.750000000000002,0.14583333333333337,14.583333333333337
brightness,2,factor,0.65,multiplicative Pillow brightness factor,sues200_satellite_to_uav_250m,r_at_5,0.7375,0.625,0.11250000000000004,11.250000000000004,0.15254237288135597,15.254237288135597
brightness,2,factor,0.65,multiplicative Pillow brightness factor,sues200_satellite_to_uav_250m,r_at_10,0.7625,0.675,0.08749999999999991,8.749999999999991,0.11475409836065563,11.475409836065563
brightness,2,factor,0.65,multiplicative Pillow brightness factor,sues200_satellite_to_uav_250m,r_at_20,0.7875,0.7125,0.07499999999999996,7.499999999999996,0.09523809523809519,9.523809523809518
brightness,2,factor,0.65,multiplicative Pillow brightness factor,sues200_satellite_to_uav_250m,official_trapezoid_mAP,0.4399527907371521,0.36388954520225525,0.07606324553489685,7.606324553489685,0.17288956255386162,17.28895625538616
brightness,2,factor,0.65,multiplicative Pillow brightness factor,sues200_satellite_to_uav_250m,MRR,0.6658704876899719,0.5738123655319214,0.09205812215805054,9.205812215805054,0.1382522935915319,13.825229359153191
brightness,2,factor,0.65,multiplicative Pillow brightness factor,sues200_uav_300m_to_satellite,r_at_1,0.38775,0.39,-0.0022500000000000298,-0.22500000000000298,-0.005802707930367581,-0.5802707930367582
brightness,2,factor,0.65,multiplicative Pillow brightness factor,sues200_uav_300m_to_satellite,r_at_5,0.751,0.76325,-0.012249999999999983,-1.2249999999999983,-0.016311584553928074,-1.6311584553928073
brightness,2,factor,0.65,multiplicative Pillow brightness factor,sues200_uav_300m_to_satellite,r_at_10,0.88125,0.88325,-0.0020000000000000018,-0.20000000000000018,-0.002269503546099293,-0.2269503546099293
brightness,2,factor,0.65,multiplicative Pillow brightness factor,sues200_uav_300m_to_satellite,r_at_20,0.95925,0.9585,0.0007500000000000284,0.07500000000000284,0.0007818608287725081,0.0781860828772508
brightness,2,factor,0.65,multiplicative Pillow brightness factor,sues200_uav_300m_to_satellite,official_trapezoid_mAP,0.4710761606693268,0.4741094410419464,-0.003033280372619629,-0.3033280372619629,-0.006439044523734345,-0.6439044523734345
brightness,2,factor,0.65,multiplicative Pillow brightness factor,sues200_uav_300m_to_satellite,MRR,0.5544023513793945,0.5582188963890076,-0.003816545009613037,-0.3816545009613037,-0.006884070747746988,-0.6884070747746989
brightness,2,factor,0.65,multiplicative Pillow brightness factor,sues200_satellite_to_uav_300m,r_at_1,0.6,0.4875,0.11249999999999999,11.249999999999998,0.1875,18.749999999999996
brightness,2,factor,0.65,multiplicative Pillow brightness factor,sues200_satellite_to_uav_300m,r_at_5,0.6875,0.6125,0.07499999999999996,7.499999999999996,0.10909090909090903,10.909090909090903
brightness,2,factor,0.65,multiplicative Pillow brightness factor,sues200_satellite_to_uav_300m,r_at_10,0.75,0.675,0.07499999999999996,7.499999999999996,0.09999999999999994,9.999999999999995
brightness,2,factor,0.65,multiplicative Pillow brightness factor,sues200_satellite_to_uav_300m,r_at_20,0.7875,0.75,0.03749999999999998,3.749999999999998,0.047619047619047596,4.761904761904759
brightness,2,factor,0.65,multiplicative Pillow brightness factor,sues200_satellite_to_uav_300m,official_trapezoid_mAP,0.452476441860199,0.3684932589530945,0.08398318290710449,8.39831829071045,0.1856078574209012,18.56078574209012
brightness,2,factor,0.65,multiplicative Pillow brightness factor,sues200_satellite_to_uav_300m,MRR,0.6475752592086792,0.5575620532035828,0.09001320600509644,9.001320600509644,0.13900037829593787,13.900037829593787
brightness,3,factor,0.5,multiplicative Pillow brightness factor,sues200_uav_150m_to_satellite,r_at_1,0.287,0.304,-0.017000000000000015,-1.7000000000000015,-0.05923344947735197,-5.923344947735197
brightness,3,factor,0.5,multiplicative Pillow brightness factor,sues200_uav_150m_to_satellite,r_at_5,0.653,0.643,0.010000000000000009,1.0000000000000009,0.01531393568147015,1.531393568147015
brightness,3,factor,0.5,multiplicative Pillow brightness factor,sues200_uav_150m_to_satellite,r_at_10,0.7945,0.80125,-0.006750000000000034,-0.6750000000000034,-0.008495909376966688,-0.8495909376966688
brightness,3,factor,0.5,multiplicative Pillow brightness factor,sues200_uav_150m_to_satellite,r_at_20,0.9105,0.91725,-0.006750000000000034,-0.6750000000000034,-0.007413509060955556,-0.7413509060955557
brightness,3,factor,0.5,multiplicative Pillow brightness factor,sues200_uav_150m_to_satellite,official_trapezoid_mAP,0.3715789318084717,0.38406527042388916,-0.01248633861541748,-1.248633861541748,-0.03360346227017385,-3.360346227017385
brightness,3,factor,0.5,multiplicative Pillow brightness factor,sues200_uav_150m_to_satellite,MRR,0.4561578333377838,0.46413055062294006,-0.00797271728515625,-0.797271728515625,-0.017477979555494055,-1.7477979555494054
brightness,3,factor,0.5,multiplicative Pillow brightness factor,sues200_satellite_to_uav_150m,r_at_1,0.475,0.3875,0.08749999999999997,8.749999999999996,0.1842105263157894,18.42105263157894
brightness,3,factor,0.5,multiplicative Pillow brightness factor,sues200_satellite_to_uav_150m,r_at_5,0.625,0.5,0.125,12.5,0.2,20.0
brightness,3,factor,0.5,multiplicative Pillow brightness factor,sues200_satellite_to_uav_150m,r_at_10,0.7,0.625,0.07499999999999996,7.499999999999996,0.10714285714285708,10.714285714285708
brightness,3,factor,0.5,multiplicative Pillow brightness factor,sues200_satellite_to_uav_150m,r_at_20,0.725,0.725,0.0,0.0,0.0,0.0
brightness,3,factor,0.5,multiplicative Pillow brightness factor,sues200_satellite_to_uav_150m,official_trapezoid_mAP,0.34278807044029236,0.26234063506126404,0.08044743537902832,8.044743537902832,0.23468563324183958,23.468563324183958
brightness,3,factor,0.5,multiplicative Pillow brightness factor,sues200_satellite_to_uav_150m,MRR,0.5414365530014038,0.4504518508911133,0.09098470211029053,9.098470211029053,0.16804314671021967,16.804314671021967
brightness,3,factor,0.5,multiplicative Pillow brightness factor,sues200_uav_200m_to_satellite,r_at_1,0.3315,0.3465,-0.014999999999999958,-1.4999999999999958,-0.04524886877828041,-4.524886877828042
brightness,3,factor,0.5,multiplicative Pillow brightness factor,sues200_uav_200m_to_satellite,r_at_5,0.69575,0.70175,-0.006000000000000005,-0.6000000000000005,-0.00862378727991377,-0.862378727991377
brightness,3,factor,0.5,multiplicative Pillow brightness factor,sues200_uav_200m_to_satellite,r_at_10,0.8245,0.83625,-0.011750000000000038,-1.1750000000000038,-0.014251061249242011,-1.4251061249242012
brightness,3,factor,0.5,multiplicative Pillow brightness factor,sues200_uav_200m_to_satellite,r_at_20,0.92925,0.935,-0.005750000000000033,-0.5750000000000033,-0.006187785848802833,-0.6187785848802834
brightness,3,factor,0.5,multiplicative Pillow brightness factor,sues200_uav_200m_to_satellite,official_trapezoid_mAP,0.4146501421928406,0.42685675621032715,-0.012206614017486572,-1.2206614017486572,-0.02943834518645761,-2.9438345186457613
brightness,3,factor,0.5,multiplicative Pillow brightness factor,sues200_uav_200m_to_satellite,MRR,0.4978003203868866,0.5072134733200073,-0.009413152933120728,-0.9413152933120728,-0.018909495529864057,-1.8909495529864058
brightness,3,factor,0.5,multiplicative Pillow brightness factor,sues200_satellite_to_uav_200m,r_at_1,0.6125,0.4125,0.20000000000000007,20.000000000000007,0.32653061224489804,32.653061224489804
brightness,3,factor,0.5,multiplicative Pillow brightness factor,sues200_satellite_to_uav_200m,r_at_5,0.7125,0.5625,0.15000000000000002,15.000000000000002,0.2105263157894737,21.05263157894737
brightness,3,factor,0.5,multiplicative Pillow brightness factor,sues200_satellite_to_uav_200m,r_at_10,0.75,0.65,0.09999999999999998,9.999999999999998,0.1333333333333333,13.33333333333333
brightness,3,factor,0.5,multiplicative Pillow brightness factor,sues200_satellite_to_uav_200m,r_at_20,0.7875,0.725,0.0625,6.25,0.07936507936507936,7.936507936507937
brightness,3,factor,0.5,multiplicative Pillow brightness factor,sues200_satellite_to_uav_200m,official_trapezoid_mAP,0.402458518743515,0.30614179372787476,0.09631672501564026,9.631672501564026,0.23932087539442162,23.93208753944216
brightness,3,factor,0.5,multiplicative Pillow brightness factor,sues200_satellite_to_uav_200m,MRR,0.6624575257301331,0.49396172165870667,0.1684958040714264,16.84958040714264,0.2543495960525429,25.434959605254292
brightness,3,factor,0.5,multiplicative Pillow brightness factor,sues200_uav_250m_to_satellite,r_at_1,0.35975,0.367,-0.007249999999999979,-0.7249999999999979,-0.020152883947185486,-2.0152883947185485
brightness,3,factor,0.5,multiplicative Pillow brightness factor,sues200_uav_250m_to_satellite,r_at_5,0.73575,0.749,-0.013249999999999984,-1.3249999999999984,-0.018008834522595968,-1.800883452259597
brightness,3,factor,0.5,multiplicative Pillow brightness factor,sues200_uav_250m_to_satellite,r_at_10,0.86175,0.862,-0.00024999999999997247,-0.024999999999997247,-0.00029010733971566283,-0.029010733971566286
brightness,3,factor,0.5,multiplicative Pillow brightness factor,sues200_uav_250m_to_satellite,r_at_20,0.94375,0.93875,0.0050000000000000044,0.5000000000000004,0.005298013245033118,0.5298013245033117
brightness,3,factor,0.5,multiplicative Pillow brightness factor,sues200_uav_250m_to_satellite,official_trapezoid_mAP,0.4443421959877014,0.45237383246421814,-0.008031636476516724,-0.8031636476516724,-0.0180753404674154,-1.80753404674154
brightness,3,factor,0.5,multiplicative Pillow brightness factor,sues200_uav_250m_to_satellite,MRR,0.5289343595504761,0.5377476811408997,-0.008813321590423584,-0.8813321590423584,-0.016662410810131027,-1.6662410810131028
brightness,3,factor,0.5,multiplicative Pillow brightness factor,sues200_satellite_to_uav_250m,r_at_1,0.6,0.425,0.175,17.5,0.2916666666666667,29.166666666666668
brightness,3,factor,0.5,multiplicative Pillow brightness factor,sues200_satellite_to_uav_250m,r_at_5,0.7375,0.5625,0.17500000000000004,17.500000000000004,0.23728813559322037,23.728813559322038
brightness,3,factor,0.5,multiplicative Pillow brightness factor,sues200_satellite_to_uav_250m,r_at_10,0.7625,0.6,0.16249999999999998,16.249999999999996,0.21311475409836064,21.311475409836063
brightness,3,factor,0.5,multiplicative Pillow brightness factor,sues200_satellite_to_uav_250m,r_at_20,0.7875,0.6875,0.09999999999999998,9.999999999999998,0.12698412698412695,12.698412698412696
brightness,3,factor,0.5,multiplicative Pillow brightness factor,sues200_satellite_to_uav_250m,official_trapezoid_mAP,0.4399527907371521,0.3233519196510315,0.1166008710861206,11.66008710861206,0.26503041585610326,26.50304158561033
brightness,3,factor,0.5,multiplicative Pillow brightness factor,sues200_satellite_to_uav_250m,MRR,0.6658704876899719,0.48477068543434143,0.1810998022556305,18.10998022556305,0.2719745139687738,27.19745139687738
brightness,3,factor,0.5,multiplicative Pillow brightness factor,sues200_uav_300m_to_satellite,r_at_1,0.38775,0.3735,0.014249999999999985,1.4249999999999985,0.03675048355899416,3.675048355899416
brightness,3,factor,0.5,multiplicative Pillow brightness factor,sues200_uav_300m_to_satellite,r_at_5,0.751,0.7475,0.0034999999999999476,0.34999999999999476,0.004660452729693672,0.4660452729693672
brightness,3,factor,0.5,multiplicative Pillow brightness factor,sues200_uav_300m_to_satellite,r_at_10,0.88125,0.86825,0.013000000000000012,1.3000000000000012,0.014751773049645403,1.4751773049645402
brightness,3,factor,0.5,multiplicative Pillow brightness factor,sues200_uav_300m_to_satellite,r_at_20,0.95925,0.94775,0.011500000000000066,1.1500000000000066,0.011988532707844739,1.198853270784474
brightness,3,factor,0.5,multiplicative Pillow brightness factor,sues200_uav_300m_to_satellite,official_trapezoid_mAP,0.4710761606693268,0.4580463767051697,0.013029783964157104,1.3029783964157104,0.027659612292084117,2.7659612292084117
brightness,3,factor,0.5,multiplicative Pillow brightness factor,sues200_uav_300m_to_satellite,MRR,0.5544023513793945,0.5425927639007568,0.011809587478637695,1.1809587478637695,0.02130147437011145,2.130147437011145
brightness,3,factor,0.5,multiplicative Pillow brightness factor,sues200_satellite_to_uav_300m,r_at_1,0.6,0.4,0.19999999999999996,19.999999999999996,0.33333333333333326,33.33333333333333
brightness,3,factor,0.5,multiplicative Pillow brightness factor,sues200_satellite_to_uav_300m,r_at_5,0.6875,0.5375,0.15000000000000002,15.000000000000002,0.21818181818181823,21.81818181818182
brightness,3,factor,0.5,multiplicative Pillow brightness factor,sues200_satellite_to_uav_300m,r_at_10,0.75,0.5875,0.16249999999999998,16.249999999999996,0.21666666666666665,21.66666666666666
brightness,3,factor,0.5,multiplicative Pillow brightness factor,sues200_satellite_to_uav_300m,r_at_20,0.7875,0.675,0.11249999999999993,11.249999999999993,0.14285714285714277,14.285714285714278
brightness,3,factor,0.5,multiplicative Pillow brightness factor,sues200_satellite_to_uav_300m,official_trapezoid_mAP,0.452476441860199,0.33533841371536255,0.11713802814483643,11.713802814483643,0.2588820484515488,25.888204845154878
brightness,3,factor,0.5,multiplicative Pillow brightness factor,sues200_satellite_to_uav_300m,MRR,0.6475752592086792,0.46343374252319336,0.18414151668548584,18.414151668548584,0.284355392005714,28.4355392005714
brightness,4,factor,0.35,multiplicative Pillow brightness factor,sues200_uav_150m_to_satellite,r_at_1,0.287,0.2585,0.02849999999999997,2.849999999999997,0.09930313588850165,9.930313588850165
brightness,4,factor,0.35,multiplicative Pillow brightness factor,sues200_uav_150m_to_satellite,r_at_5,0.653,0.6095,0.04349999999999998,4.349999999999998,0.06661562021439507,6.661562021439506
brightness,4,factor,0.35,multiplicative Pillow brightness factor,sues200_uav_150m_to_satellite,r_at_10,0.7945,0.7605,0.03400000000000003,3.400000000000003,0.04279421019509129,4.27942101950913
brightness,4,factor,0.35,multiplicative Pillow brightness factor,sues200_uav_150m_to_satellite,r_at_20,0.9105,0.8915,0.019000000000000017,1.9000000000000017,0.02086765513454148,2.086765513454148
brightness,4,factor,0.35,multiplicative Pillow brightness factor,sues200_uav_150m_to_satellite,official_trapezoid_mAP,0.3715789318084717,0.341836154460907,0.029742777347564697,2.9742777347564697,0.08004430499546042,8.004430499546043
brightness,4,factor,0.35,multiplicative Pillow brightness factor,sues200_uav_150m_to_satellite,MRR,0.4561578333377838,0.4251722991466522,0.030985534191131592,3.098553419113159,0.0679272215154242,6.792722151542419
brightness,4,factor,0.35,multiplicative Pillow brightness factor,sues200_satellite_to_uav_150m,r_at_1,0.475,0.35,0.125,12.5,0.2631578947368421,26.315789473684212
brightness,4,factor,0.35,multiplicative Pillow brightness factor,sues200_satellite_to_uav_150m,r_at_5,0.625,0.45,0.175,17.5,0.27999999999999997,28.0
brightness,4,factor,0.35,multiplicative Pillow brightness factor,sues200_satellite_to_uav_150m,r_at_10,0.7,0.525,0.17499999999999993,17.499999999999993,0.24999999999999992,24.999999999999993
brightness,4,factor,0.35,multiplicative Pillow brightness factor,sues200_satellite_to_uav_150m,r_at_20,0.725,0.575,0.15000000000000002,15.000000000000002,0.20689655172413796,20.689655172413797
brightness,4,factor,0.35,multiplicative Pillow brightness factor,sues200_satellite_to_uav_150m,official_trapezoid_mAP,0.34278807044029236,0.20554204285144806,0.1372460275888443,13.72460275888443,0.40038157515971706,40.038157515971704
brightness,4,factor,0.35,multiplicative Pillow brightness factor,sues200_satellite_to_uav_150m,MRR,0.5414365530014038,0.401253879070282,0.14018267393112183,14.018267393112183,0.25890877362090176,25.890877362090173
brightness,4,factor,0.35,multiplicative Pillow brightness factor,sues200_uav_200m_to_satellite,r_at_1,0.3315,0.30875,0.022749999999999992,2.2749999999999995,0.06862745098039214,6.8627450980392135
brightness,4,factor,0.35,multiplicative Pillow brightness factor,sues200_uav_200m_to_satellite,r_at_5,0.69575,0.65725,0.03849999999999998,3.849999999999998,0.05533596837944661,5.533596837944661
brightness,4,factor,0.35,multiplicative Pillow brightness factor,sues200_uav_200m_to_satellite,r_at_10,0.8245,0.80025,0.024249999999999994,2.4249999999999994,0.029411764705882346,2.9411764705882346
brightness,4,factor,0.35,multiplicative Pillow brightness factor,sues200_uav_200m_to_satellite,r_at_20,0.92925,0.9115,0.017750000000000044,1.7750000000000044,0.019101425881086945,1.9101425881086944
brightness,4,factor,0.35,multiplicative Pillow brightness factor,sues200_uav_200m_to_satellite,official_trapezoid_mAP,0.4146501421928406,0.3899725079536438,0.024677634239196777,2.4677634239196777,0.059514351324447386,5.951435132444739
brightness,4,factor,0.35,multiplicative Pillow brightness factor,sues200_uav_200m_to_satellite,MRR,0.4978003203868866,0.4711950123310089,0.026605308055877686,2.6605308055877686,0.053445743134918525,5.344574313491853
brightness,4,factor,0.35,multiplicative Pillow brightness factor,sues200_satellite_to_uav_200m,r_at_1,0.6125,0.35,0.26250000000000007,26.250000000000007,0.42857142857142866,42.85714285714287
brightness,4,factor,0.35,multiplicative Pillow brightness factor,sues200_satellite_to_uav_200m,r_at_5,0.7125,0.45,0.2625,26.25,0.3684210526315789,36.84210526315789
brightness,4,factor,0.35,multiplicative Pillow brightness factor,sues200_satellite_to_uav_200m,r_at_10,0.75,0.5,0.25,25.0,0.3333333333333333,33.333333333333336
brightness,4,factor,0.35,multiplicative Pillow brightness factor,sues200_satellite_to_uav_200m,r_at_20,0.7875,0.6,0.1875,18.75,0.2380952380952381,23.80952380952381
brightness,4,factor,0.35,multiplicative Pillow brightness factor,sues200_satellite_to_uav_200m,official_trapezoid_mAP,0.402458518743515,0.2385600358247757,0.16389848291873932,16.389848291873932,0.40724316988104575,40.724316988104576
brightness,4,factor,0.35,multiplicative Pillow brightness factor,sues200_satellite_to_uav_200m,MRR,0.6624575257301331,0.4086265563964844,0.2538309693336487,25.383096933364868,0.3831656513432869,38.31656513432869
brightness,4,factor,0.35,multiplicative Pillow brightness factor,sues200_uav_250m_to_satellite,r_at_1,0.35975,0.331,0.028749999999999998,2.875,0.0799166087560806,7.991660875608061
brightness,4,factor,0.35,multiplicative Pillow brightness factor,sues200_uav_250m_to_satellite,r_at_5,0.73575,0.69975,0.03600000000000003,3.600000000000003,0.04892966360856273,4.892966360856273
brightness,4,factor,0.35,multiplicative Pillow brightness factor,sues200_uav_250m_to_satellite,r_at_10,0.86175,0.841,0.020750000000000046,2.0750000000000046,0.024078909196402723,2.407890919640272
brightness,4,factor,0.35,multiplicative Pillow brightness factor,sues200_uav_250m_to_satellite,r_at_20,0.94375,0.93,0.013749999999999929,1.374999999999993,0.014569536423840984,1.4569536423840985
brightness,4,factor,0.35,multiplicative Pillow brightness factor,sues200_uav_250m_to_satellite,official_trapezoid_mAP,0.4443421959877014,0.4151516258716583,0.02919057011604309,2.919057011604309,0.06569389623498875,6.569389623498875
brightness,4,factor,0.35,multiplicative Pillow brightness factor,sues200_uav_250m_to_satellite,MRR,0.5289343595504761,0.4993031620979309,0.029631197452545166,2.9631197452545166,0.056020557026637004,5.602055702663701
brightness,4,factor,0.35,multiplicative Pillow brightness factor,sues200_satellite_to_uav_250m,r_at_1,0.6,0.325,0.27499999999999997,27.499999999999996,0.4583333333333333,45.83333333333333
brightness,4,factor,0.35,multiplicative Pillow brightness factor,sues200_satellite_to_uav_250m,r_at_5,0.7375,0.4625,0.275,27.500000000000004,0.3728813559322034,37.28813559322034
brightness,4,factor,0.35,multiplicative Pillow brightness factor,sues200_satellite_to_uav_250m,r_at_10,0.7625,0.5125,0.25,25.0,0.3278688524590164,32.786885245901644
brightness,4,factor,0.35,multiplicative Pillow brightness factor,sues200_satellite_to_uav_250m,r_at_20,0.7875,0.575,0.21250000000000002,21.250000000000004,0.2698412698412699,26.984126984126988
brightness,4,factor,0.35,multiplicative Pillow brightness factor,sues200_satellite_to_uav_250m,official_trapezoid_mAP,0.4399527907371521,0.2555921673774719,0.18436062335968018,18.436062335968018,0.41904637779607956,41.90463777960796
brightness,4,factor,0.35,multiplicative Pillow brightness factor,sues200_satellite_to_uav_250m,MRR,0.6658704876899719,0.3998521864414215,0.2660183012485504,26.60183012485504,0.3995045675795261,39.950456757952615
brightness,4,factor,0.35,multiplicative Pillow brightness factor,sues200_uav_300m_to_satellite,r_at_1,0.38775,0.338,0.04974999999999996,4.974999999999996,0.1283043197936814,12.83043197936814
brightness,4,factor,0.35,multiplicative Pillow brightness factor,sues200_uav_300m_to_satellite,r_at_5,0.751,0.706,0.04500000000000004,4.5000000000000036,0.05992010652463387,5.992010652463387
brightness,4,factor,0.35,multiplicative Pillow brightness factor,sues200_uav_300m_to_satellite,r_at_10,0.88125,0.844,0.037250000000000005,3.7250000000000005,0.0422695035460993,4.226950354609929
brightness,4,factor,0.35,multiplicative Pillow brightness factor,sues200_uav_300m_to_satellite,r_at_20,0.95925,0.9375,0.021750000000000047,2.1750000000000047,0.022673964034401924,2.2673964034401926
brightness,4,factor,0.35,multiplicative Pillow brightness factor,sues200_uav_300m_to_satellite,official_trapezoid_mAP,0.4710761606693268,0.42172327637672424,0.04935288429260254,4.935288429260254,0.10476625313087311,10.476625313087311
brightness,4,factor,0.35,multiplicative Pillow brightness factor,sues200_uav_300m_to_satellite,MRR,0.5544023513793945,0.5054466128349304,0.04895573854446411,4.895573854446411,0.0883036271809789,8.83036271809789
brightness,4,factor,0.35,multiplicative Pillow brightness factor,sues200_satellite_to_uav_300m,r_at_1,0.6,0.375,0.22499999999999998,22.499999999999996,0.375,37.49999999999999
brightness,4,factor,0.35,multiplicative Pillow brightness factor,sues200_satellite_to_uav_300m,r_at_5,0.6875,0.4625,0.22499999999999998,22.499999999999996,0.3272727272727272,32.72727272727272
brightness,4,factor,0.35,multiplicative Pillow brightness factor,sues200_satellite_to_uav_300m,r_at_10,0.75,0.5625,0.1875,18.75,0.25,25.0
brightness,4,factor,0.35,multiplicative Pillow brightness factor,sues200_satellite_to_uav_300m,r_at_20,0.7875,0.6125,0.17499999999999993,17.499999999999993,0.22222222222222215,22.222222222222214
brightness,4,factor,0.35,multiplicative Pillow brightness factor,sues200_satellite_to_uav_300m,official_trapezoid_mAP,0.452476441860199,0.2715817391872406,0.18089470267295837,18.089470267295837,0.39978811256840896,39.97881125684089
brightness,4,factor,0.35,multiplicative Pillow brightness factor,sues200_satellite_to_uav_300m,MRR,0.6475752592086792,0.43442994356155396,0.21314531564712524,21.314531564712524,0.32914369815113614,32.914369815113616
brightness,5,factor,0.2,multiplicative Pillow brightness factor,sues200_uav_150m_to_satellite,r_at_1,0.287,0.12475,0.16224999999999998,16.224999999999998,0.5653310104529616,56.53310104529616
brightness,5,factor,0.2,multiplicative Pillow brightness factor,sues200_uav_150m_to_satellite,r_at_5,0.653,0.40525,0.24775000000000003,24.775000000000002,0.3794027565084227,37.94027565084227
brightness,5,factor,0.2,multiplicative Pillow brightness factor,sues200_uav_150m_to_satellite,r_at_10,0.7945,0.56875,0.22575,22.575,0.2841409691629956,28.41409691629956
brightness,5,factor,0.2,multiplicative Pillow brightness factor,sues200_uav_150m_to_satellite,r_at_20,0.9105,0.72425,0.18625000000000003,18.625000000000004,0.20455793520043936,20.455793520043937
brightness,5,factor,0.2,multiplicative Pillow brightness factor,sues200_uav_150m_to_satellite,official_trapezoid_mAP,0.3715789318084717,0.19437436759471893,0.17720456421375275,17.720456421375275,0.4768961559561506,47.68961559561506
brightness,5,factor,0.2,multiplicative Pillow brightness factor,sues200_uav_150m_to_satellite,MRR,0.4561578333377838,0.26399877667427063,0.19215905666351318,19.21590566635132,0.4212556326336719,42.12556326336719
brightness,5,factor,0.2,multiplicative Pillow brightness factor,sues200_satellite_to_uav_150m,r_at_1,0.475,0.15,0.32499999999999996,32.49999999999999,0.6842105263157894,68.42105263157893
brightness,5,factor,0.2,multiplicative Pillow brightness factor,sues200_satellite_to_uav_150m,r_at_5,0.625,0.1875,0.4375,43.75,0.7,70.0
brightness,5,factor,0.2,multiplicative Pillow brightness factor,sues200_satellite_to_uav_150m,r_at_10,0.7,0.25,0.44999999999999996,44.99999999999999,0.6428571428571428,64.28571428571428
brightness,5,factor,0.2,multiplicative Pillow brightness factor,sues200_satellite_to_uav_150m,r_at_20,0.725,0.375,0.35,35.0,0.48275862068965514,48.275862068965516
brightness,5,factor,0.2,multiplicative Pillow brightness factor,sues200_satellite_to_uav_150m,official_trapezoid_mAP,0.34278807044029236,0.1073259562253952,0.23546211421489716,23.546211421489716,0.6869028840836237,68.69028840836236
brightness,5,factor,0.2,multiplicative Pillow brightness factor,sues200_satellite_to_uav_150m,MRR,0.5414365530014038,0.19082562625408173,0.3506109267473221,35.06109267473221,0.6475568093874391,64.75568093874391
brightness,5,factor,0.2,multiplicative Pillow brightness factor,sues200_uav_200m_to_satellite,r_at_1,0.3315,0.1495,0.18200000000000002,18.200000000000003,0.5490196078431373,54.90196078431373
brightness,5,factor,0.2,multiplicative Pillow brightness factor,sues200_uav_200m_to_satellite,r_at_5,0.69575,0.44525,0.2505,25.05,0.36004311893639956,36.00431189363996
brightness,5,factor,0.2,multiplicative Pillow brightness factor,sues200_uav_200m_to_satellite,r_at_10,0.8245,0.607,0.21750000000000003,21.750000000000004,0.26379624014554276,26.379624014554278
brightness,5,factor,0.2,multiplicative Pillow brightness factor,sues200_uav_200m_to_satellite,r_at_20,0.92925,0.764,0.16525,16.525000000000002,0.17783158461124562,17.783158461124565
brightness,5,factor,0.2,multiplicative Pillow brightness factor,sues200_uav_200m_to_satellite,official_trapezoid_mAP,0.4146501421928406,0.22259390354156494,0.19205623865127563,19.205623865127563,0.463176589390765,46.3176589390765
brightness,5,factor,0.2,multiplicative Pillow brightness factor,sues200_uav_200m_to_satellite,MRR,0.4978003203868866,0.29568779468536377,0.20211252570152283,20.211252570152283,0.4060112407007744,40.60112407007744
brightness,5,factor,0.2,multiplicative Pillow brightness factor,sues200_satellite_to_uav_200m,r_at_1,0.6125,0.2125,0.4,40.0,0.6530612244897959,65.3061224489796
brightness,5,factor,0.2,multiplicative Pillow brightness factor,sues200_satellite_to_uav_200m,r_at_5,0.7125,0.3,0.41250000000000003,41.25,0.5789473684210527,57.89473684210526
brightness,5,factor,0.2,multiplicative Pillow brightness factor,sues200_satellite_to_uav_200m,r_at_10,0.75,0.3375,0.4125,41.25,0.5499999999999999,55.0
brightness,5,factor,0.2,multiplicative Pillow brightness factor,sues200_satellite_to_uav_200m,r_at_20,0.7875,0.3625,0.425,42.5,0.5396825396825397,53.96825396825397
brightness,5,factor,0.2,multiplicative Pillow brightness factor,sues200_satellite_to_uav_200m,official_trapezoid_mAP,0.402458518743515,0.13030801713466644,0.27215050160884857,27.215050160884857,0.6762200051287494,67.62200051287493
brightness,5,factor,0.2,multiplicative Pillow brightness factor,sues200_satellite_to_uav_200m,MRR,0.6624575257301331,0.2578290104866028,0.4046285152435303,40.46285152435303,0.6107991826307138,61.07991826307137
brightness,5,factor,0.2,multiplicative Pillow brightness factor,sues200_uav_250m_to_satellite,r_at_1,0.35975,0.15275,0.20700000000000002,20.700000000000003,0.5753995830437805,57.53995830437805
brightness,5,factor,0.2,multiplicative Pillow brightness factor,sues200_uav_250m_to_satellite,r_at_5,0.73575,0.47625,0.2595,25.95,0.3527013251783894,35.27013251783894
brightness,5,factor,0.2,multiplicative Pillow brightness factor,sues200_uav_250m_to_satellite,r_at_10,0.86175,0.62825,0.23350000000000004,23.350000000000005,0.270960255294459,27.0960255294459
brightness,5,factor,0.2,multiplicative Pillow brightness factor,sues200_uav_250m_to_satellite,r_at_20,0.94375,0.7965,0.14725,14.725,0.15602649006622515,15.602649006622517
brightness,5,factor,0.2,multiplicative Pillow brightness factor,sues200_uav_250m_to_satellite,official_trapezoid_mAP,0.4443421959877014,0.2302539348602295,0.21408826112747192,21.408826112747192,0.4818094321462945,48.18094321462945
brightness,5,factor,0.2,multiplicative Pillow brightness factor,sues200_uav_250m_to_satellite,MRR,0.5289343595504761,0.3077578842639923,0.22117647528648376,22.117647528648376,0.41815486419610626,41.81548641961063
brightness,5,factor,0.2,multiplicative Pillow brightness factor,sues200_satellite_to_uav_250m,r_at_1,0.6,0.1875,0.4125,41.25,0.6875,68.75
brightness,5,factor,0.2,multiplicative Pillow brightness factor,sues200_satellite_to_uav_250m,r_at_5,0.7375,0.2625,0.47500000000000003,47.5,0.6440677966101696,64.40677966101694
brightness,5,factor,0.2,multiplicative Pillow brightness factor,sues200_satellite_to_uav_250m,r_at_10,0.7625,0.2875,0.475,47.5,0.6229508196721312,62.29508196721312
brightness,5,factor,0.2,multiplicative Pillow brightness factor,sues200_satellite_to_uav_250m,r_at_20,0.7875,0.3125,0.475,47.5,0.6031746031746031,60.317460317460316
brightness,5,factor,0.2,multiplicative Pillow brightness factor,sues200_satellite_to_uav_250m,official_trapezoid_mAP,0.4399527907371521,0.13404344022274017,0.3059093505144119,30.590935051441193,0.6953231277425312,69.53231277425313
brightness,5,factor,0.2,multiplicative Pillow brightness factor,sues200_satellite_to_uav_250m,MRR,0.6658704876899719,0.22078032791614532,0.4450901597738266,44.50901597738266,0.668433528745097,66.8433528745097
brightness,5,factor,0.2,multiplicative Pillow brightness factor,sues200_uav_300m_to_satellite,r_at_1,0.38775,0.14725,0.2405,24.05,0.6202450032237267,62.02450032237267
brightness,5,factor,0.2,multiplicative Pillow brightness factor,sues200_uav_300m_to_satellite,r_at_5,0.751,0.48175,0.26925,26.924999999999997,0.35852197070572567,35.852197070572565
brightness,5,factor,0.2,multiplicative Pillow brightness factor,sues200_uav_300m_to_satellite,r_at_10,0.88125,0.63225,0.249,24.9,0.2825531914893617,28.25531914893617
brightness,5,factor,0.2,multiplicative Pillow brightness factor,sues200_uav_300m_to_satellite,r_at_20,0.95925,0.80375,0.15550000000000008,15.550000000000008,0.1621058118321606,16.21058118321606
brightness,5,factor,0.2,multiplicative Pillow brightness factor,sues200_uav_300m_to_satellite,official_trapezoid_mAP,0.4710761606693268,0.22807955741882324,0.24299660325050354,24.299660325050354,0.5158329449430061,51.58329449430061
brightness,5,factor,0.2,multiplicative Pillow brightness factor,sues200_uav_300m_to_satellite,MRR,0.5544023513793945,0.3089091181755066,0.24549323320388794,24.549323320388794,0.44280698412097713,44.28069841209771
brightness,5,factor,0.2,multiplicative Pillow brightness factor,sues200_satellite_to_uav_300m,r_at_1,0.6,0.2,0.39999999999999997,40.0,0.6666666666666666,66.66666666666667
brightness,5,factor,0.2,multiplicative Pillow brightness factor,sues200_satellite_to_uav_300m,r_at_5,0.6875,0.2625,0.425,42.5,0.6181818181818182,61.81818181818182
brightness,5,factor,0.2,multiplicative Pillow brightness factor,sues200_satellite_to_uav_300m,r_at_10,0.75,0.275,0.475,47.5,0.6333333333333333,63.333333333333336
brightness,5,factor,0.2,multiplicative Pillow brightness factor,sues200_satellite_to_uav_300m,r_at_20,0.7875,0.275,0.5125,51.24999999999999,0.6507936507936507,65.07936507936508
brightness,5,factor,0.2,multiplicative Pillow brightness factor,sues200_satellite_to_uav_300m,official_trapezoid_mAP,0.452476441860199,0.14535894989967346,0.3071174919605255,30.71174919605255,0.678748026522484,67.87480265224839
brightness,5,factor,0.2,multiplicative Pillow brightness factor,sues200_satellite_to_uav_300m,MRR,0.6475752592086792,0.23288536071777344,0.41468989849090576,41.468989849090576,0.6403732888091593,64.03732888091594
contrast,1,factor,0.8,multiplicative Pillow contrast factor,sues200_uav_150m_to_satellite,r_at_1,0.287,0.285,0.0020000000000000018,0.20000000000000018,0.006968641114982585,0.6968641114982586
contrast,1,factor,0.8,multiplicative Pillow contrast factor,sues200_uav_150m_to_satellite,r_at_5,0.653,0.645,0.008000000000000007,0.8000000000000007,0.012251148545176121,1.225114854517612
contrast,1,factor,0.8,multiplicative Pillow contrast factor,sues200_uav_150m_to_satellite,r_at_10,0.7945,0.78025,0.014249999999999985,1.4249999999999985,0.017935808684707344,1.7935808684707344
contrast,1,factor,0.8,multiplicative Pillow contrast factor,sues200_uav_150m_to_satellite,r_at_20,0.9105,0.8955,0.015000000000000013,1.5000000000000013,0.01647446457990117,1.647446457990117
contrast,1,factor,0.8,multiplicative Pillow contrast factor,sues200_uav_150m_to_satellite,official_trapezoid_mAP,0.3715789318084717,0.36694616079330444,0.004632771015167236,0.46327710151672363,0.012467797871691963,1.2467797871691964
contrast,1,factor,0.8,multiplicative Pillow contrast factor,sues200_uav_150m_to_satellite,MRR,0.4561578333377838,0.44889235496520996,0.0072654783725738525,0.7265478372573853,0.015927553670209108,1.5927553670209107
contrast,1,factor,0.8,multiplicative Pillow contrast factor,sues200_satellite_to_uav_150m,r_at_1,0.475,0.475,0.0,0.0,0.0,0.0
contrast,1,factor,0.8,multiplicative Pillow contrast factor,sues200_satellite_to_uav_150m,r_at_5,0.625,0.6375,-0.012499999999999956,-1.2499999999999956,-0.019999999999999928,-1.999999999999993
contrast,1,factor,0.8,multiplicative Pillow contrast factor,sues200_satellite_to_uav_150m,r_at_10,0.7,0.675,0.02499999999999991,2.499999999999991,0.03571428571428559,3.571428571428559
contrast,1,factor,0.8,multiplicative Pillow contrast factor,sues200_satellite_to_uav_150m,r_at_20,0.725,0.7125,0.012499999999999956,1.2499999999999956,0.01724137931034477,1.7241379310344767
contrast,1,factor,0.8,multiplicative Pillow contrast factor,sues200_satellite_to_uav_150m,official_trapezoid_mAP,0.34278807044029236,0.3480110764503479,-0.005223006010055542,-0.5223006010055542,-0.015236837161068292,-1.5236837161068293
contrast,1,factor,0.8,multiplicative Pillow contrast factor,sues200_satellite_to_uav_150m,MRR,0.5414365530014038,0.5508018732070923,-0.009365320205688477,-0.9365320205688477,-0.017297170192467952,-1.7297170192467952
contrast,1,factor,0.8,multiplicative Pillow contrast factor,sues200_uav_200m_to_satellite,r_at_1,0.3315,0.32525,0.006250000000000033,0.6250000000000033,0.01885369532428366,1.885369532428366
contrast,1,factor,0.8,multiplicative Pillow contrast factor,sues200_uav_200m_to_satellite,r_at_5,0.69575,0.68925,0.00649999999999995,0.649999999999995,0.009342436219906504,0.9342436219906505
contrast,1,factor,0.8,multiplicative Pillow contrast factor,sues200_uav_200m_to_satellite,r_at_10,0.8245,0.81275,0.011750000000000038,1.1750000000000038,0.014251061249242011,1.4251061249242012
contrast,1,factor,0.8,multiplicative Pillow contrast factor,sues200_uav_200m_to_satellite,r_at_20,0.92925,0.919,0.010249999999999981,1.0249999999999981,0.011030400860909315,1.1030400860909315
contrast,1,factor,0.8,multiplicative Pillow contrast factor,sues200_uav_200m_to_satellite,official_trapezoid_mAP,0.4146501421928406,0.4087507128715515,0.0058994293212890625,0.5899429321289062,0.01422748655068693,1.422748655068693
contrast,1,factor,0.8,multiplicative Pillow contrast factor,sues200_uav_200m_to_satellite,MRR,0.4978003203868866,0.492251455783844,0.0055488646030426025,0.5548864603042603,0.011146767842033663,1.1146767842033665
contrast,1,factor,0.8,multiplicative Pillow contrast factor,sues200_satellite_to_uav_200m,r_at_1,0.6125,0.575,0.03750000000000009,3.750000000000009,0.061224489795918505,6.122448979591851
contrast,1,factor,0.8,multiplicative Pillow contrast factor,sues200_satellite_to_uav_200m,r_at_5,0.7125,0.6375,0.07500000000000007,7.500000000000007,0.10526315789473693,10.526315789473694
contrast,1,factor,0.8,multiplicative Pillow contrast factor,sues200_satellite_to_uav_200m,r_at_10,0.75,0.75,0.0,0.0,0.0,0.0
contrast,1,factor,0.8,multiplicative Pillow contrast factor,sues200_satellite_to_uav_200m,r_at_20,0.7875,0.7875,0.0,0.0,0.0,0.0
contrast,1,factor,0.8,multiplicative Pillow contrast factor,sues200_satellite_to_uav_200m,official_trapezoid_mAP,0.402458518743515,0.396271675825119,0.006186842918395996,0.6186842918395996,0.015372622594028983,1.5372622594028984
contrast,1,factor,0.8,multiplicative Pillow contrast factor,sues200_satellite_to_uav_200m,MRR,0.6624575257301331,0.6159945726394653,0.046462953090667725,4.6462953090667725,0.07013725602929516,7.013725602929515
contrast,1,factor,0.8,multiplicative Pillow contrast factor,sues200_uav_250m_to_satellite,r_at_1,0.35975,0.36,-0.00024999999999997247,-0.024999999999997247,-0.000694927032661494,-0.0694927032661494
contrast,1,factor,0.8,multiplicative Pillow contrast factor,sues200_uav_250m_to_satellite,r_at_5,0.73575,0.72375,0.01200000000000001,1.200000000000001,0.016309887869520912,1.6309887869520912
contrast,1,factor,0.8,multiplicative Pillow contrast factor,sues200_uav_250m_to_satellite,r_at_10,0.86175,0.85225,0.009500000000000064,0.9500000000000064,0.011024078909196476,1.1024078909196477
contrast,1,factor,0.8,multiplicative Pillow contrast factor,sues200_uav_250m_to_satellite,r_at_20,0.94375,0.93875,0.0050000000000000044,0.5000000000000004,0.005298013245033118,0.5298013245033117
contrast,1,factor,0.8,multiplicative Pillow contrast factor,sues200_uav_250m_to_satellite,official_trapezoid_mAP,0.4443421959877014,0.4431019425392151,0.0012402534484863281,0.12402534484863281,0.00279121240270563,0.279121240270563
contrast,1,factor,0.8,multiplicative Pillow contrast factor,sues200_uav_250m_to_satellite,MRR,0.5289343595504761,0.5262038707733154,0.0027304887771606445,0.27304887771606445,0.005162245045833659,0.5162245045833659
contrast,1,factor,0.8,multiplicative Pillow contrast factor,sues200_satellite_to_uav_250m,r_at_1,0.6,0.625,-0.025000000000000022,-2.500000000000002,-0.041666666666666706,-4.1666666666666705
contrast,1,factor,0.8,multiplicative Pillow contrast factor,sues200_satellite_to_uav_250m,r_at_5,0.7375,0.7125,0.025000000000000022,2.500000000000002,0.03389830508474579,3.3898305084745792
contrast,1,factor,0.8,multiplicative Pillow contrast factor,sues200_satellite_to_uav_250m,r_at_10,0.7625,0.7375,0.02499999999999991,2.499999999999991,0.03278688524590152,3.2786885245901525
contrast,1,factor,0.8,multiplicative Pillow contrast factor,sues200_satellite_to_uav_250m,r_at_20,0.7875,0.7875,0.0,0.0,0.0,0.0
contrast,1,factor,0.8,multiplicative Pillow contrast factor,sues200_satellite_to_uav_250m,official_trapezoid_mAP,0.4399527907371521,0.43135198950767517,0.008600801229476929,0.8600801229476929,0.019549373047653744,1.9549373047653744
contrast,1,factor,0.8,multiplicative Pillow contrast factor,sues200_satellite_to_uav_250m,MRR,0.6658704876899719,0.6669014692306519,-0.0010309815406799316,-0.10309815406799316,-0.0015483214224685008,-0.15483214224685007
contrast,1,factor,0.8,multiplicative Pillow contrast factor,sues200_uav_300m_to_satellite,r_at_1,0.38775,0.37775,0.010000000000000009,1.0000000000000009,0.0257898130238556,2.57898130238556
contrast,1,factor,0.8,multiplicative Pillow contrast factor,sues200_uav_300m_to_satellite,r_at_5,0.751,0.7495,0.0014999999999999458,0.14999999999999458,0.0019973368841543888,0.19973368841543887
contrast,1,factor,0.8,multiplicative Pillow contrast factor,sues200_uav_300m_to_satellite,r_at_10,0.88125,0.8735,0.007749999999999924,0.7749999999999924,0.008794326241134666,0.8794326241134666
contrast,1,factor,0.8,multiplicative Pillow contrast factor,sues200_uav_300m_to_satellite,r_at_20,0.95925,0.95725,0.0020000000000000018,0.20000000000000018,0.0020849622100599444,0.20849622100599444
contrast,1,factor,0.8,multiplicative Pillow contrast factor,sues200_uav_300m_to_satellite,official_trapezoid_mAP,0.4710761606693268,0.4617115557193756,0.009364604949951172,0.9364604949951172,0.019879173967635104,1.9879173967635102
contrast,1,factor,0.8,multiplicative Pillow contrast factor,sues200_uav_300m_to_satellite,MRR,0.5544023513793945,0.5456730723381042,0.008729279041290283,0.8729279041290283,0.015745386035198414,1.5745386035198414
contrast,1,factor,0.8,multiplicative Pillow contrast factor,sues200_satellite_to_uav_300m,r_at_1,0.6,0.675,-0.07500000000000007,-7.500000000000007,-0.1250000000000001,-12.500000000000012
contrast,1,factor,0.8,multiplicative Pillow contrast factor,sues200_satellite_to_uav_300m,r_at_5,0.6875,0.725,-0.03749999999999998,-3.749999999999998,-0.054545454545454515,-5.4545454545454515
contrast,1,factor,0.8,multiplicative Pillow contrast factor,sues200_satellite_to_uav_300m,r_at_10,0.75,0.75,0.0,0.0,0.0,0.0
contrast,1,factor,0.8,multiplicative Pillow contrast factor,sues200_satellite_to_uav_300m,r_at_20,0.7875,0.7875,0.0,0.0,0.0,0.0
contrast,1,factor,0.8,multiplicative Pillow contrast factor,sues200_satellite_to_uav_300m,official_trapezoid_mAP,0.452476441860199,0.44594550132751465,0.006530940532684326,0.6530940532684326,0.014433769205385905,1.4433769205385907
contrast,1,factor,0.8,multiplicative Pillow contrast factor,sues200_satellite_to_uav_300m,MRR,0.6475752592086792,0.7050491571426392,-0.05747389793395996,-5.747389793395996,-0.08875246099455934,-8.875246099455936
contrast,2,factor,0.65,multiplicative Pillow contrast factor,sues200_uav_150m_to_satellite,r_at_1,0.287,0.277,0.009999999999999953,0.9999999999999953,0.03484320557491273,3.484320557491273
contrast,2,factor,0.65,multiplicative Pillow contrast factor,sues200_uav_150m_to_satellite,r_at_5,0.653,0.626,0.027000000000000024,2.7000000000000024,0.041347626339969405,4.1347626339969406
contrast,2,factor,0.65,multiplicative Pillow contrast factor,sues200_uav_150m_to_satellite,r_at_10,0.7945,0.76425,0.03025,3.025,0.03807426054122089,3.8074260541220895
contrast,2,factor,0.65,multiplicative Pillow contrast factor,sues200_uav_150m_to_satellite,r_at_20,0.9105,0.8785,0.03200000000000003,3.200000000000003,0.035145524437122495,3.5145524437122493
contrast,2,factor,0.65,multiplicative Pillow contrast factor,sues200_uav_150m_to_satellite,official_trapezoid_mAP,0.3715789318084717,0.3573856055736542,0.014193326234817505,1.4193326234817505,0.03819733849209023,3.8197338492090225
contrast,2,factor,0.65,multiplicative Pillow contrast factor,sues200_uav_150m_to_satellite,MRR,0.4561578333377838,0.437771201133728,0.018386632204055786,1.8386632204055786,0.04030761034950928,4.030761034950928
contrast,2,factor,0.65,multiplicative Pillow contrast factor,sues200_satellite_to_uav_150m,r_at_1,0.475,0.4875,-0.012500000000000011,-1.250000000000001,-0.026315789473684237,-2.6315789473684235
contrast,2,factor,0.65,multiplicative Pillow contrast factor,sues200_satellite_to_uav_150m,r_at_5,0.625,0.6375,-0.012499999999999956,-1.2499999999999956,-0.019999999999999928,-1.999999999999993
contrast,2,factor,0.65,multiplicative Pillow contrast factor,sues200_satellite_to_uav_150m,r_at_10,0.7,0.6625,0.03749999999999998,3.749999999999998,0.05357142857142854,5.357142857142854
contrast,2,factor,0.65,multiplicative Pillow contrast factor,sues200_satellite_to_uav_150m,r_at_20,0.725,0.675,0.04999999999999993,4.999999999999993,0.06896551724137923,6.896551724137922
contrast,2,factor,0.65,multiplicative Pillow contrast factor,sues200_satellite_to_uav_150m,official_trapezoid_mAP,0.34278807044029236,0.33475345373153687,0.008034616708755493,0.8034616708755493,0.023439020787495525,2.3439020787495526
contrast,2,factor,0.65,multiplicative Pillow contrast factor,sues200_satellite_to_uav_150m,MRR,0.5414365530014038,0.5570363998413086,-0.015599846839904785,-1.5599846839904785,-0.02881195728923078,-2.8811957289230783
contrast,2,factor,0.65,multiplicative Pillow contrast factor,sues200_uav_200m_to_satellite,r_at_1,0.3315,0.313,0.018500000000000016,1.8500000000000016,0.05580693815987938,5.580693815987939
contrast,2,factor,0.65,multiplicative Pillow contrast factor,sues200_uav_200m_to_satellite,r_at_5,0.69575,0.673,0.022749999999999937,2.2749999999999937,0.03269852676967293,3.2698526769672926
contrast,2,factor,0.65,multiplicative Pillow contrast factor,sues200_uav_200m_to_satellite,r_at_10,0.8245,0.80375,0.020750000000000046,2.0750000000000046,0.0251667677380231,2.51667677380231
contrast,2,factor,0.65,multiplicative Pillow contrast factor,sues200_uav_200m_to_satellite,r_at_20,0.92925,0.908,0.02124999999999999,2.124999999999999,0.022867904223836416,2.2867904223836417
contrast,2,factor,0.65,multiplicative Pillow contrast factor,sues200_uav_200m_to_satellite,official_trapezoid_mAP,0.4146501421928406,0.3950580060482025,0.01959213614463806,1.9592136144638062,0.0472497996528514,4.72497996528514
contrast,2,factor,0.65,multiplicative Pillow contrast factor,sues200_uav_200m_to_satellite,MRR,0.4978003203868866,0.47711601853370667,0.02068430185317993,2.068430185317993,0.041551403255635215,4.155140325563521
contrast,2,factor,0.65,multiplicative Pillow contrast factor,sues200_satellite_to_uav_200m,r_at_1,0.6125,0.5375,0.07500000000000007,7.500000000000007,0.12244897959183683,12.244897959183684
contrast,2,factor,0.65,multiplicative Pillow contrast factor,sues200_satellite_to_uav_200m,r_at_5,0.7125,0.6625,0.050000000000000044,5.000000000000004,0.0701754385964913,7.017543859649129
contrast,2,factor,0.65,multiplicative Pillow contrast factor,sues200_satellite_to_uav_200m,r_at_10,0.75,0.7,0.050000000000000044,5.000000000000004,0.06666666666666672,6.666666666666672
contrast,2,factor,0.65,multiplicative Pillow contrast factor,sues200_satellite_to_uav_200m,r_at_20,0.7875,0.7125,0.07499999999999996,7.499999999999996,0.09523809523809519,9.523809523809518
contrast,2,factor,0.65,multiplicative Pillow contrast factor,sues200_satellite_to_uav_200m,official_trapezoid_mAP,0.402458518743515,0.37902259826660156,0.023435920476913452,2.343592047691345,0.058231890705360015,5.823189070536002
contrast,2,factor,0.65,multiplicative Pillow contrast factor,sues200_satellite_to_uav_200m,MRR,0.6624575257301331,0.5955063104629517,0.0669512152671814,6.69512152671814,0.10106491762379868,10.10649176237987
contrast,2,factor,0.65,multiplicative Pillow contrast factor,sues200_uav_250m_to_satellite,r_at_1,0.35975,0.344,0.015750000000000042,1.5750000000000042,0.04378040305767906,4.378040305767906
contrast,2,factor,0.65,multiplicative Pillow contrast factor,sues200_uav_250m_to_satellite,r_at_5,0.73575,0.714,0.021750000000000047,2.1750000000000047,0.02956167176350669,2.956167176350669
contrast,2,factor,0.65,multiplicative Pillow contrast factor,sues200_uav_250m_to_satellite,r_at_10,0.86175,0.83725,0.024499999999999966,2.4499999999999966,0.02843051929213805,2.843051929213805
contrast,2,factor,0.65,multiplicative Pillow contrast factor,sues200_uav_250m_to_satellite,r_at_20,0.94375,0.932,0.011749999999999927,1.1749999999999927,0.012450331125827737,1.2450331125827738
contrast,2,factor,0.65,multiplicative Pillow contrast factor,sues200_uav_250m_to_satellite,official_trapezoid_mAP,0.4443421959877014,0.4264264404773712,0.0179157555103302,1.79157555103302,0.04031972581515998,4.031972581515998
contrast,2,factor,0.65,multiplicative Pillow contrast factor,sues200_uav_250m_to_satellite,MRR,0.5289343595504761,0.5088529586791992,0.020081400871276855,2.0081400871276855,0.03796577119388383,3.796577119388383
contrast,2,factor,0.65,multiplicative Pillow contrast factor,sues200_satellite_to_uav_250m,r_at_1,0.6,0.575,0.025000000000000022,2.500000000000002,0.041666666666666706,4.1666666666666705
contrast,2,factor,0.65,multiplicative Pillow contrast factor,sues200_satellite_to_uav_250m,r_at_5,0.7375,0.7125,0.025000000000000022,2.500000000000002,0.03389830508474579,3.3898305084745792
contrast,2,factor,0.65,multiplicative Pillow contrast factor,sues200_satellite_to_uav_250m,r_at_10,0.7625,0.7375,0.02499999999999991,2.499999999999991,0.03278688524590152,3.2786885245901525
contrast,2,factor,0.65,multiplicative Pillow contrast factor,sues200_satellite_to_uav_250m,r_at_20,0.7875,0.775,0.012499999999999956,1.2499999999999956,0.015873015873015817,1.5873015873015817
contrast,2,factor,0.65,multiplicative Pillow contrast factor,sues200_satellite_to_uav_250m,official_trapezoid_mAP,0.4399527907371521,0.4069552421569824,0.03299754858016968,3.2997548580169678,0.07500247589038234,7.500247589038234
contrast,2,factor,0.65,multiplicative Pillow contrast factor,sues200_satellite_to_uav_250m,MRR,0.6658704876899719,0.6433365941047668,0.022533893585205078,2.253389358520508,0.033841255922573366,3.3841255922573366
contrast,2,factor,0.65,multiplicative Pillow contrast factor,sues200_uav_300m_to_satellite,r_at_1,0.38775,0.36575,0.021999999999999964,2.1999999999999966,0.05673758865248218,5.673758865248218
contrast,2,factor,0.65,multiplicative Pillow contrast factor,sues200_uav_300m_to_satellite,r_at_5,0.751,0.727,0.02400000000000002,2.400000000000002,0.0319573901464714,3.19573901464714
contrast,2,factor,0.65,multiplicative Pillow contrast factor,sues200_uav_300m_to_satellite,r_at_10,0.88125,0.852,0.029249999999999998,2.925,0.033191489361702124,3.3191489361702127
contrast,2,factor,0.65,multiplicative Pillow contrast factor,sues200_uav_300m_to_satellite,r_at_20,0.95925,0.9495,0.009750000000000036,0.9750000000000036,0.010164190774042257,1.0164190774042259
contrast,2,factor,0.65,multiplicative Pillow contrast factor,sues200_uav_300m_to_satellite,official_trapezoid_mAP,0.4710761606693268,0.4476124346256256,0.023463726043701172,2.346372604370117,0.049808774042742525,4.980877404274253
contrast,2,factor,0.65,multiplicative Pillow contrast factor,sues200_uav_300m_to_satellite,MRR,0.5544023513793945,0.5294748544692993,0.024927496910095215,2.4927496910095215,0.044962826813547484,4.4962826813547485
contrast,2,factor,0.65,multiplicative Pillow contrast factor,sues200_satellite_to_uav_300m,r_at_1,0.6,0.575,0.025000000000000022,2.500000000000002,0.041666666666666706,4.1666666666666705
contrast,2,factor,0.65,multiplicative Pillow contrast factor,sues200_satellite_to_uav_300m,r_at_5,0.6875,0.725,-0.03749999999999998,-3.749999999999998,-0.054545454545454515,-5.4545454545454515
contrast,2,factor,0.65,multiplicative Pillow contrast factor,sues200_satellite_to_uav_300m,r_at_10,0.75,0.7875,-0.03749999999999998,-3.749999999999998,-0.04999999999999997,-4.999999999999997
contrast,2,factor,0.65,multiplicative Pillow contrast factor,sues200_satellite_to_uav_300m,r_at_20,0.7875,0.8,-0.012500000000000067,-1.2500000000000067,-0.01587301587301596,-1.5873015873015959
contrast,2,factor,0.65,multiplicative Pillow contrast factor,sues200_satellite_to_uav_300m,official_trapezoid_mAP,0.452476441860199,0.4187217652797699,0.03375467658042908,3.3754676580429077,0.07459985417507817,7.459985417507816
contrast,2,factor,0.65,multiplicative Pillow contrast factor,sues200_satellite_to_uav_300m,MRR,0.6475752592086792,0.6510549783706665,-0.0034797191619873047,-0.34797191619873047,-0.005373459088352811,-0.5373459088352811
contrast,3,factor,0.5,multiplicative Pillow contrast factor,sues200_uav_150m_to_satellite,r_at_1,0.287,0.25,0.03699999999999998,3.6999999999999975,0.12891986062717764,12.891986062717763
contrast,3,factor,0.5,multiplicative Pillow contrast factor,sues200_uav_150m_to_satellite,r_at_5,0.653,0.59075,0.06225000000000003,6.225000000000003,0.09532924961715164,9.532924961715166
contrast,3,factor,0.5,multiplicative Pillow contrast factor,sues200_uav_150m_to_satellite,r_at_10,0.7945,0.733,0.0615,6.15,0.07740717432347388,7.740717432347389
contrast,3,factor,0.5,multiplicative Pillow contrast factor,sues200_uav_150m_to_satellite,r_at_20,0.9105,0.86175,0.04874999999999996,4.8749999999999964,0.05354200988467871,5.354200988467871
contrast,3,factor,0.5,multiplicative Pillow contrast factor,sues200_uav_150m_to_satellite,official_trapezoid_mAP,0.3715789318084717,0.3296542465686798,0.04192468523979187,4.192468523979187,0.11282847774965271,11.282847774965271
contrast,3,factor,0.5,multiplicative Pillow contrast factor,sues200_uav_150m_to_satellite,MRR,0.4561578333377838,0.40930846333503723,0.04684937000274658,4.684937000274658,0.10270429789606339,10.270429789606338
contrast,3,factor,0.5,multiplicative Pillow contrast factor,sues200_satellite_to_uav_150m,r_at_1,0.475,0.425,0.04999999999999999,4.999999999999999,0.10526315789473682,10.526315789473683
contrast,3,factor,0.5,multiplicative Pillow contrast factor,sues200_satellite_to_uav_150m,r_at_5,0.625,0.5875,0.03749999999999998,3.749999999999998,0.05999999999999996,5.9999999999999964
contrast,3,factor,0.5,multiplicative Pillow contrast factor,sues200_satellite_to_uav_150m,r_at_10,0.7,0.6375,0.0625,6.25,0.08928571428571429,8.928571428571429
contrast,3,factor,0.5,multiplicative Pillow contrast factor,sues200_satellite_to_uav_150m,r_at_20,0.725,0.6875,0.03749999999999998,3.749999999999998,0.051724137931034454,5.172413793103446
contrast,3,factor,0.5,multiplicative Pillow contrast factor,sues200_satellite_to_uav_150m,official_trapezoid_mAP,0.34278807044029236,0.31334295868873596,0.029445111751556396,2.9445111751556396,0.08589888123509017,8.589888123509017
contrast,3,factor,0.5,multiplicative Pillow contrast factor,sues200_satellite_to_uav_150m,MRR,0.5414365530014038,0.5054179430007935,0.03601861000061035,3.601861000061035,0.06652415652571754,6.652415652571754
contrast,3,factor,0.5,multiplicative Pillow contrast factor,sues200_uav_200m_to_satellite,r_at_1,0.3315,0.2835,0.04800000000000004,4.800000000000004,0.14479638009049786,14.479638009049786
contrast,3,factor,0.5,multiplicative Pillow contrast factor,sues200_uav_200m_to_satellite,r_at_5,0.69575,0.63575,0.05999999999999994,5.999999999999995,0.08623787279913754,8.623787279913754
contrast,3,factor,0.5,multiplicative Pillow contrast factor,sues200_uav_200m_to_satellite,r_at_10,0.8245,0.773,0.05149999999999999,5.149999999999999,0.062462098241358385,6.246209824135838
contrast,3,factor,0.5,multiplicative Pillow contrast factor,sues200_uav_200m_to_satellite,r_at_20,0.92925,0.8925,0.03675000000000006,3.675000000000006,0.03954802259887012,3.9548022598870123
contrast,3,factor,0.5,multiplicative Pillow contrast factor,sues200_uav_200m_to_satellite,official_trapezoid_mAP,0.4146501421928406,0.3640514016151428,0.050598740577697754,5.059874057769775,0.12202754908055932,12.202754908055931
contrast,3,factor,0.5,multiplicative Pillow contrast factor,sues200_uav_200m_to_satellite,MRR,0.4978003203868866,0.4446028172969818,0.053197503089904785,5.3197503089904785,0.10686514433851728,10.686514433851729
contrast,3,factor,0.5,multiplicative Pillow contrast factor,sues200_satellite_to_uav_200m,r_at_1,0.6125,0.4875,0.12500000000000006,12.500000000000005,0.2040816326530613,20.40816326530613
contrast,3,factor,0.5,multiplicative Pillow contrast factor,sues200_satellite_to_uav_200m,r_at_5,0.7125,0.625,0.08750000000000002,8.750000000000002,0.12280701754385967,12.280701754385968
contrast,3,factor,0.5,multiplicative Pillow contrast factor,sues200_satellite_to_uav_200m,r_at_10,0.75,0.6625,0.08750000000000002,8.750000000000002,0.1166666666666667,11.66666666666667
contrast,3,factor,0.5,multiplicative Pillow contrast factor,sues200_satellite_to_uav_200m,r_at_20,0.7875,0.675,0.11249999999999993,11.249999999999993,0.14285714285714277,14.285714285714278
contrast,3,factor,0.5,multiplicative Pillow contrast factor,sues200_satellite_to_uav_200m,official_trapezoid_mAP,0.402458518743515,0.3500412702560425,0.052417248487472534,5.241724848747253,0.130242611464954,13.0242611464954
contrast,3,factor,0.5,multiplicative Pillow contrast factor,sues200_satellite_to_uav_200m,MRR,0.6624575257301331,0.555549681186676,0.10690784454345703,10.690784454345703,0.16138067784138713,16.138067784138713
contrast,3,factor,0.5,multiplicative Pillow contrast factor,sues200_uav_250m_to_satellite,r_at_1,0.35975,0.311,0.048750000000000016,4.875000000000002,0.1355107713690063,13.55107713690063
contrast,3,factor,0.5,multiplicative Pillow contrast factor,sues200_uav_250m_to_satellite,r_at_5,0.73575,0.68175,0.05400000000000005,5.400000000000005,0.0733944954128441,7.33944954128441
contrast,3,factor,0.5,multiplicative Pillow contrast factor,sues200_uav_250m_to_satellite,r_at_10,0.86175,0.806,0.055749999999999966,5.574999999999997,0.0646939367565999,6.46939367565999
contrast,3,factor,0.5,multiplicative Pillow contrast factor,sues200_uav_250m_to_satellite,r_at_20,0.94375,0.90975,0.03400000000000003,3.400000000000003,0.0360264900662252,3.60264900662252
contrast,3,factor,0.5,multiplicative Pillow contrast factor,sues200_uav_250m_to_satellite,official_trapezoid_mAP,0.4443421959877014,0.3930048644542694,0.05133733153343201,5.133733153343201,0.11553557595248715,11.553557595248714
contrast,3,factor,0.5,multiplicative Pillow contrast factor,sues200_uav_250m_to_satellite,MRR,0.5289343595504761,0.4750097095966339,0.05392464995384216,5.392464995384216,0.10194960675209482,10.194960675209481
contrast,3,factor,0.5,multiplicative Pillow contrast factor,sues200_satellite_to_uav_250m,r_at_1,0.6,0.5125,0.08750000000000002,8.750000000000002,0.14583333333333337,14.583333333333337
contrast,3,factor,0.5,multiplicative Pillow contrast factor,sues200_satellite_to_uav_250m,r_at_5,0.7375,0.6375,0.10000000000000009,10.000000000000009,0.13559322033898316,13.559322033898317
contrast,3,factor,0.5,multiplicative Pillow contrast factor,sues200_satellite_to_uav_250m,r_at_10,0.7625,0.7,0.0625,6.25,0.0819672131147541,8.196721311475411
contrast,3,factor,0.5,multiplicative Pillow contrast factor,sues200_satellite_to_uav_250m,r_at_20,0.7875,0.7375,0.04999999999999993,4.999999999999993,0.0634920634920634,6.34920634920634
contrast,3,factor,0.5,multiplicative Pillow contrast factor,sues200_satellite_to_uav_250m,official_trapezoid_mAP,0.4399527907371521,0.36955663561820984,0.07039615511894226,7.039615511894226,0.16000842954306918,16.00084295430692
contrast,3,factor,0.5,multiplicative Pillow contrast factor,sues200_satellite_to_uav_250m,MRR,0.6658704876899719,0.5777508020401001,0.08811968564987183,8.811968564987183,0.13233757506745095,13.233757506745095
contrast,3,factor,0.5,multiplicative Pillow contrast factor,sues200_uav_300m_to_satellite,r_at_1,0.38775,0.323,0.06474999999999997,6.474999999999998,0.1669890393294648,16.698903932946482
contrast,3,factor,0.5,multiplicative Pillow contrast factor,sues200_uav_300m_to_satellite,r_at_5,0.751,0.68625,0.06474999999999997,6.474999999999998,0.08621837549933418,8.621837549933419
contrast,3,factor,0.5,multiplicative Pillow contrast factor,sues200_uav_300m_to_satellite,r_at_10,0.88125,0.8115,0.06974999999999998,6.974999999999998,0.07914893617021275,7.914893617021274
contrast,3,factor,0.5,multiplicative Pillow contrast factor,sues200_uav_300m_to_satellite,r_at_20,0.95925,0.928,0.03125,3.125,0.032577534532186606,3.25775345321866
contrast,3,factor,0.5,multiplicative Pillow contrast factor,sues200_uav_300m_to_satellite,official_trapezoid_mAP,0.4710761606693268,0.4060838222503662,0.06499233841896057,6.499233841896057,0.13796567061813625,13.796567061813626
contrast,3,factor,0.5,multiplicative Pillow contrast factor,sues200_uav_300m_to_satellite,MRR,0.5544023513793945,0.4891676604747772,0.06523469090461731,6.523469090461731,0.11766669232608505,11.766669232608505
contrast,3,factor,0.5,multiplicative Pillow contrast factor,sues200_satellite_to_uav_300m,r_at_1,0.6,0.525,0.07499999999999996,7.499999999999996,0.12499999999999993,12.499999999999993
contrast,3,factor,0.5,multiplicative Pillow contrast factor,sues200_satellite_to_uav_300m,r_at_5,0.6875,0.65,0.03749999999999998,3.749999999999998,0.054545454545454515,5.4545454545454515
contrast,3,factor,0.5,multiplicative Pillow contrast factor,sues200_satellite_to_uav_300m,r_at_10,0.75,0.725,0.025000000000000022,2.500000000000002,0.03333333333333336,3.333333333333336
contrast,3,factor,0.5,multiplicative Pillow contrast factor,sues200_satellite_to_uav_300m,r_at_20,0.7875,0.775,0.012499999999999956,1.2499999999999956,0.015873015873015817,1.5873015873015817
contrast,3,factor,0.5,multiplicative Pillow contrast factor,sues200_satellite_to_uav_300m,official_trapezoid_mAP,0.452476441860199,0.3826611042022705,0.06981533765792847,6.981533765792847,0.15429607201406348,15.429607201406348
contrast,3,factor,0.5,multiplicative Pillow contrast factor,sues200_satellite_to_uav_300m,MRR,0.6475752592086792,0.5855124592781067,0.06206279993057251,6.206279993057251,0.09583874468337734,9.583874468337735
contrast,4,factor,0.35,multiplicative Pillow contrast factor,sues200_uav_150m_to_satellite,r_at_1,0.287,0.18975,0.09724999999999998,9.724999999999998,0.3388501742160278,33.88501742160278
contrast,4,factor,0.35,multiplicative Pillow contrast factor,sues200_uav_150m_to_satellite,r_at_5,0.653,0.5275,0.12550000000000006,12.550000000000006,0.1921898928024503,19.218989280245033
contrast,4,factor,0.35,multiplicative Pillow contrast factor,sues200_uav_150m_to_satellite,r_at_10,0.7945,0.691,0.10350000000000004,10.350000000000003,0.13027061044682195,13.027061044682194
contrast,4,factor,0.35,multiplicative Pillow contrast factor,sues200_uav_150m_to_satellite,r_at_20,0.9105,0.81475,0.09575,9.575,0.10516199890170237,10.516199890170236
contrast,4,factor,0.35,multiplicative Pillow contrast factor,sues200_uav_150m_to_satellite,official_trapezoid_mAP,0.3715789318084717,0.2704865038394928,0.10109242796897888,10.109242796897888,0.2720617863799835,27.206178637998352
contrast,4,factor,0.35,multiplicative Pillow contrast factor,sues200_uav_150m_to_satellite,MRR,0.4561578333377838,0.35122305154800415,0.10493478178977966,10.493478178977966,0.23004051256108915,23.004051256108912
contrast,4,factor,0.35,multiplicative Pillow contrast factor,sues200_satellite_to_uav_150m,r_at_1,0.475,0.3625,0.11249999999999999,11.249999999999998,0.23684210526315788,23.684210526315788
contrast,4,factor,0.35,multiplicative Pillow contrast factor,sues200_satellite_to_uav_150m,r_at_5,0.625,0.4875,0.1375,13.750000000000002,0.22000000000000003,22.000000000000004
contrast,4,factor,0.35,multiplicative Pillow contrast factor,sues200_satellite_to_uav_150m,r_at_10,0.7,0.5375,0.16249999999999998,16.249999999999996,0.23214285714285712,23.21428571428571
contrast,4,factor,0.35,multiplicative Pillow contrast factor,sues200_satellite_to_uav_150m,r_at_20,0.725,0.6125,0.11249999999999993,11.249999999999993,0.15517241379310337,15.517241379310336
contrast,4,factor,0.35,multiplicative Pillow contrast factor,sues200_satellite_to_uav_150m,official_trapezoid_mAP,0.34278807044029236,0.28378286957740784,0.05900520086288452,5.900520086288452,0.17213318067660754,17.213318067660754
contrast,4,factor,0.35,multiplicative Pillow contrast factor,sues200_satellite_to_uav_150m,MRR,0.5414365530014038,0.43505364656448364,0.10638290643692017,10.638290643692017,0.19648268268404911,19.648268268404912
contrast,4,factor,0.35,multiplicative Pillow contrast factor,sues200_uav_200m_to_satellite,r_at_1,0.3315,0.22825,0.10325000000000001,10.325000000000001,0.3114630467571644,31.146304675716443
contrast,4,factor,0.35,multiplicative Pillow contrast factor,sues200_uav_200m_to_satellite,r_at_5,0.69575,0.5605,0.13524999999999998,13.524999999999999,0.19439453826805603,19.439453826805604
contrast,4,factor,0.35,multiplicative Pillow contrast factor,sues200_uav_200m_to_satellite,r_at_10,0.8245,0.71625,0.10824999999999996,10.824999999999996,0.1312916919345057,13.12916919345057
contrast,4,factor,0.35,multiplicative Pillow contrast factor,sues200_uav_200m_to_satellite,r_at_20,0.92925,0.84275,0.08650000000000002,8.650000000000002,0.09308582189938125,9.308582189938123
contrast,4,factor,0.35,multiplicative Pillow contrast factor,sues200_uav_200m_to_satellite,official_trapezoid_mAP,0.4146501421928406,0.3068782389163971,0.10777190327644348,10.777190327644348,0.25991044572299266,25.991044572299266
contrast,4,factor,0.35,multiplicative Pillow contrast factor,sues200_uav_200m_to_satellite,MRR,0.4978003203868866,0.3855064809322357,0.11229383945465088,11.229383945465088,0.22558008674517718,22.55800867451772
contrast,4,factor,0.35,multiplicative Pillow contrast factor,sues200_satellite_to_uav_200m,r_at_1,0.6125,0.4375,0.17500000000000004,17.500000000000004,0.28571428571428575,28.571428571428577
contrast,4,factor,0.35,multiplicative Pillow contrast factor,sues200_satellite_to_uav_200m,r_at_5,0.7125,0.5375,0.17500000000000004,17.500000000000004,0.24561403508771934,24.561403508771935
contrast,4,factor,0.35,multiplicative Pillow contrast factor,sues200_satellite_to_uav_200m,r_at_10,0.75,0.575,0.17500000000000004,17.500000000000004,0.2333333333333334,23.33333333333334
contrast,4,factor,0.35,multiplicative Pillow contrast factor,sues200_satellite_to_uav_200m,r_at_20,0.7875,0.65,0.13749999999999996,13.749999999999996,0.17460317460317454,17.460317460317455
contrast,4,factor,0.35,multiplicative Pillow contrast factor,sues200_satellite_to_uav_200m,official_trapezoid_mAP,0.402458518743515,0.31365376710891724,0.08880475163459778,8.880475163459778,0.22065566387275962,22.06556638727596
contrast,4,factor,0.35,multiplicative Pillow contrast factor,sues200_satellite_to_uav_200m,MRR,0.6624575257301331,0.48833832144737244,0.17411920428276062,17.411920428276062,0.2628382915430747,26.28382915430747
contrast,4,factor,0.35,multiplicative Pillow contrast factor,sues200_uav_250m_to_satellite,r_at_1,0.35975,0.24075,0.11900000000000002,11.900000000000002,0.3307852675469076,33.07852675469076
contrast,4,factor,0.35,multiplicative Pillow contrast factor,sues200_uav_250m_to_satellite,r_at_5,0.73575,0.59275,0.14300000000000002,14.3,0.1943594971117907,19.43594971117907
contrast,4,factor,0.35,multiplicative Pillow contrast factor,sues200_uav_250m_to_satellite,r_at_10,0.86175,0.74625,0.11550000000000005,11.550000000000004,0.13402959094865105,13.402959094865105
contrast,4,factor,0.35,multiplicative Pillow contrast factor,sues200_uav_250m_to_satellite,r_at_20,0.94375,0.866,0.07774999999999999,7.774999999999999,0.08238410596026488,8.238410596026489
contrast,4,factor,0.35,multiplicative Pillow contrast factor,sues200_uav_250m_to_satellite,official_trapezoid_mAP,0.4443421959877014,0.32242587208747864,0.12191632390022278,12.191632390022278,0.2743748511869829,27.437485118698294
contrast,4,factor,0.35,multiplicative Pillow contrast factor,sues200_uav_250m_to_satellite,MRR,0.5289343595504761,0.40410175919532776,0.12483260035514832,12.483260035514832,0.23600773536670872,23.60077353667087
contrast,4,factor,0.35,multiplicative Pillow contrast factor,sues200_satellite_to_uav_250m,r_at_1,0.6,0.4125,0.1875,18.75,0.3125,31.25
contrast,4,factor,0.35,multiplicative Pillow contrast factor,sues200_satellite_to_uav_250m,r_at_5,0.7375,0.5375,0.20000000000000007,20.000000000000007,0.27118644067796616,27.11864406779662
contrast,4,factor,0.35,multiplicative Pillow contrast factor,sues200_satellite_to_uav_250m,r_at_10,0.7625,0.5875,0.17499999999999993,17.499999999999993,0.2295081967213114,22.95081967213114
contrast,4,factor,0.35,multiplicative Pillow contrast factor,sues200_satellite_to_uav_250m,r_at_20,0.7875,0.6625,0.125,12.5,0.15873015873015872,15.873015873015873
contrast,4,factor,0.35,multiplicative Pillow contrast factor,sues200_satellite_to_uav_250m,official_trapezoid_mAP,0.4399527907371521,0.32876548171043396,0.11118730902671814,11.118730902671814,0.252725545485053,25.2725545485053
contrast,4,factor,0.35,multiplicative Pillow contrast factor,sues200_satellite_to_uav_250m,MRR,0.6658704876899719,0.47150787711143494,0.194362610578537,19.4362610578537,0.29189251389232895,29.189251389232897
contrast,4,factor,0.35,multiplicative Pillow contrast factor,sues200_uav_300m_to_satellite,r_at_1,0.38775,0.25275,0.135,13.5,0.34816247582205034,34.81624758220503
contrast,4,factor,0.35,multiplicative Pillow contrast factor,sues200_uav_300m_to_satellite,r_at_5,0.751,0.6135,0.13749999999999996,13.749999999999996,0.1830892143808255,18.308921438082553
contrast,4,factor,0.35,multiplicative Pillow contrast factor,sues200_uav_300m_to_satellite,r_at_10,0.88125,0.753,0.12824999999999998,12.824999999999998,0.145531914893617,14.5531914893617
contrast,4,factor,0.35,multiplicative Pillow contrast factor,sues200_uav_300m_to_satellite,r_at_20,0.95925,0.873,0.08625000000000005,8.625000000000005,0.08991399530883508,8.991399530883507
contrast,4,factor,0.35,multiplicative Pillow contrast factor,sues200_uav_300m_to_satellite,official_trapezoid_mAP,0.4710761606693268,0.3358393609523773,0.13523679971694946,13.523679971694946,0.2870805424006147,28.70805424006147
contrast,4,factor,0.35,multiplicative Pillow contrast factor,sues200_uav_300m_to_satellite,MRR,0.5544023513793945,0.41892877221107483,0.1354735791683197,13.54735791683197,0.24435967638169517,24.43596763816952
contrast,4,factor,0.35,multiplicative Pillow contrast factor,sues200_satellite_to_uav_300m,r_at_1,0.6,0.4375,0.16249999999999998,16.249999999999996,0.2708333333333333,27.08333333333333
contrast,4,factor,0.35,multiplicative Pillow contrast factor,sues200_satellite_to_uav_300m,r_at_5,0.6875,0.5,0.1875,18.75,0.2727272727272727,27.272727272727273
contrast,4,factor,0.35,multiplicative Pillow contrast factor,sues200_satellite_to_uav_300m,r_at_10,0.75,0.625,0.125,12.5,0.16666666666666666,16.666666666666668
contrast,4,factor,0.35,multiplicative Pillow contrast factor,sues200_satellite_to_uav_300m,r_at_20,0.7875,0.6625,0.125,12.5,0.15873015873015872,15.873015873015873
contrast,4,factor,0.35,multiplicative Pillow contrast factor,sues200_satellite_to_uav_300m,official_trapezoid_mAP,0.452476441860199,0.3327074348926544,0.11976900696754456,11.976900696754456,0.26469666901365313,26.469666901365315
contrast,4,factor,0.35,multiplicative Pillow contrast factor,sues200_satellite_to_uav_300m,MRR,0.6475752592086792,0.48041877150535583,0.16715648770332336,16.715648770332336,0.2581267355821846,25.812673558218457
contrast,5,factor,0.2,multiplicative Pillow contrast factor,sues200_uav_150m_to_satellite,r_at_1,0.287,0.081,0.20599999999999996,20.599999999999994,0.7177700348432055,71.77700348432055
contrast,5,factor,0.2,multiplicative Pillow contrast factor,sues200_uav_150m_to_satellite,r_at_5,0.653,0.3765,0.2765,27.650000000000002,0.4234303215926493,42.34303215926493
contrast,5,factor,0.2,multiplicative Pillow contrast factor,sues200_uav_150m_to_satellite,r_at_10,0.7945,0.54825,0.24624999999999997,24.624999999999996,0.3099433606041535,30.994336060415353
contrast,5,factor,0.2,multiplicative Pillow contrast factor,sues200_uav_150m_to_satellite,r_at_20,0.9105,0.71825,0.19224999999999992,19.22499999999999,0.2111477210323997,21.114772103239968
contrast,5,factor,0.2,multiplicative Pillow contrast factor,sues200_uav_150m_to_satellite,official_trapezoid_mAP,0.3715789318084717,0.1564037799835205,0.21517515182495117,21.517515182495117,0.579083294033102,57.908329403310205
contrast,5,factor,0.2,multiplicative Pillow contrast factor,sues200_uav_150m_to_satellite,MRR,0.4561578333377838,0.23180751502513885,0.22435031831264496,22.435031831264496,0.49182607842341725,49.182607842341724
contrast,5,factor,0.2,multiplicative Pillow contrast factor,sues200_satellite_to_uav_150m,r_at_1,0.475,0.2,0.27499999999999997,27.499999999999996,0.5789473684210525,57.89473684210526
contrast,5,factor,0.2,multiplicative Pillow contrast factor,sues200_satellite_to_uav_150m,r_at_5,0.625,0.4,0.22499999999999998,22.499999999999996,0.36,35.99999999999999
contrast,5,factor,0.2,multiplicative Pillow contrast factor,sues200_satellite_to_uav_150m,r_at_10,0.7,0.4375,0.26249999999999996,26.249999999999996,0.37499999999999994,37.5
contrast,5,factor,0.2,multiplicative Pillow contrast factor,sues200_satellite_to_uav_150m,r_at_20,0.725,0.5,0.22499999999999998,22.499999999999996,0.31034482758620685,31.034482758620687
contrast,5,factor,0.2,multiplicative Pillow contrast factor,sues200_satellite_to_uav_150m,official_trapezoid_mAP,0.34278807044029236,0.17919084429740906,0.1635972261428833,16.35972261428833,0.4772547245671405,47.72547245671405
contrast,5,factor,0.2,multiplicative Pillow contrast factor,sues200_satellite_to_uav_150m,MRR,0.5414365530014038,0.2786789536476135,0.2627575993537903,26.27575993537903,0.48529711911251217,48.52971191125122
contrast,5,factor,0.2,multiplicative Pillow contrast factor,sues200_uav_200m_to_satellite,r_at_1,0.3315,0.10875,0.22275,22.275,0.671945701357466,67.1945701357466
contrast,5,factor,0.2,multiplicative Pillow contrast factor,sues200_uav_200m_to_satellite,r_at_5,0.69575,0.41725,0.27849999999999997,27.849999999999998,0.4002874595759971,40.02874595759971
contrast,5,factor,0.2,multiplicative Pillow contrast factor,sues200_uav_200m_to_satellite,r_at_10,0.8245,0.58275,0.24175000000000002,24.175,0.2932080048514251,29.32080048514251
contrast,5,factor,0.2,multiplicative Pillow contrast factor,sues200_uav_200m_to_satellite,r_at_20,0.92925,0.7305,0.19874999999999998,19.875,0.2138821630347054,21.38821630347054
contrast,5,factor,0.2,multiplicative Pillow contrast factor,sues200_uav_200m_to_satellite,official_trapezoid_mAP,0.4146501421928406,0.18662558495998383,0.22802455723285675,22.802455723285675,0.549920364254475,54.9920364254475
contrast,5,factor,0.2,multiplicative Pillow contrast factor,sues200_uav_200m_to_satellite,MRR,0.4978003203868866,0.26450115442276,0.2332991659641266,23.32991659641266,0.4686601362225084,46.86601362225084
contrast,5,factor,0.2,multiplicative Pillow contrast factor,sues200_satellite_to_uav_200m,r_at_1,0.6125,0.2625,0.35000000000000003,35.0,0.5714285714285714,57.14285714285714
contrast,5,factor,0.2,multiplicative Pillow contrast factor,sues200_satellite_to_uav_200m,r_at_5,0.7125,0.375,0.3375,33.75,0.4736842105263158,47.368421052631575
contrast,5,factor,0.2,multiplicative Pillow contrast factor,sues200_satellite_to_uav_200m,r_at_10,0.75,0.45,0.3,30.0,0.39999999999999997,40.0
contrast,5,factor,0.2,multiplicative Pillow contrast factor,sues200_satellite_to_uav_200m,r_at_20,0.7875,0.4875,0.3,30.0,0.38095238095238093,38.095238095238095
contrast,5,factor,0.2,multiplicative Pillow contrast factor,sues200_satellite_to_uav_200m,official_trapezoid_mAP,0.402458518743515,0.20206646621227264,0.20039205253124237,20.039205253124237,0.49791976861831894,49.79197686183189
contrast,5,factor,0.2,multiplicative Pillow contrast factor,sues200_satellite_to_uav_200m,MRR,0.6624575257301331,0.32204771041870117,0.3404098153114319,34.04098153114319,0.5138590809067289,51.38590809067289
contrast,5,factor,0.2,multiplicative Pillow contrast factor,sues200_uav_250m_to_satellite,r_at_1,0.35975,0.1155,0.24425000000000002,24.425,0.6789437109103544,67.89437109103544
contrast,5,factor,0.2,multiplicative Pillow contrast factor,sues200_uav_250m_to_satellite,r_at_5,0.73575,0.428,0.30775,30.775000000000002,0.418280665987088,41.8280665987088
contrast,5,factor,0.2,multiplicative Pillow contrast factor,sues200_uav_250m_to_satellite,r_at_10,0.86175,0.6005,0.26125,26.125,0.303162170002901,30.316217000290106
contrast,5,factor,0.2,multiplicative Pillow contrast factor,sues200_uav_250m_to_satellite,r_at_20,0.94375,0.746,0.19774999999999998,19.775,0.20953642384105958,20.953642384105958
contrast,5,factor,0.2,multiplicative Pillow contrast factor,sues200_uav_250m_to_satellite,official_trapezoid_mAP,0.4443421959877014,0.1934974491596222,0.2508447468280792,25.084474682807922,0.5645305557139169,56.45305557139168
contrast,5,factor,0.2,multiplicative Pillow contrast factor,sues200_uav_250m_to_satellite,MRR,0.5289343595504761,0.27149489521980286,0.2574394643306732,25.743946433067322,0.48671344502834446,48.671344502834444
contrast,5,factor,0.2,multiplicative Pillow contrast factor,sues200_satellite_to_uav_250m,r_at_1,0.6,0.2625,0.33749999999999997,33.75,0.5625,56.25
contrast,5,factor,0.2,multiplicative Pillow contrast factor,sues200_satellite_to_uav_250m,r_at_5,0.7375,0.4,0.3375,33.75,0.4576271186440678,45.762711864406775
contrast,5,factor,0.2,multiplicative Pillow contrast factor,sues200_satellite_to_uav_250m,r_at_10,0.7625,0.4125,0.35,35.0,0.45901639344262296,45.9016393442623
contrast,5,factor,0.2,multiplicative Pillow contrast factor,sues200_satellite_to_uav_250m,r_at_20,0.7875,0.475,0.3125,31.25,0.39682539682539686,39.682539682539684
contrast,5,factor,0.2,multiplicative Pillow contrast factor,sues200_satellite_to_uav_250m,official_trapezoid_mAP,0.4399527907371521,0.21115775406360626,0.22879503667354584,22.879503667354584,0.5200445172542125,52.00445172542125
contrast,5,factor,0.2,multiplicative Pillow contrast factor,sues200_satellite_to_uav_250m,MRR,0.6658704876899719,0.3292199671268463,0.3366505205631256,33.66505205631256,0.5055795785919701,50.55795785919701
contrast,5,factor,0.2,multiplicative Pillow contrast factor,sues200_uav_300m_to_satellite,r_at_1,0.38775,0.128,0.25975,25.974999999999998,0.6698903932946486,66.98903932946486
contrast,5,factor,0.2,multiplicative Pillow contrast factor,sues200_uav_300m_to_satellite,r_at_5,0.751,0.44025,0.31075,31.075000000000003,0.4137816245006658,41.37816245006658
contrast,5,factor,0.2,multiplicative Pillow contrast factor,sues200_uav_300m_to_satellite,r_at_10,0.88125,0.61325,0.268,26.8,0.30411347517730497,30.411347517730498
contrast,5,factor,0.2,multiplicative Pillow contrast factor,sues200_uav_300m_to_satellite,r_at_20,0.95925,0.75525,0.20400000000000007,20.400000000000006,0.21266614542611423,21.26661454261142
contrast,5,factor,0.2,multiplicative Pillow contrast factor,sues200_uav_300m_to_satellite,official_trapezoid_mAP,0.4710761606693268,0.20519554615020752,0.26588061451911926,26.588061451911926,0.5644111010443488,56.44111010443488
contrast,5,factor,0.2,multiplicative Pillow contrast factor,sues200_uav_300m_to_satellite,MRR,0.5544023513793945,0.2823910713195801,0.27201128005981445,27.201128005981445,0.4906387561002042,49.06387561002042
contrast,5,factor,0.2,multiplicative Pillow contrast factor,sues200_satellite_to_uav_300m,r_at_1,0.6,0.275,0.32499999999999996,32.49999999999999,0.5416666666666666,54.16666666666666
contrast,5,factor,0.2,multiplicative Pillow contrast factor,sues200_satellite_to_uav_300m,r_at_5,0.6875,0.4,0.2875,28.749999999999996,0.41818181818181815,41.81818181818181
contrast,5,factor,0.2,multiplicative Pillow contrast factor,sues200_satellite_to_uav_300m,r_at_10,0.75,0.45,0.3,30.0,0.39999999999999997,40.0
contrast,5,factor,0.2,multiplicative Pillow contrast factor,sues200_satellite_to_uav_300m,r_at_20,0.7875,0.55,0.23749999999999993,23.749999999999993,0.3015873015873015,30.15873015873015
contrast,5,factor,0.2,multiplicative Pillow contrast factor,sues200_satellite_to_uav_300m,official_trapezoid_mAP,0.452476441860199,0.21803215146064758,0.2344442903995514,23.44442903995514,0.5181359043483358,51.813590434833586
contrast,5,factor,0.2,multiplicative Pillow contrast factor,sues200_satellite_to_uav_300m,MRR,0.6475752592086792,0.3404102623462677,0.3071649968624115,30.71649968624115,0.4743309638446649,47.43309638446649
center_occlusion,1,area_fraction,0.05,fraction of decoded source-image area,sues200_uav_150m_to_satellite,r_at_1,0.287,0.21675,0.07024999999999998,7.024999999999998,0.24477351916376303,24.4773519163763
center_occlusion,1,area_fraction,0.05,fraction of decoded source-image area,sues200_uav_150m_to_satellite,r_at_5,0.653,0.57075,0.08225000000000005,8.225000000000005,0.12595712098009196,12.595712098009196
center_occlusion,1,area_fraction,0.05,fraction of decoded source-image area,sues200_uav_150m_to_satellite,r_at_10,0.7945,0.71425,0.08024999999999993,8.024999999999993,0.1010069225928256,10.100692259282559
center_occlusion,1,area_fraction,0.05,fraction of decoded source-image area,sues200_uav_150m_to_satellite,r_at_20,0.9105,0.86525,0.04525000000000001,4.525000000000001,0.04969796814936849,4.969796814936849
center_occlusion,1,area_fraction,0.05,fraction of decoded source-image area,sues200_uav_150m_to_satellite,official_trapezoid_mAP,0.3715789318084717,0.2990490794181824,0.0725298523902893,7.252985239028931,0.1951936619153489,19.51936619153489
center_occlusion,1,area_fraction,0.05,fraction of decoded source-image area,sues200_uav_150m_to_satellite,MRR,0.4561578333377838,0.3813481628894806,0.07480967044830322,7.480967044830322,0.1639995303838328,16.39995303838328
center_occlusion,1,area_fraction,0.05,fraction of decoded source-image area,sues200_satellite_to_uav_150m,r_at_1,0.475,0.375,0.09999999999999998,9.999999999999998,0.21052631578947364,21.052631578947366
center_occlusion,1,area_fraction,0.05,fraction of decoded source-image area,sues200_satellite_to_uav_150m,r_at_5,0.625,0.475,0.15000000000000002,15.000000000000002,0.24000000000000005,24.000000000000004
center_occlusion,1,area_fraction,0.05,fraction of decoded source-image area,sues200_satellite_to_uav_150m,r_at_10,0.7,0.5375,0.16249999999999998,16.249999999999996,0.23214285714285712,23.21428571428571
center_occlusion,1,area_fraction,0.05,fraction of decoded source-image area,sues200_satellite_to_uav_150m,r_at_20,0.725,0.6,0.125,12.5,0.1724137931034483,17.24137931034483
center_occlusion,1,area_fraction,0.05,fraction of decoded source-image area,sues200_satellite_to_uav_150m,official_trapezoid_mAP,0.34278807044029236,0.271659255027771,0.07112881541252136,7.112881541252136,0.20750084832637355,20.750084832637356
center_occlusion,1,area_fraction,0.05,fraction of decoded source-image area,sues200_satellite_to_uav_150m,MRR,0.5414365530014038,0.4309958517551422,0.1104407012462616,11.04407012462616,0.2039771800297629,20.397718002976287
center_occlusion,1,area_fraction,0.05,fraction of decoded source-image area,sues200_uav_200m_to_satellite,r_at_1,0.3315,0.27025,0.06125000000000003,6.125000000000003,0.18476621417797895,18.476621417797894
center_occlusion,1,area_fraction,0.05,fraction of decoded source-image area,sues200_uav_200m_to_satellite,r_at_5,0.69575,0.6055,0.09024999999999994,9.024999999999995,0.12971613366870277,12.971613366870278
center_occlusion,1,area_fraction,0.05,fraction of decoded source-image area,sues200_uav_200m_to_satellite,r_at_10,0.8245,0.76175,0.06274999999999997,6.274999999999997,0.07610673135233471,7.610673135233471
center_occlusion,1,area_fraction,0.05,fraction of decoded source-image area,sues200_uav_200m_to_satellite,r_at_20,0.92925,0.88225,0.04700000000000004,4.700000000000005,0.050578423459779434,5.057842345977944
center_occlusion,1,area_fraction,0.05,fraction of decoded source-image area,sues200_uav_200m_to_satellite,official_trapezoid_mAP,0.4146501421928406,0.3505857586860657,0.0640643835067749,6.40643835067749,0.15450225862211472,15.450225862211473
center_occlusion,1,area_fraction,0.05,fraction of decoded source-image area,sues200_uav_200m_to_satellite,MRR,0.4978003203868866,0.4309215247631073,0.0668787956237793,6.68787956237793,0.13434863917283463,13.434863917283462
center_occlusion,1,area_fraction,0.05,fraction of decoded source-image area,sues200_satellite_to_uav_200m,r_at_1,0.6125,0.4625,0.15000000000000002,15.000000000000002,0.2448979591836735,24.48979591836735
center_occlusion,1,area_fraction,0.05,fraction of decoded source-image area,sues200_satellite_to_uav_200m,r_at_5,0.7125,0.5625,0.15000000000000002,15.000000000000002,0.2105263157894737,21.05263157894737
center_occlusion,1,area_fraction,0.05,fraction of decoded source-image area,sues200_satellite_to_uav_200m,r_at_10,0.75,0.5875,0.16249999999999998,16.249999999999996,0.21666666666666665,21.66666666666666
center_occlusion,1,area_fraction,0.05,fraction of decoded source-image area,sues200_satellite_to_uav_200m,r_at_20,0.7875,0.65,0.13749999999999996,13.749999999999996,0.17460317460317454,17.460317460317455
center_occlusion,1,area_fraction,0.05,fraction of decoded source-image area,sues200_satellite_to_uav_200m,official_trapezoid_mAP,0.402458518743515,0.32505670189857483,0.07740181684494019,7.7401816844940186,0.19232247111227882,19.23224711122788
center_occlusion,1,area_fraction,0.05,fraction of decoded source-image area,sues200_satellite_to_uav_200m,MRR,0.6624575257301331,0.5112536549568176,0.15120387077331543,15.120387077331543,0.22824689115979901,22.8246891159799
center_occlusion,1,area_fraction,0.05,fraction of decoded source-image area,sues200_uav_250m_to_satellite,r_at_1,0.35975,0.29175,0.068,6.800000000000001,0.1890201528839472,18.90201528839472
center_occlusion,1,area_fraction,0.05,fraction of decoded source-image area,sues200_uav_250m_to_satellite,r_at_5,0.73575,0.62775,0.10799999999999998,10.799999999999999,0.14678899082568805,14.678899082568806
center_occlusion,1,area_fraction,0.05,fraction of decoded source-image area,sues200_uav_250m_to_satellite,r_at_10,0.86175,0.785,0.07674999999999998,7.674999999999999,0.08906295329271828,8.90629532927183
center_occlusion,1,area_fraction,0.05,fraction of decoded source-image area,sues200_uav_250m_to_satellite,r_at_20,0.94375,0.89425,0.04949999999999999,4.949999999999999,0.0524503311258278,5.245033112582781
center_occlusion,1,area_fraction,0.05,fraction of decoded source-image area,sues200_uav_250m_to_satellite,official_trapezoid_mAP,0.4443421959877014,0.3710267245769501,0.07331547141075134,7.331547141075134,0.1649977699007019,16.49977699007019
center_occlusion,1,area_fraction,0.05,fraction of decoded source-image area,sues200_uav_250m_to_satellite,MRR,0.5289343595504761,0.4503035247325897,0.07863083481788635,7.863083481788635,0.14865896570741238,14.865896570741238
center_occlusion,1,area_fraction,0.05,fraction of decoded source-image area,sues200_satellite_to_uav_250m,r_at_1,0.6,0.4625,0.13749999999999996,13.749999999999996,0.2291666666666666,22.91666666666666
center_occlusion,1,area_fraction,0.05,fraction of decoded source-image area,sues200_satellite_to_uav_250m,r_at_5,0.7375,0.5625,0.17500000000000004,17.500000000000004,0.23728813559322037,23.728813559322038
center_occlusion,1,area_fraction,0.05,fraction of decoded source-image area,sues200_satellite_to_uav_250m,r_at_10,0.7625,0.6,0.16249999999999998,16.249999999999996,0.21311475409836064,21.311475409836063
center_occlusion,1,area_fraction,0.05,fraction of decoded source-image area,sues200_satellite_to_uav_250m,r_at_20,0.7875,0.6625,0.125,12.5,0.15873015873015872,15.873015873015873
center_occlusion,1,area_fraction,0.05,fraction of decoded source-image area,sues200_satellite_to_uav_250m,official_trapezoid_mAP,0.4399527907371521,0.3505747616291046,0.08937802910804749,8.937802910804749,0.20315368146271404,20.315368146271403
center_occlusion,1,area_fraction,0.05,fraction of decoded source-image area,sues200_satellite_to_uav_250m,MRR,0.6658704876899719,0.5200659036636353,0.14580458402633667,14.580458402633667,0.21896838307425184,21.896838307425185
center_occlusion,1,area_fraction,0.05,fraction of decoded source-image area,sues200_uav_300m_to_satellite,r_at_1,0.38775,0.297,0.09075,9.075,0.23404255319148937,23.404255319148934
center_occlusion,1,area_fraction,0.05,fraction of decoded source-image area,sues200_uav_300m_to_satellite,r_at_5,0.751,0.64175,0.10924999999999996,10.924999999999995,0.14547270306258317,14.547270306258316
center_occlusion,1,area_fraction,0.05,fraction of decoded source-image area,sues200_uav_300m_to_satellite,r_at_10,0.88125,0.789,0.09224999999999994,9.224999999999994,0.10468085106382972,10.468085106382972
center_occlusion,1,area_fraction,0.05,fraction of decoded source-image area,sues200_uav_300m_to_satellite,r_at_20,0.95925,0.90325,0.05600000000000005,5.600000000000005,0.05837894188167844,5.837894188167844
center_occlusion,1,area_fraction,0.05,fraction of decoded source-image area,sues200_uav_300m_to_satellite,official_trapezoid_mAP,0.4710761606693268,0.37701335549354553,0.09406280517578125,9.406280517578125,0.19967642820670964,19.967642820670964
center_occlusion,1,area_fraction,0.05,fraction of decoded source-image area,sues200_uav_300m_to_satellite,MRR,0.5544023513793945,0.45702672004699707,0.09737563133239746,9.737563133239746,0.1756407257114253,17.56407257114253
center_occlusion,1,area_fraction,0.05,fraction of decoded source-image area,sues200_satellite_to_uav_300m,r_at_1,0.6,0.5125,0.08750000000000002,8.750000000000002,0.14583333333333337,14.583333333333337
center_occlusion,1,area_fraction,0.05,fraction of decoded source-image area,sues200_satellite_to_uav_300m,r_at_5,0.6875,0.5875,0.09999999999999998,9.999999999999998,0.14545454545454542,14.545454545454543
center_occlusion,1,area_fraction,0.05,fraction of decoded source-image area,sues200_satellite_to_uav_300m,r_at_10,0.75,0.6375,0.11250000000000004,11.250000000000004,0.15000000000000005,15.000000000000005
center_occlusion,1,area_fraction,0.05,fraction of decoded source-image area,sues200_satellite_to_uav_300m,r_at_20,0.7875,0.7,0.08750000000000002,8.750000000000002,0.11111111111111115,11.111111111111114
center_occlusion,1,area_fraction,0.05,fraction of decoded source-image area,sues200_satellite_to_uav_300m,official_trapezoid_mAP,0.452476441860199,0.35105186700820923,0.10142457485198975,10.142457485198975,0.22415437682239986,22.415437682239986
center_occlusion,1,area_fraction,0.05,fraction of decoded source-image area,sues200_satellite_to_uav_300m,MRR,0.6475752592086792,0.5564878582954407,0.09108740091323853,9.108740091323853,0.14065917376853626,14.065917376853626
center_occlusion,2,area_fraction,0.1,fraction of decoded source-image area,sues200_uav_150m_to_satellite,r_at_1,0.287,0.176,0.11099999999999999,11.099999999999998,0.3867595818815331,38.6759581881533
center_occlusion,2,area_fraction,0.1,fraction of decoded source-image area,sues200_uav_150m_to_satellite,r_at_5,0.653,0.4855,0.16750000000000004,16.750000000000004,0.25650842266462487,25.650842266462487
center_occlusion,2,area_fraction,0.1,fraction of decoded source-image area,sues200_uav_150m_to_satellite,r_at_10,0.7945,0.6385,0.15600000000000003,15.600000000000003,0.19634990560100696,19.634990560100697
center_occlusion,2,area_fraction,0.1,fraction of decoded source-image area,sues200_uav_150m_to_satellite,r_at_20,0.9105,0.79,0.12049999999999994,12.049999999999994,0.1323448654585392,13.234486545853919
center_occlusion,2,area_fraction,0.1,fraction of decoded source-image area,sues200_uav_150m_to_satellite,official_trapezoid_mAP,0.3715789318084717,0.2506549060344696,0.12092402577400208,12.092402577400208,0.3254329441808388,32.54329441808388
center_occlusion,2,area_fraction,0.1,fraction of decoded source-image area,sues200_uav_150m_to_satellite,MRR,0.4561578333377838,0.32530975341796875,0.13084807991981506,13.084807991981506,0.28684825811797987,28.68482581179799
center_occlusion,2,area_fraction,0.1,fraction of decoded source-image area,sues200_satellite_to_uav_150m,r_at_1,0.475,0.2375,0.2375,23.75,0.5,50.0
center_occlusion,2,area_fraction,0.1,fraction of decoded source-image area,sues200_satellite_to_uav_150m,r_at_5,0.625,0.325,0.3,30.0,0.48,48.0
center_occlusion,2,area_fraction,0.1,fraction of decoded source-image area,sues200_satellite_to_uav_150m,r_at_10,0.7,0.35,0.35,35.0,0.5,50.0
center_occlusion,2,area_fraction,0.1,fraction of decoded source-image area,sues200_satellite_to_uav_150m,r_at_20,0.725,0.45,0.27499999999999997,27.499999999999996,0.3793103448275862,37.93103448275862
center_occlusion,2,area_fraction,0.1,fraction of decoded source-image area,sues200_satellite_to_uav_150m,official_trapezoid_mAP,0.34278807044029236,0.19841496646404266,0.1443731039762497,14.43731039762497,0.4211730699694724,42.11730699694724
center_occlusion,2,area_fraction,0.1,fraction of decoded source-image area,sues200_satellite_to_uav_150m,MRR,0.5414365530014038,0.28311559557914734,0.25832095742225647,25.832095742225647,0.47710291444173464,47.710291444173464
center_occlusion,2,area_fraction,0.1,fraction of decoded source-image area,sues200_uav_200m_to_satellite,r_at_1,0.3315,0.2045,0.12700000000000003,12.700000000000003,0.383107088989442,38.3107088989442
center_occlusion,2,area_fraction,0.1,fraction of decoded source-image area,sues200_uav_200m_to_satellite,r_at_5,0.69575,0.53175,0.16400000000000003,16.400000000000002,0.2357168523176429,23.571685231764288
center_occlusion,2,area_fraction,0.1,fraction of decoded source-image area,sues200_uav_200m_to_satellite,r_at_10,0.8245,0.6685,0.15600000000000003,15.600000000000003,0.18920557913887207,18.920557913887208
center_occlusion,2,area_fraction,0.1,fraction of decoded source-image area,sues200_uav_200m_to_satellite,r_at_20,0.92925,0.80225,0.127,12.7,0.13666935700834007,13.666935700834005
center_occlusion,2,area_fraction,0.1,fraction of decoded source-image area,sues200_uav_200m_to_satellite,official_trapezoid_mAP,0.4146501421928406,0.2817623019218445,0.1328878402709961,13.28878402709961,0.32048183938447605,32.04818393844761
center_occlusion,2,area_fraction,0.1,fraction of decoded source-image area,sues200_uav_200m_to_satellite,MRR,0.4978003203868866,0.3590245842933655,0.13877573609352112,13.877573609352112,0.2787779163855613,27.877791638556133
center_occlusion,2,area_fraction,0.1,fraction of decoded source-image area,sues200_satellite_to_uav_200m,r_at_1,0.6125,0.325,0.28750000000000003,28.750000000000004,0.46938775510204084,46.93877551020408
center_occlusion,2,area_fraction,0.1,fraction of decoded source-image area,sues200_satellite_to_uav_200m,r_at_5,0.7125,0.4375,0.275,27.500000000000004,0.3859649122807018,38.59649122807018
center_occlusion,2,area_fraction,0.1,fraction of decoded source-image area,sues200_satellite_to_uav_200m,r_at_10,0.75,0.45,0.3,30.0,0.39999999999999997,40.0
center_occlusion,2,area_fraction,0.1,fraction of decoded source-image area,sues200_satellite_to_uav_200m,r_at_20,0.7875,0.5125,0.275,27.500000000000004,0.34920634920634924,34.920634920634924
center_occlusion,2,area_fraction,0.1,fraction of decoded source-image area,sues200_satellite_to_uav_200m,official_trapezoid_mAP,0.402458518743515,0.23782825469970703,0.16463026404380798,16.4630264043808,0.40906144702263364,40.90614470226337
center_occlusion,2,area_fraction,0.1,fraction of decoded source-image area,sues200_satellite_to_uav_200m,MRR,0.6624575257301331,0.3793114125728607,0.28314611315727234,28.314611315727234,0.4274177621353165,42.74177621353165
center_occlusion,2,area_fraction,0.1,fraction of decoded source-image area,sues200_uav_250m_to_satellite,r_at_1,0.35975,0.2125,0.14725000000000002,14.725000000000001,0.4093120222376651,40.931202223766505
center_occlusion,2,area_fraction,0.1,fraction of decoded source-image area,sues200_uav_250m_to_satellite,r_at_5,0.73575,0.529,0.20675,20.674999999999997,0.28100577641862046,28.100577641862042
center_occlusion,2,area_fraction,0.1,fraction of decoded source-image area,sues200_uav_250m_to_satellite,r_at_10,0.86175,0.66425,0.1975,19.75,0.2291847983753989,22.918479837539888
center_occlusion,2,area_fraction,0.1,fraction of decoded source-image area,sues200_uav_250m_to_satellite,r_at_20,0.94375,0.79775,0.14600000000000002,14.600000000000001,0.1547019867549669,15.470198675496691
center_occlusion,2,area_fraction,0.1,fraction of decoded source-image area,sues200_uav_250m_to_satellite,official_trapezoid_mAP,0.4443421959877014,0.28842416405677795,0.15591803193092346,15.591803193092346,0.3508962987058717,35.08962987058717
center_occlusion,2,area_fraction,0.1,fraction of decoded source-image area,sues200_uav_250m_to_satellite,MRR,0.5289343595504761,0.36434832215309143,0.16458603739738464,16.458603739738464,0.3111653354061947,31.116533540619464
center_occlusion,2,area_fraction,0.1,fraction of decoded source-image area,sues200_satellite_to_uav_250m,r_at_1,0.6,0.3375,0.26249999999999996,26.249999999999996,0.43749999999999994,43.74999999999999
center_occlusion,2,area_fraction,0.1,fraction of decoded source-image area,sues200_satellite_to_uav_250m,r_at_5,0.7375,0.4125,0.32500000000000007,32.50000000000001,0.44067796610169496,44.0677966101695
center_occlusion,2,area_fraction,0.1,fraction of decoded source-image area,sues200_satellite_to_uav_250m,r_at_10,0.7625,0.475,0.2875,28.749999999999996,0.3770491803278688,37.704918032786885
center_occlusion,2,area_fraction,0.1,fraction of decoded source-image area,sues200_satellite_to_uav_250m,r_at_20,0.7875,0.525,0.26249999999999996,26.249999999999996,0.33333333333333326,33.33333333333333
center_occlusion,2,area_fraction,0.1,fraction of decoded source-image area,sues200_satellite_to_uav_250m,official_trapezoid_mAP,0.4399527907371521,0.25607284903526306,0.18387994170188904,18.387994170188904,0.4179538022563592,41.79538022563592
center_occlusion,2,area_fraction,0.1,fraction of decoded source-image area,sues200_satellite_to_uav_250m,MRR,0.6658704876899719,0.384804904460907,0.28106558322906494,28.106558322906494,0.4221024785227132,42.21024785227132
center_occlusion,2,area_fraction,0.1,fraction of decoded source-image area,sues200_uav_300m_to_satellite,r_at_1,0.38775,0.22,0.16774999999999998,16.775,0.43262411347517726,43.26241134751773
center_occlusion,2,area_fraction,0.1,fraction of decoded source-image area,sues200_uav_300m_to_satellite,r_at_5,0.751,0.52275,0.22824999999999995,22.824999999999996,0.3039280958721704,30.392809587217037
center_occlusion,2,area_fraction,0.1,fraction of decoded source-image area,sues200_uav_300m_to_satellite,r_at_10,0.88125,0.6535,0.22775,22.775000000000002,0.25843971631205676,25.843971631205676
center_occlusion,2,area_fraction,0.1,fraction of decoded source-image area,sues200_uav_300m_to_satellite,r_at_20,0.95925,0.79275,0.1665000000000001,16.65000000000001,0.17357310398749032,17.357310398749032
center_occlusion,2,area_fraction,0.1,fraction of decoded source-image area,sues200_uav_300m_to_satellite,official_trapezoid_mAP,0.4710761606693268,0.2926193177700043,0.1784568428993225,17.84568428993225,0.37882800659189114,37.882800659189115
center_occlusion,2,area_fraction,0.1,fraction of decoded source-image area,sues200_uav_300m_to_satellite,MRR,0.5544023513793945,0.36523866653442383,0.1891636848449707,18.91636848449707,0.34120289059798775,34.12028905979877
center_occlusion,2,area_fraction,0.1,fraction of decoded source-image area,sues200_satellite_to_uav_300m,r_at_1,0.6,0.375,0.22499999999999998,22.499999999999996,0.375,37.49999999999999
center_occlusion,2,area_fraction,0.1,fraction of decoded source-image area,sues200_satellite_to_uav_300m,r_at_5,0.6875,0.4875,0.2,20.0,0.29090909090909095,29.09090909090909
center_occlusion,2,area_fraction,0.1,fraction of decoded source-image area,sues200_satellite_to_uav_300m,r_at_10,0.75,0.55,0.19999999999999996,19.999999999999996,0.2666666666666666,26.66666666666666
center_occlusion,2,area_fraction,0.1,fraction of decoded source-image area,sues200_satellite_to_uav_300m,r_at_20,0.7875,0.5875,0.19999999999999996,19.999999999999996,0.2539682539682539,25.396825396825392
center_occlusion,2,area_fraction,0.1,fraction of decoded source-image area,sues200_satellite_to_uav_300m,official_trapezoid_mAP,0.452476441860199,0.2518842816352844,0.20059216022491455,20.059216022491455,0.443320671901171,44.3320671901171
center_occlusion,2,area_fraction,0.1,fraction of decoded source-image area,sues200_satellite_to_uav_300m,MRR,0.6475752592086792,0.4320073127746582,0.215567946434021,21.5567946434021,0.3328847780525767,33.28847780525767
center_occlusion,3,area_fraction,0.2,fraction of decoded source-image area,sues200_uav_150m_to_satellite,r_at_1,0.287,0.09575,0.19124999999999998,19.124999999999996,0.6663763066202091,66.6376306620209
center_occlusion,3,area_fraction,0.2,fraction of decoded source-image area,sues200_uav_150m_to_satellite,r_at_5,0.653,0.30525,0.34775,34.775,0.5325421133231241,53.2542113323124
center_occlusion,3,area_fraction,0.2,fraction of decoded source-image area,sues200_uav_150m_to_satellite,r_at_10,0.7945,0.4595,0.33499999999999996,33.5,0.421648835745752,42.16488357457521
center_occlusion,3,area_fraction,0.2,fraction of decoded source-image area,sues200_uav_150m_to_satellite,r_at_20,0.9105,0.606,0.3045,30.45,0.3344316309719934,33.44316309719934
center_occlusion,3,area_fraction,0.2,fraction of decoded source-image area,sues200_uav_150m_to_satellite,official_trapezoid_mAP,0.3715789318084717,0.15212978422641754,0.21944914758205414,21.944914758205414,0.5905855493851518,59.05855493851519
center_occlusion,3,area_fraction,0.2,fraction of decoded source-image area,sues200_uav_150m_to_satellite,MRR,0.4561578333377838,0.20850960910320282,0.247648224234581,24.7648224234581,0.5429002992725065,54.29002992725066
center_occlusion,3,area_fraction,0.2,fraction of decoded source-image area,sues200_satellite_to_uav_150m,r_at_1,0.475,0.1125,0.3625,36.25,0.7631578947368421,76.31578947368422
center_occlusion,3,area_fraction,0.2,fraction of decoded source-image area,sues200_satellite_to_uav_150m,r_at_5,0.625,0.1625,0.4625,46.25,0.74,74.0
center_occlusion,3,area_fraction,0.2,fraction of decoded source-image area,sues200_satellite_to_uav_150m,r_at_10,0.7,0.1875,0.5125,51.24999999999999,0.7321428571428571,73.21428571428571
center_occlusion,3,area_fraction,0.2,fraction of decoded source-image area,sues200_satellite_to_uav_150m,r_at_20,0.725,0.1875,0.5375,53.75,0.7413793103448276,74.13793103448276
center_occlusion,3,area_fraction,0.2,fraction of decoded source-image area,sues200_satellite_to_uav_150m,official_trapezoid_mAP,0.34278807044029236,0.10110499709844589,0.24168307334184647,24.168307334184647,0.7050510043462653,70.50510043462653
center_occlusion,3,area_fraction,0.2,fraction of decoded source-image area,sues200_satellite_to_uav_150m,MRR,0.5414365530014038,0.14396575093269348,0.3974708020687103,39.74708020687103,0.7341041159215561,73.41041159215561
center_occlusion,3,area_fraction,0.2,fraction of decoded source-image area,sues200_uav_200m_to_satellite,r_at_1,0.3315,0.1075,0.22400000000000003,22.400000000000002,0.6757164404223228,67.57164404223228
center_occlusion,3,area_fraction,0.2,fraction of decoded source-image area,sues200_uav_200m_to_satellite,r_at_5,0.69575,0.3405,0.35524999999999995,35.525,0.510600071864894,51.0600071864894
center_occlusion,3,area_fraction,0.2,fraction of decoded source-image area,sues200_uav_200m_to_satellite,r_at_10,0.8245,0.47,0.35450000000000004,35.45,0.42995755003032143,42.995755003032144
center_occlusion,3,area_fraction,0.2,fraction of decoded source-image area,sues200_uav_200m_to_satellite,r_at_20,0.92925,0.60325,0.32600000000000007,32.60000000000001,0.35082055421038477,35.08205542103848
center_occlusion,3,area_fraction,0.2,fraction of decoded source-image area,sues200_uav_200m_to_satellite,official_trapezoid_mAP,0.4146501421928406,0.1676872968673706,0.24696284532546997,24.696284532546997,0.5955932970851736,59.55932970851736
center_occlusion,3,area_fraction,0.2,fraction of decoded source-image area,sues200_uav_200m_to_satellite,MRR,0.4978003203868866,0.22787460684776306,0.26992571353912354,26.992571353912354,0.5422369220842191,54.22369220842191
center_occlusion,3,area_fraction,0.2,fraction of decoded source-image area,sues200_satellite_to_uav_200m,r_at_1,0.6125,0.1125,0.5,50.0,0.8163265306122448,81.63265306122449
center_occlusion,3,area_fraction,0.2,fraction of decoded source-image area,sues200_satellite_to_uav_200m,r_at_5,0.7125,0.1625,0.55,55.00000000000001,0.7719298245614036,77.19298245614036
center_occlusion,3,area_fraction,0.2,fraction of decoded source-image area,sues200_satellite_to_uav_200m,r_at_10,0.75,0.225,0.525,52.5,0.7000000000000001,70.0
center_occlusion,3,area_fraction,0.2,fraction of decoded source-image area,sues200_satellite_to_uav_200m,r_at_20,0.7875,0.25,0.5375,53.75,0.6825396825396826,68.25396825396825
center_occlusion,3,area_fraction,0.2,fraction of decoded source-image area,sues200_satellite_to_uav_200m,official_trapezoid_mAP,0.402458518743515,0.11508605629205704,0.287372462451458,28.737246245145798,0.7140424393267698,71.40424393267698
center_occlusion,3,area_fraction,0.2,fraction of decoded source-image area,sues200_satellite_to_uav_200m,MRR,0.6624575257301331,0.1442517787218094,0.5182057470083237,51.82057470083237,0.7822475055093968,78.22475055093969
center_occlusion,3,area_fraction,0.2,fraction of decoded source-image area,sues200_uav_250m_to_satellite,r_at_1,0.35975,0.12425,0.23550000000000001,23.55,0.6546212647671995,65.46212647671994
center_occlusion,3,area_fraction,0.2,fraction of decoded source-image area,sues200_uav_250m_to_satellite,r_at_5,0.73575,0.324,0.41175,41.175,0.5596330275229358,55.96330275229357
center_occlusion,3,area_fraction,0.2,fraction of decoded source-image area,sues200_uav_250m_to_satellite,r_at_10,0.86175,0.47025,0.3915,39.15,0.45430809399477806,45.4308093994778
center_occlusion,3,area_fraction,0.2,fraction of decoded source-image area,sues200_uav_250m_to_satellite,r_at_20,0.94375,0.60625,0.3375,33.75,0.35761589403973515,35.76158940397351
center_occlusion,3,area_fraction,0.2,fraction of decoded source-image area,sues200_uav_250m_to_satellite,official_trapezoid_mAP,0.4443421959877014,0.1791147142648697,0.2652274817228317,26.522748172283173,0.5968991559157995,59.68991559157995
center_occlusion,3,area_fraction,0.2,fraction of decoded source-image area,sues200_uav_250m_to_satellite,MRR,0.5289343595504761,0.23397943377494812,0.29495492577552795,29.495492577552795,0.5576399423667626,55.76399423667626
center_occlusion,3,area_fraction,0.2,fraction of decoded source-image area,sues200_satellite_to_uav_250m,r_at_1,0.6,0.125,0.475,47.5,0.7916666666666666,79.16666666666667
center_occlusion,3,area_fraction,0.2,fraction of decoded source-image area,sues200_satellite_to_uav_250m,r_at_5,0.7375,0.2125,0.525,52.5,0.711864406779661,71.1864406779661
center_occlusion,3,area_fraction,0.2,fraction of decoded source-image area,sues200_satellite_to_uav_250m,r_at_10,0.7625,0.2125,0.5499999999999999,54.99999999999999,0.721311475409836,72.1311475409836
center_occlusion,3,area_fraction,0.2,fraction of decoded source-image area,sues200_satellite_to_uav_250m,r_at_20,0.7875,0.225,0.5625,56.25,0.7142857142857143,71.42857142857143
center_occlusion,3,area_fraction,0.2,fraction of decoded source-image area,sues200_satellite_to_uav_250m,official_trapezoid_mAP,0.4399527907371521,0.12905380129814148,0.3108989894390106,31.089898943901062,0.7066644330590367,70.66644330590367
center_occlusion,3,area_fraction,0.2,fraction of decoded source-image area,sues200_satellite_to_uav_250m,MRR,0.6658704876899719,0.1600724160671234,0.5057980716228485,50.57980716228485,0.7596042788704388,75.96042788704388
center_occlusion,3,area_fraction,0.2,fraction of decoded source-image area,sues200_uav_300m_to_satellite,r_at_1,0.38775,0.1315,0.25625,25.624999999999996,0.6608639587362991,66.08639587362991
center_occlusion,3,area_fraction,0.2,fraction of decoded source-image area,sues200_uav_300m_to_satellite,r_at_5,0.751,0.3275,0.4235,42.35,0.5639147802929427,56.39147802929428
center_occlusion,3,area_fraction,0.2,fraction of decoded source-image area,sues200_uav_300m_to_satellite,r_at_10,0.88125,0.45875,0.4225,42.25,0.47943262411347515,47.94326241134752
center_occlusion,3,area_fraction,0.2,fraction of decoded source-image area,sues200_uav_300m_to_satellite,r_at_20,0.95925,0.588,0.3712500000000001,37.12500000000001,0.3870211102423769,38.70211102423769
center_occlusion,3,area_fraction,0.2,fraction of decoded source-image area,sues200_uav_300m_to_satellite,official_trapezoid_mAP,0.4710761606693268,0.18408703804016113,0.28698912262916565,28.698912262916565,0.6092202208267093,60.92202208267093
center_occlusion,3,area_fraction,0.2,fraction of decoded source-image area,sues200_uav_300m_to_satellite,MRR,0.5544023513793945,0.23667408525943756,0.31772826611995697,31.772826611995697,0.5731005024228798,57.310050242287986
center_occlusion,3,area_fraction,0.2,fraction of decoded source-image area,sues200_satellite_to_uav_300m,r_at_1,0.6,0.1375,0.46249999999999997,46.25,0.7708333333333333,77.08333333333334
center_occlusion,3,area_fraction,0.2,fraction of decoded source-image area,sues200_satellite_to_uav_300m,r_at_5,0.6875,0.1625,0.525,52.5,0.7636363636363637,76.36363636363636
center_occlusion,3,area_fraction,0.2,fraction of decoded source-image area,sues200_satellite_to_uav_300m,r_at_10,0.75,0.2,0.55,55.00000000000001,0.7333333333333334,73.33333333333334
center_occlusion,3,area_fraction,0.2,fraction of decoded source-image area,sues200_satellite_to_uav_300m,r_at_20,0.7875,0.25,0.5375,53.75,0.6825396825396826,68.25396825396825
center_occlusion,3,area_fraction,0.2,fraction of decoded source-image area,sues200_satellite_to_uav_300m,official_trapezoid_mAP,0.452476441860199,0.13368573784828186,0.3187907040119171,31.87907040119171,0.7045465233533936,70.45465233533936
center_occlusion,3,area_fraction,0.2,fraction of decoded source-image area,sues200_satellite_to_uav_300m,MRR,0.6475752592086792,0.16497741639614105,0.48259784281253815,48.259784281253815,0.7452382343980538,74.52382343980538
center_occlusion,4,area_fraction,0.3,fraction of decoded source-image area,sues200_uav_150m_to_satellite,r_at_1,0.287,0.05275,0.23424999999999999,23.424999999999997,0.8162020905923345,81.62020905923345
center_occlusion,4,area_fraction,0.3,fraction of decoded source-image area,sues200_uav_150m_to_satellite,r_at_5,0.653,0.19125,0.46175,46.175,0.7071209800918836,70.71209800918835
center_occlusion,4,area_fraction,0.3,fraction of decoded source-image area,sues200_uav_150m_to_satellite,r_at_10,0.7945,0.31025,0.48424999999999996,48.425,0.6095028319697923,60.95028319697923
center_occlusion,4,area_fraction,0.3,fraction of decoded source-image area,sues200_uav_150m_to_satellite,r_at_20,0.9105,0.45625,0.45425,45.425,0.4989017023613399,49.89017023613399
center_occlusion,4,area_fraction,0.3,fraction of decoded source-image area,sues200_uav_150m_to_satellite,official_trapezoid_mAP,0.3715789318084717,0.09519083797931671,0.27638809382915497,27.638809382915497,0.7438206802629426,74.38206802629426
center_occlusion,4,area_fraction,0.3,fraction of decoded source-image area,sues200_uav_150m_to_satellite,MRR,0.4561578333377838,0.13763168454170227,0.31852614879608154,31.852614879608154,0.6982805632545472,69.82805632545472
center_occlusion,4,area_fraction,0.3,fraction of decoded source-image area,sues200_satellite_to_uav_150m,r_at_1,0.475,0.0625,0.4125,41.25,0.868421052631579,86.8421052631579
center_occlusion,4,area_fraction,0.3,fraction of decoded source-image area,sues200_satellite_to_uav_150m,r_at_5,0.625,0.075,0.55,55.00000000000001,0.8800000000000001,88.00000000000001
center_occlusion,4,area_fraction,0.3,fraction of decoded source-image area,sues200_satellite_to_uav_150m,r_at_10,0.7,0.1125,0.5874999999999999,58.74999999999999,0.8392857142857142,83.92857142857143
center_occlusion,4,area_fraction,0.3,fraction of decoded source-image area,sues200_satellite_to_uav_150m,r_at_20,0.725,0.1375,0.5874999999999999,58.74999999999999,0.8103448275862069,81.03448275862068
center_occlusion,4,area_fraction,0.3,fraction of decoded source-image area,sues200_satellite_to_uav_150m,official_trapezoid_mAP,0.34278807044029236,0.05882009118795395,0.2839679792523384,28.39679792523384,0.8284068313334161,82.8406831333416
center_occlusion,4,area_fraction,0.3,fraction of decoded source-image area,sues200_satellite_to_uav_150m,MRR,0.5414365530014038,0.07655215263366699,0.4648844003677368,46.48844003677368,0.8586128841702556,85.86128841702556
center_occlusion,4,area_fraction,0.3,fraction of decoded source-image area,sues200_uav_200m_to_satellite,r_at_1,0.3315,0.04975,0.28175,28.175,0.8499245852187028,84.99245852187029
center_occlusion,4,area_fraction,0.3,fraction of decoded source-image area,sues200_uav_200m_to_satellite,r_at_5,0.69575,0.19425,0.5015,50.14999999999999,0.7208048868127919,72.08048868127919
center_occlusion,4,area_fraction,0.3,fraction of decoded source-image area,sues200_uav_200m_to_satellite,r_at_10,0.8245,0.31125,0.51325,51.324999999999996,0.6224984839296543,62.249848392965426
center_occlusion,4,area_fraction,0.3,fraction of decoded source-image area,sues200_uav_200m_to_satellite,r_at_20,0.92925,0.452,0.47725,47.725,0.5135862254506323,51.35862254506322
center_occlusion,4,area_fraction,0.3,fraction of decoded source-image area,sues200_uav_200m_to_satellite,official_trapezoid_mAP,0.4146501421928406,0.0924043133854866,0.322245828807354,32.2245828807354,0.7771511354202978,77.71511354202978
center_occlusion,4,area_fraction,0.3,fraction of decoded source-image area,sues200_uav_200m_to_satellite,MRR,0.4978003203868866,0.13505862653255463,0.36274169385433197,36.2741693854332,0.7286891530572176,72.86891530572176
center_occlusion,4,area_fraction,0.3,fraction of decoded source-image area,sues200_satellite_to_uav_200m,r_at_1,0.6125,0.05,0.5625,56.25,0.9183673469387754,91.83673469387755
center_occlusion,4,area_fraction,0.3,fraction of decoded source-image area,sues200_satellite_to_uav_200m,r_at_5,0.7125,0.1125,0.6,60.0,0.8421052631578947,84.21052631578947
center_occlusion,4,area_fraction,0.3,fraction of decoded source-image area,sues200_satellite_to_uav_200m,r_at_10,0.75,0.125,0.625,62.5,0.8333333333333334,83.33333333333333
center_occlusion,4,area_fraction,0.3,fraction of decoded source-image area,sues200_satellite_to_uav_200m,r_at_20,0.7875,0.15,0.6375,63.74999999999999,0.8095238095238095,80.95238095238095
center_occlusion,4,area_fraction,0.3,fraction of decoded source-image area,sues200_satellite_to_uav_200m,official_trapezoid_mAP,0.402458518743515,0.05753803998231888,0.34492047876119614,34.492047876119614,0.8570336138940381,85.70336138940381
center_occlusion,4,area_fraction,0.3,fraction of decoded source-image area,sues200_satellite_to_uav_200m,MRR,0.6624575257301331,0.075225830078125,0.5872316956520081,58.723169565200806,0.8864442969453563,88.64442969453563
center_occlusion,4,area_fraction,0.3,fraction of decoded source-image area,sues200_uav_250m_to_satellite,r_at_1,0.35975,0.0535,0.30625,30.625000000000004,0.8512856150104239,85.1285615010424
center_occlusion,4,area_fraction,0.3,fraction of decoded source-image area,sues200_uav_250m_to_satellite,r_at_5,0.73575,0.195,0.5407500000000001,54.075,0.7349643221202855,73.49643221202855
center_occlusion,4,area_fraction,0.3,fraction of decoded source-image area,sues200_uav_250m_to_satellite,r_at_10,0.86175,0.3105,0.55125,55.125,0.639686684073107,63.9686684073107
center_occlusion,4,area_fraction,0.3,fraction of decoded source-image area,sues200_uav_250m_to_satellite,r_at_20,0.94375,0.44575,0.498,49.8,0.5276821192052981,52.7682119205298
center_occlusion,4,area_fraction,0.3,fraction of decoded source-image area,sues200_uav_250m_to_satellite,official_trapezoid_mAP,0.4443421959877014,0.09597906470298767,0.34836313128471375,34.836313128471375,0.7839974110726945,78.39974110726945
center_occlusion,4,area_fraction,0.3,fraction of decoded source-image area,sues200_uav_250m_to_satellite,MRR,0.5289343595504761,0.13845814764499664,0.39047621190547943,39.04762119054794,0.7382318899406201,73.82318899406201
center_occlusion,4,area_fraction,0.3,fraction of decoded source-image area,sues200_satellite_to_uav_250m,r_at_1,0.6,0.0375,0.5625,56.25,0.9375,93.75
center_occlusion,4,area_fraction,0.3,fraction of decoded source-image area,sues200_satellite_to_uav_250m,r_at_5,0.7375,0.1,0.6375000000000001,63.75000000000001,0.864406779661017,86.4406779661017
center_occlusion,4,area_fraction,0.3,fraction of decoded source-image area,sues200_satellite_to_uav_250m,r_at_10,0.7625,0.1125,0.6499999999999999,64.99999999999999,0.8524590163934426,85.24590163934425
center_occlusion,4,area_fraction,0.3,fraction of decoded source-image area,sues200_satellite_to_uav_250m,r_at_20,0.7875,0.15,0.6375,63.74999999999999,0.8095238095238095,80.95238095238095
center_occlusion,4,area_fraction,0.3,fraction of decoded source-image area,sues200_satellite_to_uav_250m,official_trapezoid_mAP,0.4399527907371521,0.06315186619758606,0.37680092453956604,37.680092453956604,0.8564576301657878,85.64576301657878
center_occlusion,4,area_fraction,0.3,fraction of decoded source-image area,sues200_satellite_to_uav_250m,MRR,0.6658704876899719,0.06521667540073395,0.600653812289238,60.0653812289238,0.9020580178782474,90.20580178782474
center_occlusion,4,area_fraction,0.3,fraction of decoded source-image area,sues200_uav_300m_to_satellite,r_at_1,0.38775,0.06025,0.3275,32.75,0.8446163765312702,84.46163765312701
center_occlusion,4,area_fraction,0.3,fraction of decoded source-image area,sues200_uav_300m_to_satellite,r_at_5,0.751,0.18775,0.56325,56.325,0.75,75.0
center_occlusion,4,area_fraction,0.3,fraction of decoded source-image area,sues200_uav_300m_to_satellite,r_at_10,0.88125,0.31175,0.5694999999999999,56.94999999999999,0.6462411347517729,64.6241134751773
center_occlusion,4,area_fraction,0.3,fraction of decoded source-image area,sues200_uav_300m_to_satellite,r_at_20,0.95925,0.449,0.5102500000000001,51.025000000000006,0.531925983841543,53.19259838415429
center_occlusion,4,area_fraction,0.3,fraction of decoded source-image area,sues200_uav_300m_to_satellite,official_trapezoid_mAP,0.4710761606693268,0.1003451719880104,0.3707309886813164,37.07309886813164,0.7869873698439009,78.6987369843901
center_occlusion,4,area_fraction,0.3,fraction of decoded source-image area,sues200_uav_300m_to_satellite,MRR,0.5544023513793945,0.14044032990932465,0.4139620214700699,41.39620214700699,0.746681576007211,74.6681576007211
center_occlusion,4,area_fraction,0.3,fraction of decoded source-image area,sues200_satellite_to_uav_300m,r_at_1,0.6,0.0375,0.5625,56.25,0.9375,93.75
center_occlusion,4,area_fraction,0.3,fraction of decoded source-image area,sues200_satellite_to_uav_300m,r_at_5,0.6875,0.1,0.5875,58.75,0.8545454545454546,85.45454545454545
center_occlusion,4,area_fraction,0.3,fraction of decoded source-image area,sues200_satellite_to_uav_300m,r_at_10,0.75,0.125,0.625,62.5,0.8333333333333334,83.33333333333333
center_occlusion,4,area_fraction,0.3,fraction of decoded source-image area,sues200_satellite_to_uav_300m,r_at_20,0.7875,0.15,0.6375,63.74999999999999,0.8095238095238095,80.95238095238095
center_occlusion,4,area_fraction,0.3,fraction of decoded source-image area,sues200_satellite_to_uav_300m,official_trapezoid_mAP,0.452476441860199,0.06816424429416656,0.3843121975660324,38.43121975660324,0.8493529430749299,84.935294307493
center_occlusion,4,area_fraction,0.3,fraction of decoded source-image area,sues200_satellite_to_uav_300m,MRR,0.6475752592086792,0.06928922235965729,0.5782860368490219,57.82860368490219,0.8930020543954582,89.30020543954582
center_occlusion,5,area_fraction,0.4,fraction of decoded source-image area,sues200_uav_150m_to_satellite,r_at_1,0.287,0.01525,0.27175,27.175,0.9468641114982579,94.68641114982579
center_occlusion,5,area_fraction,0.4,fraction of decoded source-image area,sues200_uav_150m_to_satellite,r_at_5,0.653,0.114,0.539,53.900000000000006,0.8254211332312404,82.54211332312404
center_occlusion,5,area_fraction,0.4,fraction of decoded source-image area,sues200_uav_150m_to_satellite,r_at_10,0.7945,0.19825,0.59625,59.62499999999999,0.750471994965387,75.0471994965387
center_occlusion,5,area_fraction,0.4,fraction of decoded source-image area,sues200_uav_150m_to_satellite,r_at_20,0.9105,0.32175,0.58875,58.875,0.6466227347611203,64.66227347611203
center_occlusion,5,area_fraction,0.4,fraction of decoded source-image area,sues200_uav_150m_to_satellite,official_trapezoid_mAP,0.3715789318084717,0.047574784606695175,0.3240041472017765,32.40041472017765,0.871965871759335,87.1965871759335
center_occlusion,5,area_fraction,0.4,fraction of decoded source-image area,sues200_uav_150m_to_satellite,MRR,0.4561578333377838,0.07989956438541412,0.3762582689523697,37.62582689523697,0.8248422836438529,82.4842283643853
center_occlusion,5,area_fraction,0.4,fraction of decoded source-image area,sues200_satellite_to_uav_150m,r_at_1,0.475,0.0375,0.4375,43.75,0.9210526315789475,92.10526315789474
center_occlusion,5,area_fraction,0.4,fraction of decoded source-image area,sues200_satellite_to_uav_150m,r_at_5,0.625,0.05,0.575,57.49999999999999,0.9199999999999999,91.99999999999999
center_occlusion,5,area_fraction,0.4,fraction of decoded source-image area,sues200_satellite_to_uav_150m,r_at_10,0.7,0.075,0.625,62.5,0.8928571428571429,89.28571428571429
center_occlusion,5,area_fraction,0.4,fraction of decoded source-image area,sues200_satellite_to_uav_150m,r_at_20,0.725,0.0875,0.6375,63.74999999999999,0.8793103448275862,87.93103448275862
center_occlusion,5,area_fraction,0.4,fraction of decoded source-image area,sues200_satellite_to_uav_150m,official_trapezoid_mAP,0.34278807044029236,0.036145228892564774,0.3066428415477276,30.66428415477276,0.8945551726869077,89.45551726869076
center_occlusion,5,area_fraction,0.4,fraction of decoded source-image area,sues200_satellite_to_uav_150m,MRR,0.5414365530014038,0.04775302857160568,0.4936835244297981,49.36835244297981,0.9118030943664753,91.18030943664753
center_occlusion,5,area_fraction,0.4,fraction of decoded source-image area,sues200_uav_200m_to_satellite,r_at_1,0.3315,0.01475,0.31675000000000003,31.675000000000004,0.9555052790346908,95.55052790346909
center_occlusion,5,area_fraction,0.4,fraction of decoded source-image area,sues200_uav_200m_to_satellite,r_at_5,0.69575,0.10375,0.592,59.199999999999996,0.8508803449514912,85.08803449514912
center_occlusion,5,area_fraction,0.4,fraction of decoded source-image area,sues200_uav_200m_to_satellite,r_at_10,0.8245,0.193,0.6315,63.14999999999999,0.7659187386294724,76.59187386294722
center_occlusion,5,area_fraction,0.4,fraction of decoded source-image area,sues200_uav_200m_to_satellite,r_at_20,0.92925,0.32375,0.6055,60.550000000000004,0.6516007532956686,65.16007532956685
center_occlusion,5,area_fraction,0.4,fraction of decoded source-image area,sues200_uav_200m_to_satellite,official_trapezoid_mAP,0.4146501421928406,0.04605330154299736,0.3685968406498432,36.85968406498432,0.888934557457406,88.8934557457406
center_occlusion,5,area_fraction,0.4,fraction of decoded source-image area,sues200_uav_200m_to_satellite,MRR,0.4978003203868866,0.07735661417245865,0.42044370621442795,42.044370621442795,0.8446031249792333,84.46031249792333
center_occlusion,5,area_fraction,0.4,fraction of decoded source-image area,sues200_satellite_to_uav_200m,r_at_1,0.6125,0.05,0.5625,56.25,0.9183673469387754,91.83673469387755
center_occlusion,5,area_fraction,0.4,fraction of decoded source-image area,sues200_satellite_to_uav_200m,r_at_5,0.7125,0.075,0.6375000000000001,63.75000000000001,0.8947368421052633,89.47368421052633
center_occlusion,5,area_fraction,0.4,fraction of decoded source-image area,sues200_satellite_to_uav_200m,r_at_10,0.75,0.0875,0.6625,66.25,0.8833333333333333,88.33333333333333
center_occlusion,5,area_fraction,0.4,fraction of decoded source-image area,sues200_satellite_to_uav_200m,r_at_20,0.7875,0.0875,0.7,70.0,0.8888888888888888,88.88888888888889
center_occlusion,5,area_fraction,0.4,fraction of decoded source-image area,sues200_satellite_to_uav_200m,official_trapezoid_mAP,0.402458518743515,0.03487744927406311,0.3675810694694519,36.75810694694519,0.9133390209183512,91.33390209183513
center_occlusion,5,area_fraction,0.4,fraction of decoded source-image area,sues200_satellite_to_uav_200m,MRR,0.6624575257301331,0.05975455045700073,0.6027029752731323,60.27029752731323,0.9097986691431398,90.97986691431397
center_occlusion,5,area_fraction,0.4,fraction of decoded source-image area,sues200_uav_250m_to_satellite,r_at_1,0.35975,0.02575,0.334,33.4,0.9284225156358582,92.84225156358582
center_occlusion,5,area_fraction,0.4,fraction of decoded source-image area,sues200_uav_250m_to_satellite,r_at_5,0.73575,0.1025,0.63325,63.324999999999996,0.8606863744478422,86.06863744478423
center_occlusion,5,area_fraction,0.4,fraction of decoded source-image area,sues200_uav_250m_to_satellite,r_at_10,0.86175,0.188,0.6737500000000001,67.375,0.7818392805337976,78.18392805337974
center_occlusion,5,area_fraction,0.4,fraction of decoded source-image area,sues200_uav_250m_to_satellite,r_at_20,0.94375,0.3205,0.62325,62.324999999999996,0.6603973509933775,66.03973509933775
center_occlusion,5,area_fraction,0.4,fraction of decoded source-image area,sues200_uav_250m_to_satellite,official_trapezoid_mAP,0.4443421959877014,0.05415605753660202,0.3901861384510994,39.01861384510994,0.878120831139564,87.81208311395639
center_occlusion,5,area_fraction,0.4,fraction of decoded source-image area,sues200_uav_250m_to_satellite,MRR,0.5289343595504761,0.08256211876869202,0.44637224078178406,44.637224078178406,0.8439085733835502,84.39085733835502
center_occlusion,5,area_fraction,0.4,fraction of decoded source-image area,sues200_satellite_to_uav_250m,r_at_1,0.6,0.0375,0.5625,56.25,0.9375,93.75
center_occlusion,5,area_fraction,0.4,fraction of decoded source-image area,sues200_satellite_to_uav_250m,r_at_5,0.7375,0.0375,0.7000000000000001,70.0,0.9491525423728814,94.91525423728812
center_occlusion,5,area_fraction,0.4,fraction of decoded source-image area,sues200_satellite_to_uav_250m,r_at_10,0.7625,0.0625,0.7,70.0,0.9180327868852459,91.8032786885246
center_occlusion,5,area_fraction,0.4,fraction of decoded source-image area,sues200_satellite_to_uav_250m,r_at_20,0.7875,0.075,0.7125,71.25,0.9047619047619048,90.47619047619048
center_occlusion,5,area_fraction,0.4,fraction of decoded source-image area,sues200_satellite_to_uav_250m,official_trapezoid_mAP,0.4399527907371521,0.04168255254626274,0.39827023819088936,39.827023819088936,0.9052567606710198,90.52567606710198
center_occlusion,5,area_fraction,0.4,fraction of decoded source-image area,sues200_satellite_to_uav_250m,MRR,0.6658704876899719,0.0447504036128521,0.6211200840771198,62.11200840771198,0.9327941327327788,93.27941327327788
center_occlusion,5,area_fraction,0.4,fraction of decoded source-image area,sues200_uav_300m_to_satellite,r_at_1,0.38775,0.021,0.36674999999999996,36.675,0.9458413926499032,94.58413926499033
center_occlusion,5,area_fraction,0.4,fraction of decoded source-image area,sues200_uav_300m_to_satellite,r_at_5,0.751,0.103,0.648,64.8,0.8628495339547271,86.2849533954727
center_occlusion,5,area_fraction,0.4,fraction of decoded source-image area,sues200_uav_300m_to_satellite,r_at_10,0.88125,0.196,0.6852499999999999,68.52499999999999,0.7775886524822694,77.75886524822694
center_occlusion,5,area_fraction,0.4,fraction of decoded source-image area,sues200_uav_300m_to_satellite,r_at_20,0.95925,0.335,0.62425,62.425,0.6507688298149595,65.07688298149596
center_occlusion,5,area_fraction,0.4,fraction of decoded source-image area,sues200_uav_300m_to_satellite,official_trapezoid_mAP,0.4710761606693268,0.05071370676159859,0.4203624539077282,42.03624539077282,0.8923449943008319,89.23449943008319
center_occlusion,5,area_fraction,0.4,fraction of decoded source-image area,sues200_uav_300m_to_satellite,MRR,0.5544023513793945,0.08042741566896439,0.47397493571043015,47.397493571043015,0.8549295192041394,85.49295192041394
center_occlusion,5,area_fraction,0.4,fraction of decoded source-image area,sues200_satellite_to_uav_300m,r_at_1,0.6,0.0375,0.5625,56.25,0.9375,93.75
center_occlusion,5,area_fraction,0.4,fraction of decoded source-image area,sues200_satellite_to_uav_300m,r_at_5,0.6875,0.05,0.6375,63.74999999999999,0.9272727272727272,92.72727272727272
center_occlusion,5,area_fraction,0.4,fraction of decoded source-image area,sues200_satellite_to_uav_300m,r_at_10,0.75,0.0625,0.6875,68.75,0.9166666666666666,91.66666666666667
center_occlusion,5,area_fraction,0.4,fraction of decoded source-image area,sues200_satellite_to_uav_300m,r_at_20,0.7875,0.075,0.7125,71.25,0.9047619047619048,90.47619047619048
center_occlusion,5,area_fraction,0.4,fraction of decoded source-image area,sues200_satellite_to_uav_300m,official_trapezoid_mAP,0.452476441860199,0.04548410698771477,0.4069923348724842,40.69923348724842,0.8994774030649579,89.9477403064958
center_occlusion,5,area_fraction,0.4,fraction of decoded source-image area,sues200_satellite_to_uav_300m,MRR,0.6475752592086792,0.048677682876586914,0.5988975763320923,59.88975763320923,0.9248308483309418,92.48308483309418
rotation,1,magnitude,2.0,degrees,sues200_uav_150m_to_satellite,r_at_1,0.287,0.2855,0.0015000000000000013,0.15000000000000013,0.0052264808362369386,0.5226480836236939
rotation,1,magnitude,2.0,degrees,sues200_uav_150m_to_satellite,r_at_5,0.653,0.647,0.006000000000000005,0.6000000000000005,0.00918836140888209,0.9188361408882091
rotation,1,magnitude,2.0,degrees,sues200_uav_150m_to_satellite,r_at_10,0.7945,0.78975,0.004750000000000032,0.4750000000000032,0.0059786028949024945,0.5978602894902495
rotation,1,magnitude,2.0,degrees,sues200_uav_150m_to_satellite,r_at_20,0.9105,0.91125,-0.0007500000000000284,-0.07500000000000284,-0.0008237232289950889,-0.0823723228995089
rotation,1,magnitude,2.0,degrees,sues200_uav_150m_to_satellite,official_trapezoid_mAP,0.3715789318084717,0.368821918964386,0.0027570128440856934,0.27570128440856934,0.0074197232622079355,0.7419723262207936
rotation,1,magnitude,2.0,degrees,sues200_uav_150m_to_satellite,MRR,0.4561578333377838,0.4521438479423523,0.0040139853954315186,0.40139853954315186,0.00879955379930782,0.8799553799307819
rotation,1,magnitude,2.0,degrees,sues200_satellite_to_uav_150m,r_at_1,0.475,0.3875,0.08749999999999997,8.749999999999996,0.1842105263157894,18.42105263157894
rotation,1,magnitude,2.0,degrees,sues200_satellite_to_uav_150m,r_at_5,0.625,0.6125,0.012499999999999956,1.2499999999999956,0.019999999999999928,1.999999999999993
rotation,1,magnitude,2.0,degrees,sues200_satellite_to_uav_150m,r_at_10,0.7,0.7,0.0,0.0,0.0,0.0
rotation,1,magnitude,2.0,degrees,sues200_satellite_to_uav_150m,r_at_20,0.725,0.7375,-0.012500000000000067,-1.2500000000000067,-0.01724137931034492,-1.724137931034492
rotation,1,magnitude,2.0,degrees,sues200_satellite_to_uav_150m,official_trapezoid_mAP,0.34278807044029236,0.32761403918266296,0.015174031257629395,1.5174031257629395,0.04426650915283951,4.42665091528395
rotation,1,magnitude,2.0,degrees,sues200_satellite_to_uav_150m,MRR,0.5414365530014038,0.4895406663417816,0.05189588665962219,5.189588665962219,0.0958485096211959,9.584850962119589
rotation,1,magnitude,2.0,degrees,sues200_uav_200m_to_satellite,r_at_1,0.3315,0.33375,-0.0022499999999999742,-0.22499999999999742,-0.0067873303167420036,-0.6787330316742003
rotation,1,magnitude,2.0,degrees,sues200_uav_200m_to_satellite,r_at_5,0.69575,0.6865,0.00924999999999998,0.924999999999998,0.013295005389867023,1.3295005389867023
rotation,1,magnitude,2.0,degrees,sues200_uav_200m_to_satellite,r_at_10,0.8245,0.81825,0.006249999999999978,0.6249999999999978,0.007580351728320167,0.7580351728320167
rotation,1,magnitude,2.0,degrees,sues200_uav_200m_to_satellite,r_at_20,0.92925,0.92625,0.0030000000000000027,0.30000000000000027,0.003228410008071028,0.32284100080710276
rotation,1,magnitude,2.0,degrees,sues200_uav_200m_to_satellite,official_trapezoid_mAP,0.4146501421928406,0.4156196415424347,-0.0009694993495941162,-0.09694993495941162,-0.0023381141134234387,-0.23381141134234387
rotation,1,magnitude,2.0,degrees,sues200_uav_200m_to_satellite,MRR,0.4978003203868866,0.49748918414115906,0.00031113624572753906,0.031113624572753906,0.000625022188587035,0.0625022188587035
rotation,1,magnitude,2.0,degrees,sues200_satellite_to_uav_200m,r_at_1,0.6125,0.525,0.08750000000000002,8.750000000000002,0.14285714285714288,14.285714285714288
rotation,1,magnitude,2.0,degrees,sues200_satellite_to_uav_200m,r_at_5,0.7125,0.6375,0.07500000000000007,7.500000000000007,0.10526315789473693,10.526315789473694
rotation,1,magnitude,2.0,degrees,sues200_satellite_to_uav_200m,r_at_10,0.75,0.725,0.025000000000000022,2.500000000000002,0.03333333333333336,3.333333333333336
rotation,1,magnitude,2.0,degrees,sues200_satellite_to_uav_200m,r_at_20,0.7875,0.775,0.012499999999999956,1.2499999999999956,0.015873015873015817,1.5873015873015817
rotation,1,magnitude,2.0,degrees,sues200_satellite_to_uav_200m,official_trapezoid_mAP,0.402458518743515,0.37750768661499023,0.02495083212852478,2.495083212852478,0.061996034290494995,6.1996034290495
rotation,1,magnitude,2.0,degrees,sues200_satellite_to_uav_200m,MRR,0.6624575257301331,0.5855597257614136,0.07689779996871948,7.689779996871948,0.11607959300328868,11.607959300328869
rotation,1,magnitude,2.0,degrees,sues200_uav_250m_to_satellite,r_at_1,0.35975,0.362,-0.0022499999999999742,-0.22499999999999742,-0.006254343293954063,-0.6254343293954063
rotation,1,magnitude,2.0,degrees,sues200_uav_250m_to_satellite,r_at_5,0.73575,0.72725,0.008500000000000063,0.8500000000000063,0.01155283724091072,1.155283724091072
rotation,1,magnitude,2.0,degrees,sues200_uav_250m_to_satellite,r_at_10,0.86175,0.85425,0.007500000000000062,0.7500000000000062,0.008703220191470917,0.8703220191470916
rotation,1,magnitude,2.0,degrees,sues200_uav_250m_to_satellite,r_at_20,0.94375,0.93975,0.0040000000000000036,0.40000000000000036,0.0042384105960264935,0.4238410596026494
rotation,1,magnitude,2.0,degrees,sues200_uav_250m_to_satellite,official_trapezoid_mAP,0.4443421959877014,0.4461899399757385,-0.0018477439880371094,-0.18477439880371094,-0.004158380646091625,-0.4158380646091625
rotation,1,magnitude,2.0,degrees,sues200_uav_250m_to_satellite,MRR,0.5289343595504761,0.5303798317909241,-0.001445472240447998,-0.1445472240447998,-0.0027328007990943476,-0.27328007990943476
rotation,1,magnitude,2.0,degrees,sues200_satellite_to_uav_250m,r_at_1,0.6,0.6,0.0,0.0,0.0,0.0
rotation,1,magnitude,2.0,degrees,sues200_satellite_to_uav_250m,r_at_5,0.7375,0.7,0.03750000000000009,3.750000000000009,0.05084745762711876,5.084745762711876
rotation,1,magnitude,2.0,degrees,sues200_satellite_to_uav_250m,r_at_10,0.7625,0.7375,0.02499999999999991,2.499999999999991,0.03278688524590152,3.2786885245901525
rotation,1,magnitude,2.0,degrees,sues200_satellite_to_uav_250m,r_at_20,0.7875,0.8,-0.012500000000000067,-1.2500000000000067,-0.01587301587301596,-1.5873015873015959
rotation,1,magnitude,2.0,degrees,sues200_satellite_to_uav_250m,official_trapezoid_mAP,0.4399527907371521,0.41431766748428345,0.025635123252868652,2.5635123252868652,0.058267895539238085,5.826789553923809
rotation,1,magnitude,2.0,degrees,sues200_satellite_to_uav_250m,MRR,0.6658704876899719,0.6487835645675659,0.017086923122406006,1.7086923122406006,0.025661030843525903,2.5661030843525903
rotation,1,magnitude,2.0,degrees,sues200_uav_300m_to_satellite,r_at_1,0.38775,0.38725,0.0005000000000000004,0.050000000000000044,0.00128949065119278,0.128949065119278
rotation,1,magnitude,2.0,degrees,sues200_uav_300m_to_satellite,r_at_5,0.751,0.7475,0.0034999999999999476,0.34999999999999476,0.004660452729693672,0.4660452729693672
rotation,1,magnitude,2.0,degrees,sues200_uav_300m_to_satellite,r_at_10,0.88125,0.86975,0.011499999999999955,1.1499999999999955,0.013049645390070872,1.3049645390070872
rotation,1,magnitude,2.0,degrees,sues200_uav_300m_to_satellite,r_at_20,0.95925,0.956,0.003250000000000086,0.3250000000000086,0.0033880635913474963,0.33880635913474966
rotation,1,magnitude,2.0,degrees,sues200_uav_300m_to_satellite,official_trapezoid_mAP,0.4710761606693268,0.46946507692337036,0.001611083745956421,0.1611083745956421,0.003420006955281538,0.3420006955281538
rotation,1,magnitude,2.0,degrees,sues200_uav_300m_to_satellite,MRR,0.5544023513793945,0.5516801476478577,0.0027222037315368652,0.2722203731536865,0.0049101590654581796,0.49101590654581795
rotation,1,magnitude,2.0,degrees,sues200_satellite_to_uav_300m,r_at_1,0.6,0.625,-0.025000000000000022,-2.500000000000002,-0.041666666666666706,-4.1666666666666705
rotation,1,magnitude,2.0,degrees,sues200_satellite_to_uav_300m,r_at_5,0.6875,0.6875,0.0,0.0,0.0,0.0
rotation,1,magnitude,2.0,degrees,sues200_satellite_to_uav_300m,r_at_10,0.75,0.775,-0.025000000000000022,-2.500000000000002,-0.03333333333333336,-3.333333333333336
rotation,1,magnitude,2.0,degrees,sues200_satellite_to_uav_300m,r_at_20,0.7875,0.8125,-0.025000000000000022,-2.500000000000002,-0.03174603174603177,-3.1746031746031775
rotation,1,magnitude,2.0,degrees,sues200_satellite_to_uav_300m,official_trapezoid_mAP,0.452476441860199,0.4237108826637268,0.028765559196472168,2.876555919647217,0.06357360634779705,6.357360634779705
rotation,1,magnitude,2.0,degrees,sues200_satellite_to_uav_300m,MRR,0.6475752592086792,0.6659928560256958,-0.0184175968170166,-1.8417596817016602,-0.02844085927483154,-2.844085927483154
rotation,2,magnitude,5.0,degrees,sues200_uav_150m_to_satellite,r_at_1,0.287,0.28325,0.0037499999999999756,0.37499999999999756,0.01306620209059225,1.306620209059225
rotation,2,magnitude,5.0,degrees,sues200_uav_150m_to_satellite,r_at_5,0.653,0.64175,0.011249999999999982,1.1249999999999982,0.017228177641653877,1.7228177641653877
rotation,2,magnitude,5.0,degrees,sues200_uav_150m_to_satellite,r_at_10,0.7945,0.788,0.00649999999999995,0.649999999999995,0.008181246066708558,0.818124606670856
rotation,2,magnitude,5.0,degrees,sues200_uav_150m_to_satellite,r_at_20,0.9105,0.9115,-0.0010000000000000009,-0.10000000000000009,-0.001098297638660078,-0.10982976386600779
rotation,2,magnitude,5.0,degrees,sues200_uav_150m_to_satellite,official_trapezoid_mAP,0.3715789318084717,0.3662535548210144,0.005325376987457275,0.5325376987457275,0.014331751699534493,1.4331751699534492
rotation,2,magnitude,5.0,degrees,sues200_uav_150m_to_satellite,MRR,0.4561578333377838,0.4492570757865906,0.006900757551193237,0.6900757551193237,0.01512800405223611,1.512800405223611
rotation,2,magnitude,5.0,degrees,sues200_satellite_to_uav_150m,r_at_1,0.475,0.5125,-0.03749999999999998,-3.749999999999998,-0.07894736842105259,-7.894736842105259
rotation,2,magnitude,5.0,degrees,sues200_satellite_to_uav_150m,r_at_5,0.625,0.6125,0.012499999999999956,1.2499999999999956,0.019999999999999928,1.999999999999993
rotation,2,magnitude,5.0,degrees,sues200_satellite_to_uav_150m,r_at_10,0.7,0.6625,0.03749999999999998,3.749999999999998,0.05357142857142854,5.357142857142854
rotation,2,magnitude,5.0,degrees,sues200_satellite_to_uav_150m,r_at_20,0.725,0.7375,-0.012500000000000067,-1.2500000000000067,-0.01724137931034492,-1.724137931034492
rotation,2,magnitude,5.0,degrees,sues200_satellite_to_uav_150m,official_trapezoid_mAP,0.34278807044029236,0.3418530523777008,0.0009350180625915527,0.09350180625915527,0.002727685538737021,0.2727685538737021
rotation,2,magnitude,5.0,degrees,sues200_satellite_to_uav_150m,MRR,0.5414365530014038,0.5615190863609314,-0.020082533359527588,-2.008253335952759,-0.03709120348118705,-3.7091203481187054
rotation,2,magnitude,5.0,degrees,sues200_uav_200m_to_satellite,r_at_1,0.3315,0.33575,-0.004249999999999976,-0.4249999999999976,-0.012820512820512747,-1.2820512820512748
rotation,2,magnitude,5.0,degrees,sues200_uav_200m_to_satellite,r_at_5,0.69575,0.684,0.011749999999999927,1.1749999999999927,0.016888250089831015,1.6888250089831014
rotation,2,magnitude,5.0,degrees,sues200_uav_200m_to_satellite,r_at_10,0.8245,0.81425,0.010249999999999981,1.0249999999999981,0.012431776834445095,1.2431776834445096
rotation,2,magnitude,5.0,degrees,sues200_uav_200m_to_satellite,r_at_20,0.92925,0.924,0.005249999999999977,0.5249999999999977,0.005649717514124269,0.5649717514124268
rotation,2,magnitude,5.0,degrees,sues200_uav_200m_to_satellite,official_trapezoid_mAP,0.4146501421928406,0.41642463207244873,-0.0017744898796081543,-0.17744898796081543,-0.004279486967552746,-0.42794869675527464
rotation,2,magnitude,5.0,degrees,sues200_uav_200m_to_satellite,MRR,0.4978003203868866,0.4970991909503937,0.0007011294364929199,0.07011294364929199,0.0014084551732469908,0.14084551732469908
rotation,2,magnitude,5.0,degrees,sues200_satellite_to_uav_200m,r_at_1,0.6125,0.5375,0.07500000000000007,7.500000000000007,0.12244897959183683,12.244897959183684
rotation,2,magnitude,5.0,degrees,sues200_satellite_to_uav_200m,r_at_5,0.7125,0.625,0.08750000000000002,8.750000000000002,0.12280701754385967,12.280701754385968
rotation,2,magnitude,5.0,degrees,sues200_satellite_to_uav_200m,r_at_10,0.75,0.6875,0.0625,6.25,0.08333333333333333,8.333333333333334
rotation,2,magnitude,5.0,degrees,sues200_satellite_to_uav_200m,r_at_20,0.7875,0.775,0.012499999999999956,1.2499999999999956,0.015873015873015817,1.5873015873015817
rotation,2,magnitude,5.0,degrees,sues200_satellite_to_uav_200m,official_trapezoid_mAP,0.402458518743515,0.3919740319252014,0.010484486818313599,1.0484486818313599,0.0260510992562573,2.60510992562573
rotation,2,magnitude,5.0,degrees,sues200_satellite_to_uav_200m,MRR,0.6624575257301331,0.5920177698135376,0.07043975591659546,7.043975591659546,0.10633097697691592,10.633097697691591
rotation,2,magnitude,5.0,degrees,sues200_uav_250m_to_satellite,r_at_1,0.35975,0.3555,0.0042500000000000315,0.42500000000000315,0.011813759555246786,1.1813759555246786
rotation,2,magnitude,5.0,degrees,sues200_uav_250m_to_satellite,r_at_5,0.73575,0.72925,0.006500000000000061,0.6500000000000061,0.008834522595990569,0.8834522595990569
rotation,2,magnitude,5.0,degrees,sues200_uav_250m_to_satellite,r_at_10,0.86175,0.85475,0.007000000000000006,0.7000000000000006,0.008123005512039462,0.8123005512039462
rotation,2,magnitude,5.0,degrees,sues200_uav_250m_to_satellite,r_at_20,0.94375,0.94675,-0.0030000000000000027,-0.30000000000000027,-0.0031788079470198706,-0.31788079470198705
rotation,2,magnitude,5.0,degrees,sues200_uav_250m_to_satellite,official_trapezoid_mAP,0.4443421959877014,0.44063514471054077,0.0037070512771606445,0.37070512771606445,0.008342784706549115,0.8342784706549115
rotation,2,magnitude,5.0,degrees,sues200_uav_250m_to_satellite,MRR,0.5289343595504761,0.5257702469825745,0.0031641125679016113,0.31641125679016113,0.005982051479111107,0.5982051479111107
rotation,2,magnitude,5.0,degrees,sues200_satellite_to_uav_250m,r_at_1,0.6,0.55,0.04999999999999993,4.999999999999993,0.08333333333333323,8.333333333333321
rotation,2,magnitude,5.0,degrees,sues200_satellite_to_uav_250m,r_at_5,0.7375,0.6625,0.07500000000000007,7.500000000000007,0.10169491525423738,10.169491525423737
rotation,2,magnitude,5.0,degrees,sues200_satellite_to_uav_250m,r_at_10,0.7625,0.7,0.0625,6.25,0.0819672131147541,8.196721311475411
rotation,2,magnitude,5.0,degrees,sues200_satellite_to_uav_250m,r_at_20,0.7875,0.7375,0.04999999999999993,4.999999999999993,0.0634920634920634,6.34920634920634
rotation,2,magnitude,5.0,degrees,sues200_satellite_to_uav_250m,official_trapezoid_mAP,0.4399527907371521,0.4175012707710266,0.02245151996612549,2.245151996612549,0.05103165712054558,5.103165712054558
rotation,2,magnitude,5.0,degrees,sues200_satellite_to_uav_250m,MRR,0.6658704876899719,0.610754668712616,0.05511581897735596,5.511581897735596,0.08277258114947089,8.277258114947088
rotation,2,magnitude,5.0,degrees,sues200_uav_300m_to_satellite,r_at_1,0.38775,0.3855,0.0022499999999999742,0.22499999999999742,0.005802707930367438,0.5802707930367439
rotation,2,magnitude,5.0,degrees,sues200_uav_300m_to_satellite,r_at_5,0.751,0.743,0.008000000000000007,0.8000000000000007,0.010652463382157133,1.0652463382157134
rotation,2,magnitude,5.0,degrees,sues200_uav_300m_to_satellite,r_at_10,0.88125,0.878,0.003249999999999975,0.3249999999999975,0.003687943262411319,0.36879432624113195
rotation,2,magnitude,5.0,degrees,sues200_uav_300m_to_satellite,r_at_20,0.95925,0.961,-0.0017499999999999183,-0.17499999999999183,-0.0018243419338023646,-0.18243419338023645
rotation,2,magnitude,5.0,degrees,sues200_uav_300m_to_satellite,official_trapezoid_mAP,0.4710761606693268,0.46844613552093506,0.0026300251483917236,0.26300251483917236,0.005583014739389194,0.5583014739389194
rotation,2,magnitude,5.0,degrees,sues200_uav_300m_to_satellite,MRR,0.5544023513793945,0.5513923168182373,0.0030100345611572266,0.30100345611572266,0.005429332241589588,0.5429332241589588
rotation,2,magnitude,5.0,degrees,sues200_satellite_to_uav_300m,r_at_1,0.6,0.5875,0.012499999999999956,1.2499999999999956,0.02083333333333326,2.083333333333326
rotation,2,magnitude,5.0,degrees,sues200_satellite_to_uav_300m,r_at_5,0.6875,0.6875,0.0,0.0,0.0,0.0
rotation,2,magnitude,5.0,degrees,sues200_satellite_to_uav_300m,r_at_10,0.75,0.725,0.025000000000000022,2.500000000000002,0.03333333333333336,3.333333333333336
rotation,2,magnitude,5.0,degrees,sues200_satellite_to_uav_300m,r_at_20,0.7875,0.7375,0.04999999999999993,4.999999999999993,0.0634920634920634,6.34920634920634
rotation,2,magnitude,5.0,degrees,sues200_satellite_to_uav_300m,official_trapezoid_mAP,0.452476441860199,0.4239618182182312,0.028514623641967773,2.8514623641967773,0.06301902376340268,6.301902376340268
rotation,2,magnitude,5.0,degrees,sues200_satellite_to_uav_300m,MRR,0.6475752592086792,0.6336100697517395,0.013965189456939697,1.3965189456939697,0.021565353614659107,2.1565353614659104
rotation,3,magnitude,10.0,degrees,sues200_uav_150m_to_satellite,r_at_1,0.287,0.27875,0.00824999999999998,0.824999999999998,0.028745644599303066,2.8745644599303066
rotation,3,magnitude,10.0,degrees,sues200_uav_150m_to_satellite,r_at_5,0.653,0.631,0.02200000000000002,2.200000000000002,0.03369065849923433,3.3690658499234334
rotation,3,magnitude,10.0,degrees,sues200_uav_150m_to_satellite,r_at_10,0.7945,0.78425,0.010249999999999981,1.0249999999999981,0.012901195720578957,1.2901195720578957
rotation,3,magnitude,10.0,degrees,sues200_uav_150m_to_satellite,r_at_20,0.9105,0.908,0.0024999999999999467,0.24999999999999467,0.0027457440966501337,0.2745744096650134
rotation,3,magnitude,10.0,degrees,sues200_uav_150m_to_satellite,official_trapezoid_mAP,0.3715789318084717,0.3614623546600342,0.0101165771484375,1.01165771484375,0.02722591697866238,2.722591697866238
rotation,3,magnitude,10.0,degrees,sues200_uav_150m_to_satellite,MRR,0.4561578333377838,0.44417470693588257,0.011983126401901245,1.1983126401901245,0.026269693352010834,2.6269693352010832
rotation,3,magnitude,10.0,degrees,sues200_satellite_to_uav_150m,r_at_1,0.475,0.4375,0.03749999999999998,3.749999999999998,0.07894736842105259,7.894736842105259
rotation,3,magnitude,10.0,degrees,sues200_satellite_to_uav_150m,r_at_5,0.625,0.575,0.050000000000000044,5.000000000000004,0.08000000000000007,8.000000000000007
rotation,3,magnitude,10.0,degrees,sues200_satellite_to_uav_150m,r_at_10,0.7,0.675,0.02499999999999991,2.499999999999991,0.03571428571428559,3.571428571428559
rotation,3,magnitude,10.0,degrees,sues200_satellite_to_uav_150m,r_at_20,0.725,0.75,-0.025000000000000022,-2.500000000000002,-0.03448275862068969,-3.448275862068969
rotation,3,magnitude,10.0,degrees,sues200_satellite_to_uav_150m,official_trapezoid_mAP,0.34278807044029236,0.32801803946495056,0.014770030975341797,1.4770030975341797,0.043087937559701264,4.308793755970127
rotation,3,magnitude,10.0,degrees,sues200_satellite_to_uav_150m,MRR,0.5414365530014038,0.5168035626411438,0.02463299036026001,2.463299036026001,0.04549561758198498,4.549561758198498
rotation,3,magnitude,10.0,degrees,sues200_uav_200m_to_satellite,r_at_1,0.3315,0.32525,0.006250000000000033,0.6250000000000033,0.01885369532428366,1.885369532428366
rotation,3,magnitude,10.0,degrees,sues200_uav_200m_to_satellite,r_at_5,0.69575,0.68575,0.010000000000000009,1.0000000000000009,0.014372978799856283,1.4372978799856284
rotation,3,magnitude,10.0,degrees,sues200_uav_200m_to_satellite,r_at_10,0.8245,0.81775,0.006750000000000034,0.6750000000000034,0.00818677986658585,0.818677986658585
rotation,3,magnitude,10.0,degrees,sues200_uav_200m_to_satellite,r_at_20,0.92925,0.92625,0.0030000000000000027,0.30000000000000027,0.003228410008071028,0.32284100080710276
rotation,3,magnitude,10.0,degrees,sues200_uav_200m_to_satellite,official_trapezoid_mAP,0.4146501421928406,0.40816250443458557,0.006487637758255005,0.6487637758255005,0.015646052172913066,1.5646052172913065
rotation,3,magnitude,10.0,degrees,sues200_uav_200m_to_satellite,MRR,0.4978003203868866,0.4910750091075897,0.006725311279296875,0.6725311279296875,0.013510058157596231,1.3510058157596232
rotation,3,magnitude,10.0,degrees,sues200_satellite_to_uav_200m,r_at_1,0.6125,0.55,0.0625,6.25,0.1020408163265306,10.204081632653061
rotation,3,magnitude,10.0,degrees,sues200_satellite_to_uav_200m,r_at_5,0.7125,0.6875,0.025000000000000022,2.500000000000002,0.03508771929824565,3.5087719298245643
rotation,3,magnitude,10.0,degrees,sues200_satellite_to_uav_200m,r_at_10,0.75,0.7125,0.03749999999999998,3.749999999999998,0.04999999999999997,4.999999999999997
rotation,3,magnitude,10.0,degrees,sues200_satellite_to_uav_200m,r_at_20,0.7875,0.725,0.0625,6.25,0.07936507936507936,7.936507936507937
rotation,3,magnitude,10.0,degrees,sues200_satellite_to_uav_200m,official_trapezoid_mAP,0.402458518743515,0.3933330178260803,0.009125500917434692,0.9125500917434692,0.02267438876912016,2.267438876912016
rotation,3,magnitude,10.0,degrees,sues200_satellite_to_uav_200m,MRR,0.6624575257301331,0.610461413860321,0.05199611186981201,5.199611186981201,0.078489729303783,7.848972930378301
rotation,3,magnitude,10.0,degrees,sues200_uav_250m_to_satellite,r_at_1,0.35975,0.3615,-0.0017499999999999738,-0.17499999999999738,-0.004864489228630921,-0.48644892286309205
rotation,3,magnitude,10.0,degrees,sues200_uav_250m_to_satellite,r_at_5,0.73575,0.72325,0.012500000000000067,1.2500000000000067,0.016989466530751025,1.6989466530751025
rotation,3,magnitude,10.0,degrees,sues200_uav_250m_to_satellite,r_at_10,0.86175,0.8505,0.011249999999999982,1.1249999999999982,0.013054830287206245,1.3054830287206245
rotation,3,magnitude,10.0,degrees,sues200_uav_250m_to_satellite,r_at_20,0.94375,0.9385,0.005249999999999977,0.5249999999999977,0.005562913907284744,0.5562913907284743
rotation,3,magnitude,10.0,degrees,sues200_uav_250m_to_satellite,official_trapezoid_mAP,0.4443421959877014,0.444277286529541,6.490945816040039e-05,0.006490945816040039,0.00014607988785786386,0.014607988785786386
rotation,3,magnitude,10.0,degrees,sues200_uav_250m_to_satellite,MRR,0.5289343595504761,0.5270545482635498,0.0018798112869262695,0.18798112869262695,0.0035539594904060675,0.35539594904060673
rotation,3,magnitude,10.0,degrees,sues200_satellite_to_uav_250m,r_at_1,0.6,0.5875,0.012499999999999956,1.2499999999999956,0.02083333333333326,2.083333333333326
rotation,3,magnitude,10.0,degrees,sues200_satellite_to_uav_250m,r_at_5,0.7375,0.725,0.012500000000000067,1.2500000000000067,0.01694915254237297,1.6949152542372972
rotation,3,magnitude,10.0,degrees,sues200_satellite_to_uav_250m,r_at_10,0.7625,0.7625,0.0,0.0,0.0,0.0
rotation,3,magnitude,10.0,degrees,sues200_satellite_to_uav_250m,r_at_20,0.7875,0.7875,0.0,0.0,0.0,0.0
rotation,3,magnitude,10.0,degrees,sues200_satellite_to_uav_250m,official_trapezoid_mAP,0.4399527907371521,0.42593201994895935,0.014020770788192749,1.402077078819275,0.03186880747977661,3.1868807479776615
rotation,3,magnitude,10.0,degrees,sues200_satellite_to_uav_250m,MRR,0.6658704876899719,0.6561643481254578,0.00970613956451416,0.970613956451416,0.014576617741667087,1.4576617741667086
rotation,3,magnitude,10.0,degrees,sues200_uav_300m_to_satellite,r_at_1,0.38775,0.37625,0.01150000000000001,1.150000000000001,0.029658284977433943,2.965828497743394
rotation,3,magnitude,10.0,degrees,sues200_uav_300m_to_satellite,r_at_5,0.751,0.74225,0.008750000000000036,0.8750000000000036,0.011651131824234402,1.1651131824234402
rotation,3,magnitude,10.0,degrees,sues200_uav_300m_to_satellite,r_at_10,0.88125,0.866,0.015249999999999986,1.5249999999999986,0.017304964539007078,1.7304964539007077
rotation,3,magnitude,10.0,degrees,sues200_uav_300m_to_satellite,r_at_20,0.95925,0.95025,0.009000000000000008,0.9000000000000008,0.00938232994526975,0.938232994526975
rotation,3,magnitude,10.0,degrees,sues200_uav_300m_to_satellite,official_trapezoid_mAP,0.4710761606693268,0.460061639547348,0.01101452112197876,1.101452112197876,0.023381614357917878,2.3381614357917875
rotation,3,magnitude,10.0,degrees,sues200_uav_300m_to_satellite,MRR,0.5544023513793945,0.5438733696937561,0.010528981685638428,1.0528981685638428,0.018991589158021308,1.8991589158021307
rotation,3,magnitude,10.0,degrees,sues200_satellite_to_uav_300m,r_at_1,0.6,0.5875,0.012499999999999956,1.2499999999999956,0.02083333333333326,2.083333333333326
rotation,3,magnitude,10.0,degrees,sues200_satellite_to_uav_300m,r_at_5,0.6875,0.6875,0.0,0.0,0.0,0.0
rotation,3,magnitude,10.0,degrees,sues200_satellite_to_uav_300m,r_at_10,0.75,0.75,0.0,0.0,0.0,0.0
rotation,3,magnitude,10.0,degrees,sues200_satellite_to_uav_300m,r_at_20,0.7875,0.775,0.012499999999999956,1.2499999999999956,0.015873015873015817,1.5873015873015817
rotation,3,magnitude,10.0,degrees,sues200_satellite_to_uav_300m,official_trapezoid_mAP,0.452476441860199,0.4263085424900055,0.02616789937019348,2.616789937019348,0.05783262276067522,5.783262276067522
rotation,3,magnitude,10.0,degrees,sues200_satellite_to_uav_300m,MRR,0.6475752592086792,0.6394762992858887,0.008098959922790527,0.8098959922790527,0.012506592566070628,1.250659256607063
rotation,4,magnitude,15.0,degrees,sues200_uav_150m_to_satellite,r_at_1,0.287,0.26825,0.01874999999999999,1.874999999999999,0.06533101045296164,6.5331010452961635
rotation,4,magnitude,15.0,degrees,sues200_uav_150m_to_satellite,r_at_5,0.653,0.635,0.018000000000000016,1.8000000000000016,0.02756508422664627,2.756508422664627
rotation,4,magnitude,15.0,degrees,sues200_uav_150m_to_satellite,r_at_10,0.7945,0.786,0.008499999999999952,0.8499999999999952,0.010698552548772753,1.0698552548772753
rotation,4,magnitude,15.0,degrees,sues200_uav_150m_to_satellite,r_at_20,0.9105,0.91075,-0.00024999999999997247,-0.024999999999997247,-0.000274574409664989,-0.027457440966498898
rotation,4,magnitude,15.0,degrees,sues200_uav_150m_to_satellite,official_trapezoid_mAP,0.3715789318084717,0.35284850001335144,0.01873043179512024,1.873043179512024,0.05040767974642528,5.040767974642528
rotation,4,magnitude,15.0,degrees,sues200_uav_150m_to_satellite,MRR,0.4561578333377838,0.4374469518661499,0.01871088147163391,1.8710881471633911,0.04101843726923034,4.1018437269230335
rotation,4,magnitude,15.0,degrees,sues200_satellite_to_uav_150m,r_at_1,0.475,0.4125,0.0625,6.25,0.13157894736842105,13.157894736842106
rotation,4,magnitude,15.0,degrees,sues200_satellite_to_uav_150m,r_at_5,0.625,0.525,0.09999999999999998,9.999999999999998,0.15999999999999998,15.999999999999996
rotation,4,magnitude,15.0,degrees,sues200_satellite_to_uav_150m,r_at_10,0.7,0.6,0.09999999999999998,9.999999999999998,0.14285714285714282,14.285714285714285
rotation,4,magnitude,15.0,degrees,sues200_satellite_to_uav_150m,r_at_20,0.725,0.6375,0.08750000000000002,8.750000000000002,0.12068965517241383,12.068965517241383
rotation,4,magnitude,15.0,degrees,sues200_satellite_to_uav_150m,official_trapezoid_mAP,0.34278807044029236,0.30630141496658325,0.036486655473709106,3.6486655473709106,0.10644085550248003,10.644085550248004
rotation,4,magnitude,15.0,degrees,sues200_satellite_to_uav_150m,MRR,0.5414365530014038,0.4797305166721344,0.06170603632926941,6.170603632926941,0.11396725246422257,11.396725246422257
rotation,4,magnitude,15.0,degrees,sues200_uav_200m_to_satellite,r_at_1,0.3315,0.33375,-0.0022499999999999742,-0.22499999999999742,-0.0067873303167420036,-0.6787330316742003
rotation,4,magnitude,15.0,degrees,sues200_uav_200m_to_satellite,r_at_5,0.69575,0.68375,0.01200000000000001,1.200000000000001,0.01724757455982754,1.724757455982754
rotation,4,magnitude,15.0,degrees,sues200_uav_200m_to_satellite,r_at_10,0.8245,0.8145,0.010000000000000009,1.0000000000000009,0.012128562765312321,1.212856276531232
rotation,4,magnitude,15.0,degrees,sues200_uav_200m_to_satellite,r_at_20,0.92925,0.92425,0.0050000000000000044,0.5000000000000004,0.005380683346785047,0.5380683346785047
rotation,4,magnitude,15.0,degrees,sues200_uav_200m_to_satellite,official_trapezoid_mAP,0.4146501421928406,0.41441813111305237,0.000232011079788208,0.0232011079788208,0.0005595345477544947,0.055953454775449475
rotation,4,magnitude,15.0,degrees,sues200_uav_200m_to_satellite,MRR,0.4978003203868866,0.4950862228870392,0.002714097499847412,0.2714097499847412,0.005452181102933072,0.5452181102933072
rotation,4,magnitude,15.0,degrees,sues200_satellite_to_uav_200m,r_at_1,0.6125,0.5375,0.07500000000000007,7.500000000000007,0.12244897959183683,12.244897959183684
rotation,4,magnitude,15.0,degrees,sues200_satellite_to_uav_200m,r_at_5,0.7125,0.625,0.08750000000000002,8.750000000000002,0.12280701754385967,12.280701754385968
rotation,4,magnitude,15.0,degrees,sues200_satellite_to_uav_200m,r_at_10,0.75,0.6625,0.08750000000000002,8.750000000000002,0.1166666666666667,11.66666666666667
rotation,4,magnitude,15.0,degrees,sues200_satellite_to_uav_200m,r_at_20,0.7875,0.6875,0.09999999999999998,9.999999999999998,0.12698412698412695,12.698412698412696
rotation,4,magnitude,15.0,degrees,sues200_satellite_to_uav_200m,official_trapezoid_mAP,0.402458518743515,0.37478092312812805,0.027677595615386963,2.7677595615386963,0.06877130021199966,6.8771300211999655
rotation,4,magnitude,15.0,degrees,sues200_satellite_to_uav_200m,MRR,0.6624575257301331,0.5760589241981506,0.08639860153198242,8.639860153198242,0.1304213450315286,13.04213450315286
rotation,4,magnitude,15.0,degrees,sues200_uav_250m_to_satellite,r_at_1,0.35975,0.36225,-0.0025000000000000022,-0.2500000000000002,-0.0069492703266157115,-0.6949270326615711
rotation,4,magnitude,15.0,degrees,sues200_uav_250m_to_satellite,r_at_5,0.73575,0.7235,0.012249999999999983,1.2249999999999983,0.016649677200135892,1.6649677200135893
rotation,4,magnitude,15.0,degrees,sues200_uav_250m_to_satellite,r_at_10,0.86175,0.846,0.015750000000000042,1.5750000000000042,0.018276762402088823,1.8276762402088822
rotation,4,magnitude,15.0,degrees,sues200_uav_250m_to_satellite,r_at_20,0.94375,0.9335,0.010249999999999981,1.0249999999999981,0.01086092715231786,1.086092715231786
rotation,4,magnitude,15.0,degrees,sues200_uav_250m_to_satellite,official_trapezoid_mAP,0.4443421959877014,0.44451844692230225,-0.00017625093460083008,-0.017625093460083008,-0.00039665585711267537,-0.039665585711267534
rotation,4,magnitude,15.0,degrees,sues200_uav_250m_to_satellite,MRR,0.5289343595504761,0.5267868638038635,0.002147495746612549,0.21474957466125488,0.0040600420597323925,0.4060042059732393
rotation,4,magnitude,15.0,degrees,sues200_satellite_to_uav_250m,r_at_1,0.6,0.5625,0.03749999999999998,3.749999999999998,0.062499999999999965,6.2499999999999964
rotation,4,magnitude,15.0,degrees,sues200_satellite_to_uav_250m,r_at_5,0.7375,0.675,0.0625,6.25,0.0847457627118644,8.47457627118644
rotation,4,magnitude,15.0,degrees,sues200_satellite_to_uav_250m,r_at_10,0.7625,0.7,0.0625,6.25,0.0819672131147541,8.196721311475411
rotation,4,magnitude,15.0,degrees,sues200_satellite_to_uav_250m,r_at_20,0.7875,0.725,0.0625,6.25,0.07936507936507936,7.936507936507937
rotation,4,magnitude,15.0,degrees,sues200_satellite_to_uav_250m,official_trapezoid_mAP,0.4399527907371521,0.38947129249572754,0.05048149824142456,5.048149824142456,0.1147429890303492,11.47429890303492
rotation,4,magnitude,15.0,degrees,sues200_satellite_to_uav_250m,MRR,0.6658704876899719,0.6218717694282532,0.04399871826171875,4.399871826171875,0.06607699105926508,6.607699105926508
rotation,4,magnitude,15.0,degrees,sues200_uav_300m_to_satellite,r_at_1,0.38775,0.37275,0.014999999999999958,1.4999999999999958,0.03868471953578326,3.8684719535783256
rotation,4,magnitude,15.0,degrees,sues200_uav_300m_to_satellite,r_at_5,0.751,0.742,0.009000000000000008,0.9000000000000008,0.011984021304926776,1.1984021304926775
rotation,4,magnitude,15.0,degrees,sues200_uav_300m_to_satellite,r_at_10,0.88125,0.86075,0.020499999999999963,2.0499999999999963,0.02326241134751769,2.326241134751769
rotation,4,magnitude,15.0,degrees,sues200_uav_300m_to_satellite,r_at_20,0.95925,0.94925,0.010000000000000009,1.0000000000000009,0.010424811050299722,1.0424811050299723
rotation,4,magnitude,15.0,degrees,sues200_uav_300m_to_satellite,official_trapezoid_mAP,0.4710761606693268,0.4577564299106598,0.013319730758666992,1.3319730758666992,0.02827511105580402,2.827511105580402
rotation,4,magnitude,15.0,degrees,sues200_uav_300m_to_satellite,MRR,0.5544023513793945,0.5427629351615906,0.011639416217803955,1.1639416217803955,0.02099452895328495,2.099452895328495
rotation,4,magnitude,15.0,degrees,sues200_satellite_to_uav_300m,r_at_1,0.6,0.525,0.07499999999999996,7.499999999999996,0.12499999999999993,12.499999999999993
rotation,4,magnitude,15.0,degrees,sues200_satellite_to_uav_300m,r_at_5,0.6875,0.65,0.03749999999999998,3.749999999999998,0.054545454545454515,5.4545454545454515
rotation,4,magnitude,15.0,degrees,sues200_satellite_to_uav_300m,r_at_10,0.75,0.7,0.050000000000000044,5.000000000000004,0.06666666666666672,6.666666666666672
rotation,4,magnitude,15.0,degrees,sues200_satellite_to_uav_300m,r_at_20,0.7875,0.725,0.0625,6.25,0.07936507936507936,7.936507936507937
rotation,4,magnitude,15.0,degrees,sues200_satellite_to_uav_300m,official_trapezoid_mAP,0.452476441860199,0.3916435241699219,0.0608329176902771,6.08329176902771,0.13444438662968572,13.44443866296857
rotation,4,magnitude,15.0,degrees,sues200_satellite_to_uav_300m,MRR,0.6475752592086792,0.583540678024292,0.06403458118438721,6.403458118438721,0.09888361279063666,9.888361279063666
rotation,5,magnitude,20.0,degrees,sues200_uav_150m_to_satellite,r_at_1,0.287,0.26075,0.026249999999999996,2.6249999999999996,0.09146341463414634,9.146341463414632
rotation,5,magnitude,20.0,degrees,sues200_uav_150m_to_satellite,r_at_5,0.653,0.63625,0.016750000000000043,1.6750000000000043,0.025650842266462547,2.5650842266462544
rotation,5,magnitude,20.0,degrees,sues200_uav_150m_to_satellite,r_at_10,0.7945,0.789,0.005499999999999949,0.5499999999999949,0.006922592825676463,0.6922592825676462
rotation,5,magnitude,20.0,degrees,sues200_uav_150m_to_satellite,r_at_20,0.9105,0.9125,-0.0020000000000000018,-0.20000000000000018,-0.002196595277320156,-0.21965952773201558
rotation,5,magnitude,20.0,degrees,sues200_uav_150m_to_satellite,official_trapezoid_mAP,0.3715789318084717,0.347922146320343,0.023656785488128662,2.365678548812866,0.06366557267655429,6.366557267655429
rotation,5,magnitude,20.0,degrees,sues200_uav_150m_to_satellite,MRR,0.4561578333377838,0.43509426712989807,0.021063566207885742,2.106356620788574,0.04617604843867324,4.6176048438673245
rotation,5,magnitude,20.0,degrees,sues200_satellite_to_uav_150m,r_at_1,0.475,0.3625,0.11249999999999999,11.249999999999998,0.23684210526315788,23.684210526315788
rotation,5,magnitude,20.0,degrees,sues200_satellite_to_uav_150m,r_at_5,0.625,0.5125,0.11250000000000004,11.250000000000004,0.18000000000000008,18.000000000000007
rotation,5,magnitude,20.0,degrees,sues200_satellite_to_uav_150m,r_at_10,0.7,0.6,0.09999999999999998,9.999999999999998,0.14285714285714282,14.285714285714285
rotation,5,magnitude,20.0,degrees,sues200_satellite_to_uav_150m,r_at_20,0.725,0.625,0.09999999999999998,9.999999999999998,0.1379310344827586,13.79310344827586
rotation,5,magnitude,20.0,degrees,sues200_satellite_to_uav_150m,official_trapezoid_mAP,0.34278807044029236,0.2922571301460266,0.05053094029426575,5.053094029426575,0.14741160691316224,14.741160691316225
rotation,5,magnitude,20.0,degrees,sues200_satellite_to_uav_150m,MRR,0.5414365530014038,0.4425673484802246,0.0988692045211792,9.88692045211792,0.18260533754713612,18.260533754713613
rotation,5,magnitude,20.0,degrees,sues200_uav_200m_to_satellite,r_at_1,0.3315,0.332,-0.0005000000000000004,-0.050000000000000044,-0.0015082956259426861,-0.1508295625942686
rotation,5,magnitude,20.0,degrees,sues200_uav_200m_to_satellite,r_at_5,0.69575,0.69525,0.0004999999999999449,0.04999999999999449,0.0007186489399927344,0.07186489399927344
rotation,5,magnitude,20.0,degrees,sues200_uav_200m_to_satellite,r_at_10,0.8245,0.83175,-0.007249999999999979,-0.7249999999999979,-0.008793208004851399,-0.8793208004851399
rotation,5,magnitude,20.0,degrees,sues200_uav_200m_to_satellite,r_at_20,0.92925,0.9305,-0.0012499999999999734,-0.12499999999999734,-0.0013451708366962317,-0.13451708366962317
rotation,5,magnitude,20.0,degrees,sues200_uav_200m_to_satellite,official_trapezoid_mAP,0.4146501421928406,0.4147913157939911,-0.0001411736011505127,-0.01411736011505127,-0.00034046437414425715,-0.034046437414425715
rotation,5,magnitude,20.0,degrees,sues200_uav_200m_to_satellite,MRR,0.4978003203868866,0.49758264422416687,0.00021767616271972656,0.021767616271972656,0.00043727605990801757,0.043727605990801756
rotation,5,magnitude,20.0,degrees,sues200_satellite_to_uav_200m,r_at_1,0.6125,0.4875,0.12500000000000006,12.500000000000005,0.2040816326530613,20.40816326530613
rotation,5,magnitude,20.0,degrees,sues200_satellite_to_uav_200m,r_at_5,0.7125,0.5875,0.125,12.5,0.17543859649122806,17.543859649122805
rotation,5,magnitude,20.0,degrees,sues200_satellite_to_uav_200m,r_at_10,0.75,0.625,0.125,12.5,0.16666666666666666,16.666666666666668
rotation,5,magnitude,20.0,degrees,sues200_satellite_to_uav_200m,r_at_20,0.7875,0.7125,0.07499999999999996,7.499999999999996,0.09523809523809519,9.523809523809518
rotation,5,magnitude,20.0,degrees,sues200_satellite_to_uav_200m,official_trapezoid_mAP,0.402458518743515,0.34977224469184875,0.05268627405166626,5.268627405166626,0.1309110668502037,13.091106685020371
rotation,5,magnitude,20.0,degrees,sues200_satellite_to_uav_200m,MRR,0.6624575257301331,0.5455639958381653,0.11689352989196777,11.689352989196777,0.17645437684949325,17.645437684949325
rotation,5,magnitude,20.0,degrees,sues200_uav_250m_to_satellite,r_at_1,0.35975,0.35575,0.0040000000000000036,0.40000000000000036,0.011118832522585139,1.1118832522585138
rotation,5,magnitude,20.0,degrees,sues200_uav_250m_to_satellite,r_at_5,0.73575,0.7335,0.0022499999999999742,0.22499999999999742,0.003058103975535133,0.3058103975535133
rotation,5,magnitude,20.0,degrees,sues200_uav_250m_to_satellite,r_at_10,0.86175,0.85925,0.0025000000000000577,0.2500000000000058,0.002901073397157015,0.2901073397157015
rotation,5,magnitude,20.0,degrees,sues200_uav_250m_to_satellite,r_at_20,0.94375,0.9315,0.012249999999999983,1.2249999999999983,0.012980132450331108,1.2980132450331108
rotation,5,magnitude,20.0,degrees,sues200_uav_250m_to_satellite,official_trapezoid_mAP,0.4443421959877014,0.4417878985404968,0.00255429744720459,0.255429744720459,0.005748491748632597,0.5748491748632597
rotation,5,magnitude,20.0,degrees,sues200_uav_250m_to_satellite,MRR,0.5289343595504761,0.5278258323669434,0.0011085271835327148,0.11085271835327148,0.002095774576782676,0.2095774576782676
rotation,5,magnitude,20.0,degrees,sues200_satellite_to_uav_250m,r_at_1,0.6,0.55,0.04999999999999993,4.999999999999993,0.08333333333333323,8.333333333333321
rotation,5,magnitude,20.0,degrees,sues200_satellite_to_uav_250m,r_at_5,0.7375,0.675,0.0625,6.25,0.0847457627118644,8.47457627118644
rotation,5,magnitude,20.0,degrees,sues200_satellite_to_uav_250m,r_at_10,0.7625,0.7,0.0625,6.25,0.0819672131147541,8.196721311475411
rotation,5,magnitude,20.0,degrees,sues200_satellite_to_uav_250m,r_at_20,0.7875,0.725,0.0625,6.25,0.07936507936507936,7.936507936507937
rotation,5,magnitude,20.0,degrees,sues200_satellite_to_uav_250m,official_trapezoid_mAP,0.4399527907371521,0.3650303781032562,0.07492241263389587,7.492241263389587,0.17029648228475028,17.02964822847503
rotation,5,magnitude,20.0,degrees,sues200_satellite_to_uav_250m,MRR,0.6658704876899719,0.5994745492935181,0.06639593839645386,6.639593839645386,0.09971299167619467,9.971299167619467
rotation,5,magnitude,20.0,degrees,sues200_uav_300m_to_satellite,r_at_1,0.38775,0.379,0.00874999999999998,0.874999999999998,0.02256608639587358,2.256608639587358
rotation,5,magnitude,20.0,degrees,sues200_uav_300m_to_satellite,r_at_5,0.751,0.74625,0.004750000000000032,0.4750000000000032,0.006324900133155835,0.6324900133155835
rotation,5,magnitude,20.0,degrees,sues200_uav_300m_to_satellite,r_at_10,0.88125,0.867,0.014249999999999985,1.4249999999999985,0.01617021276595743,1.617021276595743
rotation,5,magnitude,20.0,degrees,sues200_uav_300m_to_satellite,r_at_20,0.95925,0.95275,0.006500000000000061,0.6500000000000061,0.006776127182694877,0.6776127182694878
rotation,5,magnitude,20.0,degrees,sues200_uav_300m_to_satellite,official_trapezoid_mAP,0.4710761606693268,0.4644005596637726,0.006675601005554199,0.6675601005554199,0.014170959099414406,1.4170959099414406
rotation,5,magnitude,20.0,degrees,sues200_uav_300m_to_satellite,MRR,0.5544023513793945,0.5498011708259583,0.004601180553436279,0.46011805534362793,0.00829935252256452,0.8299352522564519
rotation,5,magnitude,20.0,degrees,sues200_satellite_to_uav_300m,r_at_1,0.6,0.5125,0.08750000000000002,8.750000000000002,0.14583333333333337,14.583333333333337
rotation,5,magnitude,20.0,degrees,sues200_satellite_to_uav_300m,r_at_5,0.6875,0.6125,0.07499999999999996,7.499999999999996,0.10909090909090903,10.909090909090903
rotation,5,magnitude,20.0,degrees,sues200_satellite_to_uav_300m,r_at_10,0.75,0.7,0.050000000000000044,5.000000000000004,0.06666666666666672,6.666666666666672
rotation,5,magnitude,20.0,degrees,sues200_satellite_to_uav_300m,r_at_20,0.7875,0.7375,0.04999999999999993,4.999999999999993,0.0634920634920634,6.34920634920634
rotation,5,magnitude,20.0,degrees,sues200_satellite_to_uav_300m,official_trapezoid_mAP,0.452476441860199,0.3923964500427246,0.060079991817474365,6.0079991817474365,0.1327803754168426,13.278037541684258
rotation,5,magnitude,20.0,degrees,sues200_satellite_to_uav_300m,MRR,0.6475752592086792,0.5683038830757141,0.07927137613296509,7.927137613296509,0.12241260765556845,12.241260765556845
