dataset,task,seed,variant,queries,point_index,requested_coverage,selected_queries,realized_coverage,selective_r_at_1,selective_risk,AURC_discrete_all_prefixes,query_membership_sha256,selection_index_membership_sha256,source_json_sha256
university1652,university1652_drone_to_satellite,1,visual,37855,1,0.1,3786,0.10001320829480914,0.8888008452192288,0.11119915478077125,0.395781519993478,d66087cdc8700b60359995c5da4f13341267ec4c6276d7208f71f2f9d8db4371,0114ae7b69f5fd115ce7133355a1908f20a61087b66aec38e4f20683cf8774ce,033b6eaea71b3084ca043902f6ba03b6487bf1762a9180963357103097d172cc
university1652,university1652_drone_to_satellite,1,visual,37855,2,0.2,7571,0.2,0.7786289789988112,0.22137102100118877,0.395781519993478,d66087cdc8700b60359995c5da4f13341267ec4c6276d7208f71f2f9d8db4371,1c66e2183fe16596c15f3bcc85dec1dd1082806d96b02c554033ea581d389c38,033b6eaea71b3084ca043902f6ba03b6487bf1762a9180963357103097d172cc
university1652,university1652_drone_to_satellite,1,visual,37855,3,0.3,11357,0.30001320829480915,0.6875055032138769,0.31249449678612307,0.395781519993478,d66087cdc8700b60359995c5da4f13341267ec4c6276d7208f71f2f9d8db4371,e846a78e3fcd484931e744ce41e0f254f3ce9b610826c1d5fc60eaf445e6e2fa,033b6eaea71b3084ca043902f6ba03b6487bf1762a9180963357103097d172cc
university1652,university1652_drone_to_satellite,1,visual,37855,4,0.4,15142,0.4,0.613855501254788,0.38614449874521195,0.395781519993478,d66087cdc8700b60359995c5da4f13341267ec4c6276d7208f71f2f9d8db4371,88763832921632194276356163c31970fa0072dcb9cbe4191a0e8c24649db670,033b6eaea71b3084ca043902f6ba03b6487bf1762a9180963357103097d172cc
university1652,university1652_drone_to_satellite,1,visual,37855,5,0.5,18928,0.5000132082948091,0.5570583262890956,0.4429416737109044,0.395781519993478,d66087cdc8700b60359995c5da4f13341267ec4c6276d7208f71f2f9d8db4371,86f242d032dc17cc22be910bbc0337d20a828f7e45cf37b8cc3207e203a83d8d,033b6eaea71b3084ca043902f6ba03b6487bf1762a9180963357103097d172cc
university1652,university1652_drone_to_satellite,1,visual,37855,6,0.6,22713,0.6,0.5090917095936248,0.4909082904063752,0.395781519993478,d66087cdc8700b60359995c5da4f13341267ec4c6276d7208f71f2f9d8db4371,0bd556ea7a82578d6096ca4a9274ed6267bc0efd2da4cb23541cc74ec0d8a19f,033b6eaea71b3084ca043902f6ba03b6487bf1762a9180963357103097d172cc
university1652,university1652_drone_to_satellite,1,visual,37855,7,0.7,26499,0.7000132082948092,0.4693762028755802,0.5306237971244199,0.395781519993478,d66087cdc8700b60359995c5da4f13341267ec4c6276d7208f71f2f9d8db4371,3540fb50bd951ec8496c0b53003679815a4bdb844a1e668917bdf7f87c90242c,033b6eaea71b3084ca043902f6ba03b6487bf1762a9180963357103097d172cc
university1652,university1652_drone_to_satellite,1,visual,37855,8,0.8,30284,0.8,0.4366992471271959,0.5633007528728041,0.395781519993478,d66087cdc8700b60359995c5da4f13341267ec4c6276d7208f71f2f9d8db4371,c7c74193b68cd154aef92e127e3dca52360bc1c7f263c150d23a411df9724e49,033b6eaea71b3084ca043902f6ba03b6487bf1762a9180963357103097d172cc
university1652,university1652_drone_to_satellite,1,visual,37855,9,0.9,34070,0.9000132082948091,0.4101262107425888,0.5898737892574112,0.395781519993478,d66087cdc8700b60359995c5da4f13341267ec4c6276d7208f71f2f9d8db4371,ff3f0cbcef909d903366fe2f669163de0be0640fde45f9a08c216d51a1ac8c1a,033b6eaea71b3084ca043902f6ba03b6487bf1762a9180963357103097d172cc
university1652,university1652_drone_to_satellite,1,visual,37855,10,1,37855,1,0.3855501254788007,0.6144498745211993,0.395781519993478,d66087cdc8700b60359995c5da4f13341267ec4c6276d7208f71f2f9d8db4371,4b541f7743af34b6bab195959e00a3a97b491e316a19ab3e5175ad50abed3feb,033b6eaea71b3084ca043902f6ba03b6487bf1762a9180963357103097d172cc
university1652,university1652_drone_to_satellite,1,full,37855,1,0.1,3786,0.10001320829480914,0.7490755414685684,0.25092445853143164,0.5040662830204696,d66087cdc8700b60359995c5da4f13341267ec4c6276d7208f71f2f9d8db4371,e8dfe91e0f64fa6dc659487550a9e607453e05a534a274a28310e11711c052a1,033b6eaea71b3084ca043902f6ba03b6487bf1762a9180963357103097d172cc
university1652,university1652_drone_to_satellite,1,full,37855,2,0.2,7571,0.2,0.6272619204860652,0.3727380795139348,0.5040662830204696,d66087cdc8700b60359995c5da4f13341267ec4c6276d7208f71f2f9d8db4371,db7af8b38131bc6748f2e5829916e179f5151b5b694d58c9316d1839aebd8cad,033b6eaea71b3084ca043902f6ba03b6487bf1762a9180963357103097d172cc
university1652,university1652_drone_to_satellite,1,full,37855,3,0.3,11357,0.30001320829480915,0.5496169763141675,0.4503830236858325,0.5040662830204696,d66087cdc8700b60359995c5da4f13341267ec4c6276d7208f71f2f9d8db4371,fd4bbb0089523f82a315a7b8cdcbd4af3b5a6662cd5c3bea878e32f085a38dac,033b6eaea71b3084ca043902f6ba03b6487bf1762a9180963357103097d172cc
university1652,university1652_drone_to_satellite,1,full,37855,4,0.4,15142,0.4,0.48864086646413946,0.5113591335358605,0.5040662830204696,d66087cdc8700b60359995c5da4f13341267ec4c6276d7208f71f2f9d8db4371,dabc6b03ffecee78c579e0eef9a7995396f03e8938ae4bdc7543cc34a62bd260,033b6eaea71b3084ca043902f6ba03b6487bf1762a9180963357103097d172cc
university1652,university1652_drone_to_satellite,1,full,37855,5,0.5,18928,0.5000132082948091,0.4431001690617075,0.5568998309382924,0.5040662830204696,d66087cdc8700b60359995c5da4f13341267ec4c6276d7208f71f2f9d8db4371,35f555b67257b0da28a2915adf9d901b907bd7d4fa02330427988b14994cfc69,033b6eaea71b3084ca043902f6ba03b6487bf1762a9180963357103097d172cc
university1652,university1652_drone_to_satellite,1,full,37855,6,0.6,22713,0.6,0.4066833971734249,0.5933166028265751,0.5040662830204696,d66087cdc8700b60359995c5da4f13341267ec4c6276d7208f71f2f9d8db4371,dae58c6322a7507af53a9501ab00a2e70ed5af8f33c63007d0714750cfddf60b,033b6eaea71b3084ca043902f6ba03b6487bf1762a9180963357103097d172cc
university1652,university1652_drone_to_satellite,1,full,37855,7,0.7,26499,0.7000132082948092,0.3792973319747915,0.6207026680252086,0.5040662830204696,d66087cdc8700b60359995c5da4f13341267ec4c6276d7208f71f2f9d8db4371,75b788bd83430c3196f805d56b51d782468102df4b40cdd0e677579fd5c93c0b,033b6eaea71b3084ca043902f6ba03b6487bf1762a9180963357103097d172cc
university1652,university1652_drone_to_satellite,1,full,37855,8,0.8,30284,0.8,0.3560956280544182,0.6439043719455818,0.5040662830204696,d66087cdc8700b60359995c5da4f13341267ec4c6276d7208f71f2f9d8db4371,4757c908dadb289419cea9250b60602d39b71d873e4dc224e6aeb295fd96aa89,033b6eaea71b3084ca043902f6ba03b6487bf1762a9180963357103097d172cc
university1652,university1652_drone_to_satellite,1,full,37855,9,0.9,34070,0.9000132082948091,0.33577927795714707,0.6642207220428529,0.5040662830204696,d66087cdc8700b60359995c5da4f13341267ec4c6276d7208f71f2f9d8db4371,4427734a702e0e62afe72dcf23af34ac9dae8660e6d16dc20dfa347101b3522e,033b6eaea71b3084ca043902f6ba03b6487bf1762a9180963357103097d172cc
university1652,university1652_drone_to_satellite,1,full,37855,10,1,37855,1,0.31905956940958924,0.6809404305904108,0.5040662830204696,d66087cdc8700b60359995c5da4f13341267ec4c6276d7208f71f2f9d8db4371,4b541f7743af34b6bab195959e00a3a97b491e316a19ab3e5175ad50abed3feb,033b6eaea71b3084ca043902f6ba03b6487bf1762a9180963357103097d172cc
university1652,university1652_drone_to_satellite,2,visual,37855,1,0.1,3786,0.10001320829480914,0.8803486529318542,0.11965134706814584,0.41693635991410394,d66087cdc8700b60359995c5da4f13341267ec4c6276d7208f71f2f9d8db4371,ca9435dcf28817b97211b59dac1842f8b1663f4b213b5b6f6c45ba1017d4a4ee,033b6eaea71b3084ca043902f6ba03b6487bf1762a9180963357103097d172cc
university1652,university1652_drone_to_satellite,2,visual,37855,2,0.2,7571,0.2,0.7524765552767138,0.24752344472328625,0.41693635991410394,d66087cdc8700b60359995c5da4f13341267ec4c6276d7208f71f2f9d8db4371,e4d8b7eb2a14076da4457558659e7cb2c7cd2a3d35e57bd91fe3d7779e45d3fa,033b6eaea71b3084ca043902f6ba03b6487bf1762a9180963357103097d172cc
university1652,university1652_drone_to_satellite,2,visual,37855,3,0.3,11357,0.30001320829480915,0.658976842476006,0.34102315752399404,0.41693635991410394,d66087cdc8700b60359995c5da4f13341267ec4c6276d7208f71f2f9d8db4371,82a4b9b398aef440e71688c4c235ff3f12caf01a9b8a05dd7bff03609ee31603,033b6eaea71b3084ca043902f6ba03b6487bf1762a9180963357103097d172cc
university1652,university1652_drone_to_satellite,2,visual,37855,4,0.4,15142,0.4,0.5878351604807819,0.4121648395192181,0.41693635991410394,d66087cdc8700b60359995c5da4f13341267ec4c6276d7208f71f2f9d8db4371,78d512233110e17fc722ef86b8321375d60b11ccc667d6b79f493f0c586acbeb,033b6eaea71b3084ca043902f6ba03b6487bf1762a9180963357103097d172cc
university1652,university1652_drone_to_satellite,2,visual,37855,5,0.5,18928,0.5000132082948091,0.5326500422654269,0.4673499577345731,0.41693635991410394,d66087cdc8700b60359995c5da4f13341267ec4c6276d7208f71f2f9d8db4371,78b8cbd9f9b8f8364c496772338fdbc453351c7cc01e2f2a1eb0258de9c4d46c,033b6eaea71b3084ca043902f6ba03b6487bf1762a9180963357103097d172cc
university1652,university1652_drone_to_satellite,2,visual,37855,6,0.6,22713,0.6,0.4860212213269933,0.5139787786730067,0.41693635991410394,d66087cdc8700b60359995c5da4f13341267ec4c6276d7208f71f2f9d8db4371,5c4f7e3b61b7df456d9f5d52c8232fba0f1b0beed4bc5788321c44c4b87b4028,033b6eaea71b3084ca043902f6ba03b6487bf1762a9180963357103097d172cc
university1652,university1652_drone_to_satellite,2,visual,37855,7,0.7,26499,0.7000132082948092,0.4481678553907695,0.5518321446092305,0.41693635991410394,d66087cdc8700b60359995c5da4f13341267ec4c6276d7208f71f2f9d8db4371,aec33a0d52d41c6bc42e05611d1abbb7ce6c562fe6a35b3f21b92490c2e1bead,033b6eaea71b3084ca043902f6ba03b6487bf1762a9180963357103097d172cc
university1652,university1652_drone_to_satellite,2,visual,37855,8,0.8,30284,0.8,0.4169198256505085,0.5830801743494916,0.41693635991410394,d66087cdc8700b60359995c5da4f13341267ec4c6276d7208f71f2f9d8db4371,884d40bad7e899bc41a9021164d500f96118c835646c0d35d5f2485b3fc398e3,033b6eaea71b3084ca043902f6ba03b6487bf1762a9180963357103097d172cc
university1652,university1652_drone_to_satellite,2,visual,37855,9,0.9,34070,0.9000132082948091,0.39034341062518346,0.6096565893748165,0.41693635991410394,d66087cdc8700b60359995c5da4f13341267ec4c6276d7208f71f2f9d8db4371,c37633cf2ecdec378e0ea776daf107d850e035ef476d1b349e7f858736c4fb55,033b6eaea71b3084ca043902f6ba03b6487bf1762a9180963357103097d172cc
university1652,university1652_drone_to_satellite,2,visual,37855,10,1,37855,1,0.3670320961563862,0.6329679038436138,0.41693635991410394,d66087cdc8700b60359995c5da4f13341267ec4c6276d7208f71f2f9d8db4371,4b541f7743af34b6bab195959e00a3a97b491e316a19ab3e5175ad50abed3feb,033b6eaea71b3084ca043902f6ba03b6487bf1762a9180963357103097d172cc
university1652,university1652_drone_to_satellite,2,full,37855,1,0.1,3786,0.10001320829480914,0.7260961436872689,0.27390385631273106,0.5006319855587447,d66087cdc8700b60359995c5da4f13341267ec4c6276d7208f71f2f9d8db4371,762ac798affa4525623d3a33564cde6fb710818ae1fef82e49a90c9edb52c8c7,033b6eaea71b3084ca043902f6ba03b6487bf1762a9180963357103097d172cc
university1652,university1652_drone_to_satellite,2,full,37855,2,0.2,7571,0.2,0.625544842160877,0.374455157839123,0.5006319855587447,d66087cdc8700b60359995c5da4f13341267ec4c6276d7208f71f2f9d8db4371,ae220208857327bda2dbdd48a037949a8c3f79657b7358b89d06dc1ccaa7059b,033b6eaea71b3084ca043902f6ba03b6487bf1762a9180963357103097d172cc
university1652,university1652_drone_to_satellite,2,full,37855,3,0.3,11357,0.30001320829480915,0.5536673417275689,0.44633265827243107,0.5006319855587447,d66087cdc8700b60359995c5da4f13341267ec4c6276d7208f71f2f9d8db4371,c179c498fe8f05a92f8311d3d661fb5b4ebbeb71a366dd51f6c0e34d1acb4401,033b6eaea71b3084ca043902f6ba03b6487bf1762a9180963357103097d172cc
university1652,university1652_drone_to_satellite,2,full,37855,4,0.4,15142,0.4,0.4991414608374059,0.5008585391625942,0.5006319855587447,d66087cdc8700b60359995c5da4f13341267ec4c6276d7208f71f2f9d8db4371,4c3ee7077f6db4a8e155e2f9805c153a23e64e9c18567d112a631ad5dceb764c,033b6eaea71b3084ca043902f6ba03b6487bf1762a9180963357103097d172cc
university1652,university1652_drone_to_satellite,2,full,37855,5,0.5,18928,0.5000132082948091,0.4547759932375317,0.5452240067624683,0.5006319855587447,d66087cdc8700b60359995c5da4f13341267ec4c6276d7208f71f2f9d8db4371,073c6621b5127cbffef278ac0eac992600b5e042de1e9f200f3dd6cd818c5fad,033b6eaea71b3084ca043902f6ba03b6487bf1762a9180963357103097d172cc
university1652,university1652_drone_to_satellite,2,full,37855,6,0.6,22713,0.6,0.4184828072029234,0.5815171927970766,0.5006319855587447,d66087cdc8700b60359995c5da4f13341267ec4c6276d7208f71f2f9d8db4371,04aacdc335331a52755fd93e711e846e74e95b3a321f0719ac8078333d26582e,033b6eaea71b3084ca043902f6ba03b6487bf1762a9180963357103097d172cc
university1652,university1652_drone_to_satellite,2,full,37855,7,0.7,26499,0.7000132082948092,0.388505226612325,0.611494773387675,0.5006319855587447,d66087cdc8700b60359995c5da4f13341267ec4c6276d7208f71f2f9d8db4371,a00dc96fddb2817ba1b8ec6148403ed9b35c381a7dc11c216433848299ace8ed,033b6eaea71b3084ca043902f6ba03b6487bf1762a9180963357103097d172cc
university1652,university1652_drone_to_satellite,2,full,37855,8,0.8,30284,0.8,0.3652753929467706,0.6347246070532294,0.5006319855587447,d66087cdc8700b60359995c5da4f13341267ec4c6276d7208f71f2f9d8db4371,a470151cf61bbd5a6dcee1aa51f98c1751405214b64e2c76c38906a628c8219c,033b6eaea71b3084ca043902f6ba03b6487bf1762a9180963357103097d172cc
university1652,university1652_drone_to_satellite,2,full,37855,9,0.9,34070,0.9000132082948091,0.34341062518344584,0.6565893748165541,0.5006319855587447,d66087cdc8700b60359995c5da4f13341267ec4c6276d7208f71f2f9d8db4371,302101ce6a791acdd73ea4d657cffcc1d45a7846df76dd2684bb87cabbfc55be,033b6eaea71b3084ca043902f6ba03b6487bf1762a9180963357103097d172cc
university1652,university1652_drone_to_satellite,2,full,37855,10,1,37855,1,0.32555805045568614,0.6744419495443139,0.5006319855587447,d66087cdc8700b60359995c5da4f13341267ec4c6276d7208f71f2f9d8db4371,4b541f7743af34b6bab195959e00a3a97b491e316a19ab3e5175ad50abed3feb,033b6eaea71b3084ca043902f6ba03b6487bf1762a9180963357103097d172cc
university1652,university1652_drone_to_satellite,3,visual,37855,1,0.1,3786,0.10001320829480914,0.8922345483359746,0.1077654516640254,0.4028141922471154,d66087cdc8700b60359995c5da4f13341267ec4c6276d7208f71f2f9d8db4371,b36352aca138190a7a1366859944c4eff1bdb84d7c4a4074854ee73a6b6fb4b6,033b6eaea71b3084ca043902f6ba03b6487bf1762a9180963357103097d172cc
university1652,university1652_drone_to_satellite,3,visual,37855,2,0.2,7571,0.2,0.7696473385285959,0.2303526614714041,0.4028141922471154,d66087cdc8700b60359995c5da4f13341267ec4c6276d7208f71f2f9d8db4371,56043f4dae7b241b3e99a5c67f81158ded68ec34ffc555cd8f00da16c3f3bea5,033b6eaea71b3084ca043902f6ba03b6487bf1762a9180963357103097d172cc
university1652,university1652_drone_to_satellite,3,visual,37855,3,0.3,11357,0.30001320829480915,0.6757066126617944,0.32429338733820556,0.4028141922471154,d66087cdc8700b60359995c5da4f13341267ec4c6276d7208f71f2f9d8db4371,de29026510b1acc48fb4914ccb03c58a1780f97e967150b833ebe61ec48ca6e2,033b6eaea71b3084ca043902f6ba03b6487bf1762a9180963357103097d172cc
university1652,university1652_drone_to_satellite,3,visual,37855,4,0.4,15142,0.4,0.6016378285563334,0.3983621714436666,0.4028141922471154,d66087cdc8700b60359995c5da4f13341267ec4c6276d7208f71f2f9d8db4371,5ab8c7c89e268bc5a575118cb6284aae6ac26fb1a502edf9a9d64f1065639cc0,033b6eaea71b3084ca043902f6ba03b6487bf1762a9180963357103097d172cc
university1652,university1652_drone_to_satellite,3,visual,37855,5,0.5,18928,0.5000132082948091,0.5438503803888419,0.4561496196111581,0.4028141922471154,d66087cdc8700b60359995c5da4f13341267ec4c6276d7208f71f2f9d8db4371,bef991c6917be13389d28c46caf655acccca5fdfb127eb0ed247c892d8ab30fd,033b6eaea71b3084ca043902f6ba03b6487bf1762a9180963357103097d172cc
university1652,university1652_drone_to_satellite,3,visual,37855,6,0.6,22713,0.6,0.5001981244221371,0.49980187557786293,0.4028141922471154,d66087cdc8700b60359995c5da4f13341267ec4c6276d7208f71f2f9d8db4371,cd2c6ef945254767e033258f4a4c37096bf0f996c17bd545c953d2938760a9ff,033b6eaea71b3084ca043902f6ba03b6487bf1762a9180963357103097d172cc
university1652,university1652_drone_to_satellite,3,visual,37855,7,0.7,26499,0.7000132082948092,0.46333823917883693,0.536661760821163,0.4028141922471154,d66087cdc8700b60359995c5da4f13341267ec4c6276d7208f71f2f9d8db4371,bcf09cb221b68f876306f6ad4f1d166c3309c3634fc3bae323a682b0c7356eae,033b6eaea71b3084ca043902f6ba03b6487bf1762a9180963357103097d172cc
university1652,university1652_drone_to_satellite,3,visual,37855,8,0.8,30284,0.8,0.43158103288865407,0.568418967111346,0.4028141922471154,d66087cdc8700b60359995c5da4f13341267ec4c6276d7208f71f2f9d8db4371,dafbaba47e8906650b3e7ac1106fe1fbaefc555aea0604f19d4a21267ccb740a,033b6eaea71b3084ca043902f6ba03b6487bf1762a9180963357103097d172cc
university1652,university1652_drone_to_satellite,3,visual,37855,9,0.9,34070,0.9000132082948091,0.4053712943938949,0.594628705606105,0.4028141922471154,d66087cdc8700b60359995c5da4f13341267ec4c6276d7208f71f2f9d8db4371,739f198d94531134490ae1fb07cdd83e01b503f1289299c2c4adf1b758fcdb77,033b6eaea71b3084ca043902f6ba03b6487bf1762a9180963357103097d172cc
university1652,university1652_drone_to_satellite,3,visual,37855,10,1,37855,1,0.38333113195086516,0.6166688680491348,0.4028141922471154,d66087cdc8700b60359995c5da4f13341267ec4c6276d7208f71f2f9d8db4371,4b541f7743af34b6bab195959e00a3a97b491e316a19ab3e5175ad50abed3feb,033b6eaea71b3084ca043902f6ba03b6487bf1762a9180963357103097d172cc
university1652,university1652_drone_to_satellite,3,full,37855,1,0.1,3786,0.10001320829480914,0.7630744849445324,0.23692551505546755,0.49383543846739986,d66087cdc8700b60359995c5da4f13341267ec4c6276d7208f71f2f9d8db4371,9c4d7942967ed6a56bedc5a9f4865ddee7b24c8d7667d42a13c3a5939da77e92,033b6eaea71b3084ca043902f6ba03b6487bf1762a9180963357103097d172cc
university1652,university1652_drone_to_satellite,3,full,37855,2,0.2,7571,0.2,0.6424514595165765,0.35754854048342355,0.49383543846739986,d66087cdc8700b60359995c5da4f13341267ec4c6276d7208f71f2f9d8db4371,a1397ff6a04a390922bdf064a5896cc759c7b1ac1f23c01aba07846d424db964,033b6eaea71b3084ca043902f6ba03b6487bf1762a9180963357103097d172cc
university1652,university1652_drone_to_satellite,3,full,37855,3,0.3,11357,0.30001320829480915,0.5571893986087876,0.4428106013912124,0.49383543846739986,d66087cdc8700b60359995c5da4f13341267ec4c6276d7208f71f2f9d8db4371,1b705389d7299bffbfa827edcdfc0fca36079f94fe51739c822f96f0100da55b,033b6eaea71b3084ca043902f6ba03b6487bf1762a9180963357103097d172cc
university1652,university1652_drone_to_satellite,3,full,37855,4,0.4,15142,0.4,0.49881125346717736,0.5011887465328226,0.49383543846739986,d66087cdc8700b60359995c5da4f13341267ec4c6276d7208f71f2f9d8db4371,16a046526b354333512c5dbc32ddef904e456cb7aeb313399db15338a79f205d,033b6eaea71b3084ca043902f6ba03b6487bf1762a9180963357103097d172cc
university1652,university1652_drone_to_satellite,3,full,37855,5,0.5,18928,0.5000132082948091,0.4551458157227388,0.5448541842772612,0.49383543846739986,d66087cdc8700b60359995c5da4f13341267ec4c6276d7208f71f2f9d8db4371,771b36e805e1f025c996d955c3e2ddb358c6bd676024f1f085ad79e803401495,033b6eaea71b3084ca043902f6ba03b6487bf1762a9180963357103097d172cc
university1652,university1652_drone_to_satellite,3,full,37855,6,0.6,22713,0.6,0.41852683485228726,0.5814731651477127,0.49383543846739986,d66087cdc8700b60359995c5da4f13341267ec4c6276d7208f71f2f9d8db4371,e8839c3372bf1525607a71a6d735905777e87e233d2c275ebe020a9b99279075,033b6eaea71b3084ca043902f6ba03b6487bf1762a9180963357103097d172cc
university1652,university1652_drone_to_satellite,3,full,37855,7,0.7,26499,0.7000132082948092,0.3900147175365108,0.6099852824634893,0.49383543846739986,d66087cdc8700b60359995c5da4f13341267ec4c6276d7208f71f2f9d8db4371,0941d49af5427ed8d5e4ad1829a2ef4689d11462c4cd22c0223a7daa97d7198b,033b6eaea71b3084ca043902f6ba03b6487bf1762a9180963357103097d172cc
university1652,university1652_drone_to_satellite,3,full,37855,8,0.8,30284,0.8,0.3647800818914278,0.6352199181085723,0.49383543846739986,d66087cdc8700b60359995c5da4f13341267ec4c6276d7208f71f2f9d8db4371,ce1f1a2d8c2c1c4dc510c7cc540d21d74b311f9220adef43ebb93adc8780c1f9,033b6eaea71b3084ca043902f6ba03b6487bf1762a9180963357103097d172cc
university1652,university1652_drone_to_satellite,3,full,37855,9,0.9,34070,0.9000132082948091,0.34291165248018785,0.6570883475198122,0.49383543846739986,d66087cdc8700b60359995c5da4f13341267ec4c6276d7208f71f2f9d8db4371,9ef3796c0bad8148ce0130873fba1919f5fb775ef2c6e17a593d33a9d9a8c6f1,033b6eaea71b3084ca043902f6ba03b6487bf1762a9180963357103097d172cc
university1652,university1652_drone_to_satellite,3,full,37855,10,1,37855,1,0.32439572051248183,0.6756042794875181,0.49383543846739986,d66087cdc8700b60359995c5da4f13341267ec4c6276d7208f71f2f9d8db4371,4b541f7743af34b6bab195959e00a3a97b491e316a19ab3e5175ad50abed3feb,033b6eaea71b3084ca043902f6ba03b6487bf1762a9180963357103097d172cc
university1652,university1652_satellite_to_drone,1,visual,701,1,0.1,71,0.10128388017118402,0.5633802816901409,0.43661971830985913,0.4209904024468978,e4607da9f50a694dc9277c628d9f1b284533923e32987e687d9348e5bda71d02,47a5ddf13b6156199d494cd6da3ac77aff138f1450c5f81362cdc1b74a3c2f92,033b6eaea71b3084ca043902f6ba03b6487bf1762a9180963357103097d172cc
university1652,university1652_satellite_to_drone,1,visual,701,2,0.2,141,0.20114122681883023,0.6099290780141844,0.3900709219858156,0.4209904024468978,e4607da9f50a694dc9277c628d9f1b284533923e32987e687d9348e5bda71d02,7c03a13c3ef947836ab4fb07c8df46e9a53d40b429a81f8090ecb91e5a03fdc0,033b6eaea71b3084ca043902f6ba03b6487bf1762a9180963357103097d172cc
university1652,university1652_satellite_to_drone,1,visual,701,3,0.3,211,0.30099857346647646,0.6066350710900474,0.39336492890995256,0.4209904024468978,e4607da9f50a694dc9277c628d9f1b284533923e32987e687d9348e5bda71d02,74be76901cd422086cedc49171c8da25919d131c7f45a6d9ce0d0b5e76efaae8,033b6eaea71b3084ca043902f6ba03b6487bf1762a9180963357103097d172cc
university1652,university1652_satellite_to_drone,1,visual,701,4,0.4,281,0.4008559201141227,0.5658362989323843,0.4341637010676157,0.4209904024468978,e4607da9f50a694dc9277c628d9f1b284533923e32987e687d9348e5bda71d02,58708aa6651a3a01209867716ae9dc9858b158bb40a98ecb144f86550a156ab0,033b6eaea71b3084ca043902f6ba03b6487bf1762a9180963357103097d172cc
university1652,university1652_satellite_to_drone,1,visual,701,5,0.5,351,0.5007132667617689,0.5669515669515669,0.4330484330484331,0.4209904024468978,e4607da9f50a694dc9277c628d9f1b284533923e32987e687d9348e5bda71d02,538bcb34e45fa637ed5bd64d70231f9aa714426b4fcf7d705e1cec9030843016,033b6eaea71b3084ca043902f6ba03b6487bf1762a9180963357103097d172cc
university1652,university1652_satellite_to_drone,1,visual,701,6,0.6,421,0.6005706134094151,0.5724465558194775,0.42755344418052255,0.4209904024468978,e4607da9f50a694dc9277c628d9f1b284533923e32987e687d9348e5bda71d02,26d4f44db037c7bc3bc78699f52c9764c9ffbcef437711b5d39dc0917d44844b,033b6eaea71b3084ca043902f6ba03b6487bf1762a9180963357103097d172cc
university1652,university1652_satellite_to_drone,1,visual,701,7,0.7,491,0.7004279600570613,0.5865580448065173,0.4134419551934827,0.4209904024468978,e4607da9f50a694dc9277c628d9f1b284533923e32987e687d9348e5bda71d02,9ec1e7dbe15002d540d65a3ab8b1944c3c2c38ab67df23bf15fb1373c04ba923,033b6eaea71b3084ca043902f6ba03b6487bf1762a9180963357103097d172cc
university1652,university1652_satellite_to_drone,1,visual,701,8,0.8,561,0.8002853067047075,0.5775401069518716,0.42245989304812837,0.4209904024468978,e4607da9f50a694dc9277c628d9f1b284533923e32987e687d9348e5bda71d02,374e79696c2261053630aa099c5161834441bf7ad4e6d70cec21faf1528fe1d4,033b6eaea71b3084ca043902f6ba03b6487bf1762a9180963357103097d172cc
university1652,university1652_satellite_to_drone,1,visual,701,9,0.9,631,0.9001426533523538,0.572107765451664,0.427892234548336,0.4209904024468978,e4607da9f50a694dc9277c628d9f1b284533923e32987e687d9348e5bda71d02,4c8d15bbd29b3b86be62567dd0dc9fe64b952f86cdc229e2a014898be2c58932,033b6eaea71b3084ca043902f6ba03b6487bf1762a9180963357103097d172cc
university1652,university1652_satellite_to_drone,1,visual,701,10,1,701,1,0.5649072753209701,0.43509272467902993,0.4209904024468978,e4607da9f50a694dc9277c628d9f1b284533923e32987e687d9348e5bda71d02,144032bc7f6d71b02124da0617c41a6a5f34e8ac67282933e251665ce4499eb1,033b6eaea71b3084ca043902f6ba03b6487bf1762a9180963357103097d172cc
university1652,university1652_satellite_to_drone,1,full,701,1,0.1,71,0.10128388017118402,0.4225352112676056,0.5774647887323944,0.5621450450775446,e4607da9f50a694dc9277c628d9f1b284533923e32987e687d9348e5bda71d02,c3edd5d38a92431a8cb6879b8f446440f03e129e59a36083e15de915827e2c00,033b6eaea71b3084ca043902f6ba03b6487bf1762a9180963357103097d172cc
university1652,university1652_satellite_to_drone,1,full,701,2,0.2,141,0.20114122681883023,0.41843971631205673,0.5815602836879432,0.5621450450775446,e4607da9f50a694dc9277c628d9f1b284533923e32987e687d9348e5bda71d02,71e1b313134b23ae2c2fde64470e6164dfca47e2501b77029836492d14d1ed11,033b6eaea71b3084ca043902f6ba03b6487bf1762a9180963357103097d172cc
university1652,university1652_satellite_to_drone,1,full,701,3,0.3,211,0.30099857346647646,0.44075829383886256,0.5592417061611374,0.5621450450775446,e4607da9f50a694dc9277c628d9f1b284533923e32987e687d9348e5bda71d02,254a3db7121765512040f3be8b52b87c6652ab8697e65586f7f528c036b3216f,033b6eaea71b3084ca043902f6ba03b6487bf1762a9180963357103097d172cc
university1652,university1652_satellite_to_drone,1,full,701,4,0.4,281,0.4008559201141227,0.43416370106761565,0.5658362989323844,0.5621450450775446,e4607da9f50a694dc9277c628d9f1b284533923e32987e687d9348e5bda71d02,68c824ff58be4f6efb3357d6e53bca0ebb1a153f1967cacb073ff1cc09f16875,033b6eaea71b3084ca043902f6ba03b6487bf1762a9180963357103097d172cc
university1652,university1652_satellite_to_drone,1,full,701,5,0.5,351,0.5007132667617689,0.42450142450142453,0.5754985754985755,0.5621450450775446,e4607da9f50a694dc9277c628d9f1b284533923e32987e687d9348e5bda71d02,a499ea9e6b45b35642bd8c1cf5c7315a4f27c7f3ad9a800e7fbc69b23baa44b0,033b6eaea71b3084ca043902f6ba03b6487bf1762a9180963357103097d172cc
university1652,university1652_satellite_to_drone,1,full,701,6,0.6,421,0.6005706134094151,0.42280285035629456,0.5771971496437054,0.5621450450775446,e4607da9f50a694dc9277c628d9f1b284533923e32987e687d9348e5bda71d02,a623686775b3808ec686622c021b7b4510ed727944a187d346360f28aa1c9587,033b6eaea71b3084ca043902f6ba03b6487bf1762a9180963357103097d172cc
university1652,university1652_satellite_to_drone,1,full,701,7,0.7,491,0.7004279600570613,0.4378818737270876,0.5621181262729125,0.5621450450775446,e4607da9f50a694dc9277c628d9f1b284533923e32987e687d9348e5bda71d02,ecc4ba13a09c7a84cdb0d35a01b28f306a899f3e4b48d598e315d95ff4ac1e1f,033b6eaea71b3084ca043902f6ba03b6487bf1762a9180963357103097d172cc
university1652,university1652_satellite_to_drone,1,full,701,8,0.8,561,0.8002853067047075,0.44563279857397503,0.554367201426025,0.5621450450775446,e4607da9f50a694dc9277c628d9f1b284533923e32987e687d9348e5bda71d02,d58fe9de683c24c130e924be454f9ab00f5d915a42fb3e07f6e1bf243bdd6618,033b6eaea71b3084ca043902f6ba03b6487bf1762a9180963357103097d172cc
university1652,university1652_satellite_to_drone,1,full,701,9,0.9,631,0.9001426533523538,0.45641838351822506,0.5435816164817749,0.5621450450775446,e4607da9f50a694dc9277c628d9f1b284533923e32987e687d9348e5bda71d02,9c20ed1d093a01a6ac1de3477f74ecb84d6bbbf9fae2945a65c39040b13b9e16,033b6eaea71b3084ca043902f6ba03b6487bf1762a9180963357103097d172cc
university1652,university1652_satellite_to_drone,1,full,701,10,1,701,1,0.4593437945791726,0.5406562054208274,0.5621450450775446,e4607da9f50a694dc9277c628d9f1b284533923e32987e687d9348e5bda71d02,144032bc7f6d71b02124da0617c41a6a5f34e8ac67282933e251665ce4499eb1,033b6eaea71b3084ca043902f6ba03b6487bf1762a9180963357103097d172cc
university1652,university1652_satellite_to_drone,2,visual,701,1,0.1,71,0.10128388017118402,0.43661971830985913,0.5633802816901409,0.5041489560601946,e4607da9f50a694dc9277c628d9f1b284533923e32987e687d9348e5bda71d02,128fe4d3e60dc94a94c595e866011841d7942872f2c5e03ffc30b588a9507b3d,033b6eaea71b3084ca043902f6ba03b6487bf1762a9180963357103097d172cc
university1652,university1652_satellite_to_drone,2,visual,701,2,0.2,141,0.20114122681883023,0.475177304964539,0.524822695035461,0.5041489560601946,e4607da9f50a694dc9277c628d9f1b284533923e32987e687d9348e5bda71d02,0c60e81a97b9d7f8447a950a40f652fd06bd2f504725b78ae256a6009263e0a3,033b6eaea71b3084ca043902f6ba03b6487bf1762a9180963357103097d172cc
university1652,university1652_satellite_to_drone,2,visual,701,3,0.3,211,0.30099857346647646,0.46919431279620855,0.5308056872037914,0.5041489560601946,e4607da9f50a694dc9277c628d9f1b284533923e32987e687d9348e5bda71d02,b9e3c15ca1d40ddcd5841c5aee4053a158ad056c210bed0372ea0833417f3e27,033b6eaea71b3084ca043902f6ba03b6487bf1762a9180963357103097d172cc
university1652,university1652_satellite_to_drone,2,visual,701,4,0.4,281,0.4008559201141227,0.49466192170818507,0.5053380782918149,0.5041489560601946,e4607da9f50a694dc9277c628d9f1b284533923e32987e687d9348e5bda71d02,6a26a6e2377a60c35c8a676a4e9919341af4a5ba9f0f82cb436d3a14a5fd5016,033b6eaea71b3084ca043902f6ba03b6487bf1762a9180963357103097d172cc
university1652,university1652_satellite_to_drone,2,visual,701,5,0.5,351,0.5007132667617689,0.5185185185185185,0.4814814814814815,0.5041489560601946,e4607da9f50a694dc9277c628d9f1b284533923e32987e687d9348e5bda71d02,7d2cc1f303cc6b20c713ea9b1a3d6c98d8122cb21e158404565f87b8f138411a,033b6eaea71b3084ca043902f6ba03b6487bf1762a9180963357103097d172cc
university1652,university1652_satellite_to_drone,2,visual,701,6,0.6,421,0.6005706134094151,0.501187648456057,0.498812351543943,0.5041489560601946,e4607da9f50a694dc9277c628d9f1b284533923e32987e687d9348e5bda71d02,af3c05ccd6f9fb4d118d6a52ba8f49cf4def22f988b75633493409ddc509c5c5,033b6eaea71b3084ca043902f6ba03b6487bf1762a9180963357103097d172cc
university1652,university1652_satellite_to_drone,2,visual,701,7,0.7,491,0.7004279600570613,0.4989816700610998,0.5010183299389002,0.5041489560601946,e4607da9f50a694dc9277c628d9f1b284533923e32987e687d9348e5bda71d02,31ae23c59a096f9b2353e41fd4587152218136faddc23b64a0f4b5b3e334474b,033b6eaea71b3084ca043902f6ba03b6487bf1762a9180963357103097d172cc
university1652,university1652_satellite_to_drone,2,visual,701,8,0.8,561,0.8002853067047075,0.5008912655971479,0.4991087344028521,0.5041489560601946,e4607da9f50a694dc9277c628d9f1b284533923e32987e687d9348e5bda71d02,8bc230a0c64a1d59b57c0cd72cd3f8020bfaa9d4dbedcd162e9301dc62720cac,033b6eaea71b3084ca043902f6ba03b6487bf1762a9180963357103097d172cc
university1652,university1652_satellite_to_drone,2,visual,701,9,0.9,631,0.9001426533523538,0.5023771790808241,0.49762282091917587,0.5041489560601946,e4607da9f50a694dc9277c628d9f1b284533923e32987e687d9348e5bda71d02,d340a8b12b858b3da9796397808af29f60526e561834dd825f13503f99118b76,033b6eaea71b3084ca043902f6ba03b6487bf1762a9180963357103097d172cc
university1652,university1652_satellite_to_drone,2,visual,701,10,1,701,1,0.5035663338088445,0.4964336661911555,0.5041489560601946,e4607da9f50a694dc9277c628d9f1b284533923e32987e687d9348e5bda71d02,144032bc7f6d71b02124da0617c41a6a5f34e8ac67282933e251665ce4499eb1,033b6eaea71b3084ca043902f6ba03b6487bf1762a9180963357103097d172cc
university1652,university1652_satellite_to_drone,2,full,701,1,0.1,71,0.10128388017118402,0.38028169014084506,0.619718309859155,0.5829504273523309,e4607da9f50a694dc9277c628d9f1b284533923e32987e687d9348e5bda71d02,d7ff62c5280f34c64540eb47d7b0d059b6964eb849309b3765fdde65598bb43f,033b6eaea71b3084ca043902f6ba03b6487bf1762a9180963357103097d172cc
university1652,university1652_satellite_to_drone,2,full,701,2,0.2,141,0.20114122681883023,0.41843971631205673,0.5815602836879432,0.5829504273523309,e4607da9f50a694dc9277c628d9f1b284533923e32987e687d9348e5bda71d02,f895d5e49b3d0d60268f16350e0d1f46606f6712479d5d8d5a2db5a3f9908ad4,033b6eaea71b3084ca043902f6ba03b6487bf1762a9180963357103097d172cc
university1652,university1652_satellite_to_drone,2,full,701,3,0.3,211,0.30099857346647646,0.43601895734597157,0.5639810426540284,0.5829504273523309,e4607da9f50a694dc9277c628d9f1b284533923e32987e687d9348e5bda71d02,a3b8665d7064ac8028ad3c2111b8c811d2675a8db3d26499ce2e46da75098096,033b6eaea71b3084ca043902f6ba03b6487bf1762a9180963357103097d172cc
university1652,university1652_satellite_to_drone,2,full,701,4,0.4,281,0.4008559201141227,0.44483985765124556,0.5551601423487544,0.5829504273523309,e4607da9f50a694dc9277c628d9f1b284533923e32987e687d9348e5bda71d02,77d2e4129269e31cb4d7cf37cd605c39b2f5ac29f92ac846a5abd64b3c7834c5,033b6eaea71b3084ca043902f6ba03b6487bf1762a9180963357103097d172cc
university1652,university1652_satellite_to_drone,2,full,701,5,0.5,351,0.5007132667617689,0.4301994301994302,0.5698005698005698,0.5829504273523309,e4607da9f50a694dc9277c628d9f1b284533923e32987e687d9348e5bda71d02,2d9414cfbd39c9f4f2c5c6b93a6b6f1a768af7888d5790ace6d63a0b673ac782,033b6eaea71b3084ca043902f6ba03b6487bf1762a9180963357103097d172cc
university1652,university1652_satellite_to_drone,2,full,701,6,0.6,421,0.6005706134094151,0.4251781472684085,0.5748218527315915,0.5829504273523309,e4607da9f50a694dc9277c628d9f1b284533923e32987e687d9348e5bda71d02,cf17c0d2c9f7d502b1930ee06eaa1fe59069761ce95d67266263b37a784b0d64,033b6eaea71b3084ca043902f6ba03b6487bf1762a9180963357103097d172cc
university1652,university1652_satellite_to_drone,2,full,701,7,0.7,491,0.7004279600570613,0.4256619144602851,0.5743380855397149,0.5829504273523309,e4607da9f50a694dc9277c628d9f1b284533923e32987e687d9348e5bda71d02,f3711eb4e255110f99c8b4fb5d7971251fb2c67765436b9dd00acadbb192b253,033b6eaea71b3084ca043902f6ba03b6487bf1762a9180963357103097d172cc
university1652,university1652_satellite_to_drone,2,full,701,8,0.8,561,0.8002853067047075,0.4206773618538324,0.5793226381461676,0.5829504273523309,e4607da9f50a694dc9277c628d9f1b284533923e32987e687d9348e5bda71d02,2811398797743e9965dde1377f2a31e0f701127531aa88259bf6d314fa40a578,033b6eaea71b3084ca043902f6ba03b6487bf1762a9180963357103097d172cc
university1652,university1652_satellite_to_drone,2,full,701,9,0.9,631,0.9001426533523538,0.42789223454833597,0.572107765451664,0.5829504273523309,e4607da9f50a694dc9277c628d9f1b284533923e32987e687d9348e5bda71d02,b91bb893e2d947915a3825b129ed5eeadd055f4e6e093129b77fea2120c48508,033b6eaea71b3084ca043902f6ba03b6487bf1762a9180963357103097d172cc
university1652,university1652_satellite_to_drone,2,full,701,10,1,701,1,0.43081312410841655,0.5691868758915835,0.5829504273523309,e4607da9f50a694dc9277c628d9f1b284533923e32987e687d9348e5bda71d02,144032bc7f6d71b02124da0617c41a6a5f34e8ac67282933e251665ce4499eb1,033b6eaea71b3084ca043902f6ba03b6487bf1762a9180963357103097d172cc
university1652,university1652_satellite_to_drone,3,visual,701,1,0.1,71,0.10128388017118402,0.5492957746478874,0.45070422535211263,0.4413793916542514,e4607da9f50a694dc9277c628d9f1b284533923e32987e687d9348e5bda71d02,c357a1665e63324f334901e9531fdd2ae7128adb7234f32310d0d5116fda360e,033b6eaea71b3084ca043902f6ba03b6487bf1762a9180963357103097d172cc
university1652,university1652_satellite_to_drone,3,visual,701,2,0.2,141,0.20114122681883023,0.5886524822695035,0.4113475177304965,0.4413793916542514,e4607da9f50a694dc9277c628d9f1b284533923e32987e687d9348e5bda71d02,2cefa6ebe6bbff4aa5e14d86e5df0d8e1e0d17f1219680ca3ef611bd167535a4,033b6eaea71b3084ca043902f6ba03b6487bf1762a9180963357103097d172cc
university1652,university1652_satellite_to_drone,3,visual,701,3,0.3,211,0.30099857346647646,0.5592417061611374,0.44075829383886256,0.4413793916542514,e4607da9f50a694dc9277c628d9f1b284533923e32987e687d9348e5bda71d02,bdb48627a1e69e88cac79aada3f72793e23404e7c014490eba58cb3ed0993a02,033b6eaea71b3084ca043902f6ba03b6487bf1762a9180963357103097d172cc
university1652,university1652_satellite_to_drone,3,visual,701,4,0.4,281,0.4008559201141227,0.5516014234875445,0.4483985765124555,0.4413793916542514,e4607da9f50a694dc9277c628d9f1b284533923e32987e687d9348e5bda71d02,f7fbfd25bc5a3c219f886f4b130076c028eda6f91fc0513f50c88b1afa6e78cd,033b6eaea71b3084ca043902f6ba03b6487bf1762a9180963357103097d172cc
university1652,university1652_satellite_to_drone,3,visual,701,5,0.5,351,0.5007132667617689,0.5555555555555556,0.4444444444444444,0.4413793916542514,e4607da9f50a694dc9277c628d9f1b284533923e32987e687d9348e5bda71d02,14334707a70e55520254e981680e1eafad3ce6a0a36d3ea35f5f3ea2b60eb27c,033b6eaea71b3084ca043902f6ba03b6487bf1762a9180963357103097d172cc
university1652,university1652_satellite_to_drone,3,visual,701,6,0.6,421,0.6005706134094151,0.5605700712589073,0.43942992874109266,0.4413793916542514,e4607da9f50a694dc9277c628d9f1b284533923e32987e687d9348e5bda71d02,863ffb91ff85f24b18501f68d480a93b204b2d3272e009d06955153ff268c206,033b6eaea71b3084ca043902f6ba03b6487bf1762a9180963357103097d172cc
university1652,university1652_satellite_to_drone,3,visual,701,7,0.7,491,0.7004279600570613,0.5661914460285132,0.43380855397148677,0.4413793916542514,e4607da9f50a694dc9277c628d9f1b284533923e32987e687d9348e5bda71d02,8f734ba0bb010e495d18d79007c654349c1c08d485b2af8b16e03a06900af71d,033b6eaea71b3084ca043902f6ba03b6487bf1762a9180963357103097d172cc
university1652,university1652_satellite_to_drone,3,visual,701,8,0.8,561,0.8002853067047075,0.5650623885918004,0.43493761140819964,0.4413793916542514,e4607da9f50a694dc9277c628d9f1b284533923e32987e687d9348e5bda71d02,0cc4207b90da6a75b420f367393e20dbd972deb2e9db4254136c61e496dc6919,033b6eaea71b3084ca043902f6ba03b6487bf1762a9180963357103097d172cc
university1652,university1652_satellite_to_drone,3,visual,701,9,0.9,631,0.9001426533523538,0.5625990491283677,0.43740095087163233,0.4413793916542514,e4607da9f50a694dc9277c628d9f1b284533923e32987e687d9348e5bda71d02,a6bce25829dcab0bcf470d12ede8bb06f6e99d59e440f8156209b7501cfba653,033b6eaea71b3084ca043902f6ba03b6487bf1762a9180963357103097d172cc
university1652,university1652_satellite_to_drone,3,visual,701,10,1,701,1,0.5606276747503567,0.4393723252496433,0.4413793916542514,e4607da9f50a694dc9277c628d9f1b284533923e32987e687d9348e5bda71d02,144032bc7f6d71b02124da0617c41a6a5f34e8ac67282933e251665ce4499eb1,033b6eaea71b3084ca043902f6ba03b6487bf1762a9180963357103097d172cc
university1652,university1652_satellite_to_drone,3,full,701,1,0.1,71,0.10128388017118402,0.4084507042253521,0.5915492957746479,0.5834967049311724,e4607da9f50a694dc9277c628d9f1b284533923e32987e687d9348e5bda71d02,ce0b3e328e7dd48fd5ca1d26e05f93defd0a735f8bff0de2479eadc956ba910b,033b6eaea71b3084ca043902f6ba03b6487bf1762a9180963357103097d172cc
university1652,university1652_satellite_to_drone,3,full,701,2,0.2,141,0.20114122681883023,0.425531914893617,0.574468085106383,0.5834967049311724,e4607da9f50a694dc9277c628d9f1b284533923e32987e687d9348e5bda71d02,d67127121f682dd5bbe49ba0d482ab9a89a23dbb7c34ecb24113cc3ca91314d8,033b6eaea71b3084ca043902f6ba03b6487bf1762a9180963357103097d172cc
university1652,university1652_satellite_to_drone,3,full,701,3,0.3,211,0.30099857346647646,0.44549763033175355,0.5545023696682465,0.5834967049311724,e4607da9f50a694dc9277c628d9f1b284533923e32987e687d9348e5bda71d02,3727cff5aed9b54a9f1694a62657725aa984ecb330646e0b862e8eaf07f56ee5,033b6eaea71b3084ca043902f6ba03b6487bf1762a9180963357103097d172cc
university1652,university1652_satellite_to_drone,3,full,701,4,0.4,281,0.4008559201141227,0.4234875444839858,0.5765124555160142,0.5834967049311724,e4607da9f50a694dc9277c628d9f1b284533923e32987e687d9348e5bda71d02,e2828e7ae15fd4ef43a281d229ddeca6bc4afe7d1903bffbdb7dd97dbc122879,033b6eaea71b3084ca043902f6ba03b6487bf1762a9180963357103097d172cc
university1652,university1652_satellite_to_drone,3,full,701,5,0.5,351,0.5007132667617689,0.4188034188034188,0.5811965811965811,0.5834967049311724,e4607da9f50a694dc9277c628d9f1b284533923e32987e687d9348e5bda71d02,db0fa1c90d8f771a54959b0ce0fb846cecd3b311012f1727d5978d4647c1a08f,033b6eaea71b3084ca043902f6ba03b6487bf1762a9180963357103097d172cc
university1652,university1652_satellite_to_drone,3,full,701,6,0.6,421,0.6005706134094151,0.43705463182897863,0.5629453681710214,0.5834967049311724,e4607da9f50a694dc9277c628d9f1b284533923e32987e687d9348e5bda71d02,4fa9621a33f8586e038aefb475076d4c56ce99db67d17f636854ea2a984d0000,033b6eaea71b3084ca043902f6ba03b6487bf1762a9180963357103097d172cc
university1652,university1652_satellite_to_drone,3,full,701,7,0.7,491,0.7004279600570613,0.42973523421588594,0.570264765784114,0.5834967049311724,e4607da9f50a694dc9277c628d9f1b284533923e32987e687d9348e5bda71d02,24f93259d07d1469c0cac6653a999e12989d7e5a0d16fdeb36af4468e2d1b216,033b6eaea71b3084ca043902f6ba03b6487bf1762a9180963357103097d172cc
university1652,university1652_satellite_to_drone,3,full,701,8,0.8,561,0.8002853067047075,0.42424242424242425,0.5757575757575757,0.5834967049311724,e4607da9f50a694dc9277c628d9f1b284533923e32987e687d9348e5bda71d02,a54164281ee364d5c5ac204f71e6862014c1ec2f5d462f1ee2819d871b08ec0f,033b6eaea71b3084ca043902f6ba03b6487bf1762a9180963357103097d172cc
university1652,university1652_satellite_to_drone,3,full,701,9,0.9,631,0.9001426533523538,0.43740095087163233,0.5625990491283677,0.5834967049311724,e4607da9f50a694dc9277c628d9f1b284533923e32987e687d9348e5bda71d02,0e14e09a123ede62b20ab6ec2651be5779bb2e8fba2cd2dfa951fd37f86c05eb,033b6eaea71b3084ca043902f6ba03b6487bf1762a9180963357103097d172cc
university1652,university1652_satellite_to_drone,3,full,701,10,1,701,1,0.43509272467902993,0.5649072753209701,0.5834967049311724,e4607da9f50a694dc9277c628d9f1b284533923e32987e687d9348e5bda71d02,144032bc7f6d71b02124da0617c41a6a5f34e8ac67282933e251665ce4499eb1,033b6eaea71b3084ca043902f6ba03b6487bf1762a9180963357103097d172cc
university1652,university1652_street_to_satellite,1,visual,2579,1,0.1,258,0.10003877471888328,0.003875968992248062,0.9961240310077519,0.9958381221196138,7a9c2d19c8e46fbd0315d8a22ee640fd64cd987a66fa4e28b9ab005c8e51fc17,639c246f9489f0d66d40f54c3e4e6de687f9e4d311266da971ffe7ba204da57d,033b6eaea71b3084ca043902f6ba03b6487bf1762a9180963357103097d172cc
university1652,university1652_street_to_satellite,1,visual,2579,2,0.2,516,0.20007754943776657,0.003875968992248062,0.9961240310077519,0.9958381221196138,7a9c2d19c8e46fbd0315d8a22ee640fd64cd987a66fa4e28b9ab005c8e51fc17,5a59d85360dc76ccc75982c0da34317688472020be50049ec067e810102e7f9e,033b6eaea71b3084ca043902f6ba03b6487bf1762a9180963357103097d172cc
university1652,university1652_street_to_satellite,1,visual,2579,3,0.3,774,0.30011632415664985,0.00516795865633075,0.9948320413436692,0.9958381221196138,7a9c2d19c8e46fbd0315d8a22ee640fd64cd987a66fa4e28b9ab005c8e51fc17,fe393a526261810c073ae2dbf53cce6b29981d8568c15794939a203e199a54f9,033b6eaea71b3084ca043902f6ba03b6487bf1762a9180963357103097d172cc
university1652,university1652_street_to_satellite,1,visual,2579,4,0.4,1032,0.40015509887553313,0.0048449612403100775,0.9951550387596899,0.9958381221196138,7a9c2d19c8e46fbd0315d8a22ee640fd64cd987a66fa4e28b9ab005c8e51fc17,9b3293869ddd3a4e683dbbff15f5ef89ff9952c5dd8eb0420dfe244530ce1eca,033b6eaea71b3084ca043902f6ba03b6487bf1762a9180963357103097d172cc
university1652,university1652_street_to_satellite,1,visual,2579,5,0.5,1290,0.5001938735944165,0.004651162790697674,0.9953488372093023,0.9958381221196138,7a9c2d19c8e46fbd0315d8a22ee640fd64cd987a66fa4e28b9ab005c8e51fc17,d8defcb15cb28b4f8bfb77240d6b804f3f07d7babae84585f0ae2fbe54948684,033b6eaea71b3084ca043902f6ba03b6487bf1762a9180963357103097d172cc
university1652,university1652_street_to_satellite,1,visual,2579,6,0.6,1548,0.6002326483132997,0.003875968992248062,0.9961240310077519,0.9958381221196138,7a9c2d19c8e46fbd0315d8a22ee640fd64cd987a66fa4e28b9ab005c8e51fc17,6d0acb50c93d6541683b31be057335cce90cc4c798d17510fb23fbda85b37885,033b6eaea71b3084ca043902f6ba03b6487bf1762a9180963357103097d172cc
university1652,university1652_street_to_satellite,1,visual,2579,7,0.7,1806,0.700271423032183,0.0049833887043189366,0.9950166112956811,0.9958381221196138,7a9c2d19c8e46fbd0315d8a22ee640fd64cd987a66fa4e28b9ab005c8e51fc17,24dbd6371ad328ab23958ab27a06ab25a21aad50fa1fe0a2b462aab188322749,033b6eaea71b3084ca043902f6ba03b6487bf1762a9180963357103097d172cc
university1652,university1652_street_to_satellite,1,visual,2579,8,0.8,2064,0.8003101977510663,0.00436046511627907,0.9956395348837209,0.9958381221196138,7a9c2d19c8e46fbd0315d8a22ee640fd64cd987a66fa4e28b9ab005c8e51fc17,25db05f4e065319e75236b617605e2b3a0c8bf164d962e876deeda799eb19225,033b6eaea71b3084ca043902f6ba03b6487bf1762a9180963357103097d172cc
university1652,university1652_street_to_satellite,1,visual,2579,9,0.9,2322,0.9003489724699496,0.004306632213608958,0.9956933677863911,0.9958381221196138,7a9c2d19c8e46fbd0315d8a22ee640fd64cd987a66fa4e28b9ab005c8e51fc17,e7405b9ea29c98bd469a3e3303815b1db9f36fc74d8f9f1824af7c218c87a94b,033b6eaea71b3084ca043902f6ba03b6487bf1762a9180963357103097d172cc
university1652,university1652_street_to_satellite,1,visual,2579,10,1,2579,1,0.005428460643660334,0.9945715393563397,0.9958381221196138,7a9c2d19c8e46fbd0315d8a22ee640fd64cd987a66fa4e28b9ab005c8e51fc17,d495c2fb83010da9f67f7078a6f861d1cdf388d8a5f0493bc61b38309eca8651,033b6eaea71b3084ca043902f6ba03b6487bf1762a9180963357103097d172cc
university1652,university1652_street_to_satellite,1,full,2579,1,0.1,258,0.10003877471888328,0.015503875968992248,0.9844961240310077,0.989618066389436,7a9c2d19c8e46fbd0315d8a22ee640fd64cd987a66fa4e28b9ab005c8e51fc17,82612fc73ad1a930a5fdbba563128b9122e1d2ea9fa88e5295c6c47b37a3faa5,033b6eaea71b3084ca043902f6ba03b6487bf1762a9180963357103097d172cc
university1652,university1652_street_to_satellite,1,full,2579,2,0.2,516,0.20007754943776657,0.009689922480620155,0.9903100775193798,0.989618066389436,7a9c2d19c8e46fbd0315d8a22ee640fd64cd987a66fa4e28b9ab005c8e51fc17,f1e171efb5e7a0565078caef9d8e2dcba65cf142eda57759bde35896babde66d,033b6eaea71b3084ca043902f6ba03b6487bf1762a9180963357103097d172cc
university1652,university1652_street_to_satellite,1,full,2579,3,0.3,774,0.30011632415664985,0.0103359173126615,0.9896640826873385,0.989618066389436,7a9c2d19c8e46fbd0315d8a22ee640fd64cd987a66fa4e28b9ab005c8e51fc17,ea8a7fe3e07d352a55832c37c5607bf4f3e3729f85112f76c7d1e2dd049c2821,033b6eaea71b3084ca043902f6ba03b6487bf1762a9180963357103097d172cc
university1652,university1652_street_to_satellite,1,full,2579,4,0.4,1032,0.40015509887553313,0.01065891472868217,0.9893410852713178,0.989618066389436,7a9c2d19c8e46fbd0315d8a22ee640fd64cd987a66fa4e28b9ab005c8e51fc17,fdb9856c69f075b4e9de885a7d5f89582f0747a76a7169020312bd3bdc16cc78,033b6eaea71b3084ca043902f6ba03b6487bf1762a9180963357103097d172cc
university1652,university1652_street_to_satellite,1,full,2579,5,0.5,1290,0.5001938735944165,0.011627906976744186,0.9883720930232558,0.989618066389436,7a9c2d19c8e46fbd0315d8a22ee640fd64cd987a66fa4e28b9ab005c8e51fc17,151c32bdfe41d21449078eca5ddbd7a326240fcc8d9ce323b2e3e427b0030936,033b6eaea71b3084ca043902f6ba03b6487bf1762a9180963357103097d172cc
university1652,university1652_street_to_satellite,1,full,2579,6,0.6,1548,0.6002326483132997,0.011627906976744186,0.9883720930232558,0.989618066389436,7a9c2d19c8e46fbd0315d8a22ee640fd64cd987a66fa4e28b9ab005c8e51fc17,b8716e761554ea1e70d06f18e41d020aab2fd6bc2fb4f85e2e84bf686db9f8d3,033b6eaea71b3084ca043902f6ba03b6487bf1762a9180963357103097d172cc
university1652,university1652_street_to_satellite,1,full,2579,7,0.7,1806,0.700271423032183,0.010520487264673311,0.9894795127353266,0.989618066389436,7a9c2d19c8e46fbd0315d8a22ee640fd64cd987a66fa4e28b9ab005c8e51fc17,ac9f6109e0328292f849c919a89068813833bc8c7e10558d515039727a9b9926,033b6eaea71b3084ca043902f6ba03b6487bf1762a9180963357103097d172cc
university1652,university1652_street_to_satellite,1,full,2579,8,0.8,2064,0.8003101977510663,0.009689922480620155,0.9903100775193798,0.989618066389436,7a9c2d19c8e46fbd0315d8a22ee640fd64cd987a66fa4e28b9ab005c8e51fc17,af8d2dd522fd0139a8c7c303008c86d98bc0d257d0a12bff0ef492a780ee0c92,033b6eaea71b3084ca043902f6ba03b6487bf1762a9180963357103097d172cc
university1652,university1652_street_to_satellite,1,full,2579,9,0.9,2322,0.9003489724699496,0.009474590869939707,0.9905254091300603,0.989618066389436,7a9c2d19c8e46fbd0315d8a22ee640fd64cd987a66fa4e28b9ab005c8e51fc17,40dea0fcd1ecb59f357c341136f20584f5e42b63f5498f9d7d818c4044ee1d7c,033b6eaea71b3084ca043902f6ba03b6487bf1762a9180963357103097d172cc
university1652,university1652_street_to_satellite,1,full,2579,10,1,2579,1,0.009305932531989143,0.9906940674680108,0.989618066389436,7a9c2d19c8e46fbd0315d8a22ee640fd64cd987a66fa4e28b9ab005c8e51fc17,d495c2fb83010da9f67f7078a6f861d1cdf388d8a5f0493bc61b38309eca8651,033b6eaea71b3084ca043902f6ba03b6487bf1762a9180963357103097d172cc
university1652,university1652_street_to_satellite,2,visual,2579,1,0.1,258,0.10003877471888328,0.003875968992248062,0.9961240310077519,0.9920645851913051,7a9c2d19c8e46fbd0315d8a22ee640fd64cd987a66fa4e28b9ab005c8e51fc17,57376165da694af85927a6c4692ec25415fa372ec5653ebdf6a5b330059cda2f,033b6eaea71b3084ca043902f6ba03b6487bf1762a9180963357103097d172cc
university1652,university1652_street_to_satellite,2,visual,2579,2,0.2,516,0.20007754943776657,0.007751937984496124,0.9922480620155039,0.9920645851913051,7a9c2d19c8e46fbd0315d8a22ee640fd64cd987a66fa4e28b9ab005c8e51fc17,9df3d1b657bde5cf4c40eb7d01a7dd2377b2f0c7a20da2219325b1832e43dac0,033b6eaea71b3084ca043902f6ba03b6487bf1762a9180963357103097d172cc
university1652,university1652_street_to_satellite,2,visual,2579,3,0.3,774,0.30011632415664985,0.00904392764857881,0.9909560723514211,0.9920645851913051,7a9c2d19c8e46fbd0315d8a22ee640fd64cd987a66fa4e28b9ab005c8e51fc17,6e41080179a051e7f15618f60418108e0dae1dc16ffd2be23f6f5f4548c2f36d,033b6eaea71b3084ca043902f6ba03b6487bf1762a9180963357103097d172cc
university1652,university1652_street_to_satellite,2,visual,2579,4,0.4,1032,0.40015509887553313,0.009689922480620155,0.9903100775193798,0.9920645851913051,7a9c2d19c8e46fbd0315d8a22ee640fd64cd987a66fa4e28b9ab005c8e51fc17,0a9ca084e9fa168ae52b67903a5c1f00534a3edbe0e4169c782bdab6070eae8b,033b6eaea71b3084ca043902f6ba03b6487bf1762a9180963357103097d172cc
university1652,university1652_street_to_satellite,2,visual,2579,5,0.5,1290,0.5001938735944165,0.009302325581395349,0.9906976744186047,0.9920645851913051,7a9c2d19c8e46fbd0315d8a22ee640fd64cd987a66fa4e28b9ab005c8e51fc17,27bb1377ec1c5035765bff7f8863d7c4d96f651d8550d753a7fed10587d4c05f,033b6eaea71b3084ca043902f6ba03b6487bf1762a9180963357103097d172cc
university1652,university1652_street_to_satellite,2,visual,2579,6,0.6,1548,0.6002326483132997,0.009689922480620155,0.9903100775193798,0.9920645851913051,7a9c2d19c8e46fbd0315d8a22ee640fd64cd987a66fa4e28b9ab005c8e51fc17,c55c99c052ff7796ce751f991ed807dd1fc3e242c2e886ba174d9f9df1b21e5c,033b6eaea71b3084ca043902f6ba03b6487bf1762a9180963357103097d172cc
university1652,university1652_street_to_satellite,2,visual,2579,7,0.7,1806,0.700271423032183,0.008305647840531562,0.9916943521594684,0.9920645851913051,7a9c2d19c8e46fbd0315d8a22ee640fd64cd987a66fa4e28b9ab005c8e51fc17,fcd56a6d15e89a9da2f17948afff37d33c84c053e602fbccba1ba4d75252e9cd,033b6eaea71b3084ca043902f6ba03b6487bf1762a9180963357103097d172cc
university1652,university1652_street_to_satellite,2,visual,2579,8,0.8,2064,0.8003101977510663,0.00872093023255814,0.9912790697674418,0.9920645851913051,7a9c2d19c8e46fbd0315d8a22ee640fd64cd987a66fa4e28b9ab005c8e51fc17,32bb61cc9557298019d4bf56867a406fcc2793f7596ef8b4fb661bc2b9f93462,033b6eaea71b3084ca043902f6ba03b6487bf1762a9180963357103097d172cc
university1652,university1652_street_to_satellite,2,visual,2579,9,0.9,2322,0.9003489724699496,0.00818260120585702,0.991817398794143,0.9920645851913051,7a9c2d19c8e46fbd0315d8a22ee640fd64cd987a66fa4e28b9ab005c8e51fc17,22f521b0335ecb9fe1f723d35a3c30643f36e012807473b16a07f431dc52b8a7,033b6eaea71b3084ca043902f6ba03b6487bf1762a9180963357103097d172cc
university1652,university1652_street_to_satellite,2,visual,2579,10,1,2579,1,0.0081426909654905,0.9918573090345095,0.9920645851913051,7a9c2d19c8e46fbd0315d8a22ee640fd64cd987a66fa4e28b9ab005c8e51fc17,d495c2fb83010da9f67f7078a6f861d1cdf388d8a5f0493bc61b38309eca8651,033b6eaea71b3084ca043902f6ba03b6487bf1762a9180963357103097d172cc
university1652,university1652_street_to_satellite,2,full,2579,1,0.1,258,0.10003877471888328,0.015503875968992248,0.9844961240310077,0.9892659767228483,7a9c2d19c8e46fbd0315d8a22ee640fd64cd987a66fa4e28b9ab005c8e51fc17,cd9aa26898ebeb98ea797ad02f74c7ccdebcb616889d8443eb7e379a0c9c3060,033b6eaea71b3084ca043902f6ba03b6487bf1762a9180963357103097d172cc
university1652,university1652_street_to_satellite,2,full,2579,2,0.2,516,0.20007754943776657,0.011627906976744186,0.9883720930232558,0.9892659767228483,7a9c2d19c8e46fbd0315d8a22ee640fd64cd987a66fa4e28b9ab005c8e51fc17,9beabf0d0fd09b6bfb805261b9d64a6908fc102dc82f0cd079328f6840347617,033b6eaea71b3084ca043902f6ba03b6487bf1762a9180963357103097d172cc
university1652,university1652_street_to_satellite,2,full,2579,3,0.3,774,0.30011632415664985,0.00904392764857881,0.9909560723514211,0.9892659767228483,7a9c2d19c8e46fbd0315d8a22ee640fd64cd987a66fa4e28b9ab005c8e51fc17,cfb02444eadb88e048aac5465e3bf2194a3d3947344878dd872b774143e8fed5,033b6eaea71b3084ca043902f6ba03b6487bf1762a9180963357103097d172cc
university1652,university1652_street_to_satellite,2,full,2579,4,0.4,1032,0.40015509887553313,0.007751937984496124,0.9922480620155039,0.9892659767228483,7a9c2d19c8e46fbd0315d8a22ee640fd64cd987a66fa4e28b9ab005c8e51fc17,3fdff2faa352c8c48b5463f2d14c73e3b7ad8a248e23ec1f8c4a2f5d4c674456,033b6eaea71b3084ca043902f6ba03b6487bf1762a9180963357103097d172cc
university1652,university1652_street_to_satellite,2,full,2579,5,0.5,1290,0.5001938735944165,0.006201550387596899,0.993798449612403,0.9892659767228483,7a9c2d19c8e46fbd0315d8a22ee640fd64cd987a66fa4e28b9ab005c8e51fc17,49f504d8f6b34ad9efd4ad99e749cf2bbe815c421259962591cbbcd779acb8c5,033b6eaea71b3084ca043902f6ba03b6487bf1762a9180963357103097d172cc
university1652,university1652_street_to_satellite,2,full,2579,6,0.6,1548,0.6002326483132997,0.006459948320413436,0.9935400516795866,0.9892659767228483,7a9c2d19c8e46fbd0315d8a22ee640fd64cd987a66fa4e28b9ab005c8e51fc17,53a8d29e8a9e5a63647a408ed9c62162072283ae860c4433da11a14ff70743fd,033b6eaea71b3084ca043902f6ba03b6487bf1762a9180963357103097d172cc
university1652,university1652_street_to_satellite,2,full,2579,7,0.7,1806,0.700271423032183,0.006090808416389812,0.9939091915836102,0.9892659767228483,7a9c2d19c8e46fbd0315d8a22ee640fd64cd987a66fa4e28b9ab005c8e51fc17,2e60d5296fed5411038ef69560e766c7d72e7827cd3c0a8dfa44ebcf8c85f97b,033b6eaea71b3084ca043902f6ba03b6487bf1762a9180963357103097d172cc
university1652,university1652_street_to_satellite,2,full,2579,8,0.8,2064,0.8003101977510663,0.007751937984496124,0.9922480620155039,0.9892659767228483,7a9c2d19c8e46fbd0315d8a22ee640fd64cd987a66fa4e28b9ab005c8e51fc17,dd9531164f0baeba0344ba68840546c494960e7f0d25502b6621f4d08f609b28,033b6eaea71b3084ca043902f6ba03b6487bf1762a9180963357103097d172cc
university1652,university1652_street_to_satellite,2,full,2579,9,0.9,2322,0.9003489724699496,0.00818260120585702,0.991817398794143,0.9892659767228483,7a9c2d19c8e46fbd0315d8a22ee640fd64cd987a66fa4e28b9ab005c8e51fc17,93c4e01f17c29cdede1ded16c6c493117c1ee49dc8aee306f0e9db4233f65229,033b6eaea71b3084ca043902f6ba03b6487bf1762a9180963357103097d172cc
university1652,university1652_street_to_satellite,2,full,2579,10,1,2579,1,0.009693679720822024,0.990306320279178,0.9892659767228483,7a9c2d19c8e46fbd0315d8a22ee640fd64cd987a66fa4e28b9ab005c8e51fc17,d495c2fb83010da9f67f7078a6f861d1cdf388d8a5f0493bc61b38309eca8651,033b6eaea71b3084ca043902f6ba03b6487bf1762a9180963357103097d172cc
university1652,university1652_street_to_satellite,3,visual,2579,1,0.1,258,0.10003877471888328,0.01937984496124031,0.9806201550387597,0.987886195819964,7a9c2d19c8e46fbd0315d8a22ee640fd64cd987a66fa4e28b9ab005c8e51fc17,d9a74e5a26020331b21f3cdba13d94854cc2a11e1bc06dea294204e60ff72cad,033b6eaea71b3084ca043902f6ba03b6487bf1762a9180963357103097d172cc
university1652,university1652_street_to_satellite,3,visual,2579,2,0.2,516,0.20007754943776657,0.011627906976744186,0.9883720930232558,0.987886195819964,7a9c2d19c8e46fbd0315d8a22ee640fd64cd987a66fa4e28b9ab005c8e51fc17,43639c1f0ef2bcf46202bb0741324b5f8ea6e77db793e9bb0aa1d823ee2a8044,033b6eaea71b3084ca043902f6ba03b6487bf1762a9180963357103097d172cc
university1652,university1652_street_to_satellite,3,visual,2579,3,0.3,774,0.30011632415664985,0.0103359173126615,0.9896640826873385,0.987886195819964,7a9c2d19c8e46fbd0315d8a22ee640fd64cd987a66fa4e28b9ab005c8e51fc17,75aa2daf55cde5bdd9baab2f9d0cd91ef752d35c7bf8c5072585023167ce35e8,033b6eaea71b3084ca043902f6ba03b6487bf1762a9180963357103097d172cc
university1652,university1652_street_to_satellite,3,visual,2579,4,0.4,1032,0.40015509887553313,0.01065891472868217,0.9893410852713178,0.987886195819964,7a9c2d19c8e46fbd0315d8a22ee640fd64cd987a66fa4e28b9ab005c8e51fc17,b4eef0838185dc1595692e9f6573123cc066a75cbc3fdb7c000c7880307465c3,033b6eaea71b3084ca043902f6ba03b6487bf1762a9180963357103097d172cc
university1652,university1652_street_to_satellite,3,visual,2579,5,0.5,1290,0.5001938735944165,0.01317829457364341,0.9868217054263566,0.987886195819964,7a9c2d19c8e46fbd0315d8a22ee640fd64cd987a66fa4e28b9ab005c8e51fc17,0d499310f8d4b16f7b2f44afbdfd276acf5381a93024052a3dac4af45bd25f6d,033b6eaea71b3084ca043902f6ba03b6487bf1762a9180963357103097d172cc
university1652,university1652_street_to_satellite,3,visual,2579,6,0.6,1548,0.6002326483132997,0.01227390180878553,0.9877260981912145,0.987886195819964,7a9c2d19c8e46fbd0315d8a22ee640fd64cd987a66fa4e28b9ab005c8e51fc17,d4c942f238bfdc1e4f6b320104ab08dd2dddfca31982a7e737456a2e3851c902,033b6eaea71b3084ca043902f6ba03b6487bf1762a9180963357103097d172cc
university1652,university1652_street_to_satellite,3,visual,2579,7,0.7,1806,0.700271423032183,0.011627906976744186,0.9883720930232558,0.987886195819964,7a9c2d19c8e46fbd0315d8a22ee640fd64cd987a66fa4e28b9ab005c8e51fc17,0ae4490707606ee4eac17b97eb3a05b2352872481a6c2f9de4dfa217a3bfe345,033b6eaea71b3084ca043902f6ba03b6487bf1762a9180963357103097d172cc
university1652,university1652_street_to_satellite,3,visual,2579,8,0.8,2064,0.8003101977510663,0.010174418604651164,0.9898255813953488,0.987886195819964,7a9c2d19c8e46fbd0315d8a22ee640fd64cd987a66fa4e28b9ab005c8e51fc17,c6775f752c767c354c8dee7a032f0baa2062349af9dd501414b41fe1da29c1b1,033b6eaea71b3084ca043902f6ba03b6487bf1762a9180963357103097d172cc
university1652,university1652_street_to_satellite,3,visual,2579,9,0.9,2322,0.9003489724699496,0.009905254091300603,0.9900947459086994,0.987886195819964,7a9c2d19c8e46fbd0315d8a22ee640fd64cd987a66fa4e28b9ab005c8e51fc17,0daa52fbf061326b9f3238b97befe94bed5b2b2813b72304431c32769055e371,033b6eaea71b3084ca043902f6ba03b6487bf1762a9180963357103097d172cc
university1652,university1652_street_to_satellite,3,visual,2579,10,1,2579,1,0.010081426909654904,0.9899185730903451,0.987886195819964,7a9c2d19c8e46fbd0315d8a22ee640fd64cd987a66fa4e28b9ab005c8e51fc17,d495c2fb83010da9f67f7078a6f861d1cdf388d8a5f0493bc61b38309eca8651,033b6eaea71b3084ca043902f6ba03b6487bf1762a9180963357103097d172cc
university1652,university1652_street_to_satellite,3,full,2579,1,0.1,258,0.10003877471888328,0.007751937984496124,0.9922480620155039,0.990858537398467,7a9c2d19c8e46fbd0315d8a22ee640fd64cd987a66fa4e28b9ab005c8e51fc17,fcf794316000bc8f3890223bc4a0566331287d41b99eb4858a3e1a7b51078119,033b6eaea71b3084ca043902f6ba03b6487bf1762a9180963357103097d172cc
university1652,university1652_street_to_satellite,3,full,2579,2,0.2,516,0.20007754943776657,0.009689922480620155,0.9903100775193798,0.990858537398467,7a9c2d19c8e46fbd0315d8a22ee640fd64cd987a66fa4e28b9ab005c8e51fc17,28aa12de4a866158b2011ade51734f6f83fc49f9d5423048d635152048f3601c,033b6eaea71b3084ca043902f6ba03b6487bf1762a9180963357103097d172cc
university1652,university1652_street_to_satellite,3,full,2579,3,0.3,774,0.30011632415664985,0.007751937984496124,0.9922480620155039,0.990858537398467,7a9c2d19c8e46fbd0315d8a22ee640fd64cd987a66fa4e28b9ab005c8e51fc17,3b5c11641f52dfcab382d277805b8c0710590a8d37ed877e5585313052ca1b96,033b6eaea71b3084ca043902f6ba03b6487bf1762a9180963357103097d172cc
university1652,university1652_street_to_satellite,3,full,2579,4,0.4,1032,0.40015509887553313,0.012596899224806201,0.9874031007751938,0.990858537398467,7a9c2d19c8e46fbd0315d8a22ee640fd64cd987a66fa4e28b9ab005c8e51fc17,653da5288ac9e156532cb3d6cc8cb1ff06ae41f406de396c520fa1cad60422fe,033b6eaea71b3084ca043902f6ba03b6487bf1762a9180963357103097d172cc
university1652,university1652_street_to_satellite,3,full,2579,5,0.5,1290,0.5001938735944165,0.010077519379844961,0.9899224806201551,0.990858537398467,7a9c2d19c8e46fbd0315d8a22ee640fd64cd987a66fa4e28b9ab005c8e51fc17,b6d8f180c5952b08441e2d5171694f85068c26e384ced0462cfab619f1d22c08,033b6eaea71b3084ca043902f6ba03b6487bf1762a9180963357103097d172cc
university1652,university1652_street_to_satellite,3,full,2579,6,0.6,1548,0.6002326483132997,0.00904392764857881,0.9909560723514211,0.990858537398467,7a9c2d19c8e46fbd0315d8a22ee640fd64cd987a66fa4e28b9ab005c8e51fc17,0a0987aa98840c81a73d9665a87f0ed23eaa5513ecd7a6fb12d2717b4e4b9363,033b6eaea71b3084ca043902f6ba03b6487bf1762a9180963357103097d172cc
university1652,university1652_street_to_satellite,3,full,2579,7,0.7,1806,0.700271423032183,0.009413067552602437,0.9905869324473976,0.990858537398467,7a9c2d19c8e46fbd0315d8a22ee640fd64cd987a66fa4e28b9ab005c8e51fc17,8c2876661deaca457a1d0bd83301f0066b8970dab44a26a83758608bba5c0e00,033b6eaea71b3084ca043902f6ba03b6487bf1762a9180963357103097d172cc
university1652,university1652_street_to_satellite,3,full,2579,8,0.8,2064,0.8003101977510663,0.009205426356589148,0.9907945736434108,0.990858537398467,7a9c2d19c8e46fbd0315d8a22ee640fd64cd987a66fa4e28b9ab005c8e51fc17,7aa945a7788d11da4b9e374d36c25820f3f6b078a207d22d315eb741fc1ca3c9,033b6eaea71b3084ca043902f6ba03b6487bf1762a9180963357103097d172cc
university1652,university1652_street_to_satellite,3,full,2579,9,0.9,2322,0.9003489724699496,0.0103359173126615,0.9896640826873385,0.990858537398467,7a9c2d19c8e46fbd0315d8a22ee640fd64cd987a66fa4e28b9ab005c8e51fc17,36f57beb12b7cb1f26e3830485598d37c022721b718cd7da4c22b08456b90c7e,033b6eaea71b3084ca043902f6ba03b6487bf1762a9180963357103097d172cc
university1652,university1652_street_to_satellite,3,full,2579,10,1,2579,1,0.010081426909654904,0.9899185730903451,0.990858537398467,7a9c2d19c8e46fbd0315d8a22ee640fd64cd987a66fa4e28b9ab005c8e51fc17,d495c2fb83010da9f67f7078a6f861d1cdf388d8a5f0493bc61b38309eca8651,033b6eaea71b3084ca043902f6ba03b6487bf1762a9180963357103097d172cc
sues200,sues200_uav_150m_to_satellite,1,visual,4000,1,0.1,400,0.1,0.55,0.44999999999999996,0.5484578645750969,57dc33cac810a66f1c276b8dc68466a2562826bfa3d96a19a4e94af56fd0392a,f820aafcef20f264d1d1f18651ff52a7888ca75b7965006c779bec0d105e5483,033b6eaea71b3084ca043902f6ba03b6487bf1762a9180963357103097d172cc
sues200,sues200_uav_150m_to_satellite,1,visual,4000,2,0.2,800,0.2,0.52625,0.47375,0.5484578645750969,57dc33cac810a66f1c276b8dc68466a2562826bfa3d96a19a4e94af56fd0392a,92ced74b48096ae09481f05a9451aeb0844957d830ba5a657f3d3c2d8c1e8ec9,033b6eaea71b3084ca043902f6ba03b6487bf1762a9180963357103097d172cc
sues200,sues200_uav_150m_to_satellite,1,visual,4000,3,0.3,1200,0.3,0.49916666666666665,0.5008333333333334,0.5484578645750969,57dc33cac810a66f1c276b8dc68466a2562826bfa3d96a19a4e94af56fd0392a,fab399f8f9791418f9914c39f775410fe65c583cefa05fb60655469c00668867,033b6eaea71b3084ca043902f6ba03b6487bf1762a9180963357103097d172cc
sues200,sues200_uav_150m_to_satellite,1,visual,4000,4,0.4,1600,0.4,0.479375,0.520625,0.5484578645750969,57dc33cac810a66f1c276b8dc68466a2562826bfa3d96a19a4e94af56fd0392a,ace3f13e4e49a00de4e7b31113b4bdc4a77a485ddd3645b1de1436e1f897bc27,033b6eaea71b3084ca043902f6ba03b6487bf1762a9180963357103097d172cc
sues200,sues200_uav_150m_to_satellite,1,visual,4000,5,0.5,2000,0.5,0.4425,0.5575,0.5484578645750969,57dc33cac810a66f1c276b8dc68466a2562826bfa3d96a19a4e94af56fd0392a,d0d13fde29a2975beefacd87b1c4f8339a23a9879527642a115c96acf2cd2710,033b6eaea71b3084ca043902f6ba03b6487bf1762a9180963357103097d172cc
sues200,sues200_uav_150m_to_satellite,1,visual,4000,6,0.6,2400,0.6,0.415,0.585,0.5484578645750969,57dc33cac810a66f1c276b8dc68466a2562826bfa3d96a19a4e94af56fd0392a,336f93e0e654bbeb9b76953089057cc8f88794f62b2b929655b839d7225d43ac,033b6eaea71b3084ca043902f6ba03b6487bf1762a9180963357103097d172cc
sues200,sues200_uav_150m_to_satellite,1,visual,4000,7,0.7,2800,0.7,0.3960714285714286,0.6039285714285714,0.5484578645750969,57dc33cac810a66f1c276b8dc68466a2562826bfa3d96a19a4e94af56fd0392a,732a4e2d91c9c81617a377f5aa964f1c465666afb32496c97593efc06db6962d,033b6eaea71b3084ca043902f6ba03b6487bf1762a9180963357103097d172cc
sues200,sues200_uav_150m_to_satellite,1,visual,4000,8,0.8,3200,0.8,0.3753125,0.6246875000000001,0.5484578645750969,57dc33cac810a66f1c276b8dc68466a2562826bfa3d96a19a4e94af56fd0392a,5e3872a008314ebd5350e585559f66b8ff442f8c3fe150096b1a0d577234c5b8,033b6eaea71b3084ca043902f6ba03b6487bf1762a9180963357103097d172cc
sues200,sues200_uav_150m_to_satellite,1,visual,4000,9,0.9,3600,0.9,0.36194444444444446,0.6380555555555556,0.5484578645750969,57dc33cac810a66f1c276b8dc68466a2562826bfa3d96a19a4e94af56fd0392a,ef44febe6ba6baff33835954dcca2544b93539927b2e52dc58e17742066ea97e,033b6eaea71b3084ca043902f6ba03b6487bf1762a9180963357103097d172cc
sues200,sues200_uav_150m_to_satellite,1,visual,4000,10,1,4000,1,0.34075,0.65925,0.5484578645750969,57dc33cac810a66f1c276b8dc68466a2562826bfa3d96a19a4e94af56fd0392a,18f249550056a5934e3496623374de2abe89f37bf6a22061d596251bd7d4c6b7,033b6eaea71b3084ca043902f6ba03b6487bf1762a9180963357103097d172cc
sues200,sues200_uav_150m_to_satellite,1,full,4000,1,0.1,400,0.1,0.4375,0.5625,0.6403168826703068,57dc33cac810a66f1c276b8dc68466a2562826bfa3d96a19a4e94af56fd0392a,1a070c7b884225ee1882236e6ee928813ebad2708253d7a1365ea448524bcfd0,033b6eaea71b3084ca043902f6ba03b6487bf1762a9180963357103097d172cc
sues200,sues200_uav_150m_to_satellite,1,full,4000,2,0.2,800,0.2,0.425,0.575,0.6403168826703068,57dc33cac810a66f1c276b8dc68466a2562826bfa3d96a19a4e94af56fd0392a,7d468ba068811ef2480cf87c62ed5f81ce2afcb9bfb1e8e74f1aad5bcfc3339a,033b6eaea71b3084ca043902f6ba03b6487bf1762a9180963357103097d172cc
sues200,sues200_uav_150m_to_satellite,1,full,4000,3,0.3,1200,0.3,0.415,0.585,0.6403168826703068,57dc33cac810a66f1c276b8dc68466a2562826bfa3d96a19a4e94af56fd0392a,1d38baf6e5972103b7441e1760d96ba3a594054ca8711e7ed35344aa6ce7bc67,033b6eaea71b3084ca043902f6ba03b6487bf1762a9180963357103097d172cc
sues200,sues200_uav_150m_to_satellite,1,full,4000,4,0.4,1600,0.4,0.3825,0.6174999999999999,0.6403168826703068,57dc33cac810a66f1c276b8dc68466a2562826bfa3d96a19a4e94af56fd0392a,75e3ce92a075b105d24f854c0918d380eadf8bdd8ac89191685e5cd94aeff334,033b6eaea71b3084ca043902f6ba03b6487bf1762a9180963357103097d172cc
sues200,sues200_uav_150m_to_satellite,1,full,4000,5,0.5,2000,0.5,0.3625,0.6375,0.6403168826703068,57dc33cac810a66f1c276b8dc68466a2562826bfa3d96a19a4e94af56fd0392a,7d54f4882cc178591c751cae61d07ff5f0083dd4c5bd1caac24839c7fa923c53,033b6eaea71b3084ca043902f6ba03b6487bf1762a9180963357103097d172cc
sues200,sues200_uav_150m_to_satellite,1,full,4000,6,0.6,2400,0.6,0.34541666666666665,0.6545833333333333,0.6403168826703068,57dc33cac810a66f1c276b8dc68466a2562826bfa3d96a19a4e94af56fd0392a,9d4389ed10d2dfac368b6f8c8cdf9694b8035322f996fb71a5946391531de3c9,033b6eaea71b3084ca043902f6ba03b6487bf1762a9180963357103097d172cc
sues200,sues200_uav_150m_to_satellite,1,full,4000,7,0.7,2800,0.7,0.32535714285714284,0.6746428571428571,0.6403168826703068,57dc33cac810a66f1c276b8dc68466a2562826bfa3d96a19a4e94af56fd0392a,b9313d68a4f1a971068cc0c257f2d53d7af71baeefdcefce5187116e1f6b4992,033b6eaea71b3084ca043902f6ba03b6487bf1762a9180963357103097d172cc
sues200,sues200_uav_150m_to_satellite,1,full,4000,8,0.8,3200,0.8,0.3153125,0.6846875,0.6403168826703068,57dc33cac810a66f1c276b8dc68466a2562826bfa3d96a19a4e94af56fd0392a,710dfb3f49191d3f8286e8dbc8882fe881c8e7fb7ca3ad427751723a8569adfa,033b6eaea71b3084ca043902f6ba03b6487bf1762a9180963357103097d172cc
sues200,sues200_uav_150m_to_satellite,1,full,4000,9,0.9,3600,0.9,0.30194444444444446,0.6980555555555555,0.6403168826703068,57dc33cac810a66f1c276b8dc68466a2562826bfa3d96a19a4e94af56fd0392a,3bd0e139327347f513547ac87b0a800c5a1be1bcea3cf6a9a35109c4d9e24a3e,033b6eaea71b3084ca043902f6ba03b6487bf1762a9180963357103097d172cc
sues200,sues200_uav_150m_to_satellite,1,full,4000,10,1,4000,1,0.287,0.7130000000000001,0.6403168826703068,57dc33cac810a66f1c276b8dc68466a2562826bfa3d96a19a4e94af56fd0392a,18f249550056a5934e3496623374de2abe89f37bf6a22061d596251bd7d4c6b7,033b6eaea71b3084ca043902f6ba03b6487bf1762a9180963357103097d172cc
sues200,sues200_uav_150m_to_satellite,2,visual,4000,1,0.1,400,0.1,0.5475,0.4525,0.5596042492796269,57dc33cac810a66f1c276b8dc68466a2562826bfa3d96a19a4e94af56fd0392a,7945fabfe79292905331e730fefc8eb798ed2258d327c190b2db24adca71017c,033b6eaea71b3084ca043902f6ba03b6487bf1762a9180963357103097d172cc
sues200,sues200_uav_150m_to_satellite,2,visual,4000,2,0.2,800,0.2,0.51625,0.48375,0.5596042492796269,57dc33cac810a66f1c276b8dc68466a2562826bfa3d96a19a4e94af56fd0392a,7983548794760cd25daaa29a8d376fc89d88ccf48cafd6b5f2b85a57c540446c,033b6eaea71b3084ca043902f6ba03b6487bf1762a9180963357103097d172cc
sues200,sues200_uav_150m_to_satellite,2,visual,4000,3,0.3,1200,0.3,0.5016666666666667,0.4983333333333333,0.5596042492796269,57dc33cac810a66f1c276b8dc68466a2562826bfa3d96a19a4e94af56fd0392a,25df452abee154e5566379721418c892d9f5f07978c2f8cd64412dbe699d181a,033b6eaea71b3084ca043902f6ba03b6487bf1762a9180963357103097d172cc
sues200,sues200_uav_150m_to_satellite,2,visual,4000,4,0.4,1600,0.4,0.474375,0.525625,0.5596042492796269,57dc33cac810a66f1c276b8dc68466a2562826bfa3d96a19a4e94af56fd0392a,e3b25eb504fc24e3790660f941791a01fda5b757d9c3499c6069181b9c36b7ae,033b6eaea71b3084ca043902f6ba03b6487bf1762a9180963357103097d172cc
sues200,sues200_uav_150m_to_satellite,2,visual,4000,5,0.5,2000,0.5,0.4445,0.5555,0.5596042492796269,57dc33cac810a66f1c276b8dc68466a2562826bfa3d96a19a4e94af56fd0392a,78ec52ee53ef4f42a591ba8c966c616cee4544bce041d7b5282e3704c24c27a9,033b6eaea71b3084ca043902f6ba03b6487bf1762a9180963357103097d172cc
sues200,sues200_uav_150m_to_satellite,2,visual,4000,6,0.6,2400,0.6,0.4216666666666667,0.5783333333333334,0.5596042492796269,57dc33cac810a66f1c276b8dc68466a2562826bfa3d96a19a4e94af56fd0392a,d22df5856efcdd6b925902dba13222fd41882e88fb07dc1f8a67826d327282db,033b6eaea71b3084ca043902f6ba03b6487bf1762a9180963357103097d172cc
sues200,sues200_uav_150m_to_satellite,2,visual,4000,7,0.7,2800,0.7,0.3917857142857143,0.6082142857142857,0.5596042492796269,57dc33cac810a66f1c276b8dc68466a2562826bfa3d96a19a4e94af56fd0392a,8d2df0080c3966917382358991cf092fe777c4a476df936db2dfe3c9f59590f4,033b6eaea71b3084ca043902f6ba03b6487bf1762a9180963357103097d172cc
sues200,sues200_uav_150m_to_satellite,2,visual,4000,8,0.8,3200,0.8,0.3721875,0.6278125,0.5596042492796269,57dc33cac810a66f1c276b8dc68466a2562826bfa3d96a19a4e94af56fd0392a,671fca6ec66c142a4c9f6957442f00ddcb161b5cd4e278149050fcd48f672f21,033b6eaea71b3084ca043902f6ba03b6487bf1762a9180963357103097d172cc
sues200,sues200_uav_150m_to_satellite,2,visual,4000,9,0.9,3600,0.9,0.3552777777777778,0.6447222222222222,0.5596042492796269,57dc33cac810a66f1c276b8dc68466a2562826bfa3d96a19a4e94af56fd0392a,5ffd6eadafc2ca8c643f2e42f4a91cddf4220addcf93d5ee9b66cf66ae7e6078,033b6eaea71b3084ca043902f6ba03b6487bf1762a9180963357103097d172cc
sues200,sues200_uav_150m_to_satellite,2,visual,4000,10,1,4000,1,0.3385,0.6615,0.5596042492796269,57dc33cac810a66f1c276b8dc68466a2562826bfa3d96a19a4e94af56fd0392a,18f249550056a5934e3496623374de2abe89f37bf6a22061d596251bd7d4c6b7,033b6eaea71b3084ca043902f6ba03b6487bf1762a9180963357103097d172cc
sues200,sues200_uav_150m_to_satellite,2,full,4000,1,0.1,400,0.1,0.455,0.5449999999999999,0.6450122832686199,57dc33cac810a66f1c276b8dc68466a2562826bfa3d96a19a4e94af56fd0392a,d7c7f3a5865d1d4dc84e87b73263b74449e94868dacb66241eefa2e4bf98735b,033b6eaea71b3084ca043902f6ba03b6487bf1762a9180963357103097d172cc
sues200,sues200_uav_150m_to_satellite,2,full,4000,2,0.2,800,0.2,0.44,0.56,0.6450122832686199,57dc33cac810a66f1c276b8dc68466a2562826bfa3d96a19a4e94af56fd0392a,852e993cd66445647f9109b326b8e3f20ed65d82f612eefc2232cf638d2f58a0,033b6eaea71b3084ca043902f6ba03b6487bf1762a9180963357103097d172cc
sues200,sues200_uav_150m_to_satellite,2,full,4000,3,0.3,1200,0.3,0.4083333333333333,0.5916666666666667,0.6450122832686199,57dc33cac810a66f1c276b8dc68466a2562826bfa3d96a19a4e94af56fd0392a,75170987f93311ed69ad478f0cba8da4a1fa03391e608b97e2ceeaaa6f4785f7,033b6eaea71b3084ca043902f6ba03b6487bf1762a9180963357103097d172cc
sues200,sues200_uav_150m_to_satellite,2,full,4000,4,0.4,1600,0.4,0.371875,0.628125,0.6450122832686199,57dc33cac810a66f1c276b8dc68466a2562826bfa3d96a19a4e94af56fd0392a,4ddcc722784deed43280d9d7a33d505f8aa9866f69406b305d748909b0b7ced5,033b6eaea71b3084ca043902f6ba03b6487bf1762a9180963357103097d172cc
sues200,sues200_uav_150m_to_satellite,2,full,4000,5,0.5,2000,0.5,0.351,0.649,0.6450122832686199,57dc33cac810a66f1c276b8dc68466a2562826bfa3d96a19a4e94af56fd0392a,111b2af49c9247f771135ba004e46d2d8b18236f4c1255bc6686f6a115b3418c,033b6eaea71b3084ca043902f6ba03b6487bf1762a9180963357103097d172cc
sues200,sues200_uav_150m_to_satellite,2,full,4000,6,0.6,2400,0.6,0.3275,0.6725,0.6450122832686199,57dc33cac810a66f1c276b8dc68466a2562826bfa3d96a19a4e94af56fd0392a,a2f5cf5c3cd5e80aff4e3076a36883e9e6ec5f3d55d0660192d2e5cb37039c04,033b6eaea71b3084ca043902f6ba03b6487bf1762a9180963357103097d172cc
sues200,sues200_uav_150m_to_satellite,2,full,4000,7,0.7,2800,0.7,0.31857142857142856,0.6814285714285715,0.6450122832686199,57dc33cac810a66f1c276b8dc68466a2562826bfa3d96a19a4e94af56fd0392a,28a7eba961df7f25406e34c98d229532f7732e48597a456ec4d76c7dd7caa6ea,033b6eaea71b3084ca043902f6ba03b6487bf1762a9180963357103097d172cc
sues200,sues200_uav_150m_to_satellite,2,full,4000,8,0.8,3200,0.8,0.3003125,0.6996875,0.6450122832686199,57dc33cac810a66f1c276b8dc68466a2562826bfa3d96a19a4e94af56fd0392a,150be1088b4feec13839dd8e085b570494fd9c62498078ee4a8629edc5a42182,033b6eaea71b3084ca043902f6ba03b6487bf1762a9180963357103097d172cc
sues200,sues200_uav_150m_to_satellite,2,full,4000,9,0.9,3600,0.9,0.2847222222222222,0.7152777777777778,0.6450122832686199,57dc33cac810a66f1c276b8dc68466a2562826bfa3d96a19a4e94af56fd0392a,eb9bf5bf68a281e1e6232af72677c4e28e5f902471afb0a0265f4dfe2e70c615,033b6eaea71b3084ca043902f6ba03b6487bf1762a9180963357103097d172cc
sues200,sues200_uav_150m_to_satellite,2,full,4000,10,1,4000,1,0.2685,0.7315,0.6450122832686199,57dc33cac810a66f1c276b8dc68466a2562826bfa3d96a19a4e94af56fd0392a,18f249550056a5934e3496623374de2abe89f37bf6a22061d596251bd7d4c6b7,033b6eaea71b3084ca043902f6ba03b6487bf1762a9180963357103097d172cc
sues200,sues200_uav_150m_to_satellite,3,visual,4000,1,0.1,400,0.1,0.71,0.29000000000000004,0.4634146880216576,57dc33cac810a66f1c276b8dc68466a2562826bfa3d96a19a4e94af56fd0392a,b8c8e208920898293f7739a5ceb96a3bba9c2eb7e1e7c2cd81687cf1265df79b,033b6eaea71b3084ca043902f6ba03b6487bf1762a9180963357103097d172cc
sues200,sues200_uav_150m_to_satellite,3,visual,4000,2,0.2,800,0.2,0.64375,0.35624999999999996,0.4634146880216576,57dc33cac810a66f1c276b8dc68466a2562826bfa3d96a19a4e94af56fd0392a,e5e9b280aeaf6795ab00c2ee2e265867945a9d0a3cb23c60e01ff49b3dff4ace,033b6eaea71b3084ca043902f6ba03b6487bf1762a9180963357103097d172cc
sues200,sues200_uav_150m_to_satellite,3,visual,4000,3,0.3,1200,0.3,0.6125,0.38749999999999996,0.4634146880216576,57dc33cac810a66f1c276b8dc68466a2562826bfa3d96a19a4e94af56fd0392a,2a913f2292e855bd5cd71a84cdcaf4a5e6442125ac63b445abf641017fc6ff33,033b6eaea71b3084ca043902f6ba03b6487bf1762a9180963357103097d172cc
sues200,sues200_uav_150m_to_satellite,3,visual,4000,4,0.4,1600,0.4,0.565625,0.43437499999999996,0.4634146880216576,57dc33cac810a66f1c276b8dc68466a2562826bfa3d96a19a4e94af56fd0392a,f184549313a37b2f3b4a735e538e63be03996f37e20e4f0032837a6c460120d4,033b6eaea71b3084ca043902f6ba03b6487bf1762a9180963357103097d172cc
sues200,sues200_uav_150m_to_satellite,3,visual,4000,5,0.5,2000,0.5,0.5285,0.47150000000000003,0.4634146880216576,57dc33cac810a66f1c276b8dc68466a2562826bfa3d96a19a4e94af56fd0392a,944d6cfb56aa35a9748d28433b66a60e73802c306c94a658ea297d933cb6177a,033b6eaea71b3084ca043902f6ba03b6487bf1762a9180963357103097d172cc
sues200,sues200_uav_150m_to_satellite,3,visual,4000,6,0.6,2400,0.6,0.4866666666666667,0.5133333333333333,0.4634146880216576,57dc33cac810a66f1c276b8dc68466a2562826bfa3d96a19a4e94af56fd0392a,db97742895c76dc7fc0adac2d9bde8d4c85347e65c5107d619a12c4a28a5ad5a,033b6eaea71b3084ca043902f6ba03b6487bf1762a9180963357103097d172cc
sues200,sues200_uav_150m_to_satellite,3,visual,4000,7,0.7,2800,0.7,0.455,0.5449999999999999,0.4634146880216576,57dc33cac810a66f1c276b8dc68466a2562826bfa3d96a19a4e94af56fd0392a,e6aa8fcffa76001d49dd9fa684be2a617313c3b8c384af9bbb629d09b94cc5da,033b6eaea71b3084ca043902f6ba03b6487bf1762a9180963357103097d172cc
sues200,sues200_uav_150m_to_satellite,3,visual,4000,8,0.8,3200,0.8,0.4309375,0.5690625,0.4634146880216576,57dc33cac810a66f1c276b8dc68466a2562826bfa3d96a19a4e94af56fd0392a,32b5d2992837b2fee0af5459f2822e54e386a59fa8e95f9eb0ed613704785f15,033b6eaea71b3084ca043902f6ba03b6487bf1762a9180963357103097d172cc
sues200,sues200_uav_150m_to_satellite,3,visual,4000,9,0.9,3600,0.9,0.4116666666666667,0.5883333333333334,0.4634146880216576,57dc33cac810a66f1c276b8dc68466a2562826bfa3d96a19a4e94af56fd0392a,b7df41e13c9b68575dae978fa706212c25e720646671758b06984312d99a400d,033b6eaea71b3084ca043902f6ba03b6487bf1762a9180963357103097d172cc
sues200,sues200_uav_150m_to_satellite,3,visual,4000,10,1,4000,1,0.3875,0.6125,0.4634146880216576,57dc33cac810a66f1c276b8dc68466a2562826bfa3d96a19a4e94af56fd0392a,18f249550056a5934e3496623374de2abe89f37bf6a22061d596251bd7d4c6b7,033b6eaea71b3084ca043902f6ba03b6487bf1762a9180963357103097d172cc
sues200,sues200_uav_150m_to_satellite,3,full,4000,1,0.1,400,0.1,0.5725,0.4275,0.5917190512703048,57dc33cac810a66f1c276b8dc68466a2562826bfa3d96a19a4e94af56fd0392a,d7dc15423127e54e4b2e1edcd42d223a7d053a71bd3f83a69b561a3351660d74,033b6eaea71b3084ca043902f6ba03b6487bf1762a9180963357103097d172cc
sues200,sues200_uav_150m_to_satellite,3,full,4000,2,0.2,800,0.2,0.5,0.5,0.5917190512703048,57dc33cac810a66f1c276b8dc68466a2562826bfa3d96a19a4e94af56fd0392a,83eb89e1ba21795a30622a5ce5e4d560665c141d350dca1270a81f6080ea9579,033b6eaea71b3084ca043902f6ba03b6487bf1762a9180963357103097d172cc
sues200,sues200_uav_150m_to_satellite,3,full,4000,3,0.3,1200,0.3,0.4633333333333333,0.5366666666666666,0.5917190512703048,57dc33cac810a66f1c276b8dc68466a2562826bfa3d96a19a4e94af56fd0392a,538a85a23efbc7986f6ec5214218d357c51cf96c6b1a423cc9824d1298e68724,033b6eaea71b3084ca043902f6ba03b6487bf1762a9180963357103097d172cc
sues200,sues200_uav_150m_to_satellite,3,full,4000,4,0.4,1600,0.4,0.419375,0.580625,0.5917190512703048,57dc33cac810a66f1c276b8dc68466a2562826bfa3d96a19a4e94af56fd0392a,48b051286cb432964be065550974fabe4583396934952ad6c11c00b8c03439f7,033b6eaea71b3084ca043902f6ba03b6487bf1762a9180963357103097d172cc
sues200,sues200_uav_150m_to_satellite,3,full,4000,5,0.5,2000,0.5,0.3885,0.6114999999999999,0.5917190512703048,57dc33cac810a66f1c276b8dc68466a2562826bfa3d96a19a4e94af56fd0392a,e719db589f0cf0c9e9f4759873f2d0b1685aa5ecde6bd00fb4712b549e383b87,033b6eaea71b3084ca043902f6ba03b6487bf1762a9180963357103097d172cc
sues200,sues200_uav_150m_to_satellite,3,full,4000,6,0.6,2400,0.6,0.36916666666666664,0.6308333333333334,0.5917190512703048,57dc33cac810a66f1c276b8dc68466a2562826bfa3d96a19a4e94af56fd0392a,78901b8c337b3ea68e7871b009dae6128b8b5b7717d770466015a27adbbac80c,033b6eaea71b3084ca043902f6ba03b6487bf1762a9180963357103097d172cc
sues200,sues200_uav_150m_to_satellite,3,full,4000,7,0.7,2800,0.7,0.3442857142857143,0.6557142857142857,0.5917190512703048,57dc33cac810a66f1c276b8dc68466a2562826bfa3d96a19a4e94af56fd0392a,3dd1629cdc31aad87bdf5d8d569501b42923226fa93a557689910ef8e2f3f3a3,033b6eaea71b3084ca043902f6ba03b6487bf1762a9180963357103097d172cc
sues200,sues200_uav_150m_to_satellite,3,full,4000,8,0.8,3200,0.8,0.329375,0.670625,0.5917190512703048,57dc33cac810a66f1c276b8dc68466a2562826bfa3d96a19a4e94af56fd0392a,a764974797b24bcabe309975e9360b7f9e9fc161eefb68c2b1bcf9eeb3c66859,033b6eaea71b3084ca043902f6ba03b6487bf1762a9180963357103097d172cc
sues200,sues200_uav_150m_to_satellite,3,full,4000,9,0.9,3600,0.9,0.3125,0.6875,0.5917190512703048,57dc33cac810a66f1c276b8dc68466a2562826bfa3d96a19a4e94af56fd0392a,f9f5e9608b8e01742ecde01340b488370e43a43c7a8b6cd0059feb459527299d,033b6eaea71b3084ca043902f6ba03b6487bf1762a9180963357103097d172cc
sues200,sues200_uav_150m_to_satellite,3,full,4000,10,1,4000,1,0.2975,0.7025,0.5917190512703048,57dc33cac810a66f1c276b8dc68466a2562826bfa3d96a19a4e94af56fd0392a,18f249550056a5934e3496623374de2abe89f37bf6a22061d596251bd7d4c6b7,033b6eaea71b3084ca043902f6ba03b6487bf1762a9180963357103097d172cc
sues200,sues200_satellite_to_uav_150m,1,visual,80,1,0.1,8,0.1,0.5,0.5,0.45146986381581833,a0024554fabfdcd03efe8d46da3c80414baa16d26cf6a40d05e521ce55eeaddc,e52c205720f03ebc255be670fdb21e3b960194adfdc9399ec50f8081cdd88917,033b6eaea71b3084ca043902f6ba03b6487bf1762a9180963357103097d172cc
sues200,sues200_satellite_to_uav_150m,1,visual,80,2,0.2,16,0.2,0.5,0.5,0.45146986381581833,a0024554fabfdcd03efe8d46da3c80414baa16d26cf6a40d05e521ce55eeaddc,46fa0c7f36740ff75f46220211c3b77d1aec4a185c9f85657d2457485e52104a,033b6eaea71b3084ca043902f6ba03b6487bf1762a9180963357103097d172cc
sues200,sues200_satellite_to_uav_150m,1,visual,80,3,0.3,24,0.3,0.5416666666666666,0.45833333333333337,0.45146986381581833,a0024554fabfdcd03efe8d46da3c80414baa16d26cf6a40d05e521ce55eeaddc,5b1384857ac6c660b82dc2eab56008fd0661ba9eeaaa5f59f056ef18b37a8426,033b6eaea71b3084ca043902f6ba03b6487bf1762a9180963357103097d172cc
sues200,sues200_satellite_to_uav_150m,1,visual,80,4,0.4,32,0.4,0.59375,0.40625,0.45146986381581833,a0024554fabfdcd03efe8d46da3c80414baa16d26cf6a40d05e521ce55eeaddc,6a0b8c1919ac614ecaa704a5d70c2465b29451d9092385c34b7fe090b0a3255c,033b6eaea71b3084ca043902f6ba03b6487bf1762a9180963357103097d172cc
sues200,sues200_satellite_to_uav_150m,1,visual,80,5,0.5,40,0.5,0.575,0.42500000000000004,0.45146986381581833,a0024554fabfdcd03efe8d46da3c80414baa16d26cf6a40d05e521ce55eeaddc,e6de4583188110186739870f2264081f6ff10eeefa439714bb09ab5b274e28c4,033b6eaea71b3084ca043902f6ba03b6487bf1762a9180963357103097d172cc
sues200,sues200_satellite_to_uav_150m,1,visual,80,6,0.6,48,0.6,0.5833333333333334,0.41666666666666663,0.45146986381581833,a0024554fabfdcd03efe8d46da3c80414baa16d26cf6a40d05e521ce55eeaddc,739d24eddbdeee1057485c38c74b3ce67029f258ced87bdbce9ecce4b30abdbc,033b6eaea71b3084ca043902f6ba03b6487bf1762a9180963357103097d172cc
sues200,sues200_satellite_to_uav_150m,1,visual,80,7,0.7,56,0.7,0.5714285714285714,0.4285714285714286,0.45146986381581833,a0024554fabfdcd03efe8d46da3c80414baa16d26cf6a40d05e521ce55eeaddc,48a894c8beea82f8aba1189437785b5fd0eb1ec603c28466d7b23623d1547119,033b6eaea71b3084ca043902f6ba03b6487bf1762a9180963357103097d172cc
sues200,sues200_satellite_to_uav_150m,1,visual,80,8,0.8,64,0.8,0.5625,0.4375,0.45146986381581833,a0024554fabfdcd03efe8d46da3c80414baa16d26cf6a40d05e521ce55eeaddc,c0a1fc8a7705023e34554bcffe96e3e463705ef1cbe30940e674d13e84bbb85d,033b6eaea71b3084ca043902f6ba03b6487bf1762a9180963357103097d172cc
sues200,sues200_satellite_to_uav_150m,1,visual,80,9,0.9,72,0.9,0.5694444444444444,0.4305555555555556,0.45146986381581833,a0024554fabfdcd03efe8d46da3c80414baa16d26cf6a40d05e521ce55eeaddc,bf72071dd8fdbb8fb4569d8dccaa4c0728aafb6d21ba881e6733326eb3ef184d,033b6eaea71b3084ca043902f6ba03b6487bf1762a9180963357103097d172cc
sues200,sues200_satellite_to_uav_150m,1,visual,80,10,1,80,1,0.5375,0.4625,0.45146986381581833,a0024554fabfdcd03efe8d46da3c80414baa16d26cf6a40d05e521ce55eeaddc,79fa3b3356020254021629e96d31e3f0d5a3a18f7c09b007ca16a9d342694d86,033b6eaea71b3084ca043902f6ba03b6487bf1762a9180963357103097d172cc
sues200,sues200_satellite_to_uav_150m,1,full,80,1,0.1,8,0.1,0.375,0.625,0.5470888749808376,a0024554fabfdcd03efe8d46da3c80414baa16d26cf6a40d05e521ce55eeaddc,591b98adc3611184aefdcf21c92320c24c30b98561bae13e80d583ef7d4cf18a,033b6eaea71b3084ca043902f6ba03b6487bf1762a9180963357103097d172cc
sues200,sues200_satellite_to_uav_150m,1,full,80,2,0.2,16,0.2,0.3125,0.6875,0.5470888749808376,a0024554fabfdcd03efe8d46da3c80414baa16d26cf6a40d05e521ce55eeaddc,3536e308a9474439dd89e199ed7ba583dcf2a920b54778e7c9b4ac5b6a3b8596,033b6eaea71b3084ca043902f6ba03b6487bf1762a9180963357103097d172cc
sues200,sues200_satellite_to_uav_150m,1,full,80,3,0.3,24,0.3,0.4166666666666667,0.5833333333333333,0.5470888749808376,a0024554fabfdcd03efe8d46da3c80414baa16d26cf6a40d05e521ce55eeaddc,72b712b39dc777a62810a28ebada4e1bcb8bca20ddfc995da084dd8e5e28f2b0,033b6eaea71b3084ca043902f6ba03b6487bf1762a9180963357103097d172cc
sues200,sues200_satellite_to_uav_150m,1,full,80,4,0.4,32,0.4,0.40625,0.59375,0.5470888749808376,a0024554fabfdcd03efe8d46da3c80414baa16d26cf6a40d05e521ce55eeaddc,59f544b07ec121b109df8f7e88b0828edc0d04e297869d809ae3ee3b054f47d0,033b6eaea71b3084ca043902f6ba03b6487bf1762a9180963357103097d172cc
sues200,sues200_satellite_to_uav_150m,1,full,80,5,0.5,40,0.5,0.425,0.575,0.5470888749808376,a0024554fabfdcd03efe8d46da3c80414baa16d26cf6a40d05e521ce55eeaddc,f5e51baf01c080e8702f752bcf338a851e36152c32a08e3cf1923d1658164eca,033b6eaea71b3084ca043902f6ba03b6487bf1762a9180963357103097d172cc
sues200,sues200_satellite_to_uav_150m,1,full,80,6,0.6,48,0.6,0.4375,0.5625,0.5470888749808376,a0024554fabfdcd03efe8d46da3c80414baa16d26cf6a40d05e521ce55eeaddc,ca8e86c28b7f4096f5ffd2860132416747c57260045809adafb4cb8659913058,033b6eaea71b3084ca043902f6ba03b6487bf1762a9180963357103097d172cc
sues200,sues200_satellite_to_uav_150m,1,full,80,7,0.7,56,0.7,0.4642857142857143,0.5357142857142857,0.5470888749808376,a0024554fabfdcd03efe8d46da3c80414baa16d26cf6a40d05e521ce55eeaddc,bf3bfcbe7f13af9f41470d71e47b4c9267a33f1b8d4e9f04f64432cecfeb1448,033b6eaea71b3084ca043902f6ba03b6487bf1762a9180963357103097d172cc
sues200,sues200_satellite_to_uav_150m,1,full,80,8,0.8,64,0.8,0.484375,0.515625,0.5470888749808376,a0024554fabfdcd03efe8d46da3c80414baa16d26cf6a40d05e521ce55eeaddc,57c91c987a0ef14a8fbdc9f2cfdf1c85cce803914331870d81f8e39d331771ce,033b6eaea71b3084ca043902f6ba03b6487bf1762a9180963357103097d172cc
sues200,sues200_satellite_to_uav_150m,1,full,80,9,0.9,72,0.9,0.5,0.5,0.5470888749808376,a0024554fabfdcd03efe8d46da3c80414baa16d26cf6a40d05e521ce55eeaddc,453c94da7b0109f511e820e0dc756eff9dde6167a9a10481030c40eaa76a1e55,033b6eaea71b3084ca043902f6ba03b6487bf1762a9180963357103097d172cc
sues200,sues200_satellite_to_uav_150m,1,full,80,10,1,80,1,0.475,0.525,0.5470888749808376,a0024554fabfdcd03efe8d46da3c80414baa16d26cf6a40d05e521ce55eeaddc,79fa3b3356020254021629e96d31e3f0d5a3a18f7c09b007ca16a9d342694d86,033b6eaea71b3084ca043902f6ba03b6487bf1762a9180963357103097d172cc
sues200,sues200_satellite_to_uav_150m,2,visual,80,1,0.1,8,0.1,0.75,0.25,0.4268339891688327,a0024554fabfdcd03efe8d46da3c80414baa16d26cf6a40d05e521ce55eeaddc,a3b299015daa6d20d4c18cb5b94f538737900450764a8cf993bee5991d7326dc,033b6eaea71b3084ca043902f6ba03b6487bf1762a9180963357103097d172cc
sues200,sues200_satellite_to_uav_150m,2,visual,80,2,0.2,16,0.2,0.5625,0.4375,0.4268339891688327,a0024554fabfdcd03efe8d46da3c80414baa16d26cf6a40d05e521ce55eeaddc,f3a9ea634aa3cc434735afb02d31e3df1cae1e26a33f0e42f1c74d8d2ce9e580,033b6eaea71b3084ca043902f6ba03b6487bf1762a9180963357103097d172cc
sues200,sues200_satellite_to_uav_150m,2,visual,80,3,0.3,24,0.3,0.625,0.375,0.4268339891688327,a0024554fabfdcd03efe8d46da3c80414baa16d26cf6a40d05e521ce55eeaddc,4591c2d5719bdfaca841224b9cb41360caf76a3da4eff3de1bb5cb520c2588a0,033b6eaea71b3084ca043902f6ba03b6487bf1762a9180963357103097d172cc
sues200,sues200_satellite_to_uav_150m,2,visual,80,4,0.4,32,0.4,0.5,0.5,0.4268339891688327,a0024554fabfdcd03efe8d46da3c80414baa16d26cf6a40d05e521ce55eeaddc,b94bf18cdbbf850668dafecc2b168788932b1094cf5cfccc257980a5ea0feca3,033b6eaea71b3084ca043902f6ba03b6487bf1762a9180963357103097d172cc
sues200,sues200_satellite_to_uav_150m,2,visual,80,5,0.5,40,0.5,0.55,0.44999999999999996,0.4268339891688327,a0024554fabfdcd03efe8d46da3c80414baa16d26cf6a40d05e521ce55eeaddc,6fee6432eb4c01940008f6fe74514859f8be39fc5f170bf7f5d0bc3cc7f623c2,033b6eaea71b3084ca043902f6ba03b6487bf1762a9180963357103097d172cc
sues200,sues200_satellite_to_uav_150m,2,visual,80,6,0.6,48,0.6,0.5833333333333334,0.41666666666666663,0.4268339891688327,a0024554fabfdcd03efe8d46da3c80414baa16d26cf6a40d05e521ce55eeaddc,e44906bcacc56e616a9afef493fe1f4c090b6f131e0bff4cdacae032b7837c2b,033b6eaea71b3084ca043902f6ba03b6487bf1762a9180963357103097d172cc
sues200,sues200_satellite_to_uav_150m,2,visual,80,7,0.7,56,0.7,0.5714285714285714,0.4285714285714286,0.4268339891688327,a0024554fabfdcd03efe8d46da3c80414baa16d26cf6a40d05e521ce55eeaddc,fa424d45cc3e6566379a411e359443c8f4033b1c5857b9e03b75efe983501f5d,033b6eaea71b3084ca043902f6ba03b6487bf1762a9180963357103097d172cc
sues200,sues200_satellite_to_uav_150m,2,visual,80,8,0.8,64,0.8,0.5625,0.4375,0.4268339891688327,a0024554fabfdcd03efe8d46da3c80414baa16d26cf6a40d05e521ce55eeaddc,86823b6fc55f55dc6d5390f5e6dffcb6331923a46a4f380833ca6edac5e408ae,033b6eaea71b3084ca043902f6ba03b6487bf1762a9180963357103097d172cc
sues200,sues200_satellite_to_uav_150m,2,visual,80,9,0.9,72,0.9,0.5833333333333334,0.41666666666666663,0.4268339891688327,a0024554fabfdcd03efe8d46da3c80414baa16d26cf6a40d05e521ce55eeaddc,eca6845c47c63b34bfd957951d6f183b5ac3b9ef96c1461cb4168a1f1db672e5,033b6eaea71b3084ca043902f6ba03b6487bf1762a9180963357103097d172cc
sues200,sues200_satellite_to_uav_150m,2,visual,80,10,1,80,1,0.575,0.42500000000000004,0.4268339891688327,a0024554fabfdcd03efe8d46da3c80414baa16d26cf6a40d05e521ce55eeaddc,79fa3b3356020254021629e96d31e3f0d5a3a18f7c09b007ca16a9d342694d86,033b6eaea71b3084ca043902f6ba03b6487bf1762a9180963357103097d172cc
sues200,sues200_satellite_to_uav_150m,2,full,80,1,0.1,8,0.1,0.625,0.375,0.4473109667540382,a0024554fabfdcd03efe8d46da3c80414baa16d26cf6a40d05e521ce55eeaddc,3ce8411392d3275763c4505179350bf273a52f60360115e938634f7013a413d6,033b6eaea71b3084ca043902f6ba03b6487bf1762a9180963357103097d172cc
sues200,sues200_satellite_to_uav_150m,2,full,80,2,0.2,16,0.2,0.5,0.5,0.4473109667540382,a0024554fabfdcd03efe8d46da3c80414baa16d26cf6a40d05e521ce55eeaddc,6635d3ca07dc6a89f3d5edb2893852faecd9722c8018f3c43e4cf153ae4cf6f5,033b6eaea71b3084ca043902f6ba03b6487bf1762a9180963357103097d172cc
sues200,sues200_satellite_to_uav_150m,2,full,80,3,0.3,24,0.3,0.5416666666666666,0.45833333333333337,0.4473109667540382,a0024554fabfdcd03efe8d46da3c80414baa16d26cf6a40d05e521ce55eeaddc,79f537083adbd4b7586c241c0a813c6c41f8a1882817127b4a32d40669eb3a5e,033b6eaea71b3084ca043902f6ba03b6487bf1762a9180963357103097d172cc
sues200,sues200_satellite_to_uav_150m,2,full,80,4,0.4,32,0.4,0.5625,0.4375,0.4473109667540382,a0024554fabfdcd03efe8d46da3c80414baa16d26cf6a40d05e521ce55eeaddc,d50458dac92ed283252fce974398dabff03eb0179aca25dbd9794f2fb80e0a41,033b6eaea71b3084ca043902f6ba03b6487bf1762a9180963357103097d172cc
sues200,sues200_satellite_to_uav_150m,2,full,80,5,0.5,40,0.5,0.55,0.44999999999999996,0.4473109667540382,a0024554fabfdcd03efe8d46da3c80414baa16d26cf6a40d05e521ce55eeaddc,329aaddadae1d791e18277c26d2c3895f3c5ebc5e65ec48e3f257bb44956c085,033b6eaea71b3084ca043902f6ba03b6487bf1762a9180963357103097d172cc
sues200,sues200_satellite_to_uav_150m,2,full,80,6,0.6,48,0.6,0.5416666666666666,0.45833333333333337,0.4473109667540382,a0024554fabfdcd03efe8d46da3c80414baa16d26cf6a40d05e521ce55eeaddc,83ca107d7148a4845fc61136bebea17a846e38afb26e068b27517ae4777ec4b4,033b6eaea71b3084ca043902f6ba03b6487bf1762a9180963357103097d172cc
sues200,sues200_satellite_to_uav_150m,2,full,80,7,0.7,56,0.7,0.5178571428571429,0.4821428571428571,0.4473109667540382,a0024554fabfdcd03efe8d46da3c80414baa16d26cf6a40d05e521ce55eeaddc,39e061dd584c90a42d61f168a360c4a5475fdfada3cd061eb10badfd7feeed59,033b6eaea71b3084ca043902f6ba03b6487bf1762a9180963357103097d172cc
sues200,sues200_satellite_to_uav_150m,2,full,80,8,0.8,64,0.8,0.5,0.5,0.4473109667540382,a0024554fabfdcd03efe8d46da3c80414baa16d26cf6a40d05e521ce55eeaddc,38805f2e33ddce89f730e751cfc4c46438f472a1b7411df318f827eff071560c,033b6eaea71b3084ca043902f6ba03b6487bf1762a9180963357103097d172cc
sues200,sues200_satellite_to_uav_150m,2,full,80,9,0.9,72,0.9,0.5,0.5,0.4473109667540382,a0024554fabfdcd03efe8d46da3c80414baa16d26cf6a40d05e521ce55eeaddc,96946b257c08ffd89ee1526870253bcdd15abc169047a8b1038211fdd73dc781,033b6eaea71b3084ca043902f6ba03b6487bf1762a9180963357103097d172cc
sues200,sues200_satellite_to_uav_150m,2,full,80,10,1,80,1,0.475,0.525,0.4473109667540382,a0024554fabfdcd03efe8d46da3c80414baa16d26cf6a40d05e521ce55eeaddc,79fa3b3356020254021629e96d31e3f0d5a3a18f7c09b007ca16a9d342694d86,033b6eaea71b3084ca043902f6ba03b6487bf1762a9180963357103097d172cc
sues200,sues200_satellite_to_uav_150m,3,visual,80,1,0.1,8,0.1,0.5,0.5,0.4129950239293608,a0024554fabfdcd03efe8d46da3c80414baa16d26cf6a40d05e521ce55eeaddc,906e2882af1a5db684df4fd33668754a5d7906ce435bea226d5653bf0187bcd9,033b6eaea71b3084ca043902f6ba03b6487bf1762a9180963357103097d172cc
sues200,sues200_satellite_to_uav_150m,3,visual,80,2,0.2,16,0.2,0.5625,0.4375,0.4129950239293608,a0024554fabfdcd03efe8d46da3c80414baa16d26cf6a40d05e521ce55eeaddc,28277ebd130b3fd0b16f6080c33624e9f33dee8ee0c6ca85a9b4de2da8007165,033b6eaea71b3084ca043902f6ba03b6487bf1762a9180963357103097d172cc
sues200,sues200_satellite_to_uav_150m,3,visual,80,3,0.3,24,0.3,0.5833333333333334,0.41666666666666663,0.4129950239293608,a0024554fabfdcd03efe8d46da3c80414baa16d26cf6a40d05e521ce55eeaddc,b00cfd85ffb3123181534df7479a77c76f33ccf3c1b3f0cba07e464a2cc849fa,033b6eaea71b3084ca043902f6ba03b6487bf1762a9180963357103097d172cc
sues200,sues200_satellite_to_uav_150m,3,visual,80,4,0.4,32,0.4,0.59375,0.40625,0.4129950239293608,a0024554fabfdcd03efe8d46da3c80414baa16d26cf6a40d05e521ce55eeaddc,88c94df8504b880e809b232e919f1dbb0fcbc03cce017b88b4c48f100a891b9a,033b6eaea71b3084ca043902f6ba03b6487bf1762a9180963357103097d172cc
sues200,sues200_satellite_to_uav_150m,3,visual,80,5,0.5,40,0.5,0.575,0.42500000000000004,0.4129950239293608,a0024554fabfdcd03efe8d46da3c80414baa16d26cf6a40d05e521ce55eeaddc,0bcccea510db7db6eef9de110a47e22a31cd459cfdb9abd7abea5ddc1dad2c20,033b6eaea71b3084ca043902f6ba03b6487bf1762a9180963357103097d172cc
sues200,sues200_satellite_to_uav_150m,3,visual,80,6,0.6,48,0.6,0.625,0.375,0.4129950239293608,a0024554fabfdcd03efe8d46da3c80414baa16d26cf6a40d05e521ce55eeaddc,f8991da759360418bc37f052c08ef7ea4d8052cc89ff412a790c7dddf1a3e4ac,033b6eaea71b3084ca043902f6ba03b6487bf1762a9180963357103097d172cc
sues200,sues200_satellite_to_uav_150m,3,visual,80,7,0.7,56,0.7,0.6607142857142857,0.3392857142857143,0.4129950239293608,a0024554fabfdcd03efe8d46da3c80414baa16d26cf6a40d05e521ce55eeaddc,14ace55e54b295dfd54e4b02ad311ed74dcc3605e272ad6d906202f627c59f44,033b6eaea71b3084ca043902f6ba03b6487bf1762a9180963357103097d172cc
sues200,sues200_satellite_to_uav_150m,3,visual,80,8,0.8,64,0.8,0.625,0.375,0.4129950239293608,a0024554fabfdcd03efe8d46da3c80414baa16d26cf6a40d05e521ce55eeaddc,d06b7d58f0e68295b0cdaba5d4659c42432494fb6d3aeaa4acf5be780a02037f,033b6eaea71b3084ca043902f6ba03b6487bf1762a9180963357103097d172cc
sues200,sues200_satellite_to_uav_150m,3,visual,80,9,0.9,72,0.9,0.625,0.375,0.4129950239293608,a0024554fabfdcd03efe8d46da3c80414baa16d26cf6a40d05e521ce55eeaddc,be0f4091e174815fd20efb2924f8a65032f16cf44f0c7a30b2589bd31fc89138,033b6eaea71b3084ca043902f6ba03b6487bf1762a9180963357103097d172cc
sues200,sues200_satellite_to_uav_150m,3,visual,80,10,1,80,1,0.6125,0.38749999999999996,0.4129950239293608,a0024554fabfdcd03efe8d46da3c80414baa16d26cf6a40d05e521ce55eeaddc,79fa3b3356020254021629e96d31e3f0d5a3a18f7c09b007ca16a9d342694d86,033b6eaea71b3084ca043902f6ba03b6487bf1762a9180963357103097d172cc
sues200,sues200_satellite_to_uav_150m,3,full,80,1,0.1,8,0.1,0.625,0.375,0.45208858250856,a0024554fabfdcd03efe8d46da3c80414baa16d26cf6a40d05e521ce55eeaddc,4419334215f461f50092d2f3d8bac9966a26adeb4ee12edbd38b71e29aebebe9,033b6eaea71b3084ca043902f6ba03b6487bf1762a9180963357103097d172cc
sues200,sues200_satellite_to_uav_150m,3,full,80,2,0.2,16,0.2,0.625,0.375,0.45208858250856,a0024554fabfdcd03efe8d46da3c80414baa16d26cf6a40d05e521ce55eeaddc,a855640130ff9e428449d89b8058d790216cb1bb3927b2eb9d5f9049f02a20bb,033b6eaea71b3084ca043902f6ba03b6487bf1762a9180963357103097d172cc
sues200,sues200_satellite_to_uav_150m,3,full,80,3,0.3,24,0.3,0.625,0.375,0.45208858250856,a0024554fabfdcd03efe8d46da3c80414baa16d26cf6a40d05e521ce55eeaddc,92cd85ae70c3755af4b9ed98c83ada34406836578fa3da00dde14a0ac5cae4d3,033b6eaea71b3084ca043902f6ba03b6487bf1762a9180963357103097d172cc
sues200,sues200_satellite_to_uav_150m,3,full,80,4,0.4,32,0.4,0.5625,0.4375,0.45208858250856,a0024554fabfdcd03efe8d46da3c80414baa16d26cf6a40d05e521ce55eeaddc,34cd5316dbe8a4ad7351c1d68d32e734b237712b9504bfde2c1758b2ea3fd5b5,033b6eaea71b3084ca043902f6ba03b6487bf1762a9180963357103097d172cc
sues200,sues200_satellite_to_uav_150m,3,full,80,5,0.5,40,0.5,0.525,0.475,0.45208858250856,a0024554fabfdcd03efe8d46da3c80414baa16d26cf6a40d05e521ce55eeaddc,1fd5e59e805a0497d69e438ab299b1e498701063874a0427896bafc8da385d35,033b6eaea71b3084ca043902f6ba03b6487bf1762a9180963357103097d172cc
sues200,sues200_satellite_to_uav_150m,3,full,80,6,0.6,48,0.6,0.5,0.5,0.45208858250856,a0024554fabfdcd03efe8d46da3c80414baa16d26cf6a40d05e521ce55eeaddc,39931f92b51ceb49c1fee26dae361b05ec61cc87fa96ba7d22200983a1df31a1,033b6eaea71b3084ca043902f6ba03b6487bf1762a9180963357103097d172cc
sues200,sues200_satellite_to_uav_150m,3,full,80,7,0.7,56,0.7,0.4642857142857143,0.5357142857142857,0.45208858250856,a0024554fabfdcd03efe8d46da3c80414baa16d26cf6a40d05e521ce55eeaddc,d330fea1eb04761625ba9f2bcd35a900a121f3063c71fe2fb24a1fe595625cc6,033b6eaea71b3084ca043902f6ba03b6487bf1762a9180963357103097d172cc
sues200,sues200_satellite_to_uav_150m,3,full,80,8,0.8,64,0.8,0.484375,0.515625,0.45208858250856,a0024554fabfdcd03efe8d46da3c80414baa16d26cf6a40d05e521ce55eeaddc,75a03091c1ea42637d1c31c6a8f2180245ecf4166eda090e0e397d74b5da8428,033b6eaea71b3084ca043902f6ba03b6487bf1762a9180963357103097d172cc
sues200,sues200_satellite_to_uav_150m,3,full,80,9,0.9,72,0.9,0.4861111111111111,0.5138888888888888,0.45208858250856,a0024554fabfdcd03efe8d46da3c80414baa16d26cf6a40d05e521ce55eeaddc,e012d68400484a13047f8112ce651aa5118baf4460f97d8f6521bbf8c29033e1,033b6eaea71b3084ca043902f6ba03b6487bf1762a9180963357103097d172cc
sues200,sues200_satellite_to_uav_150m,3,full,80,10,1,80,1,0.4875,0.5125,0.45208858250856,a0024554fabfdcd03efe8d46da3c80414baa16d26cf6a40d05e521ce55eeaddc,79fa3b3356020254021629e96d31e3f0d5a3a18f7c09b007ca16a9d342694d86,033b6eaea71b3084ca043902f6ba03b6487bf1762a9180963357103097d172cc
sues200,sues200_uav_200m_to_satellite,1,visual,4000,1,0.1,400,0.1,0.6225,0.37749999999999995,0.4713633785790132,1c63f0c6b60ebe4da0355b53ff295adff78f798586c3e712f31f03804171e221,5e885a3bd966ed80d71c8c9ef30662c6bf6faed7cea1eef957132abb367b8801,033b6eaea71b3084ca043902f6ba03b6487bf1762a9180963357103097d172cc
sues200,sues200_uav_200m_to_satellite,1,visual,4000,2,0.2,800,0.2,0.62625,0.37375,0.4713633785790132,1c63f0c6b60ebe4da0355b53ff295adff78f798586c3e712f31f03804171e221,09b68cc861a6a4ab07185dcb1293b1093c9148e35d92b01b6a7a6f0ce9d8596a,033b6eaea71b3084ca043902f6ba03b6487bf1762a9180963357103097d172cc
sues200,sues200_uav_200m_to_satellite,1,visual,4000,3,0.3,1200,0.3,0.5916666666666667,0.4083333333333333,0.4713633785790132,1c63f0c6b60ebe4da0355b53ff295adff78f798586c3e712f31f03804171e221,3c5b193bb9aef578c958ea9d12b2cbc7e479ce73e2384b201d409f8ea72eb86a,033b6eaea71b3084ca043902f6ba03b6487bf1762a9180963357103097d172cc
sues200,sues200_uav_200m_to_satellite,1,visual,4000,4,0.4,1600,0.4,0.56125,0.43875,0.4713633785790132,1c63f0c6b60ebe4da0355b53ff295adff78f798586c3e712f31f03804171e221,c9b05b1c051a1bf8ab94363254bd9eda27f23b79bc1d43588c2a57df5f4ea325,033b6eaea71b3084ca043902f6ba03b6487bf1762a9180963357103097d172cc
sues200,sues200_uav_200m_to_satellite,1,visual,4000,5,0.5,2000,0.5,0.5315,0.4685,0.4713633785790132,1c63f0c6b60ebe4da0355b53ff295adff78f798586c3e712f31f03804171e221,7153c16d25b799aa8129a9ae8a3a22b5fc89b9158de3eb544026a0cefa42d5fb,033b6eaea71b3084ca043902f6ba03b6487bf1762a9180963357103097d172cc
sues200,sues200_uav_200m_to_satellite,1,visual,4000,6,0.6,2400,0.6,0.5083333333333333,0.4916666666666667,0.4713633785790132,1c63f0c6b60ebe4da0355b53ff295adff78f798586c3e712f31f03804171e221,8052cd80324d89ea1a0465b35fcbcabd489222c524235f4a297775135a8961dc,033b6eaea71b3084ca043902f6ba03b6487bf1762a9180963357103097d172cc
sues200,sues200_uav_200m_to_satellite,1,visual,4000,7,0.7,2800,0.7,0.4775,0.5225,0.4713633785790132,1c63f0c6b60ebe4da0355b53ff295adff78f798586c3e712f31f03804171e221,0abe6060f329680043b0e82a7b462bbec6630ef12b3310fd772692f39135f335,033b6eaea71b3084ca043902f6ba03b6487bf1762a9180963357103097d172cc
sues200,sues200_uav_200m_to_satellite,1,visual,4000,8,0.8,3200,0.8,0.454375,0.545625,0.4713633785790132,1c63f0c6b60ebe4da0355b53ff295adff78f798586c3e712f31f03804171e221,e9bf09af879391571fd4376df35f9ab3201c663794d00ee811eff94165d993fb,033b6eaea71b3084ca043902f6ba03b6487bf1762a9180963357103097d172cc
sues200,sues200_uav_200m_to_satellite,1,visual,4000,9,0.9,3600,0.9,0.43583333333333335,0.5641666666666667,0.4713633785790132,1c63f0c6b60ebe4da0355b53ff295adff78f798586c3e712f31f03804171e221,19f1b1d6cba7df87a4c0308825e7c9b5f77e1b5bb2f5862240e4e7fb6c0a3250,033b6eaea71b3084ca043902f6ba03b6487bf1762a9180963357103097d172cc
sues200,sues200_uav_200m_to_satellite,1,visual,4000,10,1,4000,1,0.4145,0.5855,0.4713633785790132,1c63f0c6b60ebe4da0355b53ff295adff78f798586c3e712f31f03804171e221,18f249550056a5934e3496623374de2abe89f37bf6a22061d596251bd7d4c6b7,033b6eaea71b3084ca043902f6ba03b6487bf1762a9180963357103097d172cc
sues200,sues200_uav_200m_to_satellite,1,full,4000,1,0.1,400,0.1,0.4925,0.5075000000000001,0.5899499320850647,1c63f0c6b60ebe4da0355b53ff295adff78f798586c3e712f31f03804171e221,d4c5b6c7ce47cc18776f59ca44ae83101674934f0e08f42ac1107a05383c9df2,033b6eaea71b3084ca043902f6ba03b6487bf1762a9180963357103097d172cc
sues200,sues200_uav_200m_to_satellite,1,full,4000,2,0.2,800,0.2,0.5025,0.49750000000000005,0.5899499320850647,1c63f0c6b60ebe4da0355b53ff295adff78f798586c3e712f31f03804171e221,c965abedaa63382dc830fd2ef1b706cc7daf6bc494af10f7ef03489186ee1421,033b6eaea71b3084ca043902f6ba03b6487bf1762a9180963357103097d172cc
sues200,sues200_uav_200m_to_satellite,1,full,4000,3,0.3,1200,0.3,0.46416666666666667,0.5358333333333334,0.5899499320850647,1c63f0c6b60ebe4da0355b53ff295adff78f798586c3e712f31f03804171e221,9d391b994242170a85bb86d776742e29c66dc6e411b7164b2d0b3ebde409cb53,033b6eaea71b3084ca043902f6ba03b6487bf1762a9180963357103097d172cc
sues200,sues200_uav_200m_to_satellite,1,full,4000,4,0.4,1600,0.4,0.435,0.565,0.5899499320850647,1c63f0c6b60ebe4da0355b53ff295adff78f798586c3e712f31f03804171e221,5784adc48736380cf72b867524a5befdbe16b576e8022feb1cd50dc13a83418c,033b6eaea71b3084ca043902f6ba03b6487bf1762a9180963357103097d172cc
sues200,sues200_uav_200m_to_satellite,1,full,4000,5,0.5,2000,0.5,0.4205,0.5795,0.5899499320850647,1c63f0c6b60ebe4da0355b53ff295adff78f798586c3e712f31f03804171e221,cf61ba9a4b8bead1b26ddfe61aedf596a8ae98f946d242aa8912b73c7cf6f57a,033b6eaea71b3084ca043902f6ba03b6487bf1762a9180963357103097d172cc
sues200,sues200_uav_200m_to_satellite,1,full,4000,6,0.6,2400,0.6,0.39708333333333334,0.6029166666666667,0.5899499320850647,1c63f0c6b60ebe4da0355b53ff295adff78f798586c3e712f31f03804171e221,fc7a53714ad8fc6c0644c3eec592a6810b7b3dc42aad68acb297f89962e2f1a2,033b6eaea71b3084ca043902f6ba03b6487bf1762a9180963357103097d172cc
sues200,sues200_uav_200m_to_satellite,1,full,4000,7,0.7,2800,0.7,0.37857142857142856,0.6214285714285714,0.5899499320850647,1c63f0c6b60ebe4da0355b53ff295adff78f798586c3e712f31f03804171e221,ae651595f8a191e8694ca7b04888cb83aa8d5454abc63b28343a9c3c14fc4ed3,033b6eaea71b3084ca043902f6ba03b6487bf1762a9180963357103097d172cc
sues200,sues200_uav_200m_to_satellite,1,full,4000,8,0.8,3200,0.8,0.3653125,0.6346875000000001,0.5899499320850647,1c63f0c6b60ebe4da0355b53ff295adff78f798586c3e712f31f03804171e221,9b223e5f6203d0b1f42cbf0632e6ac84b231125f07d21e68110aac05ccc03d1d,033b6eaea71b3084ca043902f6ba03b6487bf1762a9180963357103097d172cc
sues200,sues200_uav_200m_to_satellite,1,full,4000,9,0.9,3600,0.9,0.3516666666666667,0.6483333333333333,0.5899499320850647,1c63f0c6b60ebe4da0355b53ff295adff78f798586c3e712f31f03804171e221,a844a38944671b9df1457a0e931636f7dc1251e85ea6fc0ccc190b776275e958,033b6eaea71b3084ca043902f6ba03b6487bf1762a9180963357103097d172cc
sues200,sues200_uav_200m_to_satellite,1,full,4000,10,1,4000,1,0.3315,0.6685,0.5899499320850647,1c63f0c6b60ebe4da0355b53ff295adff78f798586c3e712f31f03804171e221,18f249550056a5934e3496623374de2abe89f37bf6a22061d596251bd7d4c6b7,033b6eaea71b3084ca043902f6ba03b6487bf1762a9180963357103097d172cc
sues200,sues200_uav_200m_to_satellite,2,visual,4000,1,0.1,400,0.1,0.625,0.375,0.4625959613924091,1c63f0c6b60ebe4da0355b53ff295adff78f798586c3e712f31f03804171e221,d5195415d812f7134e6c581a835c1db048dd70d11c1e8328c252fe6dabb3e6a5,033b6eaea71b3084ca043902f6ba03b6487bf1762a9180963357103097d172cc
sues200,sues200_uav_200m_to_satellite,2,visual,4000,2,0.2,800,0.2,0.64,0.36,0.4625959613924091,1c63f0c6b60ebe4da0355b53ff295adff78f798586c3e712f31f03804171e221,d7685176c5257d1cad0929102c6514c4353187d42679d1aa798764dadfa97fe9,033b6eaea71b3084ca043902f6ba03b6487bf1762a9180963357103097d172cc
sues200,sues200_uav_200m_to_satellite,2,visual,4000,3,0.3,1200,0.3,0.6041666666666666,0.39583333333333337,0.4625959613924091,1c63f0c6b60ebe4da0355b53ff295adff78f798586c3e712f31f03804171e221,0f82f1c9daccc8cfefe54ac4e3f64376691cb89c95a902b5eb34ed5d3012e306,033b6eaea71b3084ca043902f6ba03b6487bf1762a9180963357103097d172cc
sues200,sues200_uav_200m_to_satellite,2,visual,4000,4,0.4,1600,0.4,0.5725,0.4275,0.4625959613924091,1c63f0c6b60ebe4da0355b53ff295adff78f798586c3e712f31f03804171e221,3854e82c202ec89fa74d69070d9fd8385146de1812b585eb36b15501930e63f0,033b6eaea71b3084ca043902f6ba03b6487bf1762a9180963357103097d172cc
sues200,sues200_uav_200m_to_satellite,2,visual,4000,5,0.5,2000,0.5,0.5505,0.4495,0.4625959613924091,1c63f0c6b60ebe4da0355b53ff295adff78f798586c3e712f31f03804171e221,9b80d4550884fc094d89bbbc4e036da5eabd12418bbc6724a9aac0f0f7ed2f6d,033b6eaea71b3084ca043902f6ba03b6487bf1762a9180963357103097d172cc
sues200,sues200_uav_200m_to_satellite,2,visual,4000,6,0.6,2400,0.6,0.5204166666666666,0.47958333333333336,0.4625959613924091,1c63f0c6b60ebe4da0355b53ff295adff78f798586c3e712f31f03804171e221,7f35099a520e978d17f9ca797b955fd622bfda0c871a3b23b3ee0542219736c3,033b6eaea71b3084ca043902f6ba03b6487bf1762a9180963357103097d172cc
sues200,sues200_uav_200m_to_satellite,2,visual,4000,7,0.7,2800,0.7,0.4975,0.5025,0.4625959613924091,1c63f0c6b60ebe4da0355b53ff295adff78f798586c3e712f31f03804171e221,601350415f5135e3dad93d21f4ade7f103ca253e8e53f89eec625c68c475595e,033b6eaea71b3084ca043902f6ba03b6487bf1762a9180963357103097d172cc
sues200,sues200_uav_200m_to_satellite,2,visual,4000,8,0.8,3200,0.8,0.4771875,0.5228125,0.4625959613924091,1c63f0c6b60ebe4da0355b53ff295adff78f798586c3e712f31f03804171e221,6eec3584cdd584c380297e630dd456a9465c24d8d5962e0ae20abcf39547d340,033b6eaea71b3084ca043902f6ba03b6487bf1762a9180963357103097d172cc
sues200,sues200_uav_200m_to_satellite,2,visual,4000,9,0.9,3600,0.9,0.4525,0.5475,0.4625959613924091,1c63f0c6b60ebe4da0355b53ff295adff78f798586c3e712f31f03804171e221,0a9a44d6145d04d82b7bcae609ffeda2c0125f39865a6742ef88d4c52c8060d6,033b6eaea71b3084ca043902f6ba03b6487bf1762a9180963357103097d172cc
sues200,sues200_uav_200m_to_satellite,2,visual,4000,10,1,4000,1,0.42725,0.57275,0.4625959613924091,1c63f0c6b60ebe4da0355b53ff295adff78f798586c3e712f31f03804171e221,18f249550056a5934e3496623374de2abe89f37bf6a22061d596251bd7d4c6b7,033b6eaea71b3084ca043902f6ba03b6487bf1762a9180963357103097d172cc
sues200,sues200_uav_200m_to_satellite,2,full,4000,1,0.1,400,0.1,0.515,0.485,0.582845637674643,1c63f0c6b60ebe4da0355b53ff295adff78f798586c3e712f31f03804171e221,3c947f073f6c377de89d5f5545d7498e6f8f2c7ab8bac8584db6d80fe8bf4560,033b6eaea71b3084ca043902f6ba03b6487bf1762a9180963357103097d172cc
sues200,sues200_uav_200m_to_satellite,2,full,4000,2,0.2,800,0.2,0.4875,0.5125,0.582845637674643,1c63f0c6b60ebe4da0355b53ff295adff78f798586c3e712f31f03804171e221,e47cd4006f3c7b4f27e7f67beb99759531c7a2817b33d703152a620f2ddf2a82,033b6eaea71b3084ca043902f6ba03b6487bf1762a9180963357103097d172cc
sues200,sues200_uav_200m_to_satellite,2,full,4000,3,0.3,1200,0.3,0.4658333333333333,0.5341666666666667,0.582845637674643,1c63f0c6b60ebe4da0355b53ff295adff78f798586c3e712f31f03804171e221,abaf0deea29f60ef796947b4b5d279c97b99c4429c9a08da0c2e33ce9375b903,033b6eaea71b3084ca043902f6ba03b6487bf1762a9180963357103097d172cc
sues200,sues200_uav_200m_to_satellite,2,full,4000,4,0.4,1600,0.4,0.440625,0.559375,0.582845637674643,1c63f0c6b60ebe4da0355b53ff295adff78f798586c3e712f31f03804171e221,02418c827c93dd7110b9c933c25ba1e0d43bc737179e67b6b7c590d8db095edb,033b6eaea71b3084ca043902f6ba03b6487bf1762a9180963357103097d172cc
sues200,sues200_uav_200m_to_satellite,2,full,4000,5,0.5,2000,0.5,0.4165,0.5835,0.582845637674643,1c63f0c6b60ebe4da0355b53ff295adff78f798586c3e712f31f03804171e221,49945e8850785f2df1a36bb7041a39c3dc47b2be5270b06ffa19f32293d2b239,033b6eaea71b3084ca043902f6ba03b6487bf1762a9180963357103097d172cc
sues200,sues200_uav_200m_to_satellite,2,full,4000,6,0.6,2400,0.6,0.39625,0.60375,0.582845637674643,1c63f0c6b60ebe4da0355b53ff295adff78f798586c3e712f31f03804171e221,cd5823d347eeb26b98e91da63113767f1e4617461a455e99d72210431e743ab0,033b6eaea71b3084ca043902f6ba03b6487bf1762a9180963357103097d172cc
sues200,sues200_uav_200m_to_satellite,2,full,4000,7,0.7,2800,0.7,0.37892857142857145,0.6210714285714285,0.582845637674643,1c63f0c6b60ebe4da0355b53ff295adff78f798586c3e712f31f03804171e221,daee31d458198714be09f85407cc7d37da207617dd3510e0c451f29ee95aee5a,033b6eaea71b3084ca043902f6ba03b6487bf1762a9180963357103097d172cc
sues200,sues200_uav_200m_to_satellite,2,full,4000,8,0.8,3200,0.8,0.36125,0.6387499999999999,0.582845637674643,1c63f0c6b60ebe4da0355b53ff295adff78f798586c3e712f31f03804171e221,882bcef4d22e611ccd2d1b49c14e268ff27cd91e36e9797591db31dc2e91b16c,033b6eaea71b3084ca043902f6ba03b6487bf1762a9180963357103097d172cc
sues200,sues200_uav_200m_to_satellite,2,full,4000,9,0.9,3600,0.9,0.3463888888888889,0.6536111111111111,0.582845637674643,1c63f0c6b60ebe4da0355b53ff295adff78f798586c3e712f31f03804171e221,b7b2bfed32b9854014782c4ce4ffe521139dda00145e6fbb153fccd82a9ca257,033b6eaea71b3084ca043902f6ba03b6487bf1762a9180963357103097d172cc
sues200,sues200_uav_200m_to_satellite,2,full,4000,10,1,4000,1,0.32725,0.67275,0.582845637674643,1c63f0c6b60ebe4da0355b53ff295adff78f798586c3e712f31f03804171e221,18f249550056a5934e3496623374de2abe89f37bf6a22061d596251bd7d4c6b7,033b6eaea71b3084ca043902f6ba03b6487bf1762a9180963357103097d172cc
sues200,sues200_uav_200m_to_satellite,3,visual,4000,1,0.1,400,0.1,0.76,0.24,0.40162158943879583,1c63f0c6b60ebe4da0355b53ff295adff78f798586c3e712f31f03804171e221,aa2b0f3096fb3291ec34c7d6acea079ad72ac6f46f3a51cd36e81ea32ab6c6bf,033b6eaea71b3084ca043902f6ba03b6487bf1762a9180963357103097d172cc
sues200,sues200_uav_200m_to_satellite,3,visual,4000,2,0.2,800,0.2,0.71,0.29000000000000004,0.40162158943879583,1c63f0c6b60ebe4da0355b53ff295adff78f798586c3e712f31f03804171e221,41c4dbb3297c148b9ffd16a1415bfc57f3c3e7a7698a6d78d50fa67034e1fc59,033b6eaea71b3084ca043902f6ba03b6487bf1762a9180963357103097d172cc
sues200,sues200_uav_200m_to_satellite,3,visual,4000,3,0.3,1200,0.3,0.6508333333333334,0.3491666666666666,0.40162158943879583,1c63f0c6b60ebe4da0355b53ff295adff78f798586c3e712f31f03804171e221,b4b3b748aeca29727e76327921a71f1c1110012cf4774b9be766250670e97eb8,033b6eaea71b3084ca043902f6ba03b6487bf1762a9180963357103097d172cc
sues200,sues200_uav_200m_to_satellite,3,visual,4000,4,0.4,1600,0.4,0.618125,0.38187499999999996,0.40162158943879583,1c63f0c6b60ebe4da0355b53ff295adff78f798586c3e712f31f03804171e221,652ee8fae55e0e88ecb81708d39335941603033ce0dda27d5b717e2c8c2704b2,033b6eaea71b3084ca043902f6ba03b6487bf1762a9180963357103097d172cc
sues200,sues200_uav_200m_to_satellite,3,visual,4000,5,0.5,2000,0.5,0.58,0.42000000000000004,0.40162158943879583,1c63f0c6b60ebe4da0355b53ff295adff78f798586c3e712f31f03804171e221,d7c43be39a5d6a5016b0f78301e4714ab4505aeecdcdc29a4480143355e0ea3c,033b6eaea71b3084ca043902f6ba03b6487bf1762a9180963357103097d172cc
sues200,sues200_uav_200m_to_satellite,3,visual,4000,6,0.6,2400,0.6,0.5491666666666667,0.4508333333333333,0.40162158943879583,1c63f0c6b60ebe4da0355b53ff295adff78f798586c3e712f31f03804171e221,2471b102ccd02b5660df105d17a477bc9a55dcc90b96fbc905925a74d13787c4,033b6eaea71b3084ca043902f6ba03b6487bf1762a9180963357103097d172cc
sues200,sues200_uav_200m_to_satellite,3,visual,4000,7,0.7,2800,0.7,0.5242857142857142,0.47571428571428576,0.40162158943879583,1c63f0c6b60ebe4da0355b53ff295adff78f798586c3e712f31f03804171e221,05c11a7669f4d5d925e436a8abfc951db442ff232511b919aecd463a4984c7a1,033b6eaea71b3084ca043902f6ba03b6487bf1762a9180963357103097d172cc
sues200,sues200_uav_200m_to_satellite,3,visual,4000,8,0.8,3200,0.8,0.49875,0.50125,0.40162158943879583,1c63f0c6b60ebe4da0355b53ff295adff78f798586c3e712f31f03804171e221,4df96a29729f9cfd8bfdf288c8615fd8309867e9596d4e17476c73c8669cbed3,033b6eaea71b3084ca043902f6ba03b6487bf1762a9180963357103097d172cc
sues200,sues200_uav_200m_to_satellite,3,visual,4000,9,0.9,3600,0.9,0.47638888888888886,0.5236111111111111,0.40162158943879583,1c63f0c6b60ebe4da0355b53ff295adff78f798586c3e712f31f03804171e221,3c8e99524ee3fd4d3e30c3e385e3429da11ed567eb5dd0cb0e9a559f7044ee89,033b6eaea71b3084ca043902f6ba03b6487bf1762a9180963357103097d172cc
sues200,sues200_uav_200m_to_satellite,3,visual,4000,10,1,4000,1,0.4475,0.5525,0.40162158943879583,1c63f0c6b60ebe4da0355b53ff295adff78f798586c3e712f31f03804171e221,18f249550056a5934e3496623374de2abe89f37bf6a22061d596251bd7d4c6b7,033b6eaea71b3084ca043902f6ba03b6487bf1762a9180963357103097d172cc
sues200,sues200_uav_200m_to_satellite,3,full,4000,1,0.1,400,0.1,0.575,0.42500000000000004,0.5317177549503102,1c63f0c6b60ebe4da0355b53ff295adff78f798586c3e712f31f03804171e221,106b86f3086829809dce457b95e6da5ded50af30572dc651ace4d22e60214197,033b6eaea71b3084ca043902f6ba03b6487bf1762a9180963357103097d172cc
sues200,sues200_uav_200m_to_satellite,3,full,4000,2,0.2,800,0.2,0.56875,0.43125,0.5317177549503102,1c63f0c6b60ebe4da0355b53ff295adff78f798586c3e712f31f03804171e221,c8e3044eba27a94527443d9314255b56ac37e7397ad582ad1dd8f0d7d34a5fd0,033b6eaea71b3084ca043902f6ba03b6487bf1762a9180963357103097d172cc
sues200,sues200_uav_200m_to_satellite,3,full,4000,3,0.3,1200,0.3,0.5458333333333333,0.4541666666666667,0.5317177549503102,1c63f0c6b60ebe4da0355b53ff295adff78f798586c3e712f31f03804171e221,4591fb0a1193546d1f36d1d188c995f3aa2ef5ef351d841383d0aa624136b883,033b6eaea71b3084ca043902f6ba03b6487bf1762a9180963357103097d172cc
sues200,sues200_uav_200m_to_satellite,3,full,4000,4,0.4,1600,0.4,0.50625,0.49375,0.5317177549503102,1c63f0c6b60ebe4da0355b53ff295adff78f798586c3e712f31f03804171e221,0579f38a4e90306ebf3f16eecffc259c189ebd98333d8743725f98c1a1c5ca23,033b6eaea71b3084ca043902f6ba03b6487bf1762a9180963357103097d172cc
sues200,sues200_uav_200m_to_satellite,3,full,4000,5,0.5,2000,0.5,0.475,0.525,0.5317177549503102,1c63f0c6b60ebe4da0355b53ff295adff78f798586c3e712f31f03804171e221,6d995ba19964c936c7ad53761287d9d1dbff92cae38f3b01f1c1f35ef0ed62f3,033b6eaea71b3084ca043902f6ba03b6487bf1762a9180963357103097d172cc
sues200,sues200_uav_200m_to_satellite,3,full,4000,6,0.6,2400,0.6,0.4429166666666667,0.5570833333333334,0.5317177549503102,1c63f0c6b60ebe4da0355b53ff295adff78f798586c3e712f31f03804171e221,78b8aeed0531dbd14746bfc326c61a7e5abe779fe9bc08b7c648467ca167ff29,033b6eaea71b3084ca043902f6ba03b6487bf1762a9180963357103097d172cc
sues200,sues200_uav_200m_to_satellite,3,full,4000,7,0.7,2800,0.7,0.41678571428571426,0.5832142857142857,0.5317177549503102,1c63f0c6b60ebe4da0355b53ff295adff78f798586c3e712f31f03804171e221,c550547022791af4a7b9ac3360a16082a20a3c052172dbfbec9fa8e18841148c,033b6eaea71b3084ca043902f6ba03b6487bf1762a9180963357103097d172cc
sues200,sues200_uav_200m_to_satellite,3,full,4000,8,0.8,3200,0.8,0.3928125,0.6071875,0.5317177549503102,1c63f0c6b60ebe4da0355b53ff295adff78f798586c3e712f31f03804171e221,f29eaa4140e67764a508b46bd9639ff4f7a5ac8b8d72171d72f0e5dc0113c618,033b6eaea71b3084ca043902f6ba03b6487bf1762a9180963357103097d172cc
sues200,sues200_uav_200m_to_satellite,3,full,4000,9,0.9,3600,0.9,0.37472222222222223,0.6252777777777778,0.5317177549503102,1c63f0c6b60ebe4da0355b53ff295adff78f798586c3e712f31f03804171e221,22623e930dd42ea804456426d634365ce40d3e044d488cd50e01620a5101b14a,033b6eaea71b3084ca043902f6ba03b6487bf1762a9180963357103097d172cc
sues200,sues200_uav_200m_to_satellite,3,full,4000,10,1,4000,1,0.35,0.65,0.5317177549503102,1c63f0c6b60ebe4da0355b53ff295adff78f798586c3e712f31f03804171e221,18f249550056a5934e3496623374de2abe89f37bf6a22061d596251bd7d4c6b7,033b6eaea71b3084ca043902f6ba03b6487bf1762a9180963357103097d172cc
sues200,sues200_satellite_to_uav_200m,1,visual,80,1,0.1,8,0.1,0.75,0.25,0.3091777083464426,a0024554fabfdcd03efe8d46da3c80414baa16d26cf6a40d05e521ce55eeaddc,a00a3f86463aa40b7bc142378cad75714c72d9ad186c1b788f064c6670deeb34,033b6eaea71b3084ca043902f6ba03b6487bf1762a9180963357103097d172cc
sues200,sues200_satellite_to_uav_200m,1,visual,80,2,0.2,16,0.2,0.8125,0.1875,0.3091777083464426,a0024554fabfdcd03efe8d46da3c80414baa16d26cf6a40d05e521ce55eeaddc,c7ef1fb937c4475e54953228e3c19a4810bead412108c6bcfc8935dbd3f46843,033b6eaea71b3084ca043902f6ba03b6487bf1762a9180963357103097d172cc
sues200,sues200_satellite_to_uav_200m,1,visual,80,3,0.3,24,0.3,0.7916666666666666,0.20833333333333337,0.3091777083464426,a0024554fabfdcd03efe8d46da3c80414baa16d26cf6a40d05e521ce55eeaddc,308e541393b12705425ec5cd31212e379b5c5b0fa43f1ded2c083e6aa5ca3319,033b6eaea71b3084ca043902f6ba03b6487bf1762a9180963357103097d172cc
sues200,sues200_satellite_to_uav_200m,1,visual,80,4,0.4,32,0.4,0.71875,0.28125,0.3091777083464426,a0024554fabfdcd03efe8d46da3c80414baa16d26cf6a40d05e521ce55eeaddc,82caf30ef66d9e6de84055dcd60756d12fd0b6ec5c1f71aed53b1485901e151b,033b6eaea71b3084ca043902f6ba03b6487bf1762a9180963357103097d172cc
sues200,sues200_satellite_to_uav_200m,1,visual,80,5,0.5,40,0.5,0.65,0.35,0.3091777083464426,a0024554fabfdcd03efe8d46da3c80414baa16d26cf6a40d05e521ce55eeaddc,77e378d868fb519aa1a4c0ca8cb0546dbec8fe395aa5a5dd6573de0d34089040,033b6eaea71b3084ca043902f6ba03b6487bf1762a9180963357103097d172cc
sues200,sues200_satellite_to_uav_200m,1,visual,80,6,0.6,48,0.6,0.625,0.375,0.3091777083464426,a0024554fabfdcd03efe8d46da3c80414baa16d26cf6a40d05e521ce55eeaddc,33ce6135fa45eaf2e23ac6892b48fca3f85059a953d1c252be1c84b3e07c8fd4,033b6eaea71b3084ca043902f6ba03b6487bf1762a9180963357103097d172cc
sues200,sues200_satellite_to_uav_200m,1,visual,80,7,0.7,56,0.7,0.6071428571428571,0.3928571428571429,0.3091777083464426,a0024554fabfdcd03efe8d46da3c80414baa16d26cf6a40d05e521ce55eeaddc,eb272ca206188f95e232fbc44f4ecb65b1e3ff8790216a4227ca78e6e2d6b069,033b6eaea71b3084ca043902f6ba03b6487bf1762a9180963357103097d172cc
sues200,sues200_satellite_to_uav_200m,1,visual,80,8,0.8,64,0.8,0.59375,0.40625,0.3091777083464426,a0024554fabfdcd03efe8d46da3c80414baa16d26cf6a40d05e521ce55eeaddc,7d301baf7227f5fcdfaa642942c20a06a762eb62e2e456f761099970e88ccb3c,033b6eaea71b3084ca043902f6ba03b6487bf1762a9180963357103097d172cc
sues200,sues200_satellite_to_uav_200m,1,visual,80,9,0.9,72,0.9,0.625,0.375,0.3091777083464426,a0024554fabfdcd03efe8d46da3c80414baa16d26cf6a40d05e521ce55eeaddc,fd11d2d12ca75db376615eb7e5650ffbc18fbd45aeca85e5659dc4d00dd58e70,033b6eaea71b3084ca043902f6ba03b6487bf1762a9180963357103097d172cc
sues200,sues200_satellite_to_uav_200m,1,visual,80,10,1,80,1,0.6125,0.38749999999999996,0.3091777083464426,a0024554fabfdcd03efe8d46da3c80414baa16d26cf6a40d05e521ce55eeaddc,79fa3b3356020254021629e96d31e3f0d5a3a18f7c09b007ca16a9d342694d86,033b6eaea71b3084ca043902f6ba03b6487bf1762a9180963357103097d172cc
sues200,sues200_satellite_to_uav_200m,1,full,80,1,0.1,8,0.1,0.75,0.25,0.3166319936661994,a0024554fabfdcd03efe8d46da3c80414baa16d26cf6a40d05e521ce55eeaddc,d6ed2475f07c8f1610f3a9354f0d94caacce2bb302a433341484d7ab5b753b33,033b6eaea71b3084ca043902f6ba03b6487bf1762a9180963357103097d172cc
sues200,sues200_satellite_to_uav_200m,1,full,80,2,0.2,16,0.2,0.75,0.25,0.3166319936661994,a0024554fabfdcd03efe8d46da3c80414baa16d26cf6a40d05e521ce55eeaddc,02c6f3c4d54facd3c57a34411d4c125a1761c381284ea44e20628ec952266ea6,033b6eaea71b3084ca043902f6ba03b6487bf1762a9180963357103097d172cc
sues200,sues200_satellite_to_uav_200m,1,full,80,3,0.3,24,0.3,0.7083333333333334,0.29166666666666663,0.3166319936661994,a0024554fabfdcd03efe8d46da3c80414baa16d26cf6a40d05e521ce55eeaddc,ac911e20504e6970f1245690634c01a1dd4cc6640d26631d7ebd923f8ec9262e,033b6eaea71b3084ca043902f6ba03b6487bf1762a9180963357103097d172cc
sues200,sues200_satellite_to_uav_200m,1,full,80,4,0.4,32,0.4,0.6875,0.3125,0.3166319936661994,a0024554fabfdcd03efe8d46da3c80414baa16d26cf6a40d05e521ce55eeaddc,cb1b80e7fabbdaa80cb2e4b1c9cdac45aab6d3a7a9fbb126714c5282c7432d93,033b6eaea71b3084ca043902f6ba03b6487bf1762a9180963357103097d172cc
sues200,sues200_satellite_to_uav_200m,1,full,80,5,0.5,40,0.5,0.6,0.4,0.3166319936661994,a0024554fabfdcd03efe8d46da3c80414baa16d26cf6a40d05e521ce55eeaddc,5c6f8d573b00ace57081b9817592fee9f86467af0eb1e3c2cced602ec82147b7,033b6eaea71b3084ca043902f6ba03b6487bf1762a9180963357103097d172cc
sues200,sues200_satellite_to_uav_200m,1,full,80,6,0.6,48,0.6,0.625,0.375,0.3166319936661994,a0024554fabfdcd03efe8d46da3c80414baa16d26cf6a40d05e521ce55eeaddc,2ae9d4be57ba2ac74a1575dc358648da2aea8e6b8754d75302f4f7bbfa7ba612,033b6eaea71b3084ca043902f6ba03b6487bf1762a9180963357103097d172cc
sues200,sues200_satellite_to_uav_200m,1,full,80,7,0.7,56,0.7,0.6428571428571429,0.3571428571428571,0.3166319936661994,a0024554fabfdcd03efe8d46da3c80414baa16d26cf6a40d05e521ce55eeaddc,6a0b6f2fd8b1df6c7c54c6d7320e2a5589e5897850c48366604637ba0fd50322,033b6eaea71b3084ca043902f6ba03b6487bf1762a9180963357103097d172cc
sues200,sues200_satellite_to_uav_200m,1,full,80,8,0.8,64,0.8,0.65625,0.34375,0.3166319936661994,a0024554fabfdcd03efe8d46da3c80414baa16d26cf6a40d05e521ce55eeaddc,467fb8a18dedacda85d5d0cd6aa25f89af8b900aa8f6d0b03f93a36cc2153f0a,033b6eaea71b3084ca043902f6ba03b6487bf1762a9180963357103097d172cc
sues200,sues200_satellite_to_uav_200m,1,full,80,9,0.9,72,0.9,0.625,0.375,0.3166319936661994,a0024554fabfdcd03efe8d46da3c80414baa16d26cf6a40d05e521ce55eeaddc,7ddeb4e3cb47116bfd04c49e2f43adfc7a0272ff84191d28823aedca2cfae5ee,033b6eaea71b3084ca043902f6ba03b6487bf1762a9180963357103097d172cc
sues200,sues200_satellite_to_uav_200m,1,full,80,10,1,80,1,0.6125,0.38749999999999996,0.3166319936661994,a0024554fabfdcd03efe8d46da3c80414baa16d26cf6a40d05e521ce55eeaddc,79fa3b3356020254021629e96d31e3f0d5a3a18f7c09b007ca16a9d342694d86,033b6eaea71b3084ca043902f6ba03b6487bf1762a9180963357103097d172cc
sues200,sues200_satellite_to_uav_200m,2,visual,80,1,0.1,8,0.1,0.625,0.375,0.2814277602229378,a0024554fabfdcd03efe8d46da3c80414baa16d26cf6a40d05e521ce55eeaddc,3aacf2dad67264027011b0b90ae657a1180c3ab7a4b6e6e7e79ffccdaed8b263,033b6eaea71b3084ca043902f6ba03b6487bf1762a9180963357103097d172cc
sues200,sues200_satellite_to_uav_200m,2,visual,80,2,0.2,16,0.2,0.75,0.25,0.2814277602229378,a0024554fabfdcd03efe8d46da3c80414baa16d26cf6a40d05e521ce55eeaddc,2e133aa5787db702ddb523d762490660d2719485906d2e33303eaa481b29672d,033b6eaea71b3084ca043902f6ba03b6487bf1762a9180963357103097d172cc
sues200,sues200_satellite_to_uav_200m,2,visual,80,3,0.3,24,0.3,0.7916666666666666,0.20833333333333337,0.2814277602229378,a0024554fabfdcd03efe8d46da3c80414baa16d26cf6a40d05e521ce55eeaddc,a40062b3e35f1a08bfe4405ebe41a935fe55832c2cd540b56c0d38ef9c3ad6b2,033b6eaea71b3084ca043902f6ba03b6487bf1762a9180963357103097d172cc
sues200,sues200_satellite_to_uav_200m,2,visual,80,4,0.4,32,0.4,0.75,0.25,0.2814277602229378,a0024554fabfdcd03efe8d46da3c80414baa16d26cf6a40d05e521ce55eeaddc,7a0b3229bce0cd4f26ba9ced288b2d71e1b9257a503df0fa5331b0ee7aafc939,033b6eaea71b3084ca043902f6ba03b6487bf1762a9180963357103097d172cc
sues200,sues200_satellite_to_uav_200m,2,visual,80,5,0.5,40,0.5,0.725,0.275,0.2814277602229378,a0024554fabfdcd03efe8d46da3c80414baa16d26cf6a40d05e521ce55eeaddc,4a95981dd2743a4c4edc442daedbc6bd38e08bc3f064e97c1bdcafecc2c03de9,033b6eaea71b3084ca043902f6ba03b6487bf1762a9180963357103097d172cc
sues200,sues200_satellite_to_uav_200m,2,visual,80,6,0.6,48,0.6,0.7291666666666666,0.27083333333333337,0.2814277602229378,a0024554fabfdcd03efe8d46da3c80414baa16d26cf6a40d05e521ce55eeaddc,afefb3aba4fb622840cf98a730a988346a61ccc26bc05e29fcf65abd0ea92687,033b6eaea71b3084ca043902f6ba03b6487bf1762a9180963357103097d172cc
sues200,sues200_satellite_to_uav_200m,2,visual,80,7,0.7,56,0.7,0.6964285714285714,0.3035714285714286,0.2814277602229378,a0024554fabfdcd03efe8d46da3c80414baa16d26cf6a40d05e521ce55eeaddc,938989ad6df788927c083f719729e930c9e00a9d1663f8023efccef5b895c2c0,033b6eaea71b3084ca043902f6ba03b6487bf1762a9180963357103097d172cc
sues200,sues200_satellite_to_uav_200m,2,visual,80,8,0.8,64,0.8,0.703125,0.296875,0.2814277602229378,a0024554fabfdcd03efe8d46da3c80414baa16d26cf6a40d05e521ce55eeaddc,fa53fc9c9fc81c6d306b09a149458a0cf398ed9e3ccf4562c340504d9f8c11c8,033b6eaea71b3084ca043902f6ba03b6487bf1762a9180963357103097d172cc
sues200,sues200_satellite_to_uav_200m,2,visual,80,9,0.9,72,0.9,0.6944444444444444,0.3055555555555556,0.2814277602229378,a0024554fabfdcd03efe8d46da3c80414baa16d26cf6a40d05e521ce55eeaddc,0ee50f1a08f29ad500cfab683c9f1e11910ebac2541c0fcf6479db292beeeafd,033b6eaea71b3084ca043902f6ba03b6487bf1762a9180963357103097d172cc
sues200,sues200_satellite_to_uav_200m,2,visual,80,10,1,80,1,0.6625,0.3375,0.2814277602229378,a0024554fabfdcd03efe8d46da3c80414baa16d26cf6a40d05e521ce55eeaddc,79fa3b3356020254021629e96d31e3f0d5a3a18f7c09b007ca16a9d342694d86,033b6eaea71b3084ca043902f6ba03b6487bf1762a9180963357103097d172cc
sues200,sues200_satellite_to_uav_200m,2,full,80,1,0.1,8,0.1,0.375,0.625,0.5797594960775377,a0024554fabfdcd03efe8d46da3c80414baa16d26cf6a40d05e521ce55eeaddc,7777c5dcef9b44690375e5100ce73c38623a2e1ebb3c41ce373aa1b0fa1a27fc,033b6eaea71b3084ca043902f6ba03b6487bf1762a9180963357103097d172cc
sues200,sues200_satellite_to_uav_200m,2,full,80,2,0.2,16,0.2,0.25,0.75,0.5797594960775377,a0024554fabfdcd03efe8d46da3c80414baa16d26cf6a40d05e521ce55eeaddc,da6a00188847e8d661f786d3459dcd727e989b53b6de08e71611c9ada24e7c4d,033b6eaea71b3084ca043902f6ba03b6487bf1762a9180963357103097d172cc
sues200,sues200_satellite_to_uav_200m,2,full,80,3,0.3,24,0.3,0.375,0.625,0.5797594960775377,a0024554fabfdcd03efe8d46da3c80414baa16d26cf6a40d05e521ce55eeaddc,944897f872af1dec0e5af8f38ff4f0997675db6bf57d58993c62a9ba0a5efa81,033b6eaea71b3084ca043902f6ba03b6487bf1762a9180963357103097d172cc
sues200,sues200_satellite_to_uav_200m,2,full,80,4,0.4,32,0.4,0.4375,0.5625,0.5797594960775377,a0024554fabfdcd03efe8d46da3c80414baa16d26cf6a40d05e521ce55eeaddc,062de8573d875f19b55f38f37f9733122729f8cbec1e39b2825601b856268407,033b6eaea71b3084ca043902f6ba03b6487bf1762a9180963357103097d172cc
sues200,sues200_satellite_to_uav_200m,2,full,80,5,0.5,40,0.5,0.45,0.55,0.5797594960775377,a0024554fabfdcd03efe8d46da3c80414baa16d26cf6a40d05e521ce55eeaddc,6819209cefbf274d3b7b7ef031857e285da112a45f8f4d2daf87d86da7339066,033b6eaea71b3084ca043902f6ba03b6487bf1762a9180963357103097d172cc
sues200,sues200_satellite_to_uav_200m,2,full,80,6,0.6,48,0.6,0.4791666666666667,0.5208333333333333,0.5797594960775377,a0024554fabfdcd03efe8d46da3c80414baa16d26cf6a40d05e521ce55eeaddc,3b586ee0b509ea9ff39cd75f9f8cfbeba3e6a9d9f2bddcb53c68bbaaf4beb14e,033b6eaea71b3084ca043902f6ba03b6487bf1762a9180963357103097d172cc
sues200,sues200_satellite_to_uav_200m,2,full,80,7,0.7,56,0.7,0.5178571428571429,0.4821428571428571,0.5797594960775377,a0024554fabfdcd03efe8d46da3c80414baa16d26cf6a40d05e521ce55eeaddc,089192148d3dc4f6d50762b47d268c24bce90e8c9b13e3b70cc68b5b30dddc0f,033b6eaea71b3084ca043902f6ba03b6487bf1762a9180963357103097d172cc
sues200,sues200_satellite_to_uav_200m,2,full,80,8,0.8,64,0.8,0.53125,0.46875,0.5797594960775377,a0024554fabfdcd03efe8d46da3c80414baa16d26cf6a40d05e521ce55eeaddc,645d7606e313dbf1c240ca47af4795fffffd54676391f6ddf957f20b6f558bbc,033b6eaea71b3084ca043902f6ba03b6487bf1762a9180963357103097d172cc
sues200,sues200_satellite_to_uav_200m,2,full,80,9,0.9,72,0.9,0.5416666666666666,0.45833333333333337,0.5797594960775377,a0024554fabfdcd03efe8d46da3c80414baa16d26cf6a40d05e521ce55eeaddc,e03f29b1197c19f0e2d16196f95c4a2c32338494634ecbb2048f1713cfd37b6e,033b6eaea71b3084ca043902f6ba03b6487bf1762a9180963357103097d172cc
sues200,sues200_satellite_to_uav_200m,2,full,80,10,1,80,1,0.525,0.475,0.5797594960775377,a0024554fabfdcd03efe8d46da3c80414baa16d26cf6a40d05e521ce55eeaddc,79fa3b3356020254021629e96d31e3f0d5a3a18f7c09b007ca16a9d342694d86,033b6eaea71b3084ca043902f6ba03b6487bf1762a9180963357103097d172cc
sues200,sues200_satellite_to_uav_200m,3,visual,80,1,0.1,8,0.1,0.75,0.25,0.3448579673801839,a0024554fabfdcd03efe8d46da3c80414baa16d26cf6a40d05e521ce55eeaddc,edec9ce462d6e0f174acc520346f6c388417f3dc56a73b0c22e1917f1cee7393,033b6eaea71b3084ca043902f6ba03b6487bf1762a9180963357103097d172cc
sues200,sues200_satellite_to_uav_200m,3,visual,80,2,0.2,16,0.2,0.6875,0.3125,0.3448579673801839,a0024554fabfdcd03efe8d46da3c80414baa16d26cf6a40d05e521ce55eeaddc,aabb326d6d388d26f4b6113253e1a72bd7e15a2acd82d06d6144c585f365551d,033b6eaea71b3084ca043902f6ba03b6487bf1762a9180963357103097d172cc
sues200,sues200_satellite_to_uav_200m,3,visual,80,3,0.3,24,0.3,0.625,0.375,0.3448579673801839,a0024554fabfdcd03efe8d46da3c80414baa16d26cf6a40d05e521ce55eeaddc,e21b8ac1c5f6a795ea385b45736e76fbace17e9266a764aa40ff721f299601bb,033b6eaea71b3084ca043902f6ba03b6487bf1762a9180963357103097d172cc
sues200,sues200_satellite_to_uav_200m,3,visual,80,4,0.4,32,0.4,0.65625,0.34375,0.3448579673801839,a0024554fabfdcd03efe8d46da3c80414baa16d26cf6a40d05e521ce55eeaddc,03f4f8be76da556bb3fbd02c8df6ef27797fbe0c30ed9251eaad0bc549c58b5c,033b6eaea71b3084ca043902f6ba03b6487bf1762a9180963357103097d172cc
sues200,sues200_satellite_to_uav_200m,3,visual,80,5,0.5,40,0.5,0.65,0.35,0.3448579673801839,a0024554fabfdcd03efe8d46da3c80414baa16d26cf6a40d05e521ce55eeaddc,ee7c189a56fd4e80b90ac148962987459eeb151aa888009cfa44487389f3bc88,033b6eaea71b3084ca043902f6ba03b6487bf1762a9180963357103097d172cc
sues200,sues200_satellite_to_uav_200m,3,visual,80,6,0.6,48,0.6,0.5833333333333334,0.41666666666666663,0.3448579673801839,a0024554fabfdcd03efe8d46da3c80414baa16d26cf6a40d05e521ce55eeaddc,9b3f9b9934c82b0b3ef912dedc9cdb59f28aa7dfef596a070f77aec662a86d37,033b6eaea71b3084ca043902f6ba03b6487bf1762a9180963357103097d172cc
sues200,sues200_satellite_to_uav_200m,3,visual,80,7,0.7,56,0.7,0.6071428571428571,0.3928571428571429,0.3448579673801839,a0024554fabfdcd03efe8d46da3c80414baa16d26cf6a40d05e521ce55eeaddc,d6883123ff965652ffeaeae404ee9f41711664b9a4e637f1d7190028c59bbdde,033b6eaea71b3084ca043902f6ba03b6487bf1762a9180963357103097d172cc
sues200,sues200_satellite_to_uav_200m,3,visual,80,8,0.8,64,0.8,0.59375,0.40625,0.3448579673801839,a0024554fabfdcd03efe8d46da3c80414baa16d26cf6a40d05e521ce55eeaddc,a05a00dd334c3175713bc0d1cf028d3bfe770f708250c05ac8bb7d5d7d0f1a96,033b6eaea71b3084ca043902f6ba03b6487bf1762a9180963357103097d172cc
sues200,sues200_satellite_to_uav_200m,3,visual,80,9,0.9,72,0.9,0.5972222222222222,0.4027777777777778,0.3448579673801839,a0024554fabfdcd03efe8d46da3c80414baa16d26cf6a40d05e521ce55eeaddc,ae041d27021c57e78465eeb8bc1ea508c4052c4db4c7e8ab735f1fa53fbcc24c,033b6eaea71b3084ca043902f6ba03b6487bf1762a9180963357103097d172cc
sues200,sues200_satellite_to_uav_200m,3,visual,80,10,1,80,1,0.625,0.375,0.3448579673801839,a0024554fabfdcd03efe8d46da3c80414baa16d26cf6a40d05e521ce55eeaddc,79fa3b3356020254021629e96d31e3f0d5a3a18f7c09b007ca16a9d342694d86,033b6eaea71b3084ca043902f6ba03b6487bf1762a9180963357103097d172cc
sues200,sues200_satellite_to_uav_200m,3,full,80,1,0.1,8,0.1,0.375,0.625,0.5162229114438116,a0024554fabfdcd03efe8d46da3c80414baa16d26cf6a40d05e521ce55eeaddc,79ea1358d42275244c7b2a7687587e255b123c4f384df2f5361af1eb895ac511,033b6eaea71b3084ca043902f6ba03b6487bf1762a9180963357103097d172cc
sues200,sues200_satellite_to_uav_200m,3,full,80,2,0.2,16,0.2,0.5,0.5,0.5162229114438116,a0024554fabfdcd03efe8d46da3c80414baa16d26cf6a40d05e521ce55eeaddc,cfe91adee347ccb3253b75ac52be9835b9bb7d5e105e9bea34ef85c1a49b4213,033b6eaea71b3084ca043902f6ba03b6487bf1762a9180963357103097d172cc
sues200,sues200_satellite_to_uav_200m,3,full,80,3,0.3,24,0.3,0.5,0.5,0.5162229114438116,a0024554fabfdcd03efe8d46da3c80414baa16d26cf6a40d05e521ce55eeaddc,4f0361e47a1d8bf67bbd2319334dd23101fe0c93404bcee814bb24fc50374323,033b6eaea71b3084ca043902f6ba03b6487bf1762a9180963357103097d172cc
sues200,sues200_satellite_to_uav_200m,3,full,80,4,0.4,32,0.4,0.5,0.5,0.5162229114438116,a0024554fabfdcd03efe8d46da3c80414baa16d26cf6a40d05e521ce55eeaddc,6e2ec5d835431cc7da696df585f3ca02d640f4d766b4398af28fcc60bf5835e9,033b6eaea71b3084ca043902f6ba03b6487bf1762a9180963357103097d172cc
sues200,sues200_satellite_to_uav_200m,3,full,80,5,0.5,40,0.5,0.475,0.525,0.5162229114438116,a0024554fabfdcd03efe8d46da3c80414baa16d26cf6a40d05e521ce55eeaddc,bbc7dd0bafbbceb339cbcb21f09d5d1a63b75509cd8eb553cf06c536d08a98c1,033b6eaea71b3084ca043902f6ba03b6487bf1762a9180963357103097d172cc
sues200,sues200_satellite_to_uav_200m,3,full,80,6,0.6,48,0.6,0.5625,0.4375,0.5162229114438116,a0024554fabfdcd03efe8d46da3c80414baa16d26cf6a40d05e521ce55eeaddc,c9545e7f3f97d0f4c4c04506b52552f3cb8907edea593c00d3f95d798eb7b431,033b6eaea71b3084ca043902f6ba03b6487bf1762a9180963357103097d172cc
sues200,sues200_satellite_to_uav_200m,3,full,80,7,0.7,56,0.7,0.5357142857142857,0.4642857142857143,0.5162229114438116,a0024554fabfdcd03efe8d46da3c80414baa16d26cf6a40d05e521ce55eeaddc,6ec95f9306e48b08799dda12d747c5afa7a13e80b2cfe75b0b04d0946c76af37,033b6eaea71b3084ca043902f6ba03b6487bf1762a9180963357103097d172cc
sues200,sues200_satellite_to_uav_200m,3,full,80,8,0.8,64,0.8,0.546875,0.453125,0.5162229114438116,a0024554fabfdcd03efe8d46da3c80414baa16d26cf6a40d05e521ce55eeaddc,408fffe22715d79b6fac7893cf4766ff99d6ff188ac80dadaf2db6c64a529b13,033b6eaea71b3084ca043902f6ba03b6487bf1762a9180963357103097d172cc
sues200,sues200_satellite_to_uav_200m,3,full,80,9,0.9,72,0.9,0.5277777777777778,0.4722222222222222,0.5162229114438116,a0024554fabfdcd03efe8d46da3c80414baa16d26cf6a40d05e521ce55eeaddc,dfa2559dc5b849c3830224c516c541fb7aee4aa3e9bc0a377f259ddaa3243d9d,033b6eaea71b3084ca043902f6ba03b6487bf1762a9180963357103097d172cc
sues200,sues200_satellite_to_uav_200m,3,full,80,10,1,80,1,0.5125,0.48750000000000004,0.5162229114438116,a0024554fabfdcd03efe8d46da3c80414baa16d26cf6a40d05e521ce55eeaddc,79fa3b3356020254021629e96d31e3f0d5a3a18f7c09b007ca16a9d342694d86,033b6eaea71b3084ca043902f6ba03b6487bf1762a9180963357103097d172cc
sues200,sues200_uav_250m_to_satellite,1,visual,4000,1,0.1,400,0.1,0.6975,0.3025,0.3931429704180373,df64ad73d2ea80e1dd0b23fc8074aecd3cbd909b0f4363e60e11a61eb4ffbff8,84309a7659cfe6a4db85286036373bce9c7c2ebe4ea78809806ea815b66bdb3c,033b6eaea71b3084ca043902f6ba03b6487bf1762a9180963357103097d172cc
sues200,sues200_uav_250m_to_satellite,1,visual,4000,2,0.2,800,0.2,0.6925,0.3075,0.3931429704180373,df64ad73d2ea80e1dd0b23fc8074aecd3cbd909b0f4363e60e11a61eb4ffbff8,e90ced45d8b829d4a1f52cba8763f141570c8c84601e6fd810a211982c95f65e,033b6eaea71b3084ca043902f6ba03b6487bf1762a9180963357103097d172cc
sues200,sues200_uav_250m_to_satellite,1,visual,4000,3,0.3,1200,0.3,0.6708333333333333,0.3291666666666667,0.3931429704180373,df64ad73d2ea80e1dd0b23fc8074aecd3cbd909b0f4363e60e11a61eb4ffbff8,107f2ec7992486894b5860a97baf12f56674a37186f5f4343ae1c4c45e086544,033b6eaea71b3084ca043902f6ba03b6487bf1762a9180963357103097d172cc
sues200,sues200_uav_250m_to_satellite,1,visual,4000,4,0.4,1600,0.4,0.643125,0.35687500000000005,0.3931429704180373,df64ad73d2ea80e1dd0b23fc8074aecd3cbd909b0f4363e60e11a61eb4ffbff8,09c6c91749252e7cfeb6627634dd7a9d4a0b96a718ef1907682ef9b594424a1c,033b6eaea71b3084ca043902f6ba03b6487bf1762a9180963357103097d172cc
sues200,sues200_uav_250m_to_satellite,1,visual,4000,5,0.5,2000,0.5,0.6135,0.38649999999999995,0.3931429704180373,df64ad73d2ea80e1dd0b23fc8074aecd3cbd909b0f4363e60e11a61eb4ffbff8,d21cd99fbac59c7ba2bce0c4d79d44b2cad8ba3aeaacf88b5b98ae052c97b9e0,033b6eaea71b3084ca043902f6ba03b6487bf1762a9180963357103097d172cc
sues200,sues200_uav_250m_to_satellite,1,visual,4000,6,0.6,2400,0.6,0.5825,0.4175,0.3931429704180373,df64ad73d2ea80e1dd0b23fc8074aecd3cbd909b0f4363e60e11a61eb4ffbff8,f061ec48409f1f396b1037257d41c6de299220de744cb6352c7d0b68b7792033,033b6eaea71b3084ca043902f6ba03b6487bf1762a9180963357103097d172cc
sues200,sues200_uav_250m_to_satellite,1,visual,4000,7,0.7,2800,0.7,0.5542857142857143,0.44571428571428573,0.3931429704180373,df64ad73d2ea80e1dd0b23fc8074aecd3cbd909b0f4363e60e11a61eb4ffbff8,e944fb9c77e3795a97836d198640c804a082e5b368c5ffbdf0f72f54527bb8db,033b6eaea71b3084ca043902f6ba03b6487bf1762a9180963357103097d172cc
sues200,sues200_uav_250m_to_satellite,1,visual,4000,8,0.8,3200,0.8,0.5328125,0.4671875,0.3931429704180373,df64ad73d2ea80e1dd0b23fc8074aecd3cbd909b0f4363e60e11a61eb4ffbff8,b57e6ddbdc4d851569958834231ce20f281454832f37ae5832c0e3e35e236de9,033b6eaea71b3084ca043902f6ba03b6487bf1762a9180963357103097d172cc
sues200,sues200_uav_250m_to_satellite,1,visual,4000,9,0.9,3600,0.9,0.5083333333333333,0.4916666666666667,0.3931429704180373,df64ad73d2ea80e1dd0b23fc8074aecd3cbd909b0f4363e60e11a61eb4ffbff8,73b4b3c2cd70da94854fe8f92312267f5789836931524f4f996d97b5b74d9c5a,033b6eaea71b3084ca043902f6ba03b6487bf1762a9180963357103097d172cc
sues200,sues200_uav_250m_to_satellite,1,visual,4000,10,1,4000,1,0.481,0.519,0.3931429704180373,df64ad73d2ea80e1dd0b23fc8074aecd3cbd909b0f4363e60e11a61eb4ffbff8,18f249550056a5934e3496623374de2abe89f37bf6a22061d596251bd7d4c6b7,033b6eaea71b3084ca043902f6ba03b6487bf1762a9180963357103097d172cc
sues200,sues200_uav_250m_to_satellite,1,full,4000,1,0.1,400,0.1,0.5175,0.48250000000000004,0.5547856798302876,df64ad73d2ea80e1dd0b23fc8074aecd3cbd909b0f4363e60e11a61eb4ffbff8,b52d107b48a36b61e72c49cfdd3e6a10e221f0e0b1ad75ce99d4d2e21b80a287,033b6eaea71b3084ca043902f6ba03b6487bf1762a9180963357103097d172cc
sues200,sues200_uav_250m_to_satellite,1,full,4000,2,0.2,800,0.2,0.5075,0.49250000000000005,0.5547856798302876,df64ad73d2ea80e1dd0b23fc8074aecd3cbd909b0f4363e60e11a61eb4ffbff8,62fa8706732280ef5d03225b9b0a88737b2881459fb8927fd864c2854369b329,033b6eaea71b3084ca043902f6ba03b6487bf1762a9180963357103097d172cc
sues200,sues200_uav_250m_to_satellite,1,full,4000,3,0.3,1200,0.3,0.4866666666666667,0.5133333333333333,0.5547856798302876,df64ad73d2ea80e1dd0b23fc8074aecd3cbd909b0f4363e60e11a61eb4ffbff8,2ce3a32c98eb3d1857ead72f9a8d9b8807aa2ff5543316a07ce22978694aba8d,033b6eaea71b3084ca043902f6ba03b6487bf1762a9180963357103097d172cc
sues200,sues200_uav_250m_to_satellite,1,full,4000,4,0.4,1600,0.4,0.45625,0.54375,0.5547856798302876,df64ad73d2ea80e1dd0b23fc8074aecd3cbd909b0f4363e60e11a61eb4ffbff8,19d88ce7828a258009c288117149a54dc5e6dec3d853b9135d4a0013aa4320cf,033b6eaea71b3084ca043902f6ba03b6487bf1762a9180963357103097d172cc
sues200,sues200_uav_250m_to_satellite,1,full,4000,5,0.5,2000,0.5,0.441,0.5589999999999999,0.5547856798302876,df64ad73d2ea80e1dd0b23fc8074aecd3cbd909b0f4363e60e11a61eb4ffbff8,240defbc376aaef6c4d984a6a5853ca295661f7aedc4c1b4ecb6b639c2c3266c,033b6eaea71b3084ca043902f6ba03b6487bf1762a9180963357103097d172cc
sues200,sues200_uav_250m_to_satellite,1,full,4000,6,0.6,2400,0.6,0.42541666666666667,0.5745833333333333,0.5547856798302876,df64ad73d2ea80e1dd0b23fc8074aecd3cbd909b0f4363e60e11a61eb4ffbff8,1d49486e3f1299062451de40dd8fabb61f3ce5ec65022bb01540438abc6121c7,033b6eaea71b3084ca043902f6ba03b6487bf1762a9180963357103097d172cc
sues200,sues200_uav_250m_to_satellite,1,full,4000,7,0.7,2800,0.7,0.4157142857142857,0.5842857142857143,0.5547856798302876,df64ad73d2ea80e1dd0b23fc8074aecd3cbd909b0f4363e60e11a61eb4ffbff8,9569dbff63e2c7056165f419e4a4217689956cd46f11f4d1f238f36ba7ff831f,033b6eaea71b3084ca043902f6ba03b6487bf1762a9180963357103097d172cc
sues200,sues200_uav_250m_to_satellite,1,full,4000,8,0.8,3200,0.8,0.3965625,0.6034375000000001,0.5547856798302876,df64ad73d2ea80e1dd0b23fc8074aecd3cbd909b0f4363e60e11a61eb4ffbff8,4db030c1bdf16789a2af773dfd809b2d072de38a90548abcdc4bcbda2f574b36,033b6eaea71b3084ca043902f6ba03b6487bf1762a9180963357103097d172cc
sues200,sues200_uav_250m_to_satellite,1,full,4000,9,0.9,3600,0.9,0.37555555555555553,0.6244444444444445,0.5547856798302876,df64ad73d2ea80e1dd0b23fc8074aecd3cbd909b0f4363e60e11a61eb4ffbff8,6dbdd00e63ec5daaac562521ec904e1fa912fbc9f9f02014db6eb7030503615c,033b6eaea71b3084ca043902f6ba03b6487bf1762a9180963357103097d172cc
sues200,sues200_uav_250m_to_satellite,1,full,4000,10,1,4000,1,0.35975,0.64025,0.5547856798302876,df64ad73d2ea80e1dd0b23fc8074aecd3cbd909b0f4363e60e11a61eb4ffbff8,18f249550056a5934e3496623374de2abe89f37bf6a22061d596251bd7d4c6b7,033b6eaea71b3084ca043902f6ba03b6487bf1762a9180963357103097d172cc
sues200,sues200_uav_250m_to_satellite,2,visual,4000,1,0.1,400,0.1,0.7225,0.27749999999999997,0.3966618035749516,df64ad73d2ea80e1dd0b23fc8074aecd3cbd909b0f4363e60e11a61eb4ffbff8,984924336c5d496d693dc51ba8897de70e3a29b4e2809f8e43b804acf234aceb,033b6eaea71b3084ca043902f6ba03b6487bf1762a9180963357103097d172cc
sues200,sues200_uav_250m_to_satellite,2,visual,4000,2,0.2,800,0.2,0.72375,0.27625,0.3966618035749516,df64ad73d2ea80e1dd0b23fc8074aecd3cbd909b0f4363e60e11a61eb4ffbff8,9911c587256d0a016c454baecd5be9daf767986373c1332faf6f1b99a7c30d1d,033b6eaea71b3084ca043902f6ba03b6487bf1762a9180963357103097d172cc
sues200,sues200_uav_250m_to_satellite,2,visual,4000,3,0.3,1200,0.3,0.6966666666666667,0.30333333333333334,0.3966618035749516,df64ad73d2ea80e1dd0b23fc8074aecd3cbd909b0f4363e60e11a61eb4ffbff8,39a4ba9bb7a767e37b46feee9f3aa14a617b70bd8795ae783ce965981f9cdc5f,033b6eaea71b3084ca043902f6ba03b6487bf1762a9180963357103097d172cc
sues200,sues200_uav_250m_to_satellite,2,visual,4000,4,0.4,1600,0.4,0.6425,0.35750000000000004,0.3966618035749516,df64ad73d2ea80e1dd0b23fc8074aecd3cbd909b0f4363e60e11a61eb4ffbff8,b6b6c1cb45330d5ac08a27ec90067d7e300033ec1aead162d19aa4b77f68b9a5,033b6eaea71b3084ca043902f6ba03b6487bf1762a9180963357103097d172cc
sues200,sues200_uav_250m_to_satellite,2,visual,4000,5,0.5,2000,0.5,0.6055,0.39449999999999996,0.3966618035749516,df64ad73d2ea80e1dd0b23fc8074aecd3cbd909b0f4363e60e11a61eb4ffbff8,36f7484cc7a762d12f2fdd9f1923e14f79679d9f1a4360bf8afb1e1b2579ec17,033b6eaea71b3084ca043902f6ba03b6487bf1762a9180963357103097d172cc
sues200,sues200_uav_250m_to_satellite,2,visual,4000,6,0.6,2400,0.6,0.5666666666666667,0.43333333333333335,0.3966618035749516,df64ad73d2ea80e1dd0b23fc8074aecd3cbd909b0f4363e60e11a61eb4ffbff8,b4101e7f01f0537b139ee923c202448f95717b229b94632d9c6b2ac4f8a7a1dd,033b6eaea71b3084ca043902f6ba03b6487bf1762a9180963357103097d172cc
sues200,sues200_uav_250m_to_satellite,2,visual,4000,7,0.7,2800,0.7,0.5357142857142857,0.4642857142857143,0.3966618035749516,df64ad73d2ea80e1dd0b23fc8074aecd3cbd909b0f4363e60e11a61eb4ffbff8,1b2b5ffd9eeb24b8da095f8fe56cdf351081b8f1d73f8a364a4afb765f81ebae,033b6eaea71b3084ca043902f6ba03b6487bf1762a9180963357103097d172cc
sues200,sues200_uav_250m_to_satellite,2,visual,4000,8,0.8,3200,0.8,0.50625,0.49375,0.3966618035749516,df64ad73d2ea80e1dd0b23fc8074aecd3cbd909b0f4363e60e11a61eb4ffbff8,3a9f6c16bab1aa291ea703e1f13f022702cdc6cfa309a782a1431176558b06c6,033b6eaea71b3084ca043902f6ba03b6487bf1762a9180963357103097d172cc
sues200,sues200_uav_250m_to_satellite,2,visual,4000,9,0.9,3600,0.9,0.4811111111111111,0.518888888888889,0.3966618035749516,df64ad73d2ea80e1dd0b23fc8074aecd3cbd909b0f4363e60e11a61eb4ffbff8,4103bf8e4f2c67fac18fd7c7db219ee98a8d1626284b09d5af35cb06fd36a9b6,033b6eaea71b3084ca043902f6ba03b6487bf1762a9180963357103097d172cc
sues200,sues200_uav_250m_to_satellite,2,visual,4000,10,1,4000,1,0.4545,0.5455,0.3966618035749516,df64ad73d2ea80e1dd0b23fc8074aecd3cbd909b0f4363e60e11a61eb4ffbff8,18f249550056a5934e3496623374de2abe89f37bf6a22061d596251bd7d4c6b7,033b6eaea71b3084ca043902f6ba03b6487bf1762a9180963357103097d172cc
sues200,sues200_uav_250m_to_satellite,2,full,4000,1,0.1,400,0.1,0.5775,0.4225,0.5107682494279221,df64ad73d2ea80e1dd0b23fc8074aecd3cbd909b0f4363e60e11a61eb4ffbff8,bcf84413d8688e44219545832a1661a3c631225dd70bead3a5dfd3efcfcf54b8,033b6eaea71b3084ca043902f6ba03b6487bf1762a9180963357103097d172cc
sues200,sues200_uav_250m_to_satellite,2,full,4000,2,0.2,800,0.2,0.5725,0.4275,0.5107682494279221,df64ad73d2ea80e1dd0b23fc8074aecd3cbd909b0f4363e60e11a61eb4ffbff8,420fcc418ff1950e61abcc4540d7b0f79608e739c48b452c13bdf502be961e4d,033b6eaea71b3084ca043902f6ba03b6487bf1762a9180963357103097d172cc
sues200,sues200_uav_250m_to_satellite,2,full,4000,3,0.3,1200,0.3,0.5483333333333333,0.45166666666666666,0.5107682494279221,df64ad73d2ea80e1dd0b23fc8074aecd3cbd909b0f4363e60e11a61eb4ffbff8,84f5232b10b8e3854301036ca92adeded2745872c2ed4e13b226151534d62412,033b6eaea71b3084ca043902f6ba03b6487bf1762a9180963357103097d172cc
sues200,sues200_uav_250m_to_satellite,2,full,4000,4,0.4,1600,0.4,0.5175,0.48250000000000004,0.5107682494279221,df64ad73d2ea80e1dd0b23fc8074aecd3cbd909b0f4363e60e11a61eb4ffbff8,9140049dbc7fc8b4df9080c8531c4cc1ca3abdbedf5c37a9d49fe8efaa1eebe7,033b6eaea71b3084ca043902f6ba03b6487bf1762a9180963357103097d172cc
sues200,sues200_uav_250m_to_satellite,2,full,4000,5,0.5,2000,0.5,0.4845,0.5155000000000001,0.5107682494279221,df64ad73d2ea80e1dd0b23fc8074aecd3cbd909b0f4363e60e11a61eb4ffbff8,398109843858252f6d818b42a4e4bd9ff873f633179fc0e622d483c1178da4f1,033b6eaea71b3084ca043902f6ba03b6487bf1762a9180963357103097d172cc
sues200,sues200_uav_250m_to_satellite,2,full,4000,6,0.6,2400,0.6,0.45958333333333334,0.5404166666666667,0.5107682494279221,df64ad73d2ea80e1dd0b23fc8074aecd3cbd909b0f4363e60e11a61eb4ffbff8,fd2067c1c50cc4269edae4f74780e3f8690509823a0341b223ccc8a2cf5ac7a1,033b6eaea71b3084ca043902f6ba03b6487bf1762a9180963357103097d172cc
sues200,sues200_uav_250m_to_satellite,2,full,4000,7,0.7,2800,0.7,0.4367857142857143,0.5632142857142857,0.5107682494279221,df64ad73d2ea80e1dd0b23fc8074aecd3cbd909b0f4363e60e11a61eb4ffbff8,7151eb841c84082e05f3558baf63722236c6f1f445376d987c140e6fa85bc14c,033b6eaea71b3084ca043902f6ba03b6487bf1762a9180963357103097d172cc
sues200,sues200_uav_250m_to_satellite,2,full,4000,8,0.8,3200,0.8,0.4175,0.5825,0.5107682494279221,df64ad73d2ea80e1dd0b23fc8074aecd3cbd909b0f4363e60e11a61eb4ffbff8,cb4272369ec9779a35862c7b7a0f2fb49698837be9b551ee88ad5ee1790d98e9,033b6eaea71b3084ca043902f6ba03b6487bf1762a9180963357103097d172cc
sues200,sues200_uav_250m_to_satellite,2,full,4000,9,0.9,3600,0.9,0.40194444444444444,0.5980555555555556,0.5107682494279221,df64ad73d2ea80e1dd0b23fc8074aecd3cbd909b0f4363e60e11a61eb4ffbff8,7ae802c7c2d18a0245d87b4e12efabd9603c54a5b028b6e55c511fe5e4205559,033b6eaea71b3084ca043902f6ba03b6487bf1762a9180963357103097d172cc
sues200,sues200_uav_250m_to_satellite,2,full,4000,10,1,4000,1,0.38575,0.61425,0.5107682494279221,df64ad73d2ea80e1dd0b23fc8074aecd3cbd909b0f4363e60e11a61eb4ffbff8,18f249550056a5934e3496623374de2abe89f37bf6a22061d596251bd7d4c6b7,033b6eaea71b3084ca043902f6ba03b6487bf1762a9180963357103097d172cc
sues200,sues200_uav_250m_to_satellite,3,visual,4000,1,0.1,400,0.1,0.8675,0.13249999999999995,0.350426223024916,df64ad73d2ea80e1dd0b23fc8074aecd3cbd909b0f4363e60e11a61eb4ffbff8,378bcbef8b9f6ba01862f68e02838dc518bf9946e494885be52f6dc5df955e32,033b6eaea71b3084ca043902f6ba03b6487bf1762a9180963357103097d172cc
sues200,sues200_uav_250m_to_satellite,3,visual,4000,2,0.2,800,0.2,0.7575,0.24250000000000005,0.350426223024916,df64ad73d2ea80e1dd0b23fc8074aecd3cbd909b0f4363e60e11a61eb4ffbff8,b45de4e07a74e00a7b1988aa017e023419ef3c483b3577bf30458889815f7c22,033b6eaea71b3084ca043902f6ba03b6487bf1762a9180963357103097d172cc
sues200,sues200_uav_250m_to_satellite,3,visual,4000,3,0.3,1200,0.3,0.7116666666666667,0.28833333333333333,0.350426223024916,df64ad73d2ea80e1dd0b23fc8074aecd3cbd909b0f4363e60e11a61eb4ffbff8,d86da1a422b54f7b8ccf1dc3d5c42ea460d8b6e2f4b3391deec5d1eeb69c14b7,033b6eaea71b3084ca043902f6ba03b6487bf1762a9180963357103097d172cc
sues200,sues200_uav_250m_to_satellite,3,visual,4000,4,0.4,1600,0.4,0.656875,0.343125,0.350426223024916,df64ad73d2ea80e1dd0b23fc8074aecd3cbd909b0f4363e60e11a61eb4ffbff8,60004a37777d56f9b7d7779f5995cd1790c2fe7ee442393c06ed1eb347ed8eb2,033b6eaea71b3084ca043902f6ba03b6487bf1762a9180963357103097d172cc
sues200,sues200_uav_250m_to_satellite,3,visual,4000,5,0.5,2000,0.5,0.625,0.375,0.350426223024916,df64ad73d2ea80e1dd0b23fc8074aecd3cbd909b0f4363e60e11a61eb4ffbff8,82ae573b8c93c60aef3554ef795a0d3ee02a8a72737cd7f109b48579780a6675,033b6eaea71b3084ca043902f6ba03b6487bf1762a9180963357103097d172cc
sues200,sues200_uav_250m_to_satellite,3,visual,4000,6,0.6,2400,0.6,0.5891666666666666,0.4108333333333334,0.350426223024916,df64ad73d2ea80e1dd0b23fc8074aecd3cbd909b0f4363e60e11a61eb4ffbff8,845c80a3270b8fb0f92d723569343250fe93422caa9bd807e2c5596afdf07cb7,033b6eaea71b3084ca043902f6ba03b6487bf1762a9180963357103097d172cc
sues200,sues200_uav_250m_to_satellite,3,visual,4000,7,0.7,2800,0.7,0.5564285714285714,0.4435714285714286,0.350426223024916,df64ad73d2ea80e1dd0b23fc8074aecd3cbd909b0f4363e60e11a61eb4ffbff8,a0332e25e921a8c628c3f607f6d7c43df7d2a268c77750f075e2655ddca79dbd,033b6eaea71b3084ca043902f6ba03b6487bf1762a9180963357103097d172cc
sues200,sues200_uav_250m_to_satellite,3,visual,4000,8,0.8,3200,0.8,0.5303125,0.46968750000000004,0.350426223024916,df64ad73d2ea80e1dd0b23fc8074aecd3cbd909b0f4363e60e11a61eb4ffbff8,cf66942e3bb770080a5c04525f2480f0799d1f881aa399a275630541a2d1ad68,033b6eaea71b3084ca043902f6ba03b6487bf1762a9180963357103097d172cc
sues200,sues200_uav_250m_to_satellite,3,visual,4000,9,0.9,3600,0.9,0.4986111111111111,0.5013888888888889,0.350426223024916,df64ad73d2ea80e1dd0b23fc8074aecd3cbd909b0f4363e60e11a61eb4ffbff8,89dc2133de3b10e0e4b8ba21ade4f2d0b682b929d169b74939a79152f9e63f9e,033b6eaea71b3084ca043902f6ba03b6487bf1762a9180963357103097d172cc
sues200,sues200_uav_250m_to_satellite,3,visual,4000,10,1,4000,1,0.47325,0.52675,0.350426223024916,df64ad73d2ea80e1dd0b23fc8074aecd3cbd909b0f4363e60e11a61eb4ffbff8,18f249550056a5934e3496623374de2abe89f37bf6a22061d596251bd7d4c6b7,033b6eaea71b3084ca043902f6ba03b6487bf1762a9180963357103097d172cc
sues200,sues200_uav_250m_to_satellite,3,full,4000,1,0.1,400,0.1,0.615,0.385,0.513968166939283,df64ad73d2ea80e1dd0b23fc8074aecd3cbd909b0f4363e60e11a61eb4ffbff8,92a5e26c414e900038c9f8051ea19d9f116ebefcc066febb09cb8f51e22f07e2,033b6eaea71b3084ca043902f6ba03b6487bf1762a9180963357103097d172cc
sues200,sues200_uav_250m_to_satellite,3,full,4000,2,0.2,800,0.2,0.615,0.385,0.513968166939283,df64ad73d2ea80e1dd0b23fc8074aecd3cbd909b0f4363e60e11a61eb4ffbff8,0722ec5f79d487438413f90f96e5b58c39a65a7884882a66e7ed3bdb89cf8250,033b6eaea71b3084ca043902f6ba03b6487bf1762a9180963357103097d172cc
sues200,sues200_uav_250m_to_satellite,3,full,4000,3,0.3,1200,0.3,0.5816666666666667,0.41833333333333333,0.513968166939283,df64ad73d2ea80e1dd0b23fc8074aecd3cbd909b0f4363e60e11a61eb4ffbff8,f90d5a7cbe3c16bb28ec1982c8e176fefc1cb51fce670fb10f99b932d96b3617,033b6eaea71b3084ca043902f6ba03b6487bf1762a9180963357103097d172cc
sues200,sues200_uav_250m_to_satellite,3,full,4000,4,0.4,1600,0.4,0.534375,0.46562499999999996,0.513968166939283,df64ad73d2ea80e1dd0b23fc8074aecd3cbd909b0f4363e60e11a61eb4ffbff8,5ec850f17ce3da37be9fcfe4a3bdae64453bb2198cf620a6600d04e3c2087c80,033b6eaea71b3084ca043902f6ba03b6487bf1762a9180963357103097d172cc
sues200,sues200_uav_250m_to_satellite,3,full,4000,5,0.5,2000,0.5,0.491,0.509,0.513968166939283,df64ad73d2ea80e1dd0b23fc8074aecd3cbd909b0f4363e60e11a61eb4ffbff8,96b9f4d5d5ff223e6b8fba99fb09aee0df3b51b5d776e8e3bb473b9a791135a0,033b6eaea71b3084ca043902f6ba03b6487bf1762a9180963357103097d172cc
sues200,sues200_uav_250m_to_satellite,3,full,4000,6,0.6,2400,0.6,0.465,0.5349999999999999,0.513968166939283,df64ad73d2ea80e1dd0b23fc8074aecd3cbd909b0f4363e60e11a61eb4ffbff8,fabafb1a96e7e2ea92c6f4810a9bf4a34373938691e54451bd81ccc1ec732883,033b6eaea71b3084ca043902f6ba03b6487bf1762a9180963357103097d172cc
sues200,sues200_uav_250m_to_satellite,3,full,4000,7,0.7,2800,0.7,0.4332142857142857,0.5667857142857142,0.513968166939283,df64ad73d2ea80e1dd0b23fc8074aecd3cbd909b0f4363e60e11a61eb4ffbff8,170bcd824256e46daca1bda0f6dec79062e5b0afaf248e4f4406b024681020df,033b6eaea71b3084ca043902f6ba03b6487bf1762a9180963357103097d172cc
sues200,sues200_uav_250m_to_satellite,3,full,4000,8,0.8,3200,0.8,0.4040625,0.5959375,0.513968166939283,df64ad73d2ea80e1dd0b23fc8074aecd3cbd909b0f4363e60e11a61eb4ffbff8,9e34426cea5868562a1a47a3a9b7a86cd2592b96933a42654b1f525eee6ccbdc,033b6eaea71b3084ca043902f6ba03b6487bf1762a9180963357103097d172cc
sues200,sues200_uav_250m_to_satellite,3,full,4000,9,0.9,3600,0.9,0.38027777777777777,0.6197222222222223,0.513968166939283,df64ad73d2ea80e1dd0b23fc8074aecd3cbd909b0f4363e60e11a61eb4ffbff8,89b36c0c5bc348018714903df1c85f2318b935696c9a061d8f6830b2fd8fafec,033b6eaea71b3084ca043902f6ba03b6487bf1762a9180963357103097d172cc
sues200,sues200_uav_250m_to_satellite,3,full,4000,10,1,4000,1,0.35525,0.6447499999999999,0.513968166939283,df64ad73d2ea80e1dd0b23fc8074aecd3cbd909b0f4363e60e11a61eb4ffbff8,18f249550056a5934e3496623374de2abe89f37bf6a22061d596251bd7d4c6b7,033b6eaea71b3084ca043902f6ba03b6487bf1762a9180963357103097d172cc
sues200,sues200_satellite_to_uav_250m,1,visual,80,1,0.1,8,0.1,1,0,0.21627069142540542,a0024554fabfdcd03efe8d46da3c80414baa16d26cf6a40d05e521ce55eeaddc,f39edee5feb521d8126dc0a306dc37fac737c873b078785bc08d77914495468c,033b6eaea71b3084ca043902f6ba03b6487bf1762a9180963357103097d172cc
sues200,sues200_satellite_to_uav_250m,1,visual,80,2,0.2,16,0.2,0.75,0.25,0.21627069142540542,a0024554fabfdcd03efe8d46da3c80414baa16d26cf6a40d05e521ce55eeaddc,311729f7fc628c88a8aadd9aad80ebdf244b71327c4a3b10dd0c0532ac291f05,033b6eaea71b3084ca043902f6ba03b6487bf1762a9180963357103097d172cc
sues200,sues200_satellite_to_uav_250m,1,visual,80,3,0.3,24,0.3,0.75,0.25,0.21627069142540542,a0024554fabfdcd03efe8d46da3c80414baa16d26cf6a40d05e521ce55eeaddc,e14b58c06f6a9d3cd3dd43709baf9d782433745f911d93d4fe5fb2a8734a7ee3,033b6eaea71b3084ca043902f6ba03b6487bf1762a9180963357103097d172cc
sues200,sues200_satellite_to_uav_250m,1,visual,80,4,0.4,32,0.4,0.75,0.25,0.21627069142540542,a0024554fabfdcd03efe8d46da3c80414baa16d26cf6a40d05e521ce55eeaddc,6c935b48f61c172404d8ce93600a3515139b6a93b3c72603cddaf855b0695832,033b6eaea71b3084ca043902f6ba03b6487bf1762a9180963357103097d172cc
sues200,sues200_satellite_to_uav_250m,1,visual,80,5,0.5,40,0.5,0.775,0.22499999999999998,0.21627069142540542,a0024554fabfdcd03efe8d46da3c80414baa16d26cf6a40d05e521ce55eeaddc,ecd3d973a92c01bce79e445d3609fac3985ef2b95b4561a892ea0f7ab5044dd2,033b6eaea71b3084ca043902f6ba03b6487bf1762a9180963357103097d172cc
sues200,sues200_satellite_to_uav_250m,1,visual,80,6,0.6,48,0.6,0.75,0.25,0.21627069142540542,a0024554fabfdcd03efe8d46da3c80414baa16d26cf6a40d05e521ce55eeaddc,9f3f2c9f0df443b1e8c895a0f0d214bef09bf4536b9e13ad3b55340a2cb72582,033b6eaea71b3084ca043902f6ba03b6487bf1762a9180963357103097d172cc
sues200,sues200_satellite_to_uav_250m,1,visual,80,7,0.7,56,0.7,0.7321428571428571,0.2678571428571429,0.21627069142540542,a0024554fabfdcd03efe8d46da3c80414baa16d26cf6a40d05e521ce55eeaddc,edf84b9e51f3f70c96e6edf4da37750cfedb2549281c61d7199c4b50c8320cdf,033b6eaea71b3084ca043902f6ba03b6487bf1762a9180963357103097d172cc
sues200,sues200_satellite_to_uav_250m,1,visual,80,8,0.8,64,0.8,0.734375,0.265625,0.21627069142540542,a0024554fabfdcd03efe8d46da3c80414baa16d26cf6a40d05e521ce55eeaddc,a59d9c7007e6c16527d9b44b759fdcabb60fefcbab6cea785922181054114d26,033b6eaea71b3084ca043902f6ba03b6487bf1762a9180963357103097d172cc
sues200,sues200_satellite_to_uav_250m,1,visual,80,9,0.9,72,0.9,0.7222222222222222,0.2777777777777778,0.21627069142540542,a0024554fabfdcd03efe8d46da3c80414baa16d26cf6a40d05e521ce55eeaddc,59c340507369d0bd10fb3b66fd81395a2f10c94810b146c55bf3138eef81c62b,033b6eaea71b3084ca043902f6ba03b6487bf1762a9180963357103097d172cc
sues200,sues200_satellite_to_uav_250m,1,visual,80,10,1,80,1,0.6875,0.3125,0.21627069142540542,a0024554fabfdcd03efe8d46da3c80414baa16d26cf6a40d05e521ce55eeaddc,79fa3b3356020254021629e96d31e3f0d5a3a18f7c09b007ca16a9d342694d86,033b6eaea71b3084ca043902f6ba03b6487bf1762a9180963357103097d172cc
sues200,sues200_satellite_to_uav_250m,1,full,80,1,0.1,8,0.1,0.625,0.375,0.428065308853971,a0024554fabfdcd03efe8d46da3c80414baa16d26cf6a40d05e521ce55eeaddc,e9f3ffbb8c1d0ba011daceaa5ae8a28523148d3cfc52c5549145146a6d9b93ee,033b6eaea71b3084ca043902f6ba03b6487bf1762a9180963357103097d172cc
sues200,sues200_satellite_to_uav_250m,1,full,80,2,0.2,16,0.2,0.5,0.5,0.428065308853971,a0024554fabfdcd03efe8d46da3c80414baa16d26cf6a40d05e521ce55eeaddc,f501264ede09b7e61f804af2b91f59363a39e301e4c30b691a1aa6c6c30e7699,033b6eaea71b3084ca043902f6ba03b6487bf1762a9180963357103097d172cc
sues200,sues200_satellite_to_uav_250m,1,full,80,3,0.3,24,0.3,0.5416666666666666,0.45833333333333337,0.428065308853971,a0024554fabfdcd03efe8d46da3c80414baa16d26cf6a40d05e521ce55eeaddc,ee6c9c6d07fec0803540e645c93c1617446a59c55f0e2d7c375fc2ecc8803907,033b6eaea71b3084ca043902f6ba03b6487bf1762a9180963357103097d172cc
sues200,sues200_satellite_to_uav_250m,1,full,80,4,0.4,32,0.4,0.53125,0.46875,0.428065308853971,a0024554fabfdcd03efe8d46da3c80414baa16d26cf6a40d05e521ce55eeaddc,c4913f873b631ab04ce120b204e32027992c168478b7b29a2267e68d18986939,033b6eaea71b3084ca043902f6ba03b6487bf1762a9180963357103097d172cc
sues200,sues200_satellite_to_uav_250m,1,full,80,5,0.5,40,0.5,0.6,0.4,0.428065308853971,a0024554fabfdcd03efe8d46da3c80414baa16d26cf6a40d05e521ce55eeaddc,790493d974f9f5ad7f676369d1e5d3f8254f021ba12bed110c517ffbcd8e650a,033b6eaea71b3084ca043902f6ba03b6487bf1762a9180963357103097d172cc
sues200,sues200_satellite_to_uav_250m,1,full,80,6,0.6,48,0.6,0.625,0.375,0.428065308853971,a0024554fabfdcd03efe8d46da3c80414baa16d26cf6a40d05e521ce55eeaddc,09f3555b81c3e9505cf08df38e630bb7fbf340c56c5d12c701aa8046f5f96754,033b6eaea71b3084ca043902f6ba03b6487bf1762a9180963357103097d172cc
sues200,sues200_satellite_to_uav_250m,1,full,80,7,0.7,56,0.7,0.6071428571428571,0.3928571428571429,0.428065308853971,a0024554fabfdcd03efe8d46da3c80414baa16d26cf6a40d05e521ce55eeaddc,d5ad15626c13991e768b21d613ab58361ac20310a3b9eb651043f50ae69837a6,033b6eaea71b3084ca043902f6ba03b6487bf1762a9180963357103097d172cc
sues200,sues200_satellite_to_uav_250m,1,full,80,8,0.8,64,0.8,0.609375,0.390625,0.428065308853971,a0024554fabfdcd03efe8d46da3c80414baa16d26cf6a40d05e521ce55eeaddc,6538b9509f8c6e16777b81a31bafe5285bb7d8a9503ca386382a26f9cd88d44a,033b6eaea71b3084ca043902f6ba03b6487bf1762a9180963357103097d172cc
sues200,sues200_satellite_to_uav_250m,1,full,80,9,0.9,72,0.9,0.625,0.375,0.428065308853971,a0024554fabfdcd03efe8d46da3c80414baa16d26cf6a40d05e521ce55eeaddc,7363bb305cde4947bd97174a78d22ec5f39322e1dd4d922d84f3d680fec3a6ee,033b6eaea71b3084ca043902f6ba03b6487bf1762a9180963357103097d172cc
sues200,sues200_satellite_to_uav_250m,1,full,80,10,1,80,1,0.6,0.4,0.428065308853971,a0024554fabfdcd03efe8d46da3c80414baa16d26cf6a40d05e521ce55eeaddc,79fa3b3356020254021629e96d31e3f0d5a3a18f7c09b007ca16a9d342694d86,033b6eaea71b3084ca043902f6ba03b6487bf1762a9180963357103097d172cc
sues200,sues200_satellite_to_uav_250m,2,visual,80,1,0.1,8,0.1,0.75,0.25,0.3271733763104236,a0024554fabfdcd03efe8d46da3c80414baa16d26cf6a40d05e521ce55eeaddc,e98c795e7db8ea220170f11b92aeda5a2fcd40df6d54a17c36694f4b2c0f00aa,033b6eaea71b3084ca043902f6ba03b6487bf1762a9180963357103097d172cc
sues200,sues200_satellite_to_uav_250m,2,visual,80,2,0.2,16,0.2,0.625,0.375,0.3271733763104236,a0024554fabfdcd03efe8d46da3c80414baa16d26cf6a40d05e521ce55eeaddc,4bff877a9c19ae4c206ce72c47abf81a13334ee9a7471cb8aa9daba7d759c4e1,033b6eaea71b3084ca043902f6ba03b6487bf1762a9180963357103097d172cc
sues200,sues200_satellite_to_uav_250m,2,visual,80,3,0.3,24,0.3,0.6666666666666666,0.33333333333333337,0.3271733763104236,a0024554fabfdcd03efe8d46da3c80414baa16d26cf6a40d05e521ce55eeaddc,67a60755448ce5e4338479c71bf128cad9fbf3b588fbc931d922c3659855013f,033b6eaea71b3084ca043902f6ba03b6487bf1762a9180963357103097d172cc
sues200,sues200_satellite_to_uav_250m,2,visual,80,4,0.4,32,0.4,0.65625,0.34375,0.3271733763104236,a0024554fabfdcd03efe8d46da3c80414baa16d26cf6a40d05e521ce55eeaddc,2b6a923abb9add3af9e4d4fb42c1dabc58642255cedb8499ea0f3c2a0bd16b42,033b6eaea71b3084ca043902f6ba03b6487bf1762a9180963357103097d172cc
sues200,sues200_satellite_to_uav_250m,2,visual,80,5,0.5,40,0.5,0.625,0.375,0.3271733763104236,a0024554fabfdcd03efe8d46da3c80414baa16d26cf6a40d05e521ce55eeaddc,7286df42a0ede07709469aa80f8a6402f3634a771db11e16d3dcdad38ce2a12d,033b6eaea71b3084ca043902f6ba03b6487bf1762a9180963357103097d172cc
sues200,sues200_satellite_to_uav_250m,2,visual,80,6,0.6,48,0.6,0.6666666666666666,0.33333333333333337,0.3271733763104236,a0024554fabfdcd03efe8d46da3c80414baa16d26cf6a40d05e521ce55eeaddc,4acb2e06e84799b9a9cbf56b6863695ab3b343fbdfcac2e8243e9ee16742c290,033b6eaea71b3084ca043902f6ba03b6487bf1762a9180963357103097d172cc
sues200,sues200_satellite_to_uav_250m,2,visual,80,7,0.7,56,0.7,0.6964285714285714,0.3035714285714286,0.3271733763104236,a0024554fabfdcd03efe8d46da3c80414baa16d26cf6a40d05e521ce55eeaddc,d230f251ec41ee6a59d6ce5fcd3a50ce6164011ff96d1dd55b4d8fc7279cf038,033b6eaea71b3084ca043902f6ba03b6487bf1762a9180963357103097d172cc
sues200,sues200_satellite_to_uav_250m,2,visual,80,8,0.8,64,0.8,0.703125,0.296875,0.3271733763104236,a0024554fabfdcd03efe8d46da3c80414baa16d26cf6a40d05e521ce55eeaddc,819c9c8af3f37d9cd5ce9bf64d51be3411c367800fb108c3928bb273ce0bf1ba,033b6eaea71b3084ca043902f6ba03b6487bf1762a9180963357103097d172cc
sues200,sues200_satellite_to_uav_250m,2,visual,80,9,0.9,72,0.9,0.6805555555555556,0.3194444444444444,0.3271733763104236,a0024554fabfdcd03efe8d46da3c80414baa16d26cf6a40d05e521ce55eeaddc,7cc7825d35a1e287a3effe4528aeac57ddec394bff2afd89e57a1f8c55494207,033b6eaea71b3084ca043902f6ba03b6487bf1762a9180963357103097d172cc
sues200,sues200_satellite_to_uav_250m,2,visual,80,10,1,80,1,0.6625,0.3375,0.3271733763104236,a0024554fabfdcd03efe8d46da3c80414baa16d26cf6a40d05e521ce55eeaddc,79fa3b3356020254021629e96d31e3f0d5a3a18f7c09b007ca16a9d342694d86,033b6eaea71b3084ca043902f6ba03b6487bf1762a9180963357103097d172cc
sues200,sues200_satellite_to_uav_250m,2,full,80,1,0.1,8,0.1,0.75,0.25,0.3272941982069404,a0024554fabfdcd03efe8d46da3c80414baa16d26cf6a40d05e521ce55eeaddc,681cf54e0157f98f95a8e8ed061fde77a93e6a5bbfec7b67e1b22468cfa93168,033b6eaea71b3084ca043902f6ba03b6487bf1762a9180963357103097d172cc
sues200,sues200_satellite_to_uav_250m,2,full,80,2,0.2,16,0.2,0.8125,0.1875,0.3272941982069404,a0024554fabfdcd03efe8d46da3c80414baa16d26cf6a40d05e521ce55eeaddc,a80fad75c20ee1beeae2c3e293d5cbb16360b95f71cf2a76adb94b3662cdfc41,033b6eaea71b3084ca043902f6ba03b6487bf1762a9180963357103097d172cc
sues200,sues200_satellite_to_uav_250m,2,full,80,3,0.3,24,0.3,0.75,0.25,0.3272941982069404,a0024554fabfdcd03efe8d46da3c80414baa16d26cf6a40d05e521ce55eeaddc,f26e4fb804d2f67a96598f0f2f1912a8d8bbd32616ffc9c99c3ffc5eaab54b42,033b6eaea71b3084ca043902f6ba03b6487bf1762a9180963357103097d172cc
sues200,sues200_satellite_to_uav_250m,2,full,80,4,0.4,32,0.4,0.65625,0.34375,0.3272941982069404,a0024554fabfdcd03efe8d46da3c80414baa16d26cf6a40d05e521ce55eeaddc,11bf3b39f47434ce98fdaf0840bcc521f5f2a718c256c5405ab070ecef00851e,033b6eaea71b3084ca043902f6ba03b6487bf1762a9180963357103097d172cc
sues200,sues200_satellite_to_uav_250m,2,full,80,5,0.5,40,0.5,0.625,0.375,0.3272941982069404,a0024554fabfdcd03efe8d46da3c80414baa16d26cf6a40d05e521ce55eeaddc,2b9130aa91bd7e31b5d25eefff51a8d7a7b4bdb5e105e62b11037d047c4fb178,033b6eaea71b3084ca043902f6ba03b6487bf1762a9180963357103097d172cc
sues200,sues200_satellite_to_uav_250m,2,full,80,6,0.6,48,0.6,0.6041666666666666,0.39583333333333337,0.3272941982069404,a0024554fabfdcd03efe8d46da3c80414baa16d26cf6a40d05e521ce55eeaddc,a94ddb402e0bca1d72d90f6af8aceb01c1bd7c71bfc8fc23406c92d2276d3111,033b6eaea71b3084ca043902f6ba03b6487bf1762a9180963357103097d172cc
sues200,sues200_satellite_to_uav_250m,2,full,80,7,0.7,56,0.7,0.625,0.375,0.3272941982069404,a0024554fabfdcd03efe8d46da3c80414baa16d26cf6a40d05e521ce55eeaddc,a6fd4ba4d72ff52d0a91e6eecf3ff87b408533db44262b102068a57a13268627,033b6eaea71b3084ca043902f6ba03b6487bf1762a9180963357103097d172cc
sues200,sues200_satellite_to_uav_250m,2,full,80,8,0.8,64,0.8,0.640625,0.359375,0.3272941982069404,a0024554fabfdcd03efe8d46da3c80414baa16d26cf6a40d05e521ce55eeaddc,03f702f59b7a68b9127c888a73ceffde1915a002cb50b16ca6f881161c1caa0d,033b6eaea71b3084ca043902f6ba03b6487bf1762a9180963357103097d172cc
sues200,sues200_satellite_to_uav_250m,2,full,80,9,0.9,72,0.9,0.6111111111111112,0.38888888888888884,0.3272941982069404,a0024554fabfdcd03efe8d46da3c80414baa16d26cf6a40d05e521ce55eeaddc,d5415bcc3d924cf392683ee1fd3b97f999cc1442759e3d8defeacc4ab982c09a,033b6eaea71b3084ca043902f6ba03b6487bf1762a9180963357103097d172cc
sues200,sues200_satellite_to_uav_250m,2,full,80,10,1,80,1,0.5875,0.4125,0.3272941982069404,a0024554fabfdcd03efe8d46da3c80414baa16d26cf6a40d05e521ce55eeaddc,79fa3b3356020254021629e96d31e3f0d5a3a18f7c09b007ca16a9d342694d86,033b6eaea71b3084ca043902f6ba03b6487bf1762a9180963357103097d172cc
sues200,sues200_satellite_to_uav_250m,3,visual,80,1,0.1,8,0.1,0.75,0.25,0.242506566773653,a0024554fabfdcd03efe8d46da3c80414baa16d26cf6a40d05e521ce55eeaddc,b16d225273c1c209fd1045e7c27fa4ccb701b66a95c1c217e39fe20eb66152b5,033b6eaea71b3084ca043902f6ba03b6487bf1762a9180963357103097d172cc
sues200,sues200_satellite_to_uav_250m,3,visual,80,2,0.2,16,0.2,0.75,0.25,0.242506566773653,a0024554fabfdcd03efe8d46da3c80414baa16d26cf6a40d05e521ce55eeaddc,94296da93d9630a80ed69a7dd3a4eb0473c617c02214255a5907329f1635af9f,033b6eaea71b3084ca043902f6ba03b6487bf1762a9180963357103097d172cc
sues200,sues200_satellite_to_uav_250m,3,visual,80,3,0.3,24,0.3,0.7916666666666666,0.20833333333333337,0.242506566773653,a0024554fabfdcd03efe8d46da3c80414baa16d26cf6a40d05e521ce55eeaddc,de250c20f9a5fc33c8990bb251cf78afc7ded3c38eaa07e692dab2cc1563641a,033b6eaea71b3084ca043902f6ba03b6487bf1762a9180963357103097d172cc
sues200,sues200_satellite_to_uav_250m,3,visual,80,4,0.4,32,0.4,0.78125,0.21875,0.242506566773653,a0024554fabfdcd03efe8d46da3c80414baa16d26cf6a40d05e521ce55eeaddc,4ed3868c6f3e1286ffbcc3814ec499e929ae4579d9efa24ddf3788d6245dcc06,033b6eaea71b3084ca043902f6ba03b6487bf1762a9180963357103097d172cc
sues200,sues200_satellite_to_uav_250m,3,visual,80,5,0.5,40,0.5,0.8,0.19999999999999996,0.242506566773653,a0024554fabfdcd03efe8d46da3c80414baa16d26cf6a40d05e521ce55eeaddc,959e7062dc8de0efdd1f18931aa3070d90674338372e5dcb40d4b87b0d12f1a6,033b6eaea71b3084ca043902f6ba03b6487bf1762a9180963357103097d172cc
sues200,sues200_satellite_to_uav_250m,3,visual,80,6,0.6,48,0.6,0.7916666666666666,0.20833333333333337,0.242506566773653,a0024554fabfdcd03efe8d46da3c80414baa16d26cf6a40d05e521ce55eeaddc,5c16057c24df14c09e3f576ed349f189c003903c9339f65259cc4dac514d31f4,033b6eaea71b3084ca043902f6ba03b6487bf1762a9180963357103097d172cc
sues200,sues200_satellite_to_uav_250m,3,visual,80,7,0.7,56,0.7,0.75,0.25,0.242506566773653,a0024554fabfdcd03efe8d46da3c80414baa16d26cf6a40d05e521ce55eeaddc,9043bde7d93f295ea031ef3f37d285141bed9d3eea6882949bf6fd48c174885e,033b6eaea71b3084ca043902f6ba03b6487bf1762a9180963357103097d172cc
sues200,sues200_satellite_to_uav_250m,3,visual,80,8,0.8,64,0.8,0.734375,0.265625,0.242506566773653,a0024554fabfdcd03efe8d46da3c80414baa16d26cf6a40d05e521ce55eeaddc,9621dff1b3c7f314d3a6b54cc4fd2694c222f196253d1e59a0f751c539a276d2,033b6eaea71b3084ca043902f6ba03b6487bf1762a9180963357103097d172cc
sues200,sues200_satellite_to_uav_250m,3,visual,80,9,0.9,72,0.9,0.7222222222222222,0.2777777777777778,0.242506566773653,a0024554fabfdcd03efe8d46da3c80414baa16d26cf6a40d05e521ce55eeaddc,1ec05183b1e1ad66a6d36162e9a4509109a5e50b635b5550df3fb45080eb2e9f,033b6eaea71b3084ca043902f6ba03b6487bf1762a9180963357103097d172cc
sues200,sues200_satellite_to_uav_250m,3,visual,80,10,1,80,1,0.725,0.275,0.242506566773653,a0024554fabfdcd03efe8d46da3c80414baa16d26cf6a40d05e521ce55eeaddc,79fa3b3356020254021629e96d31e3f0d5a3a18f7c09b007ca16a9d342694d86,033b6eaea71b3084ca043902f6ba03b6487bf1762a9180963357103097d172cc
sues200,sues200_satellite_to_uav_250m,3,full,80,1,0.1,8,0.1,0.75,0.25,0.39172932233229546,a0024554fabfdcd03efe8d46da3c80414baa16d26cf6a40d05e521ce55eeaddc,ed081162f6700a4ade5807fe6bd6dcf00c9fc5e1a1d07cc642c46da3233cfa07,033b6eaea71b3084ca043902f6ba03b6487bf1762a9180963357103097d172cc
sues200,sues200_satellite_to_uav_250m,3,full,80,2,0.2,16,0.2,0.75,0.25,0.39172932233229546,a0024554fabfdcd03efe8d46da3c80414baa16d26cf6a40d05e521ce55eeaddc,811acb9eac27b495b5dcfb6cd050aa066d49c6effb08a2e99c4d7ae18ae26753,033b6eaea71b3084ca043902f6ba03b6487bf1762a9180963357103097d172cc
sues200,sues200_satellite_to_uav_250m,3,full,80,3,0.3,24,0.3,0.6666666666666666,0.33333333333333337,0.39172932233229546,a0024554fabfdcd03efe8d46da3c80414baa16d26cf6a40d05e521ce55eeaddc,19d6cfd883b71ecc41c58344c2424f8e6d3358cf674d3226b3e6570b56141819,033b6eaea71b3084ca043902f6ba03b6487bf1762a9180963357103097d172cc
sues200,sues200_satellite_to_uav_250m,3,full,80,4,0.4,32,0.4,0.625,0.375,0.39172932233229546,a0024554fabfdcd03efe8d46da3c80414baa16d26cf6a40d05e521ce55eeaddc,cbe0fb34252d34b780030825e065336ca9f6b7ebbbf03dfed3e0b51a36a1a4c6,033b6eaea71b3084ca043902f6ba03b6487bf1762a9180963357103097d172cc
sues200,sues200_satellite_to_uav_250m,3,full,80,5,0.5,40,0.5,0.625,0.375,0.39172932233229546,a0024554fabfdcd03efe8d46da3c80414baa16d26cf6a40d05e521ce55eeaddc,5cb1050e364cee69e34b73ca7ece78f47b069a9a4518acdb63f76f96e9e39b23,033b6eaea71b3084ca043902f6ba03b6487bf1762a9180963357103097d172cc
sues200,sues200_satellite_to_uav_250m,3,full,80,6,0.6,48,0.6,0.6041666666666666,0.39583333333333337,0.39172932233229546,a0024554fabfdcd03efe8d46da3c80414baa16d26cf6a40d05e521ce55eeaddc,83f5efcfb59f277500c62615f65ee0e61021f75fff03f37a0fa707068354fb10,033b6eaea71b3084ca043902f6ba03b6487bf1762a9180963357103097d172cc
sues200,sues200_satellite_to_uav_250m,3,full,80,7,0.7,56,0.7,0.5535714285714286,0.4464285714285714,0.39172932233229546,a0024554fabfdcd03efe8d46da3c80414baa16d26cf6a40d05e521ce55eeaddc,e65a0450bd1925320761bccb35193f612440e1205c15a6c61d4ddd8b449d9063,033b6eaea71b3084ca043902f6ba03b6487bf1762a9180963357103097d172cc
sues200,sues200_satellite_to_uav_250m,3,full,80,8,0.8,64,0.8,0.53125,0.46875,0.39172932233229546,a0024554fabfdcd03efe8d46da3c80414baa16d26cf6a40d05e521ce55eeaddc,a951f7ecabaf38c0e27b62bfaf09b641ba28dbe905b45336b04e58ea2cdb857b,033b6eaea71b3084ca043902f6ba03b6487bf1762a9180963357103097d172cc
sues200,sues200_satellite_to_uav_250m,3,full,80,9,0.9,72,0.9,0.5138888888888888,0.48611111111111116,0.39172932233229546,a0024554fabfdcd03efe8d46da3c80414baa16d26cf6a40d05e521ce55eeaddc,97059b09a59714885c2b9c4d6938afdf0bb6f659ef645ddd0b651abbfd091b6a,033b6eaea71b3084ca043902f6ba03b6487bf1762a9180963357103097d172cc
sues200,sues200_satellite_to_uav_250m,3,full,80,10,1,80,1,0.525,0.475,0.39172932233229546,a0024554fabfdcd03efe8d46da3c80414baa16d26cf6a40d05e521ce55eeaddc,79fa3b3356020254021629e96d31e3f0d5a3a18f7c09b007ca16a9d342694d86,033b6eaea71b3084ca043902f6ba03b6487bf1762a9180963357103097d172cc
sues200,sues200_uav_300m_to_satellite,1,visual,4000,1,0.1,400,0.1,0.83,0.17000000000000004,0.3331995281284556,9ed2f51f15e95d86a8b1b19b92bdfafbe954e6ca69c281ff55a8fd5cdcac0fd0,4eeec6338501ab88afd84a8fbea12e50ec15b177e61c1b4ac363a59e1d2eef55,033b6eaea71b3084ca043902f6ba03b6487bf1762a9180963357103097d172cc
sues200,sues200_uav_300m_to_satellite,1,visual,4000,2,0.2,800,0.2,0.79,0.20999999999999996,0.3331995281284556,9ed2f51f15e95d86a8b1b19b92bdfafbe954e6ca69c281ff55a8fd5cdcac0fd0,6f72a0a77fdcb14326e2eea19e4ea1d85de7418d726229fff6a649dce0910485,033b6eaea71b3084ca043902f6ba03b6487bf1762a9180963357103097d172cc
sues200,sues200_uav_300m_to_satellite,1,visual,4000,3,0.3,1200,0.3,0.7491666666666666,0.25083333333333335,0.3331995281284556,9ed2f51f15e95d86a8b1b19b92bdfafbe954e6ca69c281ff55a8fd5cdcac0fd0,370b3d28d38f660721fdc504b43f26b3715fd1dca0e66a7d1c7b4728b6244ac6,033b6eaea71b3084ca043902f6ba03b6487bf1762a9180963357103097d172cc
sues200,sues200_uav_300m_to_satellite,1,visual,4000,4,0.4,1600,0.4,0.695625,0.30437499999999995,0.3331995281284556,9ed2f51f15e95d86a8b1b19b92bdfafbe954e6ca69c281ff55a8fd5cdcac0fd0,6160441446c17f5ff9d0a1d3f581222960adf06c9a8b0d873baababf757ac87c,033b6eaea71b3084ca043902f6ba03b6487bf1762a9180963357103097d172cc
sues200,sues200_uav_300m_to_satellite,1,visual,4000,5,0.5,2000,0.5,0.6545,0.34550000000000003,0.3331995281284556,9ed2f51f15e95d86a8b1b19b92bdfafbe954e6ca69c281ff55a8fd5cdcac0fd0,eb605eb31ce25d9198e3b9db209532a38af58bbe041ea95b82f975ccff096f32,033b6eaea71b3084ca043902f6ba03b6487bf1762a9180963357103097d172cc
sues200,sues200_uav_300m_to_satellite,1,visual,4000,6,0.6,2400,0.6,0.6166666666666667,0.3833333333333333,0.3331995281284556,9ed2f51f15e95d86a8b1b19b92bdfafbe954e6ca69c281ff55a8fd5cdcac0fd0,115802fc14da3f59e03b6a824504acf7e395f4a2d3593474078a87f5cd86242f,033b6eaea71b3084ca043902f6ba03b6487bf1762a9180963357103097d172cc
sues200,sues200_uav_300m_to_satellite,1,visual,4000,7,0.7,2800,0.7,0.58,0.42000000000000004,0.3331995281284556,9ed2f51f15e95d86a8b1b19b92bdfafbe954e6ca69c281ff55a8fd5cdcac0fd0,544e60e2b1140879a6487df4cc9c402eaea995d0f6688b9234b308cbe1608c09,033b6eaea71b3084ca043902f6ba03b6487bf1762a9180963357103097d172cc
sues200,sues200_uav_300m_to_satellite,1,visual,4000,8,0.8,3200,0.8,0.549375,0.45062500000000005,0.3331995281284556,9ed2f51f15e95d86a8b1b19b92bdfafbe954e6ca69c281ff55a8fd5cdcac0fd0,b5005e524780d15dc878159eb2e00216024dfe0ff87a4fbcb6bc28a8186e170a,033b6eaea71b3084ca043902f6ba03b6487bf1762a9180963357103097d172cc
sues200,sues200_uav_300m_to_satellite,1,visual,4000,9,0.9,3600,0.9,0.5269444444444444,0.47305555555555556,0.3331995281284556,9ed2f51f15e95d86a8b1b19b92bdfafbe954e6ca69c281ff55a8fd5cdcac0fd0,e3b0a9dd57ceab26915d19815b498c5ddb69adefe032516bf015bf9673c295a1,033b6eaea71b3084ca043902f6ba03b6487bf1762a9180963357103097d172cc
sues200,sues200_uav_300m_to_satellite,1,visual,4000,10,1,4000,1,0.49675,0.50325,0.3331995281284556,9ed2f51f15e95d86a8b1b19b92bdfafbe954e6ca69c281ff55a8fd5cdcac0fd0,18f249550056a5934e3496623374de2abe89f37bf6a22061d596251bd7d4c6b7,033b6eaea71b3084ca043902f6ba03b6487bf1762a9180963357103097d172cc
sues200,sues200_uav_300m_to_satellite,1,full,4000,1,0.1,400,0.1,0.5775,0.4225,0.519108942159186,9ed2f51f15e95d86a8b1b19b92bdfafbe954e6ca69c281ff55a8fd5cdcac0fd0,9a2bdaa3ceb2ac39c65941be3ced1c91274c37cb4dc13e58d2ccbd637652581c,033b6eaea71b3084ca043902f6ba03b6487bf1762a9180963357103097d172cc
sues200,sues200_uav_300m_to_satellite,1,full,4000,2,0.2,800,0.2,0.555,0.44499999999999995,0.519108942159186,9ed2f51f15e95d86a8b1b19b92bdfafbe954e6ca69c281ff55a8fd5cdcac0fd0,45bb590ed82d0ba30c0e418db22f3a8db78e42642216d80eb003e54d22bfca58,033b6eaea71b3084ca043902f6ba03b6487bf1762a9180963357103097d172cc
sues200,sues200_uav_300m_to_satellite,1,full,4000,3,0.3,1200,0.3,0.5275,0.47250000000000003,0.519108942159186,9ed2f51f15e95d86a8b1b19b92bdfafbe954e6ca69c281ff55a8fd5cdcac0fd0,2d711d1375edccabd7f57a52830a5389267bce868097cc32bb920f3cf9be9bde,033b6eaea71b3084ca043902f6ba03b6487bf1762a9180963357103097d172cc
sues200,sues200_uav_300m_to_satellite,1,full,4000,4,0.4,1600,0.4,0.494375,0.505625,0.519108942159186,9ed2f51f15e95d86a8b1b19b92bdfafbe954e6ca69c281ff55a8fd5cdcac0fd0,7ccbad0b0213baf894b71f2a3b7ba00983a893c1196fa16b861f3ad54b110021,033b6eaea71b3084ca043902f6ba03b6487bf1762a9180963357103097d172cc
sues200,sues200_uav_300m_to_satellite,1,full,4000,5,0.5,2000,0.5,0.4675,0.5325,0.519108942159186,9ed2f51f15e95d86a8b1b19b92bdfafbe954e6ca69c281ff55a8fd5cdcac0fd0,6fafb58fbe475ce98dc9b0fc18784c8c000a9d5ddf50a2971447ac93b8eb5f48,033b6eaea71b3084ca043902f6ba03b6487bf1762a9180963357103097d172cc
sues200,sues200_uav_300m_to_satellite,1,full,4000,6,0.6,2400,0.6,0.44916666666666666,0.5508333333333333,0.519108942159186,9ed2f51f15e95d86a8b1b19b92bdfafbe954e6ca69c281ff55a8fd5cdcac0fd0,293280e065b1bcdf75ad6ff517df651e6e72f6c5ade8c963a8c9cdbc04c141fe,033b6eaea71b3084ca043902f6ba03b6487bf1762a9180963357103097d172cc
sues200,sues200_uav_300m_to_satellite,1,full,4000,7,0.7,2800,0.7,0.43357142857142855,0.5664285714285715,0.519108942159186,9ed2f51f15e95d86a8b1b19b92bdfafbe954e6ca69c281ff55a8fd5cdcac0fd0,bb247907672a39c7bad844e99f15e7980b65eb16d5063e53af7b2c2281d1d793,033b6eaea71b3084ca043902f6ba03b6487bf1762a9180963357103097d172cc
sues200,sues200_uav_300m_to_satellite,1,full,4000,8,0.8,3200,0.8,0.418125,0.5818749999999999,0.519108942159186,9ed2f51f15e95d86a8b1b19b92bdfafbe954e6ca69c281ff55a8fd5cdcac0fd0,21dd98a74804950a9b1d126147b5b723a064e306e0fbb40ae2f15fcb9b3c261e,033b6eaea71b3084ca043902f6ba03b6487bf1762a9180963357103097d172cc
sues200,sues200_uav_300m_to_satellite,1,full,4000,9,0.9,3600,0.9,0.405,0.595,0.519108942159186,9ed2f51f15e95d86a8b1b19b92bdfafbe954e6ca69c281ff55a8fd5cdcac0fd0,eb421b28a0f705dea78fb1c2a9210881d6a662ab8e9c67093b4a71c10b5ad251,033b6eaea71b3084ca043902f6ba03b6487bf1762a9180963357103097d172cc
sues200,sues200_uav_300m_to_satellite,1,full,4000,10,1,4000,1,0.38775,0.61225,0.519108942159186,9ed2f51f15e95d86a8b1b19b92bdfafbe954e6ca69c281ff55a8fd5cdcac0fd0,18f249550056a5934e3496623374de2abe89f37bf6a22061d596251bd7d4c6b7,033b6eaea71b3084ca043902f6ba03b6487bf1762a9180963357103097d172cc
sues200,sues200_uav_300m_to_satellite,2,visual,4000,1,0.1,400,0.1,0.815,0.18500000000000005,0.34355857947268365,9ed2f51f15e95d86a8b1b19b92bdfafbe954e6ca69c281ff55a8fd5cdcac0fd0,94a66686cfca12a2ef46046e5a4ffcd6f7b827d3304fb6c77fe650e83a1bf207,033b6eaea71b3084ca043902f6ba03b6487bf1762a9180963357103097d172cc
sues200,sues200_uav_300m_to_satellite,2,visual,4000,2,0.2,800,0.2,0.78,0.21999999999999997,0.34355857947268365,9ed2f51f15e95d86a8b1b19b92bdfafbe954e6ca69c281ff55a8fd5cdcac0fd0,3b4f7497f40f8c1865a057574501a57752f9c2153510a043078088d014fd1b1d,033b6eaea71b3084ca043902f6ba03b6487bf1762a9180963357103097d172cc
sues200,sues200_uav_300m_to_satellite,2,visual,4000,3,0.3,1200,0.3,0.7291666666666666,0.27083333333333337,0.34355857947268365,9ed2f51f15e95d86a8b1b19b92bdfafbe954e6ca69c281ff55a8fd5cdcac0fd0,0f01bf1337882024eb25efbed2265c137e47f366e7a602aefeea42164ac18e4e,033b6eaea71b3084ca043902f6ba03b6487bf1762a9180963357103097d172cc
sues200,sues200_uav_300m_to_satellite,2,visual,4000,4,0.4,1600,0.4,0.681875,0.318125,0.34355857947268365,9ed2f51f15e95d86a8b1b19b92bdfafbe954e6ca69c281ff55a8fd5cdcac0fd0,ee7ed0e5e7fbe3e0d375d4a5733ff3eb7221dc8c86b3fbfcf4548ae7dfe60511,033b6eaea71b3084ca043902f6ba03b6487bf1762a9180963357103097d172cc
sues200,sues200_uav_300m_to_satellite,2,visual,4000,5,0.5,2000,0.5,0.645,0.355,0.34355857947268365,9ed2f51f15e95d86a8b1b19b92bdfafbe954e6ca69c281ff55a8fd5cdcac0fd0,37d5190dde676902d00daeb9360ef8edd0e301ca20052c3b2e8c31feaf0aba41,033b6eaea71b3084ca043902f6ba03b6487bf1762a9180963357103097d172cc
sues200,sues200_uav_300m_to_satellite,2,visual,4000,6,0.6,2400,0.6,0.605,0.395,0.34355857947268365,9ed2f51f15e95d86a8b1b19b92bdfafbe954e6ca69c281ff55a8fd5cdcac0fd0,3f6ca53fb6b1b783e8bafffd82e70b1df6b8152193d974d97f1569f66651d65d,033b6eaea71b3084ca043902f6ba03b6487bf1762a9180963357103097d172cc
sues200,sues200_uav_300m_to_satellite,2,visual,4000,7,0.7,2800,0.7,0.5792857142857143,0.4207142857142857,0.34355857947268365,9ed2f51f15e95d86a8b1b19b92bdfafbe954e6ca69c281ff55a8fd5cdcac0fd0,4d2d272e1e4c23be8cc36bb78a369e7997fedefab55088016ba868b2f5f979aa,033b6eaea71b3084ca043902f6ba03b6487bf1762a9180963357103097d172cc
sues200,sues200_uav_300m_to_satellite,2,visual,4000,8,0.8,3200,0.8,0.550625,0.44937499999999997,0.34355857947268365,9ed2f51f15e95d86a8b1b19b92bdfafbe954e6ca69c281ff55a8fd5cdcac0fd0,7182bc9050c4f50696e178321147aba547ab081950aa19b644bf570ca422875c,033b6eaea71b3084ca043902f6ba03b6487bf1762a9180963357103097d172cc
sues200,sues200_uav_300m_to_satellite,2,visual,4000,9,0.9,3600,0.9,0.5225,0.47750000000000004,0.34355857947268365,9ed2f51f15e95d86a8b1b19b92bdfafbe954e6ca69c281ff55a8fd5cdcac0fd0,afd720bd49ab501a04cabf45fc140bfb90df45c1db493c3c8b8fe8c788be6fd5,033b6eaea71b3084ca043902f6ba03b6487bf1762a9180963357103097d172cc
sues200,sues200_uav_300m_to_satellite,2,visual,4000,10,1,4000,1,0.494,0.506,0.34355857947268365,9ed2f51f15e95d86a8b1b19b92bdfafbe954e6ca69c281ff55a8fd5cdcac0fd0,18f249550056a5934e3496623374de2abe89f37bf6a22061d596251bd7d4c6b7,033b6eaea71b3084ca043902f6ba03b6487bf1762a9180963357103097d172cc
sues200,sues200_uav_300m_to_satellite,2,full,4000,1,0.1,400,0.1,0.5825,0.4175,0.5141849016353711,9ed2f51f15e95d86a8b1b19b92bdfafbe954e6ca69c281ff55a8fd5cdcac0fd0,e36276dc2b9edff2e906f63ec710c64c3532f44773820c3dc2d95ba258060ae7,033b6eaea71b3084ca043902f6ba03b6487bf1762a9180963357103097d172cc
sues200,sues200_uav_300m_to_satellite,2,full,4000,2,0.2,800,0.2,0.5575,0.4425,0.5141849016353711,9ed2f51f15e95d86a8b1b19b92bdfafbe954e6ca69c281ff55a8fd5cdcac0fd0,e604b06e1978547dfc031c98d99b90507366d7c3ee826f114386340ba30a280a,033b6eaea71b3084ca043902f6ba03b6487bf1762a9180963357103097d172cc
sues200,sues200_uav_300m_to_satellite,2,full,4000,3,0.3,1200,0.3,0.5216666666666666,0.4783333333333334,0.5141849016353711,9ed2f51f15e95d86a8b1b19b92bdfafbe954e6ca69c281ff55a8fd5cdcac0fd0,28644e53148fa0bcbc34fb1ce60398c5556e62dd50061d5d05641ec2a8fc0d29,033b6eaea71b3084ca043902f6ba03b6487bf1762a9180963357103097d172cc
sues200,sues200_uav_300m_to_satellite,2,full,4000,4,0.4,1600,0.4,0.503125,0.49687499999999996,0.5141849016353711,9ed2f51f15e95d86a8b1b19b92bdfafbe954e6ca69c281ff55a8fd5cdcac0fd0,1f936c63f8180f762b7340f23549cfec6f61c3a09e9b405246f4d39891298766,033b6eaea71b3084ca043902f6ba03b6487bf1762a9180963357103097d172cc
sues200,sues200_uav_300m_to_satellite,2,full,4000,5,0.5,2000,0.5,0.4825,0.5175000000000001,0.5141849016353711,9ed2f51f15e95d86a8b1b19b92bdfafbe954e6ca69c281ff55a8fd5cdcac0fd0,81cc1d25668d73fa18e9de6054af26bdd4ae188117e3fc079ea9d5b63e6ed2ea,033b6eaea71b3084ca043902f6ba03b6487bf1762a9180963357103097d172cc
sues200,sues200_uav_300m_to_satellite,2,full,4000,6,0.6,2400,0.6,0.46,0.54,0.5141849016353711,9ed2f51f15e95d86a8b1b19b92bdfafbe954e6ca69c281ff55a8fd5cdcac0fd0,e3f1c51288d3dcddee995cc4681c1c09274108a9fc1741566024d5c88b94aff3,033b6eaea71b3084ca043902f6ba03b6487bf1762a9180963357103097d172cc
sues200,sues200_uav_300m_to_satellite,2,full,4000,7,0.7,2800,0.7,0.4496428571428571,0.5503571428571429,0.5141849016353711,9ed2f51f15e95d86a8b1b19b92bdfafbe954e6ca69c281ff55a8fd5cdcac0fd0,10946f41659cea712bb9aa0313d1542b185fab5db221802a612f572a18b8e6e2,033b6eaea71b3084ca043902f6ba03b6487bf1762a9180963357103097d172cc
sues200,sues200_uav_300m_to_satellite,2,full,4000,8,0.8,3200,0.8,0.4278125,0.5721875000000001,0.5141849016353711,9ed2f51f15e95d86a8b1b19b92bdfafbe954e6ca69c281ff55a8fd5cdcac0fd0,cf91a1cdbedf8db0cede321514bb3c286de4ddcb0155c55290f2736933c8bc37,033b6eaea71b3084ca043902f6ba03b6487bf1762a9180963357103097d172cc
sues200,sues200_uav_300m_to_satellite,2,full,4000,9,0.9,3600,0.9,0.4077777777777778,0.5922222222222222,0.5141849016353711,9ed2f51f15e95d86a8b1b19b92bdfafbe954e6ca69c281ff55a8fd5cdcac0fd0,68f41a9766c1089ab763ba2e2be918f0da974bcc8a894511e36acc4886ab4ef9,033b6eaea71b3084ca043902f6ba03b6487bf1762a9180963357103097d172cc
sues200,sues200_uav_300m_to_satellite,2,full,4000,10,1,4000,1,0.39025,0.60975,0.5141849016353711,9ed2f51f15e95d86a8b1b19b92bdfafbe954e6ca69c281ff55a8fd5cdcac0fd0,18f249550056a5934e3496623374de2abe89f37bf6a22061d596251bd7d4c6b7,033b6eaea71b3084ca043902f6ba03b6487bf1762a9180963357103097d172cc
sues200,sues200_uav_300m_to_satellite,3,visual,4000,1,0.1,400,0.1,0.8675,0.13249999999999995,0.320222881300539,9ed2f51f15e95d86a8b1b19b92bdfafbe954e6ca69c281ff55a8fd5cdcac0fd0,ead6fb1ea6946781cf071fcfa98c446b2803348ad4b0097e31bad49f644d850d,033b6eaea71b3084ca043902f6ba03b6487bf1762a9180963357103097d172cc
sues200,sues200_uav_300m_to_satellite,3,visual,4000,2,0.2,800,0.2,0.795,0.20499999999999996,0.320222881300539,9ed2f51f15e95d86a8b1b19b92bdfafbe954e6ca69c281ff55a8fd5cdcac0fd0,6baa897434efbdeebaa84e886990c57e584534471b2d1843fb0df55042ab4a86,033b6eaea71b3084ca043902f6ba03b6487bf1762a9180963357103097d172cc
sues200,sues200_uav_300m_to_satellite,3,visual,4000,3,0.3,1200,0.3,0.7516666666666667,0.2483333333333333,0.320222881300539,9ed2f51f15e95d86a8b1b19b92bdfafbe954e6ca69c281ff55a8fd5cdcac0fd0,c9ae696c5baad3812403055bf46a333d7fc6f60450b6be13a62f7e04a4e94e26,033b6eaea71b3084ca043902f6ba03b6487bf1762a9180963357103097d172cc
sues200,sues200_uav_300m_to_satellite,3,visual,4000,4,0.4,1600,0.4,0.705,0.29500000000000004,0.320222881300539,9ed2f51f15e95d86a8b1b19b92bdfafbe954e6ca69c281ff55a8fd5cdcac0fd0,993767372abee7e4cdc29b2c586cda93c0fe253b41da9261091bc5e2ba6151da,033b6eaea71b3084ca043902f6ba03b6487bf1762a9180963357103097d172cc
sues200,sues200_uav_300m_to_satellite,3,visual,4000,5,0.5,2000,0.5,0.661,0.33899999999999997,0.320222881300539,9ed2f51f15e95d86a8b1b19b92bdfafbe954e6ca69c281ff55a8fd5cdcac0fd0,11c5d33f8bdd3b1e2474220a20f8624bd5ae50e349c48486aef960827b53132c,033b6eaea71b3084ca043902f6ba03b6487bf1762a9180963357103097d172cc
sues200,sues200_uav_300m_to_satellite,3,visual,4000,6,0.6,2400,0.6,0.6208333333333333,0.37916666666666665,0.320222881300539,9ed2f51f15e95d86a8b1b19b92bdfafbe954e6ca69c281ff55a8fd5cdcac0fd0,184749ce9ae87ff57f8d2c1abd6ec5d62a0822edf9bc158793123eaaa5fee752,033b6eaea71b3084ca043902f6ba03b6487bf1762a9180963357103097d172cc
sues200,sues200_uav_300m_to_satellite,3,visual,4000,7,0.7,2800,0.7,0.5853571428571429,0.4146428571428571,0.320222881300539,9ed2f51f15e95d86a8b1b19b92bdfafbe954e6ca69c281ff55a8fd5cdcac0fd0,9c28b05af9f9f494658afff1f36c8b421d14d221eb408fcf14c665e8d62358bb,033b6eaea71b3084ca043902f6ba03b6487bf1762a9180963357103097d172cc
sues200,sues200_uav_300m_to_satellite,3,visual,4000,8,0.8,3200,0.8,0.5540625,0.4459375,0.320222881300539,9ed2f51f15e95d86a8b1b19b92bdfafbe954e6ca69c281ff55a8fd5cdcac0fd0,2bb904beff65489d51d90fe7780481302009f5bb84d454c03d93c41d717fa273,033b6eaea71b3084ca043902f6ba03b6487bf1762a9180963357103097d172cc
sues200,sues200_uav_300m_to_satellite,3,visual,4000,9,0.9,3600,0.9,0.5266666666666666,0.4733333333333334,0.320222881300539,9ed2f51f15e95d86a8b1b19b92bdfafbe954e6ca69c281ff55a8fd5cdcac0fd0,88e0fa6d853240af7b70feaccbdca7afd3ad6278848134bc9cfeea6c914a8307,033b6eaea71b3084ca043902f6ba03b6487bf1762a9180963357103097d172cc
sues200,sues200_uav_300m_to_satellite,3,visual,4000,10,1,4000,1,0.5005,0.49950000000000006,0.320222881300539,9ed2f51f15e95d86a8b1b19b92bdfafbe954e6ca69c281ff55a8fd5cdcac0fd0,18f249550056a5934e3496623374de2abe89f37bf6a22061d596251bd7d4c6b7,033b6eaea71b3084ca043902f6ba03b6487bf1762a9180963357103097d172cc
sues200,sues200_uav_300m_to_satellite,3,full,4000,1,0.1,400,0.1,0.665,0.33499999999999996,0.4884313670124064,9ed2f51f15e95d86a8b1b19b92bdfafbe954e6ca69c281ff55a8fd5cdcac0fd0,fb31702a307baafd69495b9eb1e224c9a5a3ef46af9d14ef0f2d3e8efd82455f,033b6eaea71b3084ca043902f6ba03b6487bf1762a9180963357103097d172cc
sues200,sues200_uav_300m_to_satellite,3,full,4000,2,0.2,800,0.2,0.6525,0.34750000000000003,0.4884313670124064,9ed2f51f15e95d86a8b1b19b92bdfafbe954e6ca69c281ff55a8fd5cdcac0fd0,1a17c925ca801591ee55a6fc23ac5bd5908146d2b47ae0def40a886217dd3868,033b6eaea71b3084ca043902f6ba03b6487bf1762a9180963357103097d172cc
sues200,sues200_uav_300m_to_satellite,3,full,4000,3,0.3,1200,0.3,0.595,0.405,0.4884313670124064,9ed2f51f15e95d86a8b1b19b92bdfafbe954e6ca69c281ff55a8fd5cdcac0fd0,a78d04636486dea8484740717ea60290af4e5f387544527ddd3aa248cf82e1af,033b6eaea71b3084ca043902f6ba03b6487bf1762a9180963357103097d172cc
sues200,sues200_uav_300m_to_satellite,3,full,4000,4,0.4,1600,0.4,0.545,0.45499999999999996,0.4884313670124064,9ed2f51f15e95d86a8b1b19b92bdfafbe954e6ca69c281ff55a8fd5cdcac0fd0,9df92417af0f196fbd61d2ccd27e4241369bb2675f38e3f4b6330baf1e44214a,033b6eaea71b3084ca043902f6ba03b6487bf1762a9180963357103097d172cc
sues200,sues200_uav_300m_to_satellite,3,full,4000,5,0.5,2000,0.5,0.507,0.493,0.4884313670124064,9ed2f51f15e95d86a8b1b19b92bdfafbe954e6ca69c281ff55a8fd5cdcac0fd0,fc308e4186704daf8d4c37e15a5ed221a3d8f4e670f29ce6f1464fed66adf25b,033b6eaea71b3084ca043902f6ba03b6487bf1762a9180963357103097d172cc
sues200,sues200_uav_300m_to_satellite,3,full,4000,6,0.6,2400,0.6,0.47541666666666665,0.5245833333333334,0.4884313670124064,9ed2f51f15e95d86a8b1b19b92bdfafbe954e6ca69c281ff55a8fd5cdcac0fd0,2c0030a97b6b557ac6bc912ae2b7f1cf64abeb0b3ca46abd070971f097cf3b57,033b6eaea71b3084ca043902f6ba03b6487bf1762a9180963357103097d172cc
sues200,sues200_uav_300m_to_satellite,3,full,4000,7,0.7,2800,0.7,0.4496428571428571,0.5503571428571429,0.4884313670124064,9ed2f51f15e95d86a8b1b19b92bdfafbe954e6ca69c281ff55a8fd5cdcac0fd0,802c87b1409a7ecf6f829f73cbf9d328ec24cbd7b568392921708a6551a2284f,033b6eaea71b3084ca043902f6ba03b6487bf1762a9180963357103097d172cc
sues200,sues200_uav_300m_to_satellite,3,full,4000,8,0.8,3200,0.8,0.4225,0.5775,0.4884313670124064,9ed2f51f15e95d86a8b1b19b92bdfafbe954e6ca69c281ff55a8fd5cdcac0fd0,55216ad8b111a6b39e602c6767a45c2266963b7a83f4a3de3c923b03d3447500,033b6eaea71b3084ca043902f6ba03b6487bf1762a9180963357103097d172cc
sues200,sues200_uav_300m_to_satellite,3,full,4000,9,0.9,3600,0.9,0.4008333333333333,0.5991666666666666,0.4884313670124064,9ed2f51f15e95d86a8b1b19b92bdfafbe954e6ca69c281ff55a8fd5cdcac0fd0,f81e0bed7b78e2998671cdaa3599c13bec59a6fef0061cabba99ae4fff4e1798,033b6eaea71b3084ca043902f6ba03b6487bf1762a9180963357103097d172cc
sues200,sues200_uav_300m_to_satellite,3,full,4000,10,1,4000,1,0.375,0.625,0.4884313670124064,9ed2f51f15e95d86a8b1b19b92bdfafbe954e6ca69c281ff55a8fd5cdcac0fd0,18f249550056a5934e3496623374de2abe89f37bf6a22061d596251bd7d4c6b7,033b6eaea71b3084ca043902f6ba03b6487bf1762a9180963357103097d172cc
sues200,sues200_satellite_to_uav_300m,1,visual,80,1,0.1,8,0.1,0.75,0.25,0.28575765777362455,a0024554fabfdcd03efe8d46da3c80414baa16d26cf6a40d05e521ce55eeaddc,0f9316a1056efe18cef62a804eec517551861b1cb00d1b87d33d96d49427fd27,033b6eaea71b3084ca043902f6ba03b6487bf1762a9180963357103097d172cc
sues200,sues200_satellite_to_uav_300m,1,visual,80,2,0.2,16,0.2,0.75,0.25,0.28575765777362455,a0024554fabfdcd03efe8d46da3c80414baa16d26cf6a40d05e521ce55eeaddc,870e798d151db0816ba272e38e8f358f6a6ae72f1cdbaf9fa3b67ed6fd33bc44,033b6eaea71b3084ca043902f6ba03b6487bf1762a9180963357103097d172cc
sues200,sues200_satellite_to_uav_300m,1,visual,80,3,0.3,24,0.3,0.7083333333333334,0.29166666666666663,0.28575765777362455,a0024554fabfdcd03efe8d46da3c80414baa16d26cf6a40d05e521ce55eeaddc,ca1705bb3afd52564c77b0e7bd4dab9d8493ea24aa813e2cc5a92c2538833218,033b6eaea71b3084ca043902f6ba03b6487bf1762a9180963357103097d172cc
sues200,sues200_satellite_to_uav_300m,1,visual,80,4,0.4,32,0.4,0.6875,0.3125,0.28575765777362455,a0024554fabfdcd03efe8d46da3c80414baa16d26cf6a40d05e521ce55eeaddc,32fb5834f4c5a83608541b181faa0e3d098ee7f39c9f63c18831868c06de3528,033b6eaea71b3084ca043902f6ba03b6487bf1762a9180963357103097d172cc
sues200,sues200_satellite_to_uav_300m,1,visual,80,5,0.5,40,0.5,0.75,0.25,0.28575765777362455,a0024554fabfdcd03efe8d46da3c80414baa16d26cf6a40d05e521ce55eeaddc,6fcbfee4552bc488b7c1306fb27823884466a1632e6f63bc6b050e15e36e20f8,033b6eaea71b3084ca043902f6ba03b6487bf1762a9180963357103097d172cc
sues200,sues200_satellite_to_uav_300m,1,visual,80,6,0.6,48,0.6,0.7291666666666666,0.27083333333333337,0.28575765777362455,a0024554fabfdcd03efe8d46da3c80414baa16d26cf6a40d05e521ce55eeaddc,d668bd4df1839f8020ad3da1638f37683cc4e5a2e361a0e2c04bc7b95ed3f3f9,033b6eaea71b3084ca043902f6ba03b6487bf1762a9180963357103097d172cc
sues200,sues200_satellite_to_uav_300m,1,visual,80,7,0.7,56,0.7,0.7142857142857143,0.2857142857142857,0.28575765777362455,a0024554fabfdcd03efe8d46da3c80414baa16d26cf6a40d05e521ce55eeaddc,cd34e33b1c359b5eebba0f743de62c1874f4502243a712c20ea1c762a2eee9b3,033b6eaea71b3084ca043902f6ba03b6487bf1762a9180963357103097d172cc
sues200,sues200_satellite_to_uav_300m,1,visual,80,8,0.8,64,0.8,0.71875,0.28125,0.28575765777362455,a0024554fabfdcd03efe8d46da3c80414baa16d26cf6a40d05e521ce55eeaddc,7e49f2503bc38996f51780cd0f1b15f08868770991a6ff4f318dc8bd513e84b1,033b6eaea71b3084ca043902f6ba03b6487bf1762a9180963357103097d172cc
sues200,sues200_satellite_to_uav_300m,1,visual,80,9,0.9,72,0.9,0.7083333333333334,0.29166666666666663,0.28575765777362455,a0024554fabfdcd03efe8d46da3c80414baa16d26cf6a40d05e521ce55eeaddc,596bed14d5329a7c57b08d28d40574cfb56deb054aec8090e9c6186c491eb498,033b6eaea71b3084ca043902f6ba03b6487bf1762a9180963357103097d172cc
sues200,sues200_satellite_to_uav_300m,1,visual,80,10,1,80,1,0.7,0.30000000000000004,0.28575765777362455,a0024554fabfdcd03efe8d46da3c80414baa16d26cf6a40d05e521ce55eeaddc,79fa3b3356020254021629e96d31e3f0d5a3a18f7c09b007ca16a9d342694d86,033b6eaea71b3084ca043902f6ba03b6487bf1762a9180963357103097d172cc
sues200,sues200_satellite_to_uav_300m,1,full,80,1,0.1,8,0.1,0.625,0.375,0.36959076985948913,a0024554fabfdcd03efe8d46da3c80414baa16d26cf6a40d05e521ce55eeaddc,f6130519a46eaeaa552edc498679e4744cd05403c0cac4fc4c34a4a78e784a61,033b6eaea71b3084ca043902f6ba03b6487bf1762a9180963357103097d172cc
sues200,sues200_satellite_to_uav_300m,1,full,80,2,0.2,16,0.2,0.6875,0.3125,0.36959076985948913,a0024554fabfdcd03efe8d46da3c80414baa16d26cf6a40d05e521ce55eeaddc,1a5ae09ef34a51417e80a55288cd2772ace7432b7ce536a6b973c9026c93f8ab,033b6eaea71b3084ca043902f6ba03b6487bf1762a9180963357103097d172cc
sues200,sues200_satellite_to_uav_300m,1,full,80,3,0.3,24,0.3,0.625,0.375,0.36959076985948913,a0024554fabfdcd03efe8d46da3c80414baa16d26cf6a40d05e521ce55eeaddc,63d1b11cf87ece454838f28642028cbb8d21dc39558249fb5403c5e44bfcae4b,033b6eaea71b3084ca043902f6ba03b6487bf1762a9180963357103097d172cc
sues200,sues200_satellite_to_uav_300m,1,full,80,4,0.4,32,0.4,0.6875,0.3125,0.36959076985948913,a0024554fabfdcd03efe8d46da3c80414baa16d26cf6a40d05e521ce55eeaddc,c138668c707e98efd2b764ed32fafc1619d3a65deabbc8ad7d4fd31e242b4c6b,033b6eaea71b3084ca043902f6ba03b6487bf1762a9180963357103097d172cc
sues200,sues200_satellite_to_uav_300m,1,full,80,5,0.5,40,0.5,0.65,0.35,0.36959076985948913,a0024554fabfdcd03efe8d46da3c80414baa16d26cf6a40d05e521ce55eeaddc,76e5d2abd31db73ac5b310f2bba52705ddf6ba753c4e759196a49aab8b2dcc83,033b6eaea71b3084ca043902f6ba03b6487bf1762a9180963357103097d172cc
sues200,sues200_satellite_to_uav_300m,1,full,80,6,0.6,48,0.6,0.6458333333333334,0.35416666666666663,0.36959076985948913,a0024554fabfdcd03efe8d46da3c80414baa16d26cf6a40d05e521ce55eeaddc,021cae1113db65ed8d98a10c3baeffdcf08d244e36dc1ac82dc70f50c179c238,033b6eaea71b3084ca043902f6ba03b6487bf1762a9180963357103097d172cc
sues200,sues200_satellite_to_uav_300m,1,full,80,7,0.7,56,0.7,0.5892857142857143,0.4107142857142857,0.36959076985948913,a0024554fabfdcd03efe8d46da3c80414baa16d26cf6a40d05e521ce55eeaddc,970f35ffdcd2db2c177af843a74fbc2f93abe1094f6445867d274895b24c5296,033b6eaea71b3084ca043902f6ba03b6487bf1762a9180963357103097d172cc
sues200,sues200_satellite_to_uav_300m,1,full,80,8,0.8,64,0.8,0.625,0.375,0.36959076985948913,a0024554fabfdcd03efe8d46da3c80414baa16d26cf6a40d05e521ce55eeaddc,906415b5873211e636ee3b8a90f8740d5804e14aa66261b8faf4a979cafbb03b,033b6eaea71b3084ca043902f6ba03b6487bf1762a9180963357103097d172cc
sues200,sues200_satellite_to_uav_300m,1,full,80,9,0.9,72,0.9,0.6111111111111112,0.38888888888888884,0.36959076985948913,a0024554fabfdcd03efe8d46da3c80414baa16d26cf6a40d05e521ce55eeaddc,bf9de10f50913a91d538410e9f8b19de3450b09e4b110c3bed12688448f53012,033b6eaea71b3084ca043902f6ba03b6487bf1762a9180963357103097d172cc
sues200,sues200_satellite_to_uav_300m,1,full,80,10,1,80,1,0.6,0.4,0.36959076985948913,a0024554fabfdcd03efe8d46da3c80414baa16d26cf6a40d05e521ce55eeaddc,79fa3b3356020254021629e96d31e3f0d5a3a18f7c09b007ca16a9d342694d86,033b6eaea71b3084ca043902f6ba03b6487bf1762a9180963357103097d172cc
sues200,sues200_satellite_to_uav_300m,2,visual,80,1,0.1,8,0.1,1,0,0.22040411623429446,a0024554fabfdcd03efe8d46da3c80414baa16d26cf6a40d05e521ce55eeaddc,1dae589a24a7e3da2fe468845f0fb217bbfc97f49ce99db69130e4fa077c70f4,033b6eaea71b3084ca043902f6ba03b6487bf1762a9180963357103097d172cc
sues200,sues200_satellite_to_uav_300m,2,visual,80,2,0.2,16,0.2,0.75,0.25,0.22040411623429446,a0024554fabfdcd03efe8d46da3c80414baa16d26cf6a40d05e521ce55eeaddc,495bc427022a1fc79d2bc76ab1fa6fac775356d0a7e336f3fe4fdd0a74b316f0,033b6eaea71b3084ca043902f6ba03b6487bf1762a9180963357103097d172cc
sues200,sues200_satellite_to_uav_300m,2,visual,80,3,0.3,24,0.3,0.75,0.25,0.22040411623429446,a0024554fabfdcd03efe8d46da3c80414baa16d26cf6a40d05e521ce55eeaddc,9e0d72d3a87d3df4dba311148ef2ccdea57617db3ddcd753643ad9668a68bf88,033b6eaea71b3084ca043902f6ba03b6487bf1762a9180963357103097d172cc
sues200,sues200_satellite_to_uav_300m,2,visual,80,4,0.4,32,0.4,0.71875,0.28125,0.22040411623429446,a0024554fabfdcd03efe8d46da3c80414baa16d26cf6a40d05e521ce55eeaddc,6d656f563c5f04516d77f545f2c01e0172672f659c2b9635dcf061adf466321b,033b6eaea71b3084ca043902f6ba03b6487bf1762a9180963357103097d172cc
sues200,sues200_satellite_to_uav_300m,2,visual,80,5,0.5,40,0.5,0.725,0.275,0.22040411623429446,a0024554fabfdcd03efe8d46da3c80414baa16d26cf6a40d05e521ce55eeaddc,5c1a534b42b6a33837802ddb5d5cbafedc1684b09343d62c720cb23d941d5a51,033b6eaea71b3084ca043902f6ba03b6487bf1762a9180963357103097d172cc
sues200,sues200_satellite_to_uav_300m,2,visual,80,6,0.6,48,0.6,0.75,0.25,0.22040411623429446,a0024554fabfdcd03efe8d46da3c80414baa16d26cf6a40d05e521ce55eeaddc,1eff4d3805221848431392a6895ab6704b28225249dd848736b309571f40b89e,033b6eaea71b3084ca043902f6ba03b6487bf1762a9180963357103097d172cc
sues200,sues200_satellite_to_uav_300m,2,visual,80,7,0.7,56,0.7,0.7321428571428571,0.2678571428571429,0.22040411623429446,a0024554fabfdcd03efe8d46da3c80414baa16d26cf6a40d05e521ce55eeaddc,7f720797ff300e748df8a7ba4727b5afffbfce1e11e1f5603881b77c2b160772,033b6eaea71b3084ca043902f6ba03b6487bf1762a9180963357103097d172cc
sues200,sues200_satellite_to_uav_300m,2,visual,80,8,0.8,64,0.8,0.75,0.25,0.22040411623429446,a0024554fabfdcd03efe8d46da3c80414baa16d26cf6a40d05e521ce55eeaddc,6270dd317b2cb96b5584089d8119d939d475e1b9966ce3047e66e1b3de24b33d,033b6eaea71b3084ca043902f6ba03b6487bf1762a9180963357103097d172cc
sues200,sues200_satellite_to_uav_300m,2,visual,80,9,0.9,72,0.9,0.75,0.25,0.22040411623429446,a0024554fabfdcd03efe8d46da3c80414baa16d26cf6a40d05e521ce55eeaddc,dcc3b3e87fb7373469fffb99b78930c997f99418e82b673fc133eaf0cf010e2a,033b6eaea71b3084ca043902f6ba03b6487bf1762a9180963357103097d172cc
sues200,sues200_satellite_to_uav_300m,2,visual,80,10,1,80,1,0.7375,0.26249999999999996,0.22040411623429446,a0024554fabfdcd03efe8d46da3c80414baa16d26cf6a40d05e521ce55eeaddc,79fa3b3356020254021629e96d31e3f0d5a3a18f7c09b007ca16a9d342694d86,033b6eaea71b3084ca043902f6ba03b6487bf1762a9180963357103097d172cc
sues200,sues200_satellite_to_uav_300m,2,full,80,1,0.1,8,0.1,0.75,0.25,0.38968341513802873,a0024554fabfdcd03efe8d46da3c80414baa16d26cf6a40d05e521ce55eeaddc,5b9dd9d0ad0d035f63ca696a71e717b7557eeb40ee7277bd85170a20914a3fd5,033b6eaea71b3084ca043902f6ba03b6487bf1762a9180963357103097d172cc
sues200,sues200_satellite_to_uav_300m,2,full,80,2,0.2,16,0.2,0.6875,0.3125,0.38968341513802873,a0024554fabfdcd03efe8d46da3c80414baa16d26cf6a40d05e521ce55eeaddc,eeb3e2573eb935bbd931ada81c33d8d35df0fe5bb8cd3334b642b1f51422fe3e,033b6eaea71b3084ca043902f6ba03b6487bf1762a9180963357103097d172cc
sues200,sues200_satellite_to_uav_300m,2,full,80,3,0.3,24,0.3,0.6666666666666666,0.33333333333333337,0.38968341513802873,a0024554fabfdcd03efe8d46da3c80414baa16d26cf6a40d05e521ce55eeaddc,c37d0d5abf1b327862e6533567420c9b9b36c3dd76b4aaa8d0db156a8eca4b01,033b6eaea71b3084ca043902f6ba03b6487bf1762a9180963357103097d172cc
sues200,sues200_satellite_to_uav_300m,2,full,80,4,0.4,32,0.4,0.625,0.375,0.38968341513802873,a0024554fabfdcd03efe8d46da3c80414baa16d26cf6a40d05e521ce55eeaddc,160ae847815e23d5d75c1ef26b4e33562e790004a1d77741b47b427a6be17aa8,033b6eaea71b3084ca043902f6ba03b6487bf1762a9180963357103097d172cc
sues200,sues200_satellite_to_uav_300m,2,full,80,5,0.5,40,0.5,0.6,0.4,0.38968341513802873,a0024554fabfdcd03efe8d46da3c80414baa16d26cf6a40d05e521ce55eeaddc,47128823de864b7a6dfef98f790f8f3a2e55585ea6b3cd8f2ba6048c510fe78f,033b6eaea71b3084ca043902f6ba03b6487bf1762a9180963357103097d172cc
sues200,sues200_satellite_to_uav_300m,2,full,80,6,0.6,48,0.6,0.5833333333333334,0.41666666666666663,0.38968341513802873,a0024554fabfdcd03efe8d46da3c80414baa16d26cf6a40d05e521ce55eeaddc,c5d3f960caa08f9804d78cee4d940999fc892572da6b17e3457e72e2fc5702dd,033b6eaea71b3084ca043902f6ba03b6487bf1762a9180963357103097d172cc
sues200,sues200_satellite_to_uav_300m,2,full,80,7,0.7,56,0.7,0.5535714285714286,0.4464285714285714,0.38968341513802873,a0024554fabfdcd03efe8d46da3c80414baa16d26cf6a40d05e521ce55eeaddc,5b9f9025e88b083c98ce76e26881a4f8fe03695494fb7af5c93861c2b8f26454,033b6eaea71b3084ca043902f6ba03b6487bf1762a9180963357103097d172cc
sues200,sues200_satellite_to_uav_300m,2,full,80,8,0.8,64,0.8,0.578125,0.421875,0.38968341513802873,a0024554fabfdcd03efe8d46da3c80414baa16d26cf6a40d05e521ce55eeaddc,222ec1b5881aea963c006fa0b8f006c2c1911247be90db0f8f3f7489b9144d45,033b6eaea71b3084ca043902f6ba03b6487bf1762a9180963357103097d172cc
sues200,sues200_satellite_to_uav_300m,2,full,80,9,0.9,72,0.9,0.5972222222222222,0.4027777777777778,0.38968341513802873,a0024554fabfdcd03efe8d46da3c80414baa16d26cf6a40d05e521ce55eeaddc,dc4b3d024a60bfc4371220703c97a7a7a9579697ce9a0391d27f2c85a517eca1,033b6eaea71b3084ca043902f6ba03b6487bf1762a9180963357103097d172cc
sues200,sues200_satellite_to_uav_300m,2,full,80,10,1,80,1,0.575,0.42500000000000004,0.38968341513802873,a0024554fabfdcd03efe8d46da3c80414baa16d26cf6a40d05e521ce55eeaddc,79fa3b3356020254021629e96d31e3f0d5a3a18f7c09b007ca16a9d342694d86,033b6eaea71b3084ca043902f6ba03b6487bf1762a9180963357103097d172cc
sues200,sues200_satellite_to_uav_300m,3,visual,80,1,0.1,8,0.1,0.875,0.125,0.21830190310540482,a0024554fabfdcd03efe8d46da3c80414baa16d26cf6a40d05e521ce55eeaddc,04a1ef5943196aa1ccc06b35b82c9d279fb5558a9747357c644cee1578985063,033b6eaea71b3084ca043902f6ba03b6487bf1762a9180963357103097d172cc
sues200,sues200_satellite_to_uav_300m,3,visual,80,2,0.2,16,0.2,0.8125,0.1875,0.21830190310540482,a0024554fabfdcd03efe8d46da3c80414baa16d26cf6a40d05e521ce55eeaddc,8ce99c14469353420aa76a96a576217e8eb1307fd6edb1feb4d5f30356c48ec2,033b6eaea71b3084ca043902f6ba03b6487bf1762a9180963357103097d172cc
sues200,sues200_satellite_to_uav_300m,3,visual,80,3,0.3,24,0.3,0.7916666666666666,0.20833333333333337,0.21830190310540482,a0024554fabfdcd03efe8d46da3c80414baa16d26cf6a40d05e521ce55eeaddc,f6c7c464e7eab6ab0dbd0ca95e3d00fc0b2211ce3c8da879057837ff8e558631,033b6eaea71b3084ca043902f6ba03b6487bf1762a9180963357103097d172cc
sues200,sues200_satellite_to_uav_300m,3,visual,80,4,0.4,32,0.4,0.78125,0.21875,0.21830190310540482,a0024554fabfdcd03efe8d46da3c80414baa16d26cf6a40d05e521ce55eeaddc,81757b54ee247ccf2c48135f4510953fff13ec504ff16ff81790275f01249dfd,033b6eaea71b3084ca043902f6ba03b6487bf1762a9180963357103097d172cc
sues200,sues200_satellite_to_uav_300m,3,visual,80,5,0.5,40,0.5,0.775,0.22499999999999998,0.21830190310540482,a0024554fabfdcd03efe8d46da3c80414baa16d26cf6a40d05e521ce55eeaddc,21dba16c60fc8fb5d0c9a39783df9a2b436011421b37653e7322f89a492f43ab,033b6eaea71b3084ca043902f6ba03b6487bf1762a9180963357103097d172cc
sues200,sues200_satellite_to_uav_300m,3,visual,80,6,0.6,48,0.6,0.7708333333333334,0.22916666666666663,0.21830190310540482,a0024554fabfdcd03efe8d46da3c80414baa16d26cf6a40d05e521ce55eeaddc,861684decd9391e6856bbb9046946793c0665005dc16520a18e1f9618cbd17a3,033b6eaea71b3084ca043902f6ba03b6487bf1762a9180963357103097d172cc
sues200,sues200_satellite_to_uav_300m,3,visual,80,7,0.7,56,0.7,0.7678571428571429,0.2321428571428571,0.21830190310540482,a0024554fabfdcd03efe8d46da3c80414baa16d26cf6a40d05e521ce55eeaddc,097d2c7be9cb24b7abcc981d6789b929cfc651d39cb843e07fecab0ab15fc1d4,033b6eaea71b3084ca043902f6ba03b6487bf1762a9180963357103097d172cc
sues200,sues200_satellite_to_uav_300m,3,visual,80,8,0.8,64,0.8,0.78125,0.21875,0.21830190310540482,a0024554fabfdcd03efe8d46da3c80414baa16d26cf6a40d05e521ce55eeaddc,a9cbc58d1dafe9250430088a5d2f5a7abcdeae5052aeb2b861eae34d2351fc37,033b6eaea71b3084ca043902f6ba03b6487bf1762a9180963357103097d172cc
sues200,sues200_satellite_to_uav_300m,3,visual,80,9,0.9,72,0.9,0.7916666666666666,0.20833333333333337,0.21830190310540482,a0024554fabfdcd03efe8d46da3c80414baa16d26cf6a40d05e521ce55eeaddc,5d704788b0747c59649f21b29f4095ca5a1973af337901992aee34268f22cd58,033b6eaea71b3084ca043902f6ba03b6487bf1762a9180963357103097d172cc
sues200,sues200_satellite_to_uav_300m,3,visual,80,10,1,80,1,0.775,0.22499999999999998,0.21830190310540482,a0024554fabfdcd03efe8d46da3c80414baa16d26cf6a40d05e521ce55eeaddc,79fa3b3356020254021629e96d31e3f0d5a3a18f7c09b007ca16a9d342694d86,033b6eaea71b3084ca043902f6ba03b6487bf1762a9180963357103097d172cc
sues200,sues200_satellite_to_uav_300m,3,full,80,1,0.1,8,0.1,0.625,0.375,0.3723062177479216,a0024554fabfdcd03efe8d46da3c80414baa16d26cf6a40d05e521ce55eeaddc,546ec0692ac3f9f1405ab9a3480e5618eb13d60a16a260409bd6dd25d7ede304,033b6eaea71b3084ca043902f6ba03b6487bf1762a9180963357103097d172cc
sues200,sues200_satellite_to_uav_300m,3,full,80,2,0.2,16,0.2,0.6875,0.3125,0.3723062177479216,a0024554fabfdcd03efe8d46da3c80414baa16d26cf6a40d05e521ce55eeaddc,3df60c4d0b14bb2e5611fcd9917503cb9273760f5be09cd1d2589e73c42a3875,033b6eaea71b3084ca043902f6ba03b6487bf1762a9180963357103097d172cc
sues200,sues200_satellite_to_uav_300m,3,full,80,3,0.3,24,0.3,0.625,0.375,0.3723062177479216,a0024554fabfdcd03efe8d46da3c80414baa16d26cf6a40d05e521ce55eeaddc,ba4d1140de0386267cef0ed89eb83e2dd2201b9006abae830be643a5599b49f7,033b6eaea71b3084ca043902f6ba03b6487bf1762a9180963357103097d172cc
sues200,sues200_satellite_to_uav_300m,3,full,80,4,0.4,32,0.4,0.59375,0.40625,0.3723062177479216,a0024554fabfdcd03efe8d46da3c80414baa16d26cf6a40d05e521ce55eeaddc,66c75b6a1bf8787354b36d1c81ee7d02232c569ddad7d1ba2a9ec1340853b502,033b6eaea71b3084ca043902f6ba03b6487bf1762a9180963357103097d172cc
sues200,sues200_satellite_to_uav_300m,3,full,80,5,0.5,40,0.5,0.6,0.4,0.3723062177479216,a0024554fabfdcd03efe8d46da3c80414baa16d26cf6a40d05e521ce55eeaddc,146fe874b4ec77d2256e053489ead8dfae3f720687253447a39bbea1e291aaa2,033b6eaea71b3084ca043902f6ba03b6487bf1762a9180963357103097d172cc
sues200,sues200_satellite_to_uav_300m,3,full,80,6,0.6,48,0.6,0.6041666666666666,0.39583333333333337,0.3723062177479216,a0024554fabfdcd03efe8d46da3c80414baa16d26cf6a40d05e521ce55eeaddc,5ed0b7bdac6093f85b3171ba252f246d1879a02c9fcb14190298c3f260319b3b,033b6eaea71b3084ca043902f6ba03b6487bf1762a9180963357103097d172cc
sues200,sues200_satellite_to_uav_300m,3,full,80,7,0.7,56,0.7,0.5714285714285714,0.4285714285714286,0.3723062177479216,a0024554fabfdcd03efe8d46da3c80414baa16d26cf6a40d05e521ce55eeaddc,68bf14b76c3770606adf8f785e860276e7c28d093f6f479954ad2ab79b6fc4b2,033b6eaea71b3084ca043902f6ba03b6487bf1762a9180963357103097d172cc
sues200,sues200_satellite_to_uav_300m,3,full,80,8,0.8,64,0.8,0.59375,0.40625,0.3723062177479216,a0024554fabfdcd03efe8d46da3c80414baa16d26cf6a40d05e521ce55eeaddc,500be7ed42ab2e35ddb86aa39efd378bac84107131a751d918e790fadb0c0d25,033b6eaea71b3084ca043902f6ba03b6487bf1762a9180963357103097d172cc
sues200,sues200_satellite_to_uav_300m,3,full,80,9,0.9,72,0.9,0.6111111111111112,0.38888888888888884,0.3723062177479216,a0024554fabfdcd03efe8d46da3c80414baa16d26cf6a40d05e521ce55eeaddc,d1591afe1d85fb8bcbf3c97a772c232083c020fe2125cff590758f5557d697db,033b6eaea71b3084ca043902f6ba03b6487bf1762a9180963357103097d172cc
sues200,sues200_satellite_to_uav_300m,3,full,80,10,1,80,1,0.575,0.42500000000000004,0.3723062177479216,a0024554fabfdcd03efe8d46da3c80414baa16d26cf6a40d05e521ce55eeaddc,79fa3b3356020254021629e96d31e3f0d5a3a18f7c09b007ca16a9d342694d86,033b6eaea71b3084ca043902f6ba03b6487bf1762a9180963357103097d172cc
